# 2theta y_obs y_calc y_diff
2.901173999999999964e+01 2.894000000000000000e+03 2.929510437691782499e+03 -3.551043769178249931e+01
2.902844999999999942e+01 2.856000000000000000e+03 2.925152918095513996e+03 -6.915291809551399638e+01
2.904515999999999920e+01 2.793000000000000000e+03 2.920885152199690765e+03 -1.278851521996907650e+02
2.906186999999999898e+01 2.816000000000000000e+03 2.916706630187328301e+03 -1.007066301873283010e+02
2.907857999999999876e+01 2.773000000000000000e+03 2.912616907798184002e+03 -1.396169077981840019e+02
2.909530000000000172e+01 2.936000000000000000e+03 2.908613241586735967e+03 2.738675841326403315e+01
2.911201000000000150e+01 2.825000000000000000e+03 2.904700117868516827e+03 -7.970011786851682700e+01
2.912872000000000128e+01 2.977000000000000000e+03 2.900874889830556185e+03 7.612511016944381481e+01
2.914543000000000106e+01 2.765000000000000000e+03 2.897137412797233083e+03 -1.321374127972330825e+02
2.916214000000000084e+01 2.912000000000000000e+03 2.893487628129404584e+03 1.851237187059541611e+01
2.917885000000000062e+01 2.881000000000000000e+03 2.889925568549408581e+03 -8.925568549408581021e+00
2.919556000000000040e+01 2.916000000000000000e+03 2.886451363979480448e+03 2.954863602051955240e+01
2.921227000000000018e+01 2.820000000000000000e+03 2.883065247948909928e+03 -6.306524794890992780e+01
2.922898999999999958e+01 2.847000000000000000e+03 2.879765617716201177e+03 -3.276561771620117725e+01
2.924569999999999936e+01 2.883000000000000000e+03 2.876556883033717895e+03 6.443116966282104841e+00
2.926240999999999914e+01 2.885000000000000000e+03 2.873437633476697101e+03 1.156236652330289871e+01
2.927911999999999892e+01 2.838000000000000000e+03 2.870408594879851535e+03 -3.240859487985153464e+01
2.929582999999999871e+01 2.903000000000000000e+03 2.867470639729784125e+03 3.552936027021587506e+01
2.931253999999999849e+01 2.892000000000000000e+03 2.864624798604539137e+03 2.737520139546086284e+01
2.932924999999999827e+01 2.884000000000000000e+03 2.861872272825215532e+03 2.212772717478446793e+01
2.934596000000000160e+01 2.817000000000000000e+03 2.859214448466405429e+03 -4.221444846640542892e+01
2.936268000000000100e+01 2.859000000000000000e+03 2.856651408133689529e+03 2.348591866310471232e+00
2.937939000000000078e+01 2.894000000000000000e+03 2.854188022540727161e+03 3.981197745927283904e+01
2.939610000000000056e+01 2.900000000000000000e+03 2.851824770573272872e+03 4.817522942672712816e+01
2.941281000000000034e+01 2.991000000000000000e+03 2.849563951130818623e+03 1.414360488691813771e+02
2.942952000000000012e+01 2.944000000000000000e+03 2.847408145070233786e+03 9.659185492976621390e+01
2.944622999999999990e+01 3.023000000000000000e+03 2.845360241848345140e+03 1.776397581516548598e+02
2.946293999999999969e+01 2.878000000000000000e+03 2.843423469343931174e+03 3.457653065606882592e+01
2.947964999999999947e+01 2.846000000000000000e+03 2.841601427297737700e+03 4.398572702262299572e+00
2.949636999999999887e+01 2.921000000000000000e+03 2.839897141964878756e+03 8.110285803512124403e+01
2.951307999999999865e+01 2.895000000000000000e+03 2.838317115212659246e+03 5.668288478734075397e+01
2.952978999999999843e+01 2.891000000000000000e+03 2.836865252366962068e+03 5.413474763303793225e+01
2.954650000000000176e+01 2.832000000000000000e+03 2.835547067329994661e+03 -3.547067329994661122e+00
2.956321000000000154e+01 2.878000000000000000e+03 2.834368688351548371e+03 4.363131164845162857e+01
2.957992000000000132e+01 2.868000000000000000e+03 2.833336927302171262e+03 3.466307269782873846e+01
2.959663000000000110e+01 2.859000000000000000e+03 2.832459358481707113e+03 2.654064151829288676e+01
2.961335000000000051e+01 2.901000000000000000e+03 2.831744031143954544e+03 6.925596885604545605e+01
2.963006000000000029e+01 2.879000000000000000e+03 2.831201187579129055e+03 4.779881242087094506e+01
2.964677000000000007e+01 2.808000000000000000e+03 2.830840805552798429e+03 -2.284080555279842883e+01
2.966347999999999985e+01 2.857000000000000000e+03 2.830674548453307580e+03 2.632545154669242038e+01
2.968018999999999963e+01 2.896000000000000000e+03 2.830715443931216214e+03 6.528455606878378603e+01
2.969689999999999941e+01 2.858000000000000000e+03 2.830978064243659446e+03 2.702193575634055378e+01
2.971360999999999919e+01 2.875000000000000000e+03 2.831478735365831653e+03 4.352126463416834667e+01
2.973031999999999897e+01 2.783000000000000000e+03 2.832235780237183008e+03 -4.923578023718300756e+01
2.974703999999999837e+01 2.845000000000000000e+03 2.833270508890717338e+03 1.172949110928266236e+01
2.976375000000000171e+01 2.884000000000000000e+03 2.834604913248431785e+03 4.939508675156821482e+01
2.978046000000000149e+01 2.942000000000000000e+03 2.836265750516052776e+03 1.057342494839472238e+02
2.979717000000000127e+01 2.843000000000000000e+03 2.838282709980673644e+03 4.717290019326355832e+00
2.981388000000000105e+01 2.759000000000000000e+03 2.840689493442493585e+03 -8.168949344249358546e+01
2.983059000000000083e+01 2.757000000000000000e+03 2.843524465667195727e+03 -8.652446566719572729e+01
2.984730000000000061e+01 2.888000000000000000e+03 2.846831431842122583e+03 4.116856815787741652e+01
2.986401000000000039e+01 2.944000000000000000e+03 2.850660571219823396e+03 9.333942878017660405e+01
2.988072999999999979e+01 2.789000000000000000e+03 2.855072388850452171e+03 -6.607238885045217103e+01
2.989743999999999957e+01 2.818000000000000000e+03 2.860128191628106833e+03 -4.212819162810683338e+01
2.991414999999999935e+01 2.861000000000000000e+03 2.865907529064846585e+03 -4.907529064846585243e+00
2.993085999999999913e+01 2.881000000000000000e+03 2.872500075333287896e+03 8.499924666712104226e+00
2.994756999999999891e+01 2.914000000000000000e+03 2.880010615810851505e+03 3.398938418914849535e+01
2.996427999999999869e+01 2.909000000000000000e+03 2.888562189027935347e+03 2.043781097206465347e+01
2.998098999999999847e+01 2.982000000000000000e+03 2.898300020013381527e+03 8.369997998661847305e+01
2.999769999999999825e+01 3.014000000000000000e+03 2.909396481638993464e+03 1.046035183610065360e+02
3.001442000000000121e+01 2.945000000000000000e+03 2.922065495579045091e+03 2.293450442095490871e+01
3.003113000000000099e+01 2.939000000000000000e+03 2.936539422779439519e+03 2.460577220560480782e+00
3.004784000000000077e+01 2.997000000000000000e+03 2.953124784980606364e+03 4.387521501939363588e+01
3.006455000000000055e+01 2.925000000000000000e+03 2.972186746058240715e+03 -4.718674605824071477e+01
3.008126000000000033e+01 3.059000000000000000e+03 2.994174304658735309e+03 6.482569534126469080e+01
3.009797000000000011e+01 2.970000000000000000e+03 3.019644506573112722e+03 -4.964450657311272153e+01
3.011467999999999989e+01 2.995000000000000000e+03 3.049295237509192702e+03 -5.429523750919270242e+01
3.013138999999999967e+01 3.095000000000000000e+03 3.084010271842323164e+03 1.098972815767683642e+01
3.014810999999999908e+01 3.179000000000000000e+03 3.124948831215201153e+03 5.405116878479884690e+01
3.016481999999999886e+01 3.275000000000000000e+03 3.173534322144776525e+03 1.014656778552234755e+02
3.018152999999999864e+01 3.285000000000000000e+03 3.231734096073093951e+03 5.326590392690604858e+01
3.019823999999999842e+01 3.263000000000000000e+03 3.302179734383124924e+03 -3.917973438312492362e+01
3.021495000000000175e+01 3.485000000000000000e+03 3.388563610259354391e+03 9.643638974064560898e+01
3.023166000000000153e+01 3.641000000000000000e+03 3.496354248205933345e+03 1.446457517940666548e+02
3.024837000000000131e+01 3.704000000000000000e+03 3.634214337525320389e+03 6.978566247467961148e+01
3.026508000000000109e+01 3.961000000000000000e+03 3.816720622365412055e+03 1.442793776345879451e+02
3.028180000000000049e+01 4.334000000000000000e+03 4.069315444056072920e+03 2.646845559439270801e+02
3.029851000000000028e+01 4.740000000000000000e+03 4.435000779422736741e+03 3.049992205772632587e+02
3.031522000000000006e+01 5.149000000000000000e+03 4.984383866446848515e+03 1.646161335531514851e+02
3.033192999999999984e+01 5.700000000000000000e+03 5.822088031263365338e+03 -1.220880312633653375e+02
3.034863999999999962e+01 6.660000000000000000e+03 7.080963474069121730e+03 -4.209634740691217303e+02
3.036534999999999940e+01 8.210000000000000000e+03 8.888432466196691166e+03 -6.784324661966911663e+02
3.038205999999999918e+01 1.063900000000000000e+04 1.129075422586302011e+04 -6.517542258630201104e+02
3.039876999999999896e+01 1.332000000000000000e+04 1.416082451766733357e+04 -8.408245176673335664e+02
3.041548999999999836e+01 1.617700000000000000e+04 1.717121526528752293e+04 -9.942152652875229251e+02
3.043220000000000169e+01 1.897400000000000000e+04 1.962246169690343959e+04 -6.484616969034395879e+02
3.044891000000000147e+01 2.017400000000000000e+04 2.059093744786977550e+04 -4.169374478697754967e+02
3.046562000000000126e+01 1.983200000000000000e+04 1.982709717677144727e+04 4.902823228552733781e+00
3.048233000000000104e+01 1.791500000000000000e+04 1.820351994498012573e+04 -2.885199449801257288e+02
3.049904000000000082e+01 1.622800000000000000e+04 1.661066162964494652e+04 -3.826616296449465153e+02
3.051575000000000060e+01 1.441400000000000000e+04 1.507292600340194804e+04 -6.589260034019480372e+02
3.053246000000000038e+01 1.262000000000000000e+04 1.318383401829243667e+04 -5.638340182924366673e+02
3.054917999999999978e+01 1.072500000000000000e+04 1.091614998010383897e+04 -1.911499801038389705e+02
3.056588999999999956e+01 8.747000000000000000e+03 8.731892370118690451e+03 1.510762988130954909e+01
3.058259999999999934e+01 6.804000000000000000e+03 6.979730704231777963e+03 -1.757307042317779633e+02
3.059930999999999912e+01 5.505000000000000000e+03 5.721246361001060905e+03 -2.162463610010609045e+02
3.061601999999999890e+01 4.688000000000000000e+03 4.876472260174985422e+03 -1.884722601749854221e+02
3.063272999999999868e+01 4.242000000000000000e+03 4.328314742510369797e+03 -8.631474251036979695e+01
3.064943999999999846e+01 3.841000000000000000e+03 3.970610369478311441e+03 -1.296103694783114406e+02
3.066616000000000142e+01 3.721000000000000000e+03 3.726901776266217439e+03 -5.901776266217439115e+00
3.068287000000000120e+01 3.493000000000000000e+03 3.550857867282056759e+03 -5.785786728205675900e+01
3.069958000000000098e+01 3.415000000000000000e+03 3.416605244718917675e+03 -1.605244718917674618e+00
3.071629000000000076e+01 3.317000000000000000e+03 3.310288682832060658e+03 6.711317167939341743e+00
3.073300000000000054e+01 3.241000000000000000e+03 3.223996866218787545e+03 1.700313378121245478e+01
3.074971000000000032e+01 3.077000000000000000e+03 3.152746780157289322e+03 -7.574678015728932223e+01
3.076642000000000010e+01 2.974000000000000000e+03 3.093121024180598397e+03 -1.191210241805983969e+02
3.078312999999999988e+01 3.061000000000000000e+03 3.042648943800078996e+03 1.835105619992100401e+01
3.079984999999999928e+01 2.973000000000000000e+03 2.999466037394879550e+03 -2.646603739487954954e+01
3.081655999999999906e+01 2.970000000000000000e+03 2.962225285417379382e+03 7.774714582620617875e+00
3.083326999999999884e+01 2.787000000000000000e+03 2.929820795069663291e+03 -1.428207950696632906e+02
3.084997999999999863e+01 2.881000000000000000e+03 2.901410183083638913e+03 -2.041018308363891265e+01
3.086668999999999841e+01 2.946000000000000000e+03 2.876327385699760725e+03 6.967261430023927460e+01
3.088340000000000174e+01 2.874000000000000000e+03 2.854040066848052902e+03 1.995993315194709794e+01
3.090011000000000152e+01 2.851000000000000000e+03 2.834118574104175423e+03 1.688142589582457731e+01
3.091682000000000130e+01 2.839000000000000000e+03 2.816212997878766146e+03 2.278700212123385427e+01
3.093354000000000070e+01 2.791000000000000000e+03 2.800026789965447279e+03 -9.026789965447278519e+00
3.095025000000000048e+01 2.744000000000000000e+03 2.785341446245997304e+03 -4.134144624599730378e+01
3.096696000000000026e+01 2.826000000000000000e+03 2.771948682785587607e+03 5.405131721441239279e+01
3.098367000000000004e+01 2.838000000000000000e+03 2.759682319066380842e+03 7.831768093361915817e+01
3.100037999999999982e+01 2.752000000000000000e+03 2.748402105915896755e+03 3.597894084103245405e+00
3.101708999999999961e+01 2.777000000000000000e+03 2.737989003237849829e+03 3.901099676215017098e+01
3.103379999999999939e+01 2.777000000000000000e+03 2.728341433337799572e+03 4.865856666220042825e+01
3.105050999999999917e+01 2.809000000000000000e+03 2.719372285794740037e+03 8.962771420525996291e+01
3.106722999999999857e+01 2.635000000000000000e+03 2.711001666930184001e+03 -7.600166693018400110e+01
3.108393999999999835e+01 2.792000000000000000e+03 2.703174607034824476e+03 8.882539296517552430e+01
3.110065000000000168e+01 2.654000000000000000e+03 2.695829486267674838e+03 -4.182948626767483802e+01
3.111736000000000146e+01 2.661000000000000000e+03 2.688917064842629316e+03 -2.791706484262931554e+01
3.113407000000000124e+01 2.774000000000000000e+03 2.682394224878989007e+03 9.160577512101099273e+01
3.115078000000000102e+01 2.673000000000000000e+03 2.676223076344627316e+03 -3.223076344627315848e+00
3.116749000000000080e+01 2.701000000000000000e+03 2.670370212014981007e+03 3.062978798501899291e+01
3.118420000000000059e+01 2.749000000000000000e+03 2.664806083684178702e+03 8.419391631582129776e+01
3.120091999999999999e+01 2.666000000000000000e+03 2.659501378653937991e+03 6.498621346062009252e+00
3.121762999999999977e+01 2.657000000000000000e+03 2.654439108962829778e+03 2.560891037170222262e+00
3.123433999999999955e+01 2.697000000000000000e+03 2.649595220420937949e+03 4.740477957906205120e+01
3.125104999999999933e+01 2.684000000000000000e+03 2.645167786949791662e+03 3.883221305020833825e+01
3.126775999999999911e+01 2.642000000000000000e+03 2.640708849806690068e+03 1.291150193309931637e+00
3.128446999999999889e+01 2.688000000000000000e+03 2.636418027653904574e+03 5.158197234609542647e+01
3.130117999999999867e+01 2.681000000000000000e+03 2.632281808195062695e+03 4.871819180493730528e+01
3.131788999999999845e+01 2.662000000000000000e+03 2.628287991717084878e+03 3.371200828291512153e+01
3.133461000000000141e+01 2.608000000000000000e+03 2.624537210877650978e+03 -1.653721087765097764e+01
3.135132000000000119e+01 2.638000000000000000e+03 2.620797288742686305e+03 1.720271125731369466e+01
3.136803000000000097e+01 2.674000000000000000e+03 2.617169647136835920e+03 5.683035286316408019e+01
3.138474000000000075e+01 2.625000000000000000e+03 2.613646015734074808e+03 1.135398426592519172e+01
3.140145000000000053e+01 2.596000000000000000e+03 2.610218855137588434e+03 -1.421885513758843445e+01
3.141816000000000031e+01 2.588000000000000000e+03 2.606881280520148266e+03 -1.888128052014826608e+01
3.143487000000000009e+01 2.586000000000000000e+03 2.603626994448408823e+03 -1.762699444840882279e+01
3.145157999999999987e+01 2.568000000000000000e+03 2.600450227648368127e+03 -3.245022764836812712e+01
3.146829999999999927e+01 2.590000000000000000e+03 2.597343849394541849e+03 -7.343849394541848596e+00
3.148500999999999905e+01 2.577000000000000000e+03 2.594306709122670327e+03 -1.730670912267032691e+01
3.150171999999999883e+01 2.602000000000000000e+03 2.591332452335727794e+03 1.066754766427220602e+01
3.151842999999999861e+01 2.566000000000000000e+03 2.588416955193743888e+03 -2.241695519374388823e+01
3.153513999999999839e+01 2.647000000000000000e+03 2.585556412914704651e+03 6.144358708529534852e+01
3.155185000000000173e+01 2.560000000000000000e+03 2.582747310658347942e+03 -2.274731065834794208e+01
3.156856000000000151e+01 2.590000000000000000e+03 2.579986397483291967e+03 1.001360251670803336e+01
3.158527000000000129e+01 2.598000000000000000e+03 2.577270663011539455e+03 2.072933698846054540e+01
3.160199000000000069e+01 2.587000000000000000e+03 2.574595728798908567e+03 1.240427120109143289e+01
3.161870000000000047e+01 2.620000000000000000e+03 2.571962203317499188e+03 4.803779668250081158e+01
3.163541000000000025e+01 2.652000000000000000e+03 2.569366068268056097e+03 8.263393173194390329e+01
3.165212000000000003e+01 2.513000000000000000e+03 2.566805086128098537e+03 -5.380508612809853730e+01
3.166882999999999981e+01 2.562000000000000000e+03 2.564277174077978543e+03 -2.277174077978543210e+00
3.168553999999999959e+01 2.603000000000000000e+03 2.561780391499807138e+03 4.121960850019286227e+01
3.170224999999999937e+01 2.646000000000000000e+03 2.559312928651268521e+03 8.668707134873147879e+01
3.171896999999999878e+01 2.623000000000000000e+03 2.556871644238629415e+03 6.612835576137058524e+01
3.173567999999999856e+01 2.477000000000000000e+03 2.554457879823155508e+03 -7.745787982315550835e+01
3.175238999999999834e+01 2.563000000000000000e+03 2.552068692150254265e+03 1.093130784974573544e+01
3.176910000000000167e+01 2.537000000000000000e+03 2.549702701195984446e+03 -1.270270119598444580e+01
3.178581000000000145e+01 2.607000000000000000e+03 2.547358614907242099e+03 5.964138509275790057e+01
3.180252000000000123e+01 2.559000000000000000e+03 2.545035222757410338e+03 1.396477724258966191e+01
3.181923000000000101e+01 2.498000000000000000e+03 2.542731389854144709e+03 -4.473138985414470881e+01
3.183594000000000079e+01 2.570000000000000000e+03 2.540446051545668979e+03 2.955394845433102091e+01
3.185266000000000020e+01 2.553000000000000000e+03 2.538176856348333786e+03 1.482314365166621428e+01
3.186936999999999998e+01 2.484000000000000000e+03 2.535925579567743171e+03 -5.192557956774317063e+01
3.188607999999999976e+01 2.536000000000000000e+03 2.533689976929220393e+03 2.310023070779607224e+00
3.190278999999999954e+01 2.595000000000000000e+03 2.531469219235357741e+03 6.353078076464225887e+01
3.191949999999999932e+01 2.500000000000000000e+03 2.529262526528565104e+03 -2.926252652856510394e+01
3.193620999999999910e+01 2.546000000000000000e+03 2.527069164843280305e+03 1.893083515671969508e+01
3.195291999999999888e+01 2.536000000000000000e+03 2.524888443210562400e+03 1.111155678943759995e+01
3.196962999999999866e+01 2.498000000000000000e+03 2.522719710892795774e+03 -2.471971089279577427e+01
3.198635000000000161e+01 2.561000000000000000e+03 2.520561067060489222e+03 4.043893293951077794e+01
3.200305999999999784e+01 2.472000000000000000e+03 2.518414515796313481e+03 -4.641451579631348068e+01
3.201977000000000118e+01 2.569000000000000000e+03 2.516278218095240845e+03 5.272178190475915471e+01
3.203647999999999740e+01 2.408000000000000000e+03 2.514151660447565973e+03 -1.061516604475659733e+02
3.205319000000000074e+01 2.491000000000000000e+03 2.512034358559122211e+03 -2.103435855912221086e+01
3.206989999999999696e+01 2.503000000000000000e+03 2.509925855606045388e+03 -6.925855606045388413e+00
3.208661000000000030e+01 2.551000000000000000e+03 2.507825720613432168e+03 4.317427938656783226e+01
3.210331999999999653e+01 2.424000000000000000e+03 2.505733546947918967e+03 -8.173354694791896691e+01
3.212004000000000303e+01 2.576000000000000000e+03 2.503647705596352353e+03 7.235229440364764741e+01
3.213674999999999926e+01 2.557000000000000000e+03 2.501570329348098312e+03 5.542967065190168796e+01
3.215346000000000259e+01 2.479000000000000000e+03 2.499499826825629043e+03 -2.049982682562904301e+01
3.217016999999999882e+01 2.518000000000000000e+03 2.497435875673793817e+03 2.056412432620618347e+01
3.218688000000000216e+01 2.490000000000000000e+03 2.495378171757284235e+03 -5.378171757284235355e+00
3.220358999999999838e+01 2.493000000000000000e+03 2.493326428171020325e+03 -3.264281710203249531e-01
3.222030000000000172e+01 2.461000000000000000e+03 2.491280374315194877e+03 -3.028037431519487654e+01
3.223700999999999794e+01 2.484000000000000000e+03 2.489239755030214837e+03 -5.239755030214837461e+00
3.225372999999999735e+01 2.460000000000000000e+03 2.487203113208128798e+03 -2.720311320812879785e+01
3.227044000000000068e+01 2.447000000000000000e+03 2.485172658257686635e+03 -3.817265825768663490e+01
3.228714999999999691e+01 2.556000000000000000e+03 2.483146957073764042e+03 7.285304292623595757e+01
3.230386000000000024e+01 2.482000000000000000e+03 2.481125808664625765e+03 8.741913353742347681e-01
3.232056999999999647e+01 2.482000000000000000e+03 2.479109023908898052e+03 2.890976091101947532e+00
3.233727999999999980e+01 2.447000000000000000e+03 2.477096424968886822e+03 -3.009642496888682217e+01
3.235399000000000314e+01 2.450000000000000000e+03 2.475087844739587126e+03 -2.508784473958712624e+01
3.237069999999999936e+01 2.411000000000000000e+03 2.473083126330905998e+03 -6.208312633090599775e+01
3.238741999999999877e+01 2.504000000000000000e+03 2.471080926176299272e+03 3.291907382370072810e+01
3.240413000000000210e+01 2.467000000000000000e+03 2.469083501294272992e+03 -2.083501294272991800e+00
3.242083999999999833e+01 2.521000000000000000e+03 2.467089524052381421e+03 5.391047594761857908e+01
3.243755000000000166e+01 2.500000000000000000e+03 2.465098873837263000e+03 3.490112616273700041e+01
3.245425999999999789e+01 2.412000000000000000e+03 2.463111438087353235e+03 -5.111143808735323546e+01
3.247097000000000122e+01 2.454000000000000000e+03 2.461127111933129981e+03 -7.127111933129981480e+00
3.248767999999999745e+01 2.538000000000000000e+03 2.459145797858158858e+03 7.885420214184114229e+01
3.250439000000000078e+01 2.405000000000000000e+03 2.457167405379621414e+03 -5.216740537962141389e+01
3.252111000000000018e+01 2.516000000000000000e+03 2.455190669322171289e+03 6.080933067782871149e+01
3.253782000000000352e+01 2.391000000000000000e+03 2.453217876864147456e+03 -6.221787686414745622e+01
3.255452999999999975e+01 2.342000000000000000e+03 2.451247773788724317e+03 -1.092477737887243165e+02
3.257124000000000308e+01 2.423000000000000000e+03 2.449280294906908239e+03 -2.628029490690823877e+01
3.258794999999999931e+01 2.490000000000000000e+03 2.447315380720088342e+03 4.268461927991165794e+01
3.260466000000000264e+01 2.310000000000000000e+03 2.445352977195720996e+03 -1.353529771957209960e+02
3.262136999999999887e+01 2.490000000000000000e+03 2.443393035555961433e+03 4.660696444403856731e+01
3.263808000000000220e+01 2.470000000000000000e+03 2.441435512078515785e+03 2.856448792148421489e+01
3.265480000000000160e+01 2.432000000000000000e+03 2.439479198570067638e+03 -7.479198570067637775e+00
3.267150999999999783e+01 2.426000000000000000e+03 2.437526400940213534e+03 -1.152640094021353434e+01
3.268822000000000116e+01 2.407000000000000000e+03 2.435575918802349406e+03 -2.857591880234940618e+01
3.270492999999999739e+01 2.381000000000000000e+03 2.433627726891836573e+03 -5.262772689183657349e+01
3.272164000000000073e+01 2.396000000000000000e+03 2.431681804167489645e+03 -3.568180416748964490e+01
3.273834999999999695e+01 2.514000000000000000e+03 2.429738133674555229e+03 8.426186632544477106e+01
3.275506000000000029e+01 2.320000000000000000e+03 2.427796702416532298e+03 -1.077967024165322982e+02
3.277177999999999969e+01 2.457000000000000000e+03 2.425856341398573022e+03 3.114365860142697784e+01
3.278849000000000302e+01 2.530000000000000000e+03 2.423919366194424583e+03 1.060806338055754168e+02
3.280519999999999925e+01 2.498000000000000000e+03 2.421984613829860336e+03 7.601538617013966359e+01
3.282191000000000258e+01 2.420000000000000000e+03 2.420052086028344547e+03 -5.208602834454723052e-02
3.283861999999999881e+01 2.383000000000000000e+03 2.418121787953411058e+03 -3.512178795341105797e+01
3.285533000000000214e+01 2.461000000000000000e+03 2.416193728127972008e+03 4.480627187202799178e+01
3.287203999999999837e+01 2.417000000000000000e+03 2.414267918360928434e+03 2.732081639071566315e+00
3.288875000000000171e+01 2.352000000000000000e+03 2.412344373680909030e+03 -6.034437368090902964e+01
3.290547000000000111e+01 2.407000000000000000e+03 2.410421963197379682e+03 -3.421963197379682242e+00
3.292217999999999734e+01 2.409000000000000000e+03 2.408503007753589827e+03 4.969922464101728110e-01
3.293889000000000067e+01 2.485000000000000000e+03 2.406586381260107828e+03 7.841361873989217202e+01
3.295559999999999690e+01 2.339000000000000000e+03 2.404672111104947362e+03 -6.567211110494736204e+01
3.297231000000000023e+01 2.407000000000000000e+03 2.402760227670345557e+03 4.239772329654442728e+00
3.298901999999999646e+01 2.427000000000000000e+03 2.400850764308917405e+03 2.614923569108259471e+01
3.300572999999999979e+01 2.473000000000000000e+03 2.398943757327064759e+03 7.405624267293524099e+01
3.302244000000000312e+01 2.434000000000000000e+03 2.397039245975785889e+03 3.696075402421411127e+01
3.303916000000000253e+01 2.471000000000000000e+03 2.395136134993038468e+03 7.586386500696153234e+01
3.305586999999999875e+01 2.361000000000000000e+03 2.393236745993948716e+03 -3.223674599394871620e+01
3.307258000000000209e+01 2.348000000000000000e+03 2.391339988098913636e+03 -4.333998809891363635e+01
3.308928999999999832e+01 2.331000000000000000e+03 2.389445912402411977e+03 -5.844591240241197738e+01
3.310600000000000165e+01 2.414000000000000000e+03 2.387554573016328050e+03 2.644542698367195044e+01
3.312270999999999788e+01 2.389000000000000000e+03 2.385666027110398318e+03 3.333972889601682255e+00
3.313942000000000121e+01 2.342000000000000000e+03 2.383780334962208144e+03 -4.178033496220814413e+01
3.315612999999999744e+01 2.411000000000000000e+03 2.381897560017288924e+03 2.910243998271107557e+01
3.317284999999999684e+01 2.383000000000000000e+03 2.380016644917272970e+03 2.983355082727030094e+00
3.318956000000000017e+01 2.370000000000000000e+03 2.378139909601462023e+03 -8.139909601462022692e+00
3.320627000000000351e+01 2.332000000000000000e+03 2.376266301642764120e+03 -4.426630164276411961e+01
3.322297999999999973e+01 2.354000000000000000e+03 2.374395897984738895e+03 -2.039589798473889459e+01
3.323969000000000307e+01 2.423000000000000000e+03 2.372528779213368580e+03 5.047122078663142020e+01
3.325639999999999930e+01 2.448000000000000000e+03 2.370665029692466305e+03 7.733497030753369472e+01
3.327311000000000263e+01 2.290000000000000000e+03 2.368804737714940984e+03 -7.880473771494098401e+01
3.328981999999999886e+01 2.343000000000000000e+03 2.366947995671182980e+03 -2.394799567118298000e+01
3.330653999999999826e+01 2.347000000000000000e+03 2.365093792373796987e+03 -1.809379237379698679e+01
3.332325000000000159e+01 2.355000000000000000e+03 2.363244446987231186e+03 -8.244446987231185631e+00
3.333995999999999782e+01 2.357000000000000000e+03 2.361398955326178566e+03 -4.398955326178565883e+00
3.335667000000000115e+01 2.369000000000000000e+03 2.359557428252153386e+03 9.442571747846614016e+00
3.337337999999999738e+01 2.334000000000000000e+03 2.357719981877417013e+03 -2.371998187741701258e+01
3.339009000000000071e+01 2.350000000000000000e+03 2.355886737871363948e+03 -5.886737871363948216e+00
3.340679999999999694e+01 2.271000000000000000e+03 2.354057823797754281e+03 -8.305782379775428126e+01
3.342351000000000028e+01 2.408000000000000000e+03 2.352233373485739321e+03 5.576662651426067896e+01
3.344022999999999968e+01 2.389000000000000000e+03 2.350412439769594585e+03 3.858756023040541550e+01
3.345694000000000301e+01 2.408000000000000000e+03 2.348597348500725275e+03 5.940265149927472521e+01
3.347364999999999924e+01 2.338000000000000000e+03 2.346787164458116422e+03 -8.787164458116421883e+00
3.349036000000000257e+01 2.334000000000000000e+03 2.344982051048249559e+03 -1.098205104824955924e+01
3.350706999999999880e+01 2.386000000000000000e+03 2.343182180436194813e+03 4.281781956380518750e+01
3.352378000000000213e+01 2.302000000000000000e+03 2.341387734204676690e+03 -3.938773420467668984e+01
3.354048999999999836e+01 2.324000000000000000e+03 2.339598904080437933e+03 -1.559890408043793286e+01
3.355720000000000169e+01 2.359000000000000000e+03 2.337815892735353827e+03 2.118410726464617255e+01
3.357392000000000110e+01 2.307000000000000000e+03 2.336037853099852327e+03 -2.903785309985232743e+01
3.359062999999999732e+01 2.294000000000000000e+03 2.334267139440675237e+03 -4.026713944067523698e+01
3.360734000000000066e+01 2.310000000000000000e+03 2.332502927712710061e+03 -2.250292771271006131e+01
3.362404999999999688e+01 2.306000000000000000e+03 2.330745474202572950e+03 -2.474547420257295016e+01
3.364076000000000022e+01 2.245000000000000000e+03 2.328995051606146717e+03 -8.399505160614671695e+01
3.365747000000000355e+01 2.214000000000000000e+03 2.327251950499675786e+03 -1.132519504996757860e+02
3.367417999999999978e+01 2.230000000000000000e+03 2.325516480974279602e+03 -9.551648097427960238e+01
3.369089000000000311e+01 2.319000000000000000e+03 2.323788974454538675e+03 -4.788974454538674763e+00
3.370761000000000251e+01 2.363000000000000000e+03 2.322068759451449750e+03 4.093124054855024951e+01
3.372431999999999874e+01 2.296000000000000000e+03 2.320358274241442814e+03 -2.435827424144281395e+01
3.374103000000000208e+01 2.344000000000000000e+03 2.318656896032753593e+03 2.534310396724640668e+01
3.375773999999999830e+01 2.355000000000000000e+03 2.316965064374323902e+03 3.803493562567609843e+01
3.377445000000000164e+01 2.275000000000000000e+03 2.315283252966035434e+03 -4.028325296603543393e+01
3.379115999999999786e+01 2.305000000000000000e+03 2.313611973222705728e+03 -8.611973222705728404e+00
3.380787000000000120e+01 2.373000000000000000e+03 2.311951778285312685e+03 6.104822171468731540e+01
3.382459000000000060e+01 2.361000000000000000e+03 2.310302284628464804e+03 5.069771537153519603e+01
3.384129999999999683e+01 2.339000000000000000e+03 2.308666116423320545e+03 3.033388357667945456e+01
3.385801000000000016e+01 2.316000000000000000e+03 2.307042991508477371e+03 8.957008491522628901e+00
3.387472000000000349e+01 2.344000000000000000e+03 2.305433681541526312e+03 3.856631845847368822e+01
3.389142999999999972e+01 2.320000000000000000e+03 2.303839029372852110e+03 1.616097062714788990e+01
3.390814000000000306e+01 2.396000000000000000e+03 2.300002956030012228e+03 9.599704396998777156e+01
3.392484999999999928e+01 2.293000000000000000e+03 2.298462044396426791e+03 -5.462044396426790627e+00
3.394156000000000262e+01 2.286000000000000000e+03 2.296938530078879467e+03 -1.093853007887946660e+01
3.395828000000000202e+01 2.248000000000000000e+03 2.295432750194738674e+03 -4.743275019473867360e+01
3.397498999999999825e+01 2.229000000000000000e+03 2.293947866560449256e+03 -6.494786656044925621e+01
3.399170000000000158e+01 2.278000000000000000e+03 2.291297890151277898e+03 -1.329789015127789753e+01
3.400840999999999781e+01 2.287000000000000000e+03 2.289868987002292215e+03 -2.868987002292215038e+00
3.402512000000000114e+01 2.290000000000000000e+03 2.288464945868827726e+03 1.535054131172273628e+00
3.404182999999999737e+01 2.222000000000000000e+03 2.287087842635014567e+03 -6.508784263501456735e+01
3.405854000000000070e+01 2.275000000000000000e+03 2.285739999349491427e+03 -1.073999934949142698e+01
3.407524999999999693e+01 2.284000000000000000e+03 2.284424021166021248e+03 -4.240211660212480638e-01
3.409197000000000344e+01 2.283000000000000000e+03 2.283142084260321099e+03 -1.420842603210985544e-01
3.410867999999999967e+01 2.302000000000000000e+03 2.281899033942063397e+03 2.010096605793660274e+01
3.412539000000000300e+01 2.240000000000000000e+03 2.280697842837393637e+03 -4.069784283739363673e+01
3.414209999999999923e+01 2.260000000000000000e+03 2.279542774028344411e+03 -1.954277402834441091e+01
3.415881000000000256e+01 2.218000000000000000e+03 2.278438691629385175e+03 -6.043869162938517547e+01
3.417551999999999879e+01 2.280000000000000000e+03 2.277391166937316939e+03 2.608833062683061144e+00
3.419223000000000212e+01 2.245000000000000000e+03 2.276406607130667908e+03 -3.140660713066790777e+01
3.420893999999999835e+01 2.215000000000000000e+03 2.275492412168953706e+03 -6.049241216895370599e+01
3.422565999999999775e+01 2.308000000000000000e+03 2.274656692896431650e+03 3.334330710356834970e+01
3.424237000000000108e+01 2.212000000000000000e+03 2.273910462143228870e+03 -6.191046214322886954e+01
3.425907999999999731e+01 2.280000000000000000e+03 2.273264921714685897e+03 6.735078285314102686e+00
3.427579000000000065e+01 2.233000000000000000e+03 2.272733884099549869e+03 -3.973388409954986855e+01
3.429249999999999687e+01 2.300000000000000000e+03 2.272333712689871390e+03 2.766628731012860953e+01
3.430921000000000021e+01 2.328000000000000000e+03 2.272083911815165720e+03 5.591608818483427967e+01
3.432592000000000354e+01 2.268000000000000000e+03 2.272007882465597959e+03 -4.007882465597958799e+00
3.434262999999999977e+01 2.449000000000000000e+03 2.272133899080234187e+03 1.768661009197658132e+02
3.435934999999999917e+01 2.356000000000000000e+03 2.272496680180697240e+03 8.350331981930276015e+01
3.437606000000000250e+01 2.196000000000000000e+03 2.273138068512017981e+03 -7.713806851201798054e+01
3.439276999999999873e+01 2.320000000000000000e+03 2.274110539705829524e+03 4.588946029417047612e+01
3.440948000000000206e+01 2.352000000000000000e+03 2.275479532711561660e+03 7.652046728843833989e+01
3.442618999999999829e+01 2.238000000000000000e+03 2.277327741311500631e+03 -3.932774131150063113e+01
3.444290000000000163e+01 2.272000000000000000e+03 2.279760883351524626e+03 -7.760883351524626050e+00
3.445960999999999785e+01 2.244000000000000000e+03 2.282915885351043926e+03 -3.891588535104392577e+01
3.447632000000000119e+01 2.287000000000000000e+03 2.286972859824049920e+03 2.714017595008044736e-02
3.449304000000000059e+01 2.324000000000000000e+03 2.292177113693028332e+03 3.182288630697166809e+01
3.450974999999999682e+01 2.327000000000000000e+03 2.298857171062427824e+03 2.814282893757217607e+01
3.452646000000000015e+01 2.284000000000000000e+03 2.307500848797365961e+03 -2.350084879736596122e+01
3.454317000000000348e+01 2.301000000000000000e+03 2.318858285600932959e+03 -1.785828560093295891e+01
3.455987999999999971e+01 2.323000000000000000e+03 2.334172845090528426e+03 -1.117284509052842623e+01
3.457659000000000304e+01 2.413000000000000000e+03 2.355606135760581765e+03 5.739386423941823523e+01
3.459329999999999927e+01 2.318000000000000000e+03 2.386935035215004518e+03 -6.893503521500451825e+01
3.461001000000000261e+01 2.459000000000000000e+03 2.434479847616292318e+03 2.452015238370768202e+01
3.462673000000000201e+01 2.492000000000000000e+03 2.507942699122561407e+03 -1.594269912256140742e+01
3.464343999999999824e+01 2.526000000000000000e+03 2.619833608845625804e+03 -9.383360884562580395e+01
3.466015000000000157e+01 2.632000000000000000e+03 2.782419915197835962e+03 -1.504199151978359623e+02
3.467685999999999780e+01 2.867000000000000000e+03 2.999984658030966784e+03 -1.329846580309667843e+02
3.469357000000000113e+01 3.239000000000000000e+03 3.258460845590972895e+03 -1.946084559097289457e+01
3.471027999999999736e+01 3.696000000000000000e+03 3.518502102965565427e+03 1.774978970344345726e+02
3.472699000000000069e+01 3.754000000000000000e+03 3.709189205072712866e+03 4.481079492728713376e+01
3.474369999999999692e+01 3.912000000000000000e+03 3.752018570198675206e+03 1.599814298013247935e+02
3.476042000000000343e+01 3.727000000000000000e+03 3.650333469345068806e+03 7.666653065493119357e+01
3.477712999999999965e+01 3.449000000000000000e+03 3.501716732027189209e+03 -5.271673202718920948e+01
3.479384000000000299e+01 3.274000000000000000e+03 3.381977741691878691e+03 -1.079777416918786912e+02
3.481054999999999922e+01 3.201000000000000000e+03 3.291867959589637394e+03 -9.086795958963739395e+01
3.482726000000000255e+01 3.219000000000000000e+03 3.183503583679249459e+03 3.549641632075054076e+01
3.484396999999999878e+01 2.992000000000000000e+03 3.022753123554088234e+03 -3.075312355408823350e+01
3.486068000000000211e+01 2.817000000000000000e+03 2.834546419932880781e+03 -1.754641993288078083e+01
3.487740000000000151e+01 2.647000000000000000e+03 2.663800418251147676e+03 -1.680041825114767562e+01
3.489410999999999774e+01 2.485000000000000000e+03 2.531434186499257976e+03 -4.643418649925797581e+01
3.491082000000000107e+01 2.409000000000000000e+03 2.437473250380328864e+03 -2.847325038032886368e+01
3.492752999999999730e+01 2.385000000000000000e+03 2.374077557608792176e+03 1.092244239120782368e+01
3.494424000000000063e+01 2.290000000000000000e+03 2.331947465954554445e+03 -4.194746595455444549e+01
3.496094999999999686e+01 2.343000000000000000e+03 2.303291265657243002e+03 3.970873434275699765e+01
3.497766000000000020e+01 2.333000000000000000e+03 2.282769916449226912e+03 5.023008355077308806e+01
3.499437000000000353e+01 2.309000000000000000e+03 2.267197851284729040e+03 4.180214871527095966e+01
3.501109000000000293e+01 2.341000000000000000e+03 2.254802348692680880e+03 8.619765130731911995e+01
3.502779999999999916e+01 2.188000000000000000e+03 2.244615358886926970e+03 -5.661535888692696972e+01
3.504451000000000249e+01 2.339000000000000000e+03 2.236042614474384663e+03 1.029573855256153365e+02
3.506121999999999872e+01 2.230000000000000000e+03 2.228700954150195685e+03 1.299045849804315367e+00
3.507793000000000205e+01 2.256000000000000000e+03 2.222321304795744254e+03 3.367869520425574592e+01
3.509463999999999828e+01 2.184000000000000000e+03 2.216706360796019453e+03 -3.270636079601945312e+01
3.511135000000000161e+01 2.242000000000000000e+03 2.211707692820782995e+03 3.029230717921700489e+01
3.512805999999999784e+01 2.217000000000000000e+03 2.207211657575116988e+03 9.788342424883012427e+00
3.514477999999999724e+01 2.286000000000000000e+03 2.203127665335273832e+03 8.287233466472616783e+01
3.516149000000000058e+01 2.242000000000000000e+03 2.199391169293835901e+03 4.260883070616409896e+01
3.517819999999999681e+01 2.221000000000000000e+03 2.195944424199471541e+03 2.505557580052845879e+01
3.519491000000000014e+01 2.246000000000000000e+03 2.192743088448251456e+03 5.325691155174854430e+01
3.521162000000000347e+01 2.268000000000000000e+03 2.189751198066259349e+03 7.824880193374065129e+01
3.522832999999999970e+01 2.192000000000000000e+03 2.186939331469887293e+03 5.060668530112707231e+00
3.524504000000000303e+01 2.134000000000000000e+03 2.184283227615111628e+03 -5.028322761511162753e+01
3.526174999999999926e+01 2.279000000000000000e+03 2.181762733770390241e+03 9.723726622960975874e+01
3.527846999999999866e+01 2.197000000000000000e+03 2.179359591205197830e+03 1.764040879480216972e+01
3.529518000000000200e+01 2.299000000000000000e+03 2.177062483794774380e+03 1.219375162052256201e+02
3.531188999999999822e+01 2.172000000000000000e+03 2.174857933779723226e+03 -2.857933779723225598e+00
3.532860000000000156e+01 2.140000000000000000e+03 2.172735721375280718e+03 -3.273572137528071835e+01
3.534530999999999779e+01 2.140000000000000000e+03 2.170687103013626711e+03 -3.068710301362671089e+01
3.536202000000000112e+01 2.280000000000000000e+03 2.168704562173998056e+03 1.112954378260019439e+02
3.537872999999999735e+01 2.103000000000000000e+03 2.166781608037549631e+03 -6.378160803754963126e+01
3.539544000000000068e+01 2.138000000000000000e+03 2.164912611736463987e+03 -2.691261173646398674e+01
3.541216000000000008e+01 2.209000000000000000e+03 2.163091597041095156e+03 4.590840295890484413e+01
3.542887000000000342e+01 2.123000000000000000e+03 2.161316457031648497e+03 -3.831645703164849692e+01
3.544557999999999964e+01 2.182000000000000000e+03 2.159582331939702271e+03 2.241766806029772852e+01
3.546229000000000298e+01 2.193000000000000000e+03 2.157885915921906417e+03 3.511408407809358323e+01
3.547899999999999920e+01 2.159000000000000000e+03 2.156224290328885218e+03 2.775709671114782395e+00
3.549571000000000254e+01 2.137000000000000000e+03 2.154594870495918713e+03 -1.759487049591871255e+01
3.551241999999999877e+01 2.248000000000000000e+03 2.152995360881022862e+03 9.500463911897713842e+01
3.552913000000000210e+01 2.161000000000000000e+03 2.151423717084207055e+03 9.576282915792944550e+00
3.554585000000000150e+01 2.221000000000000000e+03 2.149877196069641286e+03 7.112280393035871384e+01
3.556255999999999773e+01 2.116000000000000000e+03 2.148356012758436464e+03 -3.235601275843646363e+01
3.557927000000000106e+01 2.183000000000000000e+03 2.146857768187899637e+03 3.614223181210036273e+01
3.559597999999999729e+01 2.160000000000000000e+03 2.145381143433661691e+03 1.461885656633830877e+01
3.561269000000000062e+01 2.113000000000000000e+03 2.143924949575491610e+03 -3.092494957549160972e+01
3.562939999999999685e+01 2.129000000000000000e+03 2.142488112598582575e+03 -1.348811259858257472e+01
3.564611000000000018e+01 2.120000000000000000e+03 2.141069660298906456e+03 -2.106966029890645586e+01
3.566282000000000352e+01 2.117000000000000000e+03 2.139668710893904063e+03 -2.266871089390406269e+01
3.567954000000000292e+01 2.144000000000000000e+03 2.138283639545660208e+03 5.716360454339792341e+00
3.569624999999999915e+01 2.209000000000000000e+03 2.136915373200864451e+03 7.208462679913554894e+01
3.571296000000000248e+01 2.185000000000000000e+03 2.135562413274927167e+03 4.943758672507283336e+01
3.572966999999999871e+01 2.120000000000000000e+03 2.134224151984798027e+03 -1.422415198479802712e+01
3.574638000000000204e+01 2.195000000000000000e+03 2.132900033139683728e+03 6.209996686031627178e+01
3.576308999999999827e+01 2.104000000000000000e+03 2.131589546935028011e+03 -2.758954693502801092e+01
3.577980000000000160e+01 2.205000000000000000e+03 2.130292225345692259e+03 7.470777465430774100e+01
3.579650999999999783e+01 2.182000000000000000e+03 2.129007638040759957e+03 5.299236195924004278e+01
3.581322999999999723e+01 2.116000000000000000e+03 2.127734631003093455e+03 -1.173463100309345464e+01
3.582994000000000057e+01 2.123000000000000000e+03 2.126474361360210878e+03 -3.474361360210878047e+00
3.584664999999999679e+01 2.030000000000000000e+03 2.125225726621024478e+03 -9.522572662102447794e+01
3.586336000000000013e+01 2.105000000000000000e+03 2.123988414687353725e+03 -1.898841468735372473e+01
3.588007000000000346e+01 2.115000000000000000e+03 2.122762136525733240e+03 -7.762136525733239978e+00
3.589677999999999969e+01 2.130000000000000000e+03 2.121546624098872144e+03 8.453375901127856196e+00
3.591349000000000302e+01 2.109000000000000000e+03 2.120341628507476798e+03 -1.134162850747679840e+01
3.593021000000000242e+01 2.082000000000000000e+03 2.119146206386806170e+03 -3.714620638680617049e+01
3.594691999999999865e+01 2.177000000000000000e+03 2.117961572090772279e+03 5.903842790922772110e+01
3.596363000000000198e+01 2.122000000000000000e+03 2.116786806732635796e+03 5.213193267364204075e+00
3.598033999999999821e+01 2.112000000000000000e+03 2.115621722816028523e+03 -3.621722816028523084e+00
3.599705000000000155e+01 2.079000000000000000e+03 2.114466145101716847e+03 -3.546614510171684742e+01
3.601375999999999777e+01 2.172000000000000000e+03 2.113319909599219045e+03 5.868009040078095495e+01
3.603047000000000111e+01 2.107000000000000000e+03 2.112182862651542564e+03 -5.182862651542563981e+00
3.604717999999999734e+01 2.092000000000000000e+03 2.111054860103391093e+03 -1.905486010339109271e+01
3.606389999999999674e+01 2.094000000000000000e+03 2.109935099470931618e+03 -1.593509947093161827e+01
3.608061000000000007e+01 2.212000000000000000e+03 2.108824792764179165e+03 1.031752072358208352e+02
3.609732000000000340e+01 2.213000000000000000e+03 2.107723147692244765e+03 1.052768523077552345e+02
3.611402999999999963e+01 2.165000000000000000e+03 2.106630051181535691e+03 5.836994881846430872e+01
3.613074000000000296e+01 2.125000000000000000e+03 2.105545396484610137e+03 1.945460351538986288e+01
3.614744999999999919e+01 2.063000000000000000e+03 2.104469082699501996e+03 -4.146908269950199610e+01
3.616416000000000253e+01 2.077000000000000000e+03 2.103401014329299414e+03 -2.640101432929941438e+01
3.618086999999999875e+01 2.090000000000000000e+03 2.102341100878202269e+03 -1.234110087820226909e+01
3.619758999999999816e+01 2.195000000000000000e+03 2.101288629410020803e+03 9.371137058997919667e+01
3.621430000000000149e+01 2.105000000000000000e+03 2.100244777246302419e+03 4.755222753697580629e+00
3.623100999999999772e+01 2.091000000000000000e+03 2.099208834914412364e+03 -8.208834914412364014e+00
3.624772000000000105e+01 2.085000000000000000e+03 2.098180728503446971e+03 -1.318072850344697144e+01
3.626442999999999728e+01 2.104000000000000000e+03 2.097160387523550526e+03 6.839612476449474343e+00
3.628114000000000061e+01 2.082000000000000000e+03 2.096147744660564058e+03 -1.414774466056405799e+01
3.629784999999999684e+01 1.990000000000000000e+03 2.095142735549531153e+03 -1.051427355495311531e+02
3.631456000000000017e+01 2.110000000000000000e+03 2.094145298565439134e+03 1.585470143456086589e+01
3.633127999999999957e+01 2.094000000000000000e+03 2.093154784453622142e+03 8.452155463778581179e-01
3.634799000000000291e+01 2.110000000000000000e+03 2.092172321300812200e+03 1.782767869918779979e+01
3.636469999999999914e+01 2.076000000000000000e+03 2.091197259943709469e+03 -1.519725994370946864e+01
3.638141000000000247e+01 2.090000000000000000e+03 2.090229547921920584e+03 -2.295479219205844856e-01
3.639811999999999870e+01 2.059000000000000000e+03 2.089269134680436764e+03 -3.026913468043676403e+01
3.641483000000000203e+01 2.048000000000000000e+03 2.088315971437406006e+03 -4.031597143740600586e+01
3.643153999999999826e+01 2.055000000000000000e+03 2.087370011061342211e+03 -3.237001106134221118e+01
3.644825000000000159e+01 2.056000000000000000e+03 2.086431207957019978e+03 -3.043120795701997849e+01
3.646497000000000099e+01 2.091000000000000000e+03 2.085498962516123356e+03 5.501037483876643819e+00
3.648167999999999722e+01 2.147000000000000000e+03 2.084574347010213387e+03 6.242565298978661303e+01
3.649839000000000055e+01 2.110000000000000000e+03 2.083656760158906309e+03 2.634323984109369121e+01
3.651509999999999678e+01 2.063000000000000000e+03 2.082746161522898092e+03 -1.974616152289809179e+01
3.653181000000000012e+01 2.104000000000000000e+03 2.081842511737087079e+03 2.215748826291292062e+01
3.654852000000000345e+01 2.066000000000000000e+03 2.080945772436241441e+03 -1.494577243624144103e+01
3.656522999999999968e+01 2.071000000000000000e+03 2.080055906185597905e+03 -9.055906185597905278e+00
3.658194000000000301e+01 2.079000000000000000e+03 2.079172876416147119e+03 -1.728764161471190164e-01
3.659866000000000241e+01 2.061000000000000000e+03 2.078296125019227929e+03 -1.729612501922792944e+01
3.661536999999999864e+01 2.067000000000000000e+03 2.077426665708379915e+03 -1.042666570837991458e+01
3.663208000000000197e+01 2.128000000000000000e+03 2.076563937760920453e+03 5.143606223907954700e+01
3.664878999999999820e+01 2.061000000000000000e+03 2.075707907505091043e+03 -1.470790750509104328e+01
3.666550000000000153e+01 2.024000000000000000e+03 2.074858541869667533e+03 -5.085854186966753332e+01
3.668220999999999776e+01 2.038000000000000000e+03 2.074015808340804142e+03 -3.601580834080414206e+01
3.669892000000000110e+01 2.031000000000000000e+03 2.073179674921624155e+03 -4.217967492162415510e+01
3.671562999999999732e+01 2.154000000000000000e+03 2.072350110094400407e+03 8.164988990559959348e+01
3.673234999999999673e+01 2.014000000000000000e+03 2.071526592200541927e+03 -5.752659220054192701e+01
3.674906000000000006e+01 2.010000000000000000e+03 2.070710075630672691e+03 -6.071007563067269075e+01
3.676577000000000339e+01 2.045000000000000000e+03 2.069900035613319233e+03 -2.490003561331923265e+01
3.678247999999999962e+01 2.023000000000000000e+03 2.069096442215040497e+03 -4.609644221504049710e+01
3.679919000000000295e+01 2.110000000000000000e+03 2.068299265825410203e+03 4.170073417458979748e+01
3.681589999999999918e+01 2.053000000000000000e+03 2.067508477131425479e+03 -1.450847713142547946e+01
3.683261000000000251e+01 2.110000000000000000e+03 2.066724047093498029e+03 4.327595290650197057e+01
3.684931999999999874e+01 2.055000000000000000e+03 2.065945946922968233e+03 -1.094594692296823268e+01
3.686603999999999814e+01 2.110000000000000000e+03 2.065173688063490772e+03 4.482631193650922796e+01
3.688275000000000148e+01 2.058000000000000000e+03 2.064408165906766044e+03 -6.408165906766043918e+00
3.689945999999999771e+01 2.114000000000000000e+03 2.063648888535569768e+03 5.035111146443023245e+01
3.691617000000000104e+01 2.051000000000000000e+03 2.062895827966659454e+03 -1.189582796665945352e+01
3.693287999999999727e+01 2.127000000000000000e+03 2.062148956374500813e+03 6.485104362549918733e+01
3.694959000000000060e+01 2.095000000000000000e+03 2.061408246075946408e+03 3.359175392405359162e+01
3.696629999999999683e+01 2.071000000000000000e+03 2.060673669515884285e+03 1.032633048411571508e+01
3.698302000000000334e+01 1.972000000000000000e+03 2.059944765127843311e+03 -8.794476512784331135e+01
3.699972999999999956e+01 2.055000000000000000e+03 2.059222377454811522e+03 -4.222377454811521602e+00
3.701644000000000290e+01 2.085000000000000000e+03 2.058506041476342034e+03 2.649395852365796600e+01
3.703314999999999912e+01 1.996000000000000000e+03 2.057795730023017768e+03 -6.179573002301776796e+01
3.704986000000000246e+01 2.014000000000000000e+03 2.057091415994062118e+03 -4.309141599406211753e+01
3.706656999999999869e+01 2.067000000000000000e+03 2.056393072347611451e+03 1.060692765238854918e+01
3.708328000000000202e+01 2.042000000000000000e+03 2.055700672091622437e+03 -1.370067209162243671e+01
3.709998999999999825e+01 2.154000000000000000e+03 2.055014188275351898e+03 9.898581172464810152e+01
3.711670999999999765e+01 2.046000000000000000e+03 2.054333188441754828e+03 -8.333188441754828091e+00
3.713342000000000098e+01 2.076000000000000000e+03 2.053658460279024439e+03 2.234153972097556107e+01
3.715012999999999721e+01 2.027000000000000000e+03 2.052989567858477585e+03 -2.598956785847758510e+01
3.716684000000000054e+01 1.990000000000000000e+03 2.052326484320033614e+03 -6.232648432003361449e+01
3.718354999999999677e+01 1.990000000000000000e+03 2.051669182810018810e+03 -6.166918281001881041e+01
3.720026000000000010e+01 2.173000000000000000e+03 2.051017636475547079e+03 1.219823635244529214e+02
3.721697000000000344e+01 2.066000000000000000e+03 2.050371818459262158e+03 1.562818154073784171e+01
3.723367999999999967e+01 2.074000000000000000e+03 2.049731701894474554e+03 2.426829810552544586e+01
3.725039999999999907e+01 2.021000000000000000e+03 2.049096881916198072e+03 -2.809688191619807185e+01
3.726711000000000240e+01 2.005000000000000000e+03 2.048468090966436193e+03 -4.346809096643619341e+01
3.728381999999999863e+01 2.014000000000000000e+03 2.047844920752324242e+03 -3.384492075232424213e+01
3.730053000000000196e+01 2.085000000000000000e+03 2.047227344327757237e+03 3.777265567224276310e+01
3.731723999999999819e+01 2.072000000000000000e+03 2.046615334717783071e+03 2.538466528221692897e+01
3.733395000000000152e+01 1.975000000000000000e+03 2.046008864915563663e+03 -7.100886491556366309e+01
3.735065999999999775e+01 2.003000000000000000e+03 2.045407907879575760e+03 -4.240790787957575958e+01
3.736737000000000108e+01 2.185000000000000000e+03 2.044812436531051844e+03 1.401875634689481558e+02
3.738409000000000049e+01 2.030000000000000000e+03 2.044222072290896676e+03 -1.422207229089667635e+01
3.740079999999999671e+01 2.035000000000000000e+03 2.043637494162826670e+03 -8.637494162826669708e+00
3.741751000000000005e+01 2.075000000000000000e+03 2.043058320223880855e+03 3.194167977611914466e+01
3.743422000000000338e+01 2.049000000000000000e+03 2.042484523225020212e+03 6.515476774979788388e+00
3.745092999999999961e+01 2.070000000000000000e+03 2.041916075870304894e+03 2.808392412969510588e+01
3.746764000000000294e+01 2.075000000000000000e+03 2.041352950815520899e+03 3.364704918447910131e+01
3.748434999999999917e+01 2.034000000000000000e+03 2.040795120666962703e+03 -6.795120666962702671e+00
3.750106000000000250e+01 2.057000000000000000e+03 2.040242557980366882e+03 1.675744201963311752e+01
3.751778000000000191e+01 2.018000000000000000e+03 2.039694909281337686e+03 -2.169490928133768648e+01
3.753448999999999813e+01 2.070000000000000000e+03 2.039152802090319938e+03 3.084719790968006237e+01
3.755120000000000147e+01 2.036000000000000000e+03 2.038615879700164214e+03 -2.615879700164214228e+00
3.756790999999999769e+01 2.006000000000000000e+03 2.038084114456561565e+03 -3.208411445656156502e+01
3.758462000000000103e+01 2.062000000000000000e+03 2.037557478651389829e+03 2.444252134861017112e+01
3.760132999999999726e+01 2.040000000000000000e+03 2.037035944522422596e+03 2.964055477577403508e+00
3.761804000000000059e+01 2.089000000000000000e+03 2.036519484253142082e+03 5.248051574685791820e+01
3.763474999999999682e+01 2.019000000000000000e+03 2.036008069972662724e+03 -1.700806997266272447e+01
3.765147000000000332e+01 1.995000000000000000e+03 2.035501372202764514e+03 -4.050137220276451444e+01
3.766817999999999955e+01 2.057000000000000000e+03 2.034999969047782542e+03 2.200003095221745752e+01
3.768489000000000289e+01 1.994000000000000000e+03 2.034503527926486640e+03 -4.050352792648664035e+01
3.770159999999999911e+01 1.990000000000000000e+03 2.034012020751475802e+03 -4.401202075147580217e+01
3.771831000000000245e+01 2.034000000000000000e+03 2.033525419381902793e+03 4.745806180972067523e-01
3.773501999999999867e+01 1.978000000000000000e+03 2.033043695623894109e+03 -5.504369562389410930e+01
3.775173000000000201e+01 2.057000000000000000e+03 2.032566821231042923e+03 2.443317876895707741e+01
3.776843999999999824e+01 2.077000000000000000e+03 2.032094767904962964e+03 4.490523209503703583e+01
3.778515999999999764e+01 2.026000000000000000e+03 2.031627229095860685e+03 -5.627229095860684538e+00
3.780187000000000097e+01 2.017000000000000000e+03 2.031164735646082363e+03 -1.416473564608236302e+01
3.781857999999999720e+01 2.003000000000000000e+03 2.030706978045509004e+03 -2.770697804550900400e+01
3.783529000000000053e+01 2.072000000000000000e+03 2.030253927794589117e+03 4.174607220541088282e+01
3.785199999999999676e+01 1.883000000000000000e+03 2.029805556345459081e+03 -1.468055563454590811e+02
3.786871000000000009e+01 2.096000000000000000e+03 2.029361835102829218e+03 6.663816489717078184e+01
3.788542000000000343e+01 2.040000000000000000e+03 2.028922735424903067e+03 1.107726457509693319e+01
3.790212999999999965e+01 1.996000000000000000e+03 2.028488228624367139e+03 -3.248822862436713876e+01
3.791884999999999906e+01 2.040000000000000000e+03 2.028058030033543446e+03 1.194196996645655418e+01
3.793556000000000239e+01 1.951000000000000000e+03 2.027632625454393974e+03 -7.663262545439397400e+01
3.795226999999999862e+01 2.019000000000000000e+03 2.027211727410613548e+03 -8.211727410613548273e+00
3.796898000000000195e+01 2.020000000000000000e+03 2.026795307043272942e+03 -6.795307043272941883e+00
3.798568999999999818e+01 2.009000000000000000e+03 2.026383335453355812e+03 -1.738333545335581221e+01
3.800240000000000151e+01 2.016000000000000000e+03 2.025975783702931039e+03 -9.975783702931039443e+00
3.801910999999999774e+01 2.017000000000000000e+03 2.025572622816371677e+03 -8.572622816371676890e+00
3.803582999999999714e+01 2.046000000000000000e+03 2.025173586422829885e+03 2.082641357717011488e+01
3.805254000000000048e+01 1.975000000000000000e+03 2.024779122776786380e+03 -4.977912277678638020e+01
3.806924999999999670e+01 2.125000000000000000e+03 2.024388962836640758e+03 1.006110371633592422e+02
3.808596000000000004e+01 2.040000000000000000e+03 2.024003077488587223e+03 1.599692251141277666e+01
3.810267000000000337e+01 1.955000000000000000e+03 2.023621437587552236e+03 -6.862143758755223644e+01
3.811937999999999960e+01 2.110000000000000000e+03 2.023244013958542837e+03 8.675598604145716308e+01
3.813609000000000293e+01 1.976000000000000000e+03 2.022870777398015662e+03 -4.687077739801566167e+01
3.815279999999999916e+01 2.043000000000000000e+03 2.022501698675257785e+03 2.049830132474221500e+01
3.816951999999999856e+01 1.984000000000000000e+03 2.022136531361806874e+03 -3.813653136180687397e+01
3.818623000000000189e+01 2.022000000000000000e+03 2.021775682965218948e+03 2.243170347810519161e-01
3.820293999999999812e+01 2.032000000000000000e+03 2.021418904547775810e+03 1.058109545222419001e+01
3.821965000000000146e+01 2.031000000000000000e+03 2.021066166784208917e+03 9.933833215791082694e+00
3.823635999999999768e+01 1.978000000000000000e+03 2.020717440329213332e+03 -4.271744032921333201e+01
3.825307000000000102e+01 2.076000000000000000e+03 2.020161375534990839e+03 5.583862446500916121e+01
3.826977999999999724e+01 1.997000000000000000e+03 2.019822573788998625e+03 -2.282257378899862488e+01
3.828649000000000058e+01 1.949000000000000000e+03 2.019487667227889006e+03 -7.048766722788900552e+01
3.830320999999999998e+01 1.979000000000000000e+03 2.019156430005730044e+03 -4.015643000573004429e+01
3.831992000000000331e+01 1.935000000000000000e+03 2.018829229411436245e+03 -8.382922941143624485e+01
3.833662999999999954e+01 1.957000000000000000e+03 2.018505837246253350e+03 -6.150583724625334980e+01
3.835334000000000287e+01 2.007000000000000000e+03 2.018075418273209834e+03 -1.107541827320983430e+01
3.837004999999999910e+01 2.126000000000000000e+03 2.017760596438830589e+03 1.082394035611694108e+02
3.838676000000000244e+01 2.005000000000000000e+03 2.017449481522279711e+03 -1.244948152227971150e+01
3.840346999999999866e+01 2.092000000000000000e+03 2.017142044784960945e+03 7.485795521503905547e+01
3.842018000000000200e+01 1.996000000000000000e+03 2.016838257468159782e+03 -2.083825746815978164e+01
3.843690000000000140e+01 2.058000000000000000e+03 2.016537912240331252e+03 4.146208775966874782e+01
3.845360999999999763e+01 2.085000000000000000e+03 2.016241339558681830e+03 6.875866044131817034e+01
3.847032000000000096e+01 1.945000000000000000e+03 2.015948329903100557e+03 -7.094832990310055720e+01
3.848702999999999719e+01 2.050000000000000000e+03 2.015658854453976346e+03 3.434114554602365388e+01
3.850374000000000052e+01 2.032000000000000000e+03 2.015372884381316680e+03 1.662711561868331955e+01
3.852044999999999675e+01 1.974000000000000000e+03 2.015090390846652554e+03 -4.109039084665255359e+01
3.853716000000000008e+01 1.986000000000000000e+03 2.014811345004929080e+03 -2.881134500492908046e+01
3.855387000000000342e+01 1.955000000000000000e+03 2.014535718006398156e+03 -5.953571800639815592e+01
3.857059000000000282e+01 2.026000000000000000e+03 2.014263319089065817e+03 1.173668091093418298e+01
3.858729999999999905e+01 2.029000000000000000e+03 2.013994445221012029e+03 1.500555477898797108e+01
3.860401000000000238e+01 2.078000000000000000e+03 2.013728903620062283e+03 6.427109637993771685e+01
3.862071999999999861e+01 2.010000000000000000e+03 2.013466665436234507e+03 -3.466665436234507069e+00
3.863743000000000194e+01 1.973000000000000000e+03 2.013207701824066817e+03 -4.020770182406681670e+01
3.865413999999999817e+01 1.982000000000000000e+03 2.012951983944421727e+03 -3.095198394442172685e+01
3.867085000000000150e+01 2.015000000000000000e+03 2.012699482966273536e+03 2.300517033726464433e+00
3.868755999999999773e+01 1.986000000000000000e+03 2.012450170068493662e+03 -2.645017006849366226e+01
3.870427999999999713e+01 1.965000000000000000e+03 2.012203870072576819e+03 -4.720387007257681944e+01
3.872099000000000046e+01 2.059000000000000000e+03 2.011960848785322241e+03 4.703915121467775862e+01
3.873769999999999669e+01 2.125000000000000000e+03 2.011720929174769935e+03 1.132790708252300647e+02
3.875441000000000003e+01 2.010000000000000000e+03 2.011484082476893718e+03 -1.484082476893718194e+00
3.877112000000000336e+01 2.040000000000000000e+03 2.011250279946251339e+03 2.874972005374866058e+01
3.878782999999999959e+01 2.087000000000000000e+03 2.011019492857690921e+03 7.598050714230907943e+01
3.880454000000000292e+01 1.991000000000000000e+03 2.010791692508030337e+03 -1.979169250803033719e+01
3.882124999999999915e+01 2.081000000000000000e+03 2.010566850217735464e+03 7.043314978226453604e+01
3.883796999999999855e+01 2.063000000000000000e+03 2.010344805401480244e+03 5.265519459851975625e+01
3.885468000000000188e+01 2.041000000000000000e+03 2.010125795021560407e+03 3.087420497843959311e+01
3.887138999999999811e+01 1.994000000000000000e+03 2.009909656803691405e+03 -1.590965680369140500e+01
3.888810000000000144e+01 2.085000000000000000e+03 2.009696362179396147e+03 7.530363782060385347e+01
3.890480999999999767e+01 2.059000000000000000e+03 2.009485882612008027e+03 4.951411738799197337e+01
3.892152000000000100e+01 2.056000000000000000e+03 2.009278189598263452e+03 4.672181040173654765e+01
3.893822999999999723e+01 2.073000000000000000e+03 2.009073254669878906e+03 6.392674533012109350e+01
3.895494999999999663e+01 2.028000000000000000e+03 2.008870929198169279e+03 1.912907080183072139e+01
3.897165999999999997e+01 2.052000000000000000e+03 2.008671426791465819e+03 4.332857320853418059e+01
3.898837000000000330e+01 2.015000000000000000e+03 2.008474597273806694e+03 6.525402726193306080e+00
3.900507999999999953e+01 1.957000000000000000e+03 2.008280412332393325e+03 -5.128041233239332541e+01
3.902179000000000286e+01 1.974000000000000000e+03 2.008088843697103357e+03 -3.408884369710335704e+01
3.903849999999999909e+01 2.077000000000000000e+03 2.007899863141998139e+03 6.910013685800186067e+01
3.905521000000000242e+01 2.075000000000000000e+03 2.007713442486802933e+03 6.728655751319706724e+01
3.907191999999999865e+01 2.001000000000000000e+03 2.007529553598381654e+03 -6.529553598381653501e+00
3.908863999999999805e+01 2.098000000000000000e+03 2.007348060587310329e+03 9.065193941268967137e+01
3.910535000000000139e+01 1.964000000000000000e+03 2.007169152502030329e+03 -4.316915250203032883e+01
3.912205999999999761e+01 2.021000000000000000e+03 2.006992692064755829e+03 1.400730793524417095e+01
3.913877000000000095e+01 1.980000000000000000e+03 2.006818651345402486e+03 -2.681865134540248619e+01
3.915547999999999718e+01 2.032000000000000000e+03 2.006647002468191204e+03 2.535299753180879634e+01
3.917219000000000051e+01 1.981000000000000000e+03 2.006477717613042842e+03 -2.547771761304284155e+01
3.918889999999999674e+01 2.019000000000000000e+03 2.006310769016954509e+03 1.268923098304549058e+01
3.920561000000000007e+01 2.113000000000000000e+03 2.006146128975366764e+03 1.068538710246332357e+02
3.922232999999999947e+01 2.125000000000000000e+03 2.005983673358061878e+03 1.190163266419381216e+02
3.923904000000000281e+01 1.991000000000000000e+03 2.005823568892576986e+03 -1.482356889257698640e+01
3.925574999999999903e+01 2.046000000000000000e+03 2.005665690215603036e+03 4.033430978439696446e+01
3.927246000000000237e+01 2.027000000000000000e+03 2.005510009869795795e+03 2.148999013020420534e+01
3.928916999999999859e+01 1.971000000000000000e+03 2.005356500462894928e+03 -3.435650046289492821e+01
3.930588000000000193e+01 2.048000000000000000e+03 2.005205134669006384e+03 4.279486533099361623e+01
3.932258999999999816e+01 1.976000000000000000e+03 2.005055885229874320e+03 -2.905588522987432043e+01
3.933930000000000149e+01 2.001000000000000000e+03 2.004908724956146671e+03 -3.908724956146670593e+00
3.935602000000000089e+01 1.971000000000000000e+03 2.004763540507427479e+03 -3.376354050742747859e+01
3.937272999999999712e+01 1.919000000000000000e+03 2.004620478488036497e+03 -8.562047848803649686e+01
3.938944000000000045e+01 2.083000000000000000e+03 2.004479424475695623e+03 7.852057552430437681e+01
3.940614999999999668e+01 2.053000000000000000e+03 2.004340351569052473e+03 4.865964843094752723e+01
3.942286000000000001e+01 2.048000000000000000e+03 2.004203232941765464e+03 4.379676705823453631e+01
3.943957000000000335e+01 2.043000000000000000e+03 2.004068041843684114e+03 3.893195815631588630e+01
3.945627999999999957e+01 2.068000000000000000e+03 2.003934751602022288e+03 6.406524839797771165e+01
3.947299000000000291e+01 2.041000000000000000e+03 2.003803335622513714e+03 3.719666437748628596e+01
3.948971000000000231e+01 2.089000000000000000e+03 2.003673690399151610e+03 8.532630960084838989e+01
3.950641999999999854e+01 1.949000000000000000e+03 2.003545944562983095e+03 -5.454594456298309524e+01
3.952313000000000187e+01 1.996000000000000000e+03 2.003419993672906458e+03 -7.419993672906457505e+00
3.953983999999999810e+01 2.052000000000000000e+03 2.003295811460086952e+03 4.870418853991304786e+01
3.955655000000000143e+01 2.014000000000000000e+03 2.004963591225155142e+03 9.036408774844858272e+00
3.957325999999999766e+01 2.023000000000000000e+03 2.004859165607664863e+03 1.814083439233513673e+01
3.958997000000000099e+01 2.054000000000000000e+03 2.004756653927938714e+03 4.924334607206128567e+01
3.960667999999999722e+01 2.117000000000000000e+03 2.004656034367273605e+03 1.123439656327263947e+02
3.962339999999999662e+01 1.984000000000000000e+03 2.004557226750004475e+03 -2.055722675000447452e+01
3.964010999999999996e+01 1.979000000000000000e+03 2.004460327807582189e+03 -2.546032780758218905e+01
3.965682000000000329e+01 1.940000000000000000e+03 2.004365256628785801e+03 -6.436525662878580079e+01
3.967352999999999952e+01 2.024000000000000000e+03 2.005218904376536557e+03 1.878109562346344319e+01
3.969024000000000285e+01 1.964000000000000000e+03 2.005136054979797791e+03 -4.113605497979779102e+01
3.970694999999999908e+01 1.950000000000000000e+03 2.005055089243525117e+03 -5.505508924352511713e+01
3.972366000000000241e+01 2.087000000000000000e+03 2.004975988889632163e+03 8.202401111036783732e+01
3.974036999999999864e+01 1.982000000000000000e+03 2.004898735900758311e+03 -2.289873590075831089e+01
3.975708999999999804e+01 2.007000000000000000e+03 2.004823267933539000e+03 2.176732066460999704e+00
3.977380000000000138e+01 1.958000000000000000e+03 2.004749657773215404e+03 -4.674965777321540372e+01
3.979050999999999760e+01 2.016000000000000000e+03 2.004677842537221068e+03 1.132215746277893231e+01
3.980722000000000094e+01 2.020000000000000000e+03 2.004607805309252626e+03 1.539219469074737390e+01
3.982392999999999716e+01 2.026000000000000000e+03 2.004539529463502049e+03 2.146047053649795089e+01
3.984064000000000050e+01 1.969000000000000000e+03 2.004472998671085179e+03 -3.547299867108517901e+01
3.985734999999999673e+01 1.974000000000000000e+03 2.004408196906660805e+03 -3.040819690666080533e+01
3.987406000000000006e+01 2.061000000000000000e+03 2.004345108455229365e+03 5.665489154477063494e+01
3.989077999999999946e+01 1.949000000000000000e+03 2.004283681685658848e+03 -5.528368168565884844e+01
3.990749000000000279e+01 1.996000000000000000e+03 2.004223974994388755e+03 -8.223974994388754567e+00
3.992419999999999902e+01 1.917000000000000000e+03 2.004165936395391554e+03 -8.716593639539155447e+01
3.994091000000000236e+01 1.998000000000000000e+03 2.004109551487225644e+03 -6.109551487225644451e+00
3.995761999999999858e+01 2.073000000000000000e+03 2.004054806215867984e+03 6.894519378413201594e+01
3.997433000000000192e+01 1.929000000000000000e+03 2.004001686882793592e+03 -7.500168688279359230e+01
3.999103999999999814e+01 1.992000000000000000e+03 2.003950180153318342e+03 -1.195018015331834249e+01
4.000775999999999755e+01 2.003000000000000000e+03 2.003900243674998819e+03 -9.002436749988191877e-01
4.002447000000000088e+01 2.035000000000000000e+03 2.003851924593359172e+03 3.114807540664082808e+01
4.004117999999999711e+01 1.958000000000000000e+03 2.003805180374453357e+03 -4.580518037445335722e+01
4.005789000000000044e+01 1.969000000000000000e+03 2.003759999227918570e+03 -3.475999922791856989e+01
4.007459999999999667e+01 2.016000000000000000e+03 2.003716369773036604e+03 1.228363022696339613e+01
4.009131000000000000e+01 1.945000000000000000e+03 2.003674281048806051e+03 -5.867428104880605133e+01
4.010802000000000334e+01 1.929000000000000000e+03 2.003633722524338737e+03 -7.463372252433873655e+01
4.012472999999999956e+01 2.027000000000000000e+03 2.003594684109616537e+03 2.340531589038346283e+01
4.014144999999999897e+01 2.011000000000000000e+03 2.003557134158611916e+03 7.442865841388083936e+00
4.015816000000000230e+01 2.057000000000000000e+03 2.003521108408541977e+03 5.347889159145802296e+01
4.017486999999999853e+01 1.897000000000000000e+03 2.003486575251381055e+03 -1.064865752513810548e+02
4.019158000000000186e+01 1.973000000000000000e+03 2.003453526475921990e+03 -3.045352647592198991e+01
4.020828999999999809e+01 2.054000000000000000e+03 2.003421954371386391e+03 5.057804562861360864e+01
4.022500000000000142e+01 1.997000000000000000e+03 2.003391851740623906e+03 -6.391851740623906153e+00
4.024170999999999765e+01 1.964000000000000000e+03 2.005421551276908303e+03 -4.142155127690830341e+01
4.025842000000000098e+01 1.952000000000000000e+03 2.005412988924411593e+03 -5.341298892441159296e+01
4.027514000000000038e+01 2.040000000000000000e+03 2.005406127892593531e+03 3.459387210740646879e+01
4.029184999999999661e+01 1.932000000000000000e+03 2.005400976021053793e+03 -7.340097602105379337e+01
4.030855999999999995e+01 1.937000000000000000e+03 2.005397529022621029e+03 -6.839752902262102907e+01
4.032527000000000328e+01 2.000000000000000000e+03 2.005395787936380430e+03 -5.395787936380429528e+00
4.034197999999999951e+01 1.961000000000000000e+03 2.005395754534150910e+03 -4.439575453415091033e+01
4.035869000000000284e+01 2.017000000000000000e+03 2.006484998577156375e+03 1.051500142284362482e+01
4.037539999999999907e+01 2.016000000000000000e+03 2.006498232108275943e+03 9.501767891724057336e+00
4.039211000000000240e+01 2.020000000000000000e+03 2.006513317476842076e+03 1.348668252315792415e+01
4.040883000000000180e+01 1.988000000000000000e+03 2.006530272751634129e+03 -1.853027275163412924e+01
4.042553999999999803e+01 1.980000000000000000e+03 2.006549085926815906e+03 -2.654908592681590562e+01
4.044225000000000136e+01 1.935000000000000000e+03 2.006569775785432512e+03 -7.156977578543251184e+01
4.045895999999999759e+01 2.018000000000000000e+03 2.006592352482251499e+03 1.140764751774850083e+01
4.047567000000000093e+01 2.027000000000000000e+03 2.006616827156116187e+03 2.038317284388381267e+01
4.049237999999999715e+01 2.001000000000000000e+03 2.006643211959811197e+03 -5.643211959811196721e+00
4.050909000000000049e+01 2.027000000000000000e+03 2.006671520091109414e+03 2.032847990889058565e+01
4.052579999999999671e+01 2.017000000000000000e+03 2.006701765825058146e+03 1.029823417494185378e+01
4.054252000000000322e+01 2.015000000000000000e+03 2.006733984404669172e+03 8.266015595330827637e+00
4.055922999999999945e+01 1.991000000000000000e+03 2.006768153831285417e+03 -1.576815383128541725e+01
4.057594000000000278e+01 1.987000000000000000e+03 2.006804310503036049e+03 -1.980431050303604934e+01
4.059264999999999901e+01 2.045000000000000000e+03 2.006842473354611002e+03 3.815752664538899808e+01
4.060936000000000234e+01 1.922000000000000000e+03 2.006882662580208034e+03 -8.488266258020803434e+01
4.062606999999999857e+01 1.926000000000000000e+03 2.006924899674624157e+03 -8.092489967462415734e+01
4.064278000000000191e+01 2.055000000000000000e+03 2.006969207476059637e+03 4.803079252394036303e+01
4.065948999999999813e+01 1.979000000000000000e+03 2.007015610210752129e+03 -2.801561021075212921e+01
4.067620999999999754e+01 1.968000000000000000e+03 2.007064163218247586e+03 -3.906416321824758597e+01
4.069292000000000087e+01 2.043000000000000000e+03 2.007114835578666089e+03 3.588516442133391138e+01
4.070962999999999710e+01 2.051000000000000000e+03 2.007167684372267559e+03 4.383231562773244150e+01
4.072634000000000043e+01 1.983000000000000000e+03 2.007222739864185542e+03 -2.422273986418554159e+01
4.074304999999999666e+01 1.969000000000000000e+03 2.007280033961309528e+03 -3.828003396130952751e+01
4.075975999999999999e+01 1.912000000000000000e+03 2.007339600269885750e+03 -9.533960026988575009e+01
4.077647000000000332e+01 1.988000000000000000e+03 2.007401474155690039e+03 -1.940147415569003897e+01
4.079317999999999955e+01 1.941000000000000000e+03 2.007465692806903689e+03 -6.646569280690368942e+01
4.080989999999999895e+01 1.967000000000000000e+03 2.007532335879521497e+03 -4.053233587952149719e+01
4.082661000000000229e+01 1.983000000000000000e+03 2.007601364711170390e+03 -2.460136471117039036e+01
4.084331999999999852e+01 1.951000000000000000e+03 2.007672861505966011e+03 -5.667286150596601146e+01
4.086003000000000185e+01 1.935000000000000000e+03 2.007746871430993224e+03 -7.274687143099322384e+01
4.087673999999999808e+01 1.945000000000000000e+03 2.007823441836018446e+03 -6.282344183601844634e+01
4.089345000000000141e+01 1.979000000000000000e+03 2.007902622335899878e+03 -2.890262233589987773e+01
4.091015999999999764e+01 1.951000000000000000e+03 2.007984464896899453e+03 -5.698446489689945338e+01
4.092687000000000097e+01 2.082000000000000000e+03 2.008069023927112539e+03 7.393097607288746076e+01
4.094359000000000037e+01 2.006000000000000000e+03 2.008156409476947829e+03 -2.156409476947828807e+00
4.096029999999999660e+01 2.014000000000000000e+03 2.008246576629443780e+03 5.753423370556220107e+00
4.097700999999999993e+01 1.952000000000000000e+03 2.008339639135548396e+03 -5.633963913554839564e+01
4.099372000000000327e+01 1.936000000000000000e+03 2.008435662167413284e+03 -7.243566216741328390e+01
4.101042999999999950e+01 1.936000000000000000e+03 2.008534713861566843e+03 -7.253471386156684275e+01
4.102714000000000283e+01 1.927000000000000000e+03 2.008636865439413214e+03 -8.163686543941321361e+01
4.104384999999999906e+01 2.001000000000000000e+03 2.008742191333809615e+03 -7.742191333809614662e+00
4.106056999999999846e+01 1.873000000000000000e+03 2.008850835289639008e+03 -1.358508352896390079e+02
4.107728000000000179e+01 1.955000000000000000e+03 2.008962748653175822e+03 -5.396274865317582226e+01
4.109398999999999802e+01 1.968000000000000000e+03 2.009078080316870910e+03 -4.107808031687090988e+01
4.111070000000000135e+01 1.961000000000000000e+03 2.009196918961779147e+03 -4.819691896177914714e+01
4.112740999999999758e+01 1.955000000000000000e+03 2.009319357217746301e+03 -5.431935721774630110e+01
4.114412000000000091e+01 1.987000000000000000e+03 2.009445491834777613e+03 -2.244549183477761289e+01
4.116082999999999714e+01 1.980000000000000000e+03 2.009575423863538617e+03 -2.957542386353861730e+01
4.117754000000000048e+01 2.011000000000000000e+03 2.009709258845556633e+03 1.290741154443367122e+00
4.119425999999999988e+01 1.956000000000000000e+03 2.009847190732431272e+03 -5.384719073243127241e+01
4.121097000000000321e+01 1.948000000000000000e+03 2.009989169728530669e+03 -6.198916972853066909e+01
4.122767999999999944e+01 2.017000000000000000e+03 2.010135397381717667e+03 6.864602618282333424e+00
4.124439000000000277e+01 1.956000000000000000e+03 2.010285999318379936e+03 -5.428599931837993608e+01
4.126109999999999900e+01 2.046000000000000000e+03 2.010441106775209846e+03 3.555889322479015391e+01
4.127781000000000233e+01 1.901000000000000000e+03 2.010600856861985221e+03 -1.096008568619852213e+02
4.129451999999999856e+01 1.992000000000000000e+03 2.010765392839329479e+03 -1.876539283932947910e+01
4.131123000000000189e+01 1.990000000000000000e+03 2.010934864412452953e+03 -2.093486441245295282e+01
4.132795000000000130e+01 1.950000000000000000e+03 2.011109534065373509e+03 -6.110953406537350929e+01
4.134465999999999752e+01 1.912000000000000000e+03 2.011289356491836543e+03 -9.928935649183654277e+01
4.136137000000000086e+01 1.971000000000000000e+03 2.011474605602055362e+03 -4.047460560205536240e+01
4.137807999999999709e+01 1.930000000000000000e+03 2.011665460180638320e+03 -8.166546018063831980e+01
4.139479000000000042e+01 2.015000000000000000e+03 2.011862107205904067e+03 3.137892794095932913e+00
4.141149999999999665e+01 1.976000000000000000e+03 2.012064742265114091e+03 -3.606474226511409142e+01
4.142820999999999998e+01 1.932000000000000000e+03 2.012273569995161552e+03 -8.027356999516155156e+01
4.144492000000000331e+01 1.978000000000000000e+03 2.012488804550536770e+03 -3.448880455053676997e+01
4.146164000000000271e+01 1.950000000000000000e+03 2.012710804906294925e+03 -6.271080490629492488e+01
4.147834999999999894e+01 1.965000000000000000e+03 2.012939540344770194e+03 -4.793954034477019377e+01
4.149506000000000228e+01 1.975000000000000000e+03 2.013175387459350304e+03 -3.817538745935030420e+01
4.151176999999999850e+01 1.991000000000000000e+03 2.013418603779512978e+03 -2.241860377951297778e+01
4.152848000000000184e+01 1.956000000000000000e+03 2.013669459176428063e+03 -5.766945917642806307e+01
4.154518999999999807e+01 1.977000000000000000e+03 2.013928236542068134e+03 -3.692823654206813444e+01
4.156190000000000140e+01 1.944000000000000000e+03 2.014195232513335213e+03 -7.019523251333521330e+01
4.157860999999999763e+01 1.967000000000000000e+03 2.014470758244660828e+03 -4.747075824466082850e+01
4.159532999999999703e+01 1.961000000000000000e+03 2.014755313138747169e+03 -5.375531313874716943e+01
4.161204000000000036e+01 1.939000000000000000e+03 2.015048899715377047e+03 -7.604889971537704696e+01
4.162874999999999659e+01 2.002000000000000000e+03 2.015352045376262822e+03 -1.335204537626282217e+01
4.164545999999999992e+01 1.939000000000000000e+03 2.015665128192378006e+03 -7.666512819237800613e+01
4.166217000000000326e+01 1.964000000000000000e+03 2.015988545487903593e+03 -5.198854548790359331e+01
4.167887999999999948e+01 2.026000000000000000e+03 2.016322714996171271e+03 9.677285003828728804e+00
4.169559000000000282e+01 2.019000000000000000e+03 2.016668076098949768e+03 2.331923901050231507e+00
4.171229999999999905e+01 2.069000000000000000e+03 2.017025091156053122e+03 5.197490884394687782e+01
4.172901999999999845e+01 1.899000000000000000e+03 2.017394471588012266e+03 -1.183944715880122658e+02
4.174573000000000178e+01 2.046000000000000000e+03 2.017776288521230981e+03 2.822371147876901887e+01
4.176243999999999801e+01 2.035000000000000000e+03 2.018171299506031801e+03 1.682870049396819923e+01
4.177915000000000134e+01 1.960000000000000000e+03 2.018580074220138613e+03 -5.858007422013861287e+01
4.179585999999999757e+01 2.054000000000000000e+03 2.019003213619975895e+03 3.499678638002410480e+01
4.181257000000000090e+01 1.952000000000000000e+03 2.019441352002656686e+03 -6.744135200265668573e+01
4.182927999999999713e+01 1.931000000000000000e+03 2.019895159230887430e+03 -8.889515923088742966e+01
4.184599000000000046e+01 2.075000000000000000e+03 2.020365343135833655e+03 5.463465686416634526e+01
4.186270999999999987e+01 2.026000000000000000e+03 2.020852949024757663e+03 5.147050975242336790e+00
4.187942000000000320e+01 2.093000000000000000e+03 2.021358185818687389e+03 7.164181418131261125e+01
4.189612999999999943e+01 2.036000000000000000e+03 2.021882178168437804e+03 1.411782183156219617e+01
4.191284000000000276e+01 2.051000000000000000e+03 2.022425814016616641e+03 2.857418598338335869e+01
4.192954999999999899e+01 2.017000000000000000e+03 2.022990034607317966e+03 -5.990034607317966220e+00
4.194626000000000232e+01 1.970000000000000000e+03 2.023575838375347757e+03 -5.357583837534775739e+01
4.196296999999999855e+01 1.979000000000000000e+03 2.024184285175329933e+03 -4.518428517532993283e+01
4.197968000000000188e+01 1.938000000000000000e+03 2.024816500885339337e+03 -8.681650088533933740e+01
4.199640000000000128e+01 1.949000000000000000e+03 2.025474083435196235e+03 -7.647408343519623486e+01
4.201310999999999751e+01 2.006000000000000000e+03 2.026157520334245419e+03 -2.015752033424541878e+01
4.202982000000000085e+01 1.951000000000000000e+03 2.026868553255303596e+03 -7.586855325530359551e+01
4.204652999999999707e+01 2.062000000000000000e+03 2.027608627207621112e+03 3.439137279237888833e+01
4.206324000000000041e+01 2.082000000000000000e+03 2.028379283392912612e+03 5.362071660708738818e+01
4.207994999999999663e+01 1.997000000000000000e+03 2.029182167053205831e+03 -3.218216705320583060e+01
4.209665999999999997e+01 1.999000000000000000e+03 2.030019036085445350e+03 -3.101903608544535018e+01
4.211337999999999937e+01 2.025000000000000000e+03 2.030892303926046225e+03 -5.892303926046224660e+00
4.213009000000000270e+01 2.061000000000000000e+03 2.031802939608458928e+03 2.919706039154107202e+01
4.214679999999999893e+01 2.068000000000000000e+03 2.032753611185352838e+03 3.524638881464716178e+01
4.216351000000000226e+01 2.014000000000000000e+03 2.033746632066373422e+03 -1.974663206637342228e+01
4.218021999999999849e+01 2.001000000000000000e+03 2.034784486399151774e+03 -3.378448639915177409e+01
4.219693000000000183e+01 2.026000000000000000e+03 2.035869844588704382e+03 -9.869844588704381749e+00
4.221363999999999805e+01 1.910000000000000000e+03 2.037005580506788419e+03 -1.270055805067884194e+02
4.223035000000000139e+01 2.015000000000000000e+03 2.038194790606347169e+03 -2.319479060634716916e+01
4.224707000000000079e+01 1.972000000000000000e+03 2.039441578580129772e+03 -6.744157858012977158e+01
4.226377999999999702e+01 2.002000000000000000e+03 2.040748062788308744e+03 -3.874806278830874362e+01
4.228049000000000035e+01 1.937000000000000000e+03 2.042118873613743744e+03 -1.051188736137437445e+02
4.229719999999999658e+01 1.959000000000000000e+03 2.043558236726863242e+03 -8.455823672686324244e+01
4.231390999999999991e+01 1.964000000000000000e+03 2.045070734598980835e+03 -8.107073459898083456e+01
4.233062000000000324e+01 2.026000000000000000e+03 2.046661343752551602e+03 -2.066134375255160194e+01
4.234732999999999947e+01 2.075000000000000000e+03 2.048335476674810252e+03 2.666452332518974799e+01
4.236404000000000281e+01 2.064000000000000000e+03 2.050099029078237436e+03 1.390097092176256410e+01
4.238076000000000221e+01 2.019000000000000000e+03 2.051959576125743297e+03 -3.295957612574329687e+01
4.239746999999999844e+01 2.009000000000000000e+03 2.053921925443392865e+03 -4.492192544339286542e+01
4.241418000000000177e+01 2.020000000000000000e+03 2.055994856116590654e+03 -3.599485611659065398e+01
4.243088999999999800e+01 2.038000000000000000e+03 2.058186807798636892e+03 -2.018680779863689168e+01
4.244760000000000133e+01 2.052000000000000000e+03 2.060507053291009470e+03 -8.507053291009469831e+00
4.246430999999999756e+01 2.081000000000000000e+03 2.062965800539466727e+03 1.803419946053327294e+01
4.248102000000000089e+01 2.068000000000000000e+03 2.065574309626915237e+03 2.425690373084762541e+00
4.249772999999999712e+01 2.039000000000000000e+03 2.068345027349686461e+03 -2.934502734968646109e+01
4.251444999999999652e+01 2.065000000000000000e+03 2.071293561591323396e+03 -6.293561591323395987e+00
4.253115999999999985e+01 2.082000000000000000e+03 2.074431703952954194e+03 7.568296047045805608e+00
4.254787000000000319e+01 2.014000000000000000e+03 2.077778205581193106e+03 -6.377820558119310590e+01
4.256457999999999942e+01 2.077000000000000000e+03 2.081352081665977039e+03 -4.352081665977038938e+00
4.258129000000000275e+01 2.071000000000000000e+03 2.085174604891989020e+03 -1.417460489198901996e+01
4.259799999999999898e+01 2.063000000000000000e+03 2.089269638746908186e+03 -2.626963874690818557e+01
4.261471000000000231e+01 2.081000000000000000e+03 2.093664030083968100e+03 -1.266403008396810037e+01
4.263141999999999854e+01 2.141000000000000000e+03 2.098388073334635010e+03 4.261192666536499019e+01
4.264813999999999794e+01 2.120000000000000000e+03 2.103479223132252173e+03 1.652077686774782705e+01
4.266485000000000127e+01 2.106000000000000000e+03 2.108970360202842585e+03 -2.970360202842584840e+00
4.268155999999999750e+01 2.161000000000000000e+03 2.114908814437252659e+03 4.609118556274734146e+01
4.269827000000000083e+01 2.147000000000000000e+03 2.121345377150628337e+03 2.565462284937166260e+01
4.271497999999999706e+01 2.142000000000000000e+03 2.128338382206650749e+03 1.366161779334925086e+01
4.273169000000000040e+01 2.137000000000000000e+03 2.135955104110906177e+03 1.044895889093822916e+00
4.274839999999999662e+01 2.169000000000000000e+03 2.144273469439571272e+03 2.472653056042872777e+01
4.276510999999999996e+01 2.170000000000000000e+03 2.153384164635182970e+03 1.661583536481703050e+01
4.278182999999999936e+01 2.175000000000000000e+03 2.163399531501291676e+03 1.160046849870832375e+01
4.279854000000000269e+01 2.185000000000000000e+03 2.174432351308562374e+03 1.056764869143762553e+01
4.281524999999999892e+01 2.121000000000000000e+03 2.186635775300683690e+03 -6.563577530068369015e+01
4.283196000000000225e+01 2.163000000000000000e+03 2.200185176849991421e+03 -3.718517684999142148e+01
4.284866999999999848e+01 2.201000000000000000e+03 2.215290498964860035e+03 -1.429049896486003490e+01
4.286538000000000181e+01 2.213000000000000000e+03 2.232204809885679879e+03 -1.920480988567987879e+01
4.288208999999999804e+01 2.181000000000000000e+03 2.251235435586640506e+03 -7.023543558664050579e+01
4.289880000000000138e+01 2.251000000000000000e+03 2.272758593080153787e+03 -2.175859308015378701e+01
4.291552000000000078e+01 2.331000000000000000e+03 2.297254480620510549e+03 3.374551937948945124e+01
4.293222999999999701e+01 2.331000000000000000e+03 2.325273164808830643e+03 5.726835191169357131e+00
4.294894000000000034e+01 2.474000000000000000e+03 2.357557600527259183e+03 1.164423994727408171e+02
4.296564999999999657e+01 2.503000000000000000e+03 2.395036408890487110e+03 1.079635911095128904e+02
4.298235999999999990e+01 2.460000000000000000e+03 2.438907058551790215e+03 2.109294144820978545e+01
4.299907000000000323e+01 2.619000000000000000e+03 2.490736931335414738e+03 1.282630686645852620e+02
4.301577999999999946e+01 2.784000000000000000e+03 2.552618489230596424e+03 2.313815107694035760e+02
4.303249000000000279e+01 2.763000000000000000e+03 2.627428572162045839e+03 1.355714278379541611e+02
4.304921000000000220e+01 2.965000000000000000e+03 2.719368382125357130e+03 2.456316178746428704e+02
4.306591999999999842e+01 2.995000000000000000e+03 2.834683014388732317e+03 1.603169856112676825e+02
4.308263000000000176e+01 3.105000000000000000e+03 2.983864573198833568e+03 1.211354268011664317e+02
4.309933999999999799e+01 3.380000000000000000e+03 3.184892694032432701e+03 1.951073059675672994e+02
4.311605000000000132e+01 3.753000000000000000e+03 3.468710705452705497e+03 2.842892945472945030e+02
4.313275999999999755e+01 4.320000000000000000e+03 3.885791592231617415e+03 4.342084077683825853e+02
4.314947000000000088e+01 4.872000000000000000e+03 4.510330085928238987e+03 3.616699140717610135e+02
4.316619000000000028e+01 5.959000000000000000e+03 5.435718862169909698e+03 5.232811378300903016e+02
4.318289999999999651e+01 7.510000000000000000e+03 6.747635931709276520e+03 7.623640682907234805e+02
4.319960999999999984e+01 9.994000000000000000e+03 8.472387080917478670e+03 1.521612919082521330e+03
4.321632000000000318e+01 1.308600000000000000e+04 1.048324810858275305e+04 2.602751891417246952e+03
4.323302999999999940e+01 1.588400000000000000e+04 1.239138724130865921e+04 3.492612758691340787e+03
4.324974000000000274e+01 1.661600000000000000e+04 1.355620651595021081e+04 3.059793484049789186e+03
4.326644999999999897e+01 1.612400000000000000e+04 1.346928098472250167e+04 2.654719015277498329e+03
4.328316000000000230e+01 1.472800000000000000e+04 1.236895796543044344e+04 2.359042034569556563e+03
4.329988000000000170e+01 1.302800000000000000e+04 1.107581581447668941e+04 1.952184185523310589e+03
4.331658999999999793e+01 1.193400000000000000e+04 1.018828087813607817e+04 1.745719121863921828e+03
4.333330000000000126e+01 1.139500000000000000e+04 9.816504925678349537e+03 1.578495074321650463e+03
4.335000999999999749e+01 1.109100000000000000e+04 9.705032963565872706e+03 1.385967036434127294e+03
4.336672000000000082e+01 1.055600000000000000e+04 9.405355023845626420e+03 1.150644976154373580e+03
4.338342999999999705e+01 9.378000000000000000e+03 8.594440889586956473e+03 7.835591104130435269e+02
4.340014000000000038e+01 8.296000000000000000e+03 7.389994882055125345e+03 9.060051179448746552e+02
4.341684999999999661e+01 6.928000000000000000e+03 6.155092734779073908e+03 7.729072652209260923e+02
4.343357000000000312e+01 5.607000000000000000e+03 5.120576610646163317e+03 4.864233893538366829e+02
4.345027999999999935e+01 4.563000000000000000e+03 4.344686840072882660e+03 2.183131599271173400e+02
4.346699000000000268e+01 3.924000000000000000e+03 3.799518263233148900e+03 1.244817367668510997e+02
4.348369999999999891e+01 3.491000000000000000e+03 3.430891939952658504e+03 6.010806004734149610e+01
4.350041000000000224e+01 3.282000000000000000e+03 3.184353166989049896e+03 9.764683301095010393e+01
4.351711999999999847e+01 3.141000000000000000e+03 3.016957616328792028e+03 1.240423836712079719e+02
4.353383000000000180e+01 2.919000000000000000e+03 2.899802789567695982e+03 1.919721043230401847e+01
4.355053999999999803e+01 2.811000000000000000e+03 2.815438019722929312e+03 -4.438019722929311683e+00
4.356725999999999743e+01 2.674000000000000000e+03 2.753873967984452975e+03 -7.987396798445297463e+01
4.358397000000000077e+01 2.728000000000000000e+03 2.709510247170259390e+03 1.848975282974060974e+01
4.360067999999999699e+01 2.674000000000000000e+03 2.678959069650316906e+03 -4.959069650316905609e+00
4.361739000000000033e+01 2.790000000000000000e+03 2.660189053967288601e+03 1.298109460327113993e+02
4.363409999999999656e+01 2.545000000000000000e+03 2.652004658140604079e+03 -1.070046581406040787e+02
4.365080999999999989e+01 2.695000000000000000e+03 2.653828133649024494e+03 4.117186635097550607e+01
4.366752000000000322e+01 2.780000000000000000e+03 2.665607210310520713e+03 1.143927896894792866e+02
4.368422999999999945e+01 2.743000000000000000e+03 2.687795978831919001e+03 5.520402116808099890e+01
4.370094999999999885e+01 2.709000000000000000e+03 2.721418942856520516e+03 -1.241894285652051622e+01
4.371766000000000219e+01 2.799000000000000000e+03 2.768092485887739713e+03 3.090751411226028722e+01
4.373436999999999841e+01 2.876000000000000000e+03 2.830357005816127639e+03 4.564299418387236074e+01
4.375108000000000175e+01 2.995000000000000000e+03 2.912015865014596784e+03 8.298413498540321598e+01
4.376778999999999797e+01 2.977000000000000000e+03 3.018978236535705946e+03 -4.197823653570594615e+01
4.378450000000000131e+01 3.196000000000000000e+03 3.160927196618325524e+03 3.507280338167447553e+01
4.380120999999999754e+01 3.267000000000000000e+03 3.354495310024470655e+03 -8.749531002447065475e+01
4.381792000000000087e+01 3.526000000000000000e+03 3.628578028472249116e+03 -1.025780284722491160e+02
4.383464000000000027e+01 3.863000000000000000e+03 4.031780763014463446e+03 -1.687807630144634459e+02
4.385134999999999650e+01 4.437000000000000000e+03 4.637671925489876230e+03 -2.006719254898762301e+02
4.386805999999999983e+01 5.199000000000000000e+03 5.545196584354686820e+03 -3.461965843546868200e+02
4.388477000000000317e+01 6.596000000000000000e+03 6.859790174997026043e+03 -2.637901749970260425e+02
4.390147999999999939e+01 8.482000000000000000e+03 8.646340232621858377e+03 -1.643402326218583767e+02
4.391819000000000273e+01 1.040500000000000000e+04 1.084136440753639545e+04 -4.363644075363954471e+02
4.393489999999999895e+01 1.207000000000000000e+04 1.312751670959192415e+04 -1.057516709591924155e+03
4.395161000000000229e+01 1.333200000000000000e+04 1.485887473426327961e+04 -1.526874734263279606e+03
4.396833000000000169e+01 1.376400000000000000e+04 1.531174094520335348e+04 -1.547740945203353476e+03
4.398503999999999792e+01 1.319000000000000000e+04 1.438141871412351975e+04 -1.191418714123519749e+03
4.400175000000000125e+01 1.228300000000000000e+04 1.285324665579386601e+04 -5.702466557938660117e+02
4.401845999999999748e+01 1.129600000000000000e+04 1.158613524858530218e+04 -2.901352485853021790e+02
4.403517000000000081e+01 1.062500000000000000e+04 1.092451925015625420e+04 -2.995192501562542020e+02
4.405187999999999704e+01 1.013700000000000000e+04 1.074229314798109590e+04 -6.052931479810958990e+02
4.406859000000000037e+01 9.534000000000000000e+03 1.060000555009553318e+04 -1.066005550095533181e+03
4.408529999999999660e+01 9.004000000000000000e+03 1.000062545343794773e+04 -9.966254534379477263e+02
4.410202000000000311e+01 8.164000000000000000e+03 8.811377045306189757e+03 -6.473770453061897570e+02
4.411872999999999934e+01 7.125000000000000000e+03 7.371456696804067178e+03 -2.464566968040671782e+02
4.413544000000000267e+01 5.941000000000000000e+03 6.050106747665488911e+03 -1.091067476654889106e+02
4.415214999999999890e+01 5.071000000000000000e+03 5.002726616630110584e+03 6.827338336988941592e+01
4.416886000000000223e+01 4.286000000000000000e+03 4.237647070459088354e+03 4.835292954091164574e+01
4.418556999999999846e+01 3.734000000000000000e+03 3.705054960214571111e+03 2.894503978542888945e+01
4.420228000000000179e+01 3.432000000000000000e+03 3.341543433567912871e+03 9.045656643208712921e+01
4.421900000000000119e+01 3.138000000000000000e+03 3.090760800035115153e+03 4.723919996488484685e+01
4.423570999999999742e+01 3.077000000000000000e+03 2.911798406783428618e+03 1.652015932165713821e+02
4.425242000000000075e+01 2.853000000000000000e+03 2.778022761402469769e+03 7.497723859753023135e+01
4.426912999999999698e+01 2.735000000000000000e+03 2.673750917861395465e+03 6.124908213860453543e+01
4.428584000000000032e+01 2.613000000000000000e+03 2.589882795261334650e+03 2.311720473866535031e+01
4.430254999999999654e+01 2.643000000000000000e+03 2.520938632712322033e+03 1.220613672876779674e+02
4.431925999999999988e+01 2.444000000000000000e+03 2.463372691784641574e+03 -1.937269178464157449e+01
4.433597000000000321e+01 2.470000000000000000e+03 2.414721577567263921e+03 5.527842243273607892e+01
4.435269000000000261e+01 2.467000000000000000e+03 2.373162012677410530e+03 9.383798732258946984e+01
4.436939999999999884e+01 2.350000000000000000e+03 2.337385690514522594e+03 1.261430948547740627e+01
4.438611000000000217e+01 2.337000000000000000e+03 2.306321635127319041e+03 3.067836487268095880e+01
4.440281999999999840e+01 2.376000000000000000e+03 2.279154554529007328e+03 9.684544547099267220e+01
4.441953000000000173e+01 2.232000000000000000e+03 2.255239902237920887e+03 -2.323990223792088727e+01
4.443623999999999796e+01 2.280000000000000000e+03 2.234062464354007261e+03 4.593753564599273886e+01
4.445295000000000130e+01 2.287000000000000000e+03 2.215206254795571112e+03 7.179374520442888752e+01
4.446965999999999752e+01 2.225000000000000000e+03 2.198332301502049177e+03 2.666769849795082337e+01
4.448637999999999693e+01 2.292000000000000000e+03 2.183153425101802441e+03 1.088465748981975594e+02
4.450309000000000026e+01 2.217000000000000000e+03 2.169456966424855182e+03 4.754303357514481831e+01
4.451979999999999649e+01 2.156000000000000000e+03 2.157040916314761034e+03 -1.040916314761034300e+00
4.453650999999999982e+01 2.174000000000000000e+03 2.145743651863406740e+03 2.825634813659326028e+01
4.455322000000000315e+01 2.182000000000000000e+03 2.135428589251596350e+03 4.657141074840365036e+01
4.456992999999999938e+01 2.128000000000000000e+03 2.125979633237340749e+03 2.020366762659250526e+00
4.458664000000000271e+01 2.145000000000000000e+03 2.117297567730990068e+03 2.770243226900993250e+01
4.460334999999999894e+01 2.167000000000000000e+03 2.109297170737455417e+03 5.770282926254458289e+01
4.462006999999999834e+01 2.092000000000000000e+03 2.101900636656565894e+03 -9.900636656565893645e+00
4.463678000000000168e+01 2.148000000000000000e+03 2.095053021829010504e+03 5.294697817098949599e+01
4.465348999999999791e+01 2.081000000000000000e+03 2.088694222796121721e+03 -7.694222796121721331e+00
4.467020000000000124e+01 2.022000000000000000e+03 2.082775726920633588e+03 -6.077572692063358772e+01
4.468690999999999747e+01 2.066000000000000000e+03 2.077254973516307473e+03 -1.125497351630747289e+01
4.470362000000000080e+01 2.100000000000000000e+03 2.072094490995538763e+03 2.790550900446123705e+01
4.472032999999999703e+01 2.072000000000000000e+03 2.067261177341992607e+03 4.738822658007393329e+00
4.473704000000000036e+01 2.134000000000000000e+03 2.062725697222957479e+03 7.127430277704252148e+01
4.475375999999999976e+01 2.055000000000000000e+03 2.058459499528640663e+03 -3.459499528640662902e+00
4.477047000000000310e+01 2.027000000000000000e+03 2.054444430690566151e+03 -2.744443069056615059e+01
4.478717999999999932e+01 2.085000000000000000e+03 2.050657081953249417e+03 3.434291804675058302e+01
4.480389000000000266e+01 2.119000000000000000e+03 2.047078830649405745e+03 7.192116935059425487e+01
4.482059999999999889e+01 2.121000000000000000e+03 2.043692944413424812e+03 7.730705558657518850e+01
4.483731000000000222e+01 1.994000000000000000e+03 2.040484353392188723e+03 -4.648435339218872286e+01
4.485401999999999845e+01 2.097000000000000000e+03 2.037439454050126869e+03 5.956054594987313067e+01
4.487073000000000178e+01 2.079000000000000000e+03 2.034545939635997684e+03 4.445406036400231642e+01
4.488745000000000118e+01 2.006000000000000000e+03 2.031791045456943266e+03 -2.579104545694326589e+01
4.490415999999999741e+01 2.065000000000000000e+03 2.029167927224118330e+03 3.583207277588167017e+01
4.492087000000000074e+01 2.056000000000000000e+03 2.026665672729931202e+03 2.933432727006879759e+01
4.493757999999999697e+01 1.965000000000000000e+03 2.024275871572671122e+03 -5.927587157267112161e+01
4.495429000000000030e+01 2.096000000000000000e+03 2.021990841232096045e+03 7.400915876790395487e+01
4.497099999999999653e+01 1.979000000000000000e+03 2.019803552051461111e+03 -4.080355205146111075e+01
4.498770999999999987e+01 2.015000000000000000e+03 2.017707561148618197e+03 -2.707561148618196967e+00
4.500442000000000320e+01 1.987000000000000000e+03 2.015696954056251570e+03 -2.869695405625157036e+01
4.502114000000000260e+01 2.020000000000000000e+03 2.013765160593776272e+03 6.234839406223727565e+00
4.503784999999999883e+01 1.943000000000000000e+03 2.011909482386550280e+03 -6.890948238655028035e+01
4.505456000000000216e+01 2.065000000000000000e+03 2.010124124347090628e+03 5.487587565290937164e+01
4.507126999999999839e+01 2.040000000000000000e+03 2.008404824101661234e+03 3.159517589833876627e+01
4.508798000000000172e+01 1.972000000000000000e+03 2.006747640842796955e+03 -3.474764084279695453e+01
4.510468999999999795e+01 1.996000000000000000e+03 2.005148926388219706e+03 -9.148926388219706496e+00
4.512140000000000128e+01 2.032000000000000000e+03 2.003605299255794989e+03 2.839470074420501078e+01
4.513810999999999751e+01 2.020000000000000000e+03 2.002113621398814757e+03 1.788637860118524259e+01
4.515482999999999691e+01 1.970000000000000000e+03 2.000670128080408858e+03 -3.067012808040885830e+01
4.517154000000000025e+01 1.995000000000000000e+03 1.999273832837841155e+03 -4.273832837841155197e+00
4.518824999999999648e+01 1.930000000000000000e+03 1.997921332925870274e+03 -6.792133292587027427e+01
4.520495999999999981e+01 1.949000000000000000e+03 1.996610274679864233e+03 -4.761027467986423289e+01
4.522167000000000314e+01 1.953000000000000000e+03 1.995338461912069761e+03 -4.233846191206976073e+01
4.523837999999999937e+01 1.936000000000000000e+03 1.994103843336623186e+03 -5.810384333662318568e+01
4.525509000000000270e+01 1.999000000000000000e+03 1.992904501159717029e+03 6.095498840282971287e+00
4.527181000000000211e+01 1.998000000000000000e+03 1.991737952693667921e+03 6.262047306332078733e+00
4.528851999999999833e+01 1.896000000000000000e+03 1.990603911548709902e+03 -9.460391154870990249e+01
4.530523000000000167e+01 1.965000000000000000e+03 1.989500094366241228e+03 -2.450009436624122827e+01
4.532193999999999789e+01 1.964000000000000000e+03 1.988425022584531007e+03 -2.442502258453100694e+01
4.533865000000000123e+01 1.979000000000000000e+03 1.987377307737566980e+03 -8.377307737566979995e+00
4.535535999999999746e+01 2.027000000000000000e+03 1.986355644907790975e+03 4.064435509220902532e+01
4.537207000000000079e+01 1.975000000000000000e+03 1.985358806731707546e+03 -1.035880673170754562e+01
4.538877999999999702e+01 1.964000000000000000e+03 1.984385637905337944e+03 -2.038563790533794418e+01
4.540550000000000352e+01 1.906000000000000000e+03 1.983434487821562470e+03 -7.743448782156247034e+01
4.542220999999999975e+01 1.940000000000000000e+03 1.982505467824863899e+03 -4.250546782486389930e+01
4.543892000000000309e+01 1.978000000000000000e+03 1.981597034652865204e+03 -3.597034652865204407e+00
4.545562999999999931e+01 1.905000000000000000e+03 1.980708274766423528e+03 -7.570827476642352849e+01
4.547234000000000265e+01 1.902000000000000000e+03 1.979838325215153645e+03 -7.783832521515364533e+01
4.548904999999999887e+01 2.028000000000000000e+03 1.978986370304179445e+03 4.901362969582055484e+01
4.550576000000000221e+01 2.019000000000000000e+03 1.978151638516370895e+03 4.084836148362910535e+01
4.552246999999999844e+01 1.996000000000000000e+03 1.977333399667872072e+03 1.866660033212792769e+01
4.553918999999999784e+01 1.960000000000000000e+03 1.976530486661273471e+03 -1.653048666127347133e+01
4.555590000000000117e+01 2.026000000000000000e+03 1.975743204386005118e+03 5.025679561399488193e+01
4.557260999999999740e+01 2.021000000000000000e+03 1.974970446780992688e+03 4.602955321900731178e+01
4.558932000000000073e+01 1.955000000000000000e+03 1.974211624569529931e+03 -1.921162456952993125e+01
4.560602999999999696e+01 1.913000000000000000e+03 1.973466178443237141e+03 -6.046617844323714053e+01
4.562274000000000029e+01 1.940000000000000000e+03 1.972733577255975206e+03 -3.273357725597520584e+01
4.563944999999999652e+01 1.912000000000000000e+03 1.972013316344513441e+03 -6.001331634451344144e+01
4.565615999999999985e+01 1.914000000000000000e+03 1.971304915965818509e+03 -5.730491596581850899e+01
4.567287999999999926e+01 1.945000000000000000e+03 1.970607506055248450e+03 -2.560750605524845014e+01
4.568959000000000259e+01 2.005000000000000000e+03 1.969921486455382365e+03 3.507851354461763549e+01
4.570629999999999882e+01 1.834000000000000000e+03 1.969246023373116486e+03 -1.352460233731164863e+02
4.572301000000000215e+01 1.936000000000000000e+03 1.968580723156679596e+03 -3.258072315667959629e+01
4.573971999999999838e+01 1.977000000000000000e+03 1.967925210713744946e+03 9.074789286255054321e+00
4.575643000000000171e+01 1.889000000000000000e+03 1.967279128480736517e+03 -7.827912848073651730e+01
4.577313999999999794e+01 1.981000000000000000e+03 1.966642135458837174e+03 1.435786454116282584e+01
4.578985000000000127e+01 1.980000000000000000e+03 1.966013906311747178e+03 1.398609368825282218e+01
4.580657000000000068e+01 1.937000000000000000e+03 1.965393762090643349e+03 -2.839376209064334944e+01
4.582327999999999690e+01 1.887000000000000000e+03 1.964782147957907000e+03 -7.778214795790700009e+01
4.583999000000000024e+01 1.938000000000000000e+03 1.964178407312502259e+03 -2.617840731250225872e+01
4.585669999999999646e+01 1.994000000000000000e+03 1.963582269538127321e+03 3.041773046187267937e+01
4.587340999999999980e+01 1.999000000000000000e+03 1.962993475950276661e+03 3.600652404972333898e+01
4.589012000000000313e+01 1.914000000000000000e+03 1.962411779181690690e+03 -4.841177918169069017e+01
4.590682999999999936e+01 2.051000000000000000e+03 1.961836942604695196e+03 8.916305739530480423e+01
4.592354000000000269e+01 1.947000000000000000e+03 1.961268739787881259e+03 -1.426873978788125896e+01
4.594026000000000209e+01 2.025000000000000000e+03 1.960706619666818597e+03 6.429338033318140333e+01
4.595696999999999832e+01 1.899000000000000000e+03 1.960151046990241412e+03 -6.115104699024141155e+01
4.597368000000000166e+01 1.962000000000000000e+03 1.959601484875155620e+03 2.398515124844379898e+00
4.599038999999999788e+01 1.998000000000000000e+03 1.959057742855959987e+03 3.894225714404001337e+01
4.600710000000000122e+01 1.988000000000000000e+03 1.958519638386084125e+03 2.948036161391587484e+01
4.602380999999999744e+01 1.958000000000000000e+03 1.957986996457544365e+03 1.300354245563539735e-02
4.604052000000000078e+01 2.053000000000000000e+03 1.957459649241794978e+03 9.554035075820502243e+01
4.605722999999999701e+01 1.979000000000000000e+03 1.956937435750488476e+03 2.206256424951152439e+01
4.607395000000000351e+01 1.911000000000000000e+03 1.956419893440040141e+03 -4.541989344004014129e+01
4.609065999999999974e+01 1.965000000000000000e+03 1.955907493055862915e+03 9.092506944137085156e+00
4.610737000000000307e+01 1.925000000000000000e+03 1.955399781269394680e+03 -3.039978126939467984e+01
4.612407999999999930e+01 1.917000000000000000e+03 1.954896621420112297e+03 -3.789662142011229662e+01
4.614079000000000264e+01 1.870000000000000000e+03 1.954397882249000986e+03 -8.439788224900098612e+01
4.615749999999999886e+01 1.928000000000000000e+03 1.953903437655258131e+03 -2.590343765525813069e+01
4.617421000000000220e+01 1.888000000000000000e+03 1.953413166465727272e+03 -6.541316646572727223e+01
4.619091999999999842e+01 1.983000000000000000e+03 1.952926952216335394e+03 3.007304778366460596e+01
4.620763999999999783e+01 1.912000000000000000e+03 1.952444395493026832e+03 -4.044439549302683190e+01
4.622435000000000116e+01 1.932000000000000000e+03 1.951965965807075236e+03 -1.996596580707523572e+01
4.624105999999999739e+01 1.961000000000000000e+03 1.951491269842054407e+03 9.508730157945592509e+00
4.625777000000000072e+01 1.939000000000000000e+03 1.951020208002410754e+03 -1.202020800241075449e+01
4.627447999999999695e+01 1.951000000000000000e+03 1.950552684465074663e+03 4.473155349253374879e-01
4.629119000000000028e+01 1.920000000000000000e+03 1.950088607019372148e+03 -3.008860701937214799e+01
4.630789999999999651e+01 1.888000000000000000e+03 1.949627886914813644e+03 -6.162788691481364367e+01
4.632462000000000302e+01 1.877000000000000000e+03 1.949170165922210344e+03 -7.217016592221034443e+01
4.634132999999999925e+01 1.924000000000000000e+03 1.948715909257201247e+03 -2.471590925720124687e+01
4.635804000000000258e+01 2.001000000000000000e+03 1.948264762983488254e+03 5.273523701651174633e+01
4.637474999999999881e+01 1.906000000000000000e+03 1.947816650813630758e+03 -4.181665081363075842e+01
4.639146000000000214e+01 1.932000000000000000e+03 1.947371499262895441e+03 -1.537149926289544055e+01
4.640816999999999837e+01 1.973000000000000000e+03 1.946929237535940047e+03 2.607076246405995334e+01
4.642488000000000170e+01 1.948000000000000000e+03 1.946489797418782473e+03 1.510202581217527040e+00
4.644158999999999793e+01 1.874000000000000000e+03 1.946053113175811859e+03 -7.205311317581185904e+01
4.645830999999999733e+01 1.969000000000000000e+03 1.945618862525593158e+03 2.338113747440684165e+01
4.647502000000000066e+01 1.962000000000000000e+03 1.945187503807756002e+03 1.681249619224399794e+01
4.649172999999999689e+01 1.901000000000000000e+03 1.944758717632552361e+03 -4.375871763255236147e+01
4.650844000000000023e+01 2.002000000000000000e+03 1.944332447240326246e+03 5.766755275967375383e+01
4.652514999999999645e+01 1.899000000000000000e+03 1.943908637901160319e+03 -4.490863790116031851e+01
4.654185999999999979e+01 1.835000000000000000e+03 1.943487236836883994e+03 -1.084872368368839943e+02
4.655857000000000312e+01 1.976000000000000000e+03 1.943068193146541034e+03 3.293180685345896563e+01
4.657527999999999935e+01 1.884000000000000000e+03 1.942651457735128133e+03 -5.865145773512813321e+01
4.659199999999999875e+01 1.913000000000000000e+03 1.942236735873370662e+03 -2.923673587337066238e+01
4.660871000000000208e+01 1.897000000000000000e+03 1.941824477933147818e+03 -4.482447793314781848e+01
4.662541999999999831e+01 1.877000000000000000e+03 1.941414391129747855e+03 -6.441439112974785530e+01
4.664213000000000164e+01 1.875000000000000000e+03 1.941006432940172999e+03 -6.600643294017299922e+01
4.665883999999999787e+01 1.873000000000000000e+03 1.940600562334691176e+03 -6.760056233469117615e+01
4.667555000000000121e+01 1.890000000000000000e+03 1.940196739722065331e+03 -5.019673972206533108e+01
4.669225999999999743e+01 1.978000000000000000e+03 1.939794926897083087e+03 3.820507310291691283e+01
4.670897000000000077e+01 1.950000000000000000e+03 1.939395086990263053e+03 1.060491300973694706e+01
4.672569000000000017e+01 1.913000000000000000e+03 1.938996946870351394e+03 -2.599694687035139395e+01
4.674240000000000350e+01 1.983000000000000000e+03 1.938600948424099215e+03 4.439905157590078488e+01
4.675910999999999973e+01 1.887000000000000000e+03 1.938206819810249044e+03 -5.120681981024904417e+01
4.677582000000000306e+01 1.915000000000000000e+03 1.937814529040238995e+03 -2.281452904023899464e+01
4.679252999999999929e+01 1.920000000000000000e+03 1.937424045239108864e+03 -1.742404523910886383e+01
4.680924000000000262e+01 1.885000000000000000e+03 1.937035338606312280e+03 -5.203533860631227981e+01
4.682594999999999885e+01 1.971000000000000000e+03 1.936648380378105458e+03 3.435161962189454243e+01
4.684266000000000219e+01 1.941000000000000000e+03 1.936263142791420250e+03 4.736857208579749567e+00
4.685938000000000159e+01 1.893000000000000000e+03 1.935879370021614477e+03 -4.287937002161447708e+01
4.687608999999999781e+01 1.946000000000000000e+03 1.935497495249917392e+03 1.050250475008260764e+01
4.689280000000000115e+01 1.920000000000000000e+03 1.935117263479573921e+03 -1.511726347957392136e+01
4.690950999999999738e+01 1.896000000000000000e+03 1.934738650616945961e+03 -3.873865061694596079e+01
4.692622000000000071e+01 1.905000000000000000e+03 1.934361633408510670e+03 -2.936163340851067005e+01
4.694292999999999694e+01 1.936000000000000000e+03 1.933986189412360091e+03 2.013810587639909500e+00
4.695964000000000027e+01 1.912000000000000000e+03 1.933612296970793977e+03 -2.161229697079397738e+01
4.697634999999999650e+01 1.894000000000000000e+03 1.931477579025165142e+03 -3.747757902516514150e+01
4.699307000000000301e+01 1.910000000000000000e+03 1.931122220684845161e+03 -2.112222068484516058e+01
4.700977999999999923e+01 1.981000000000000000e+03 1.930768357296897193e+03 5.023164270310280699e+01
4.702649000000000257e+01 1.927000000000000000e+03 1.930415760856470342e+03 -3.415760856470342333e+00
4.704319999999999879e+01 1.969000000000000000e+03 1.930064416860953997e+03 3.893558313904600254e+01
4.705991000000000213e+01 1.870000000000000000e+03 1.929714311368662493e+03 -5.971431136866249290e+01
4.707661999999999836e+01 1.934000000000000000e+03 1.929365430979865778e+03 4.634569020134222228e+00
4.709333000000000169e+01 1.879000000000000000e+03 1.928089345215938920e+03 -4.908934521593891986e+01
4.711003999999999792e+01 1.961000000000000000e+03 1.927751142177331985e+03 3.324885782266801471e+01
4.712675999999999732e+01 1.907000000000000000e+03 1.927413815809223706e+03 -2.041381580922370631e+01
4.714347000000000065e+01 1.902000000000000000e+03 1.927077760138170561e+03 -2.507776013817056082e+01
4.716017999999999688e+01 1.960000000000000000e+03 1.926742764037699089e+03 3.325723596230091061e+01
4.717689000000000021e+01 1.931000000000000000e+03 1.926408818853507455e+03 4.591181146492544940e+00
4.719360000000000355e+01 1.935000000000000000e+03 1.926075916318051213e+03 8.924083681948786761e+00
4.721030999999999977e+01 1.872000000000000000e+03 1.925750767169620076e+03 -5.375076716962007595e+01
4.722702000000000311e+01 1.886000000000000000e+03 1.925419982929251319e+03 -3.941998292925131864e+01
4.724372999999999934e+01 1.923000000000000000e+03 1.925090219438021677e+03 -2.090219438021676979e+00
4.726044999999999874e+01 1.900000000000000000e+03 1.924761273425166337e+03 -2.476127342516633689e+01
4.727716000000000207e+01 1.916000000000000000e+03 1.924433531854899911e+03 -8.433531854899911195e+00
4.729386999999999830e+01 1.896000000000000000e+03 1.924106791493045876e+03 -2.810679149304587554e+01
4.731058000000000163e+01 1.852000000000000000e+03 1.923781046450767462e+03 -7.178104645076746237e+01
4.732728999999999786e+01 1.842000000000000000e+03 1.923456291133623154e+03 -8.145629113362315366e+01
4.734400000000000119e+01 1.919000000000000000e+03 1.923136063008357723e+03 -4.136063008357723447e+00
4.736070999999999742e+01 1.967000000000000000e+03 1.922813301159949560e+03 4.418669884005043969e+01
4.737742999999999682e+01 1.934000000000000000e+03 1.922491322016899176e+03 1.150867798310082435e+01
4.739414000000000016e+01 1.936000000000000000e+03 1.922170506213928320e+03 1.382949378607168001e+01
4.741085000000000349e+01 1.854000000000000000e+03 1.921850656631612310e+03 -6.785065663161230987e+01
4.742755999999999972e+01 1.951000000000000000e+03 1.921531769253351285e+03 2.946823074664871456e+01
4.744427000000000305e+01 1.991000000000000000e+03 1.921213840294841475e+03 6.978615970515852496e+01
4.746097999999999928e+01 1.980000000000000000e+03 1.920896866196337442e+03 5.910313380366255842e+01
4.747769000000000261e+01 1.956000000000000000e+03 1.920580843615168988e+03 3.541915638483101247e+01
4.749439999999999884e+01 1.908000000000000000e+03 1.920265769418511127e+03 -1.226576941851112679e+01
4.751111999999999824e+01 1.846000000000000000e+03 1.919951452970415403e+03 -7.395145297041540289e+01
4.752783000000000158e+01 1.907000000000000000e+03 1.919638267512273842e+03 -1.263826751227384193e+01
4.754453999999999780e+01 1.882000000000000000e+03 1.919326022228876582e+03 -3.732602222887658172e+01
4.756125000000000114e+01 1.866000000000000000e+03 1.919014714759108529e+03 -5.301471475910852860e+01
4.757795999999999736e+01 1.926000000000000000e+03 1.918704342918892735e+03 7.295657081107265185e+00
4.759467000000000070e+01 1.886000000000000000e+03 1.918394904695238893e+03 -3.239490469523889260e+01
4.761137999999999693e+01 1.928000000000000000e+03 1.918086398240497601e+03 9.913601759502398636e+00
4.762809000000000026e+01 1.997000000000000000e+03 1.917778821866785393e+03 7.922117813321460744e+01
4.764480999999999966e+01 1.933000000000000000e+03 1.917471990806744998e+03 1.552800919325500217e+01
4.766152000000000299e+01 1.836000000000000000e+03 1.917166270698157632e+03 -8.116627069815763207e+01
4.767822999999999922e+01 1.885000000000000000e+03 1.916861476511715409e+03 -3.186147651171540929e+01
4.769494000000000256e+01 1.988000000000000000e+03 1.916557607146374266e+03 7.144239285362573355e+01
4.771164999999999878e+01 1.868000000000000000e+03 1.914232175418733277e+03 -4.623217541873327718e+01
4.772836000000000212e+01 1.874000000000000000e+03 1.913948047605665124e+03 -3.994804760566512414e+01
4.774506999999999834e+01 1.882000000000000000e+03 1.913664605665496538e+03 -3.166460566549653777e+01
4.776178000000000168e+01 1.843000000000000000e+03 1.913381853154370447e+03 -7.038185315437044665e+01
4.777850000000000108e+01 1.784000000000000000e+03 1.913099625066111003e+03 -1.290996250661110025e+02
4.779520999999999731e+01 2.025000000000000000e+03 1.912818262602966342e+03 1.121817373970336575e+02
4.781192000000000064e+01 1.927000000000000000e+03 1.912537600390482567e+03 1.446239960951743342e+01
4.782862999999999687e+01 2.019000000000000000e+03 1.911190962076194864e+03 1.078090379238051355e+02
4.784534000000000020e+01 1.950000000000000000e+03 1.910921144924212058e+03 3.907885507578794204e+01
4.786205000000000354e+01 1.842000000000000000e+03 1.910651914449313381e+03 -6.865191444931338083e+01
4.787875999999999976e+01 1.884000000000000000e+03 1.910383276541581608e+03 -2.638327654158160840e+01
4.789547000000000310e+01 1.863000000000000000e+03 1.910115237058791081e+03 -4.711523705879108093e+01
4.791219000000000250e+01 1.887000000000000000e+03 1.909847641963312299e+03 -2.284764196331229869e+01
4.792889999999999873e+01 1.929000000000000000e+03 1.909580817140585395e+03 1.941918285941460454e+01
4.794561000000000206e+01 1.874000000000000000e+03 1.909314608124295319e+03 -3.531460812429531870e+01
4.796231999999999829e+01 1.921000000000000000e+03 1.909049020641565676e+03 1.195097935843432424e+01
4.797903000000000162e+01 1.965000000000000000e+03 1.908784060386534065e+03 5.621593961346593460e+01
4.799573999999999785e+01 1.828000000000000000e+03 1.908519733020218837e+03 -8.051973302021883683e+01
4.801245000000000118e+01 1.919000000000000000e+03 1.908256044170401992e+03 1.074395582959800777e+01
4.802915999999999741e+01 1.948000000000000000e+03 1.907992999431512771e+03 4.000700056848722852e+01
4.804587999999999681e+01 1.863000000000000000e+03 1.907730447531356276e+03 -4.473044753135627616e+01
4.806259000000000015e+01 2.049000000000000000e+03 1.907468708057355343e+03 1.415312919426446570e+02
4.807930000000000348e+01 1.948000000000000000e+03 1.907207629279575713e+03 4.079237072042428736e+01
4.809600999999999971e+01 1.889000000000000000e+03 1.906947216657893705e+03 -1.794721665789370491e+01
4.811272000000000304e+01 1.956000000000000000e+03 1.906687475618293092e+03 4.931252438170690766e+01
4.812942999999999927e+01 1.906000000000000000e+03 1.906428411552773923e+03 -4.284115527739231766e-01
4.814614000000000260e+01 1.878000000000000000e+03 1.906170029819255888e+03 -2.817002981925588756e+01
4.816284999999999883e+01 1.872000000000000000e+03 1.905912335741496690e+03 -3.391233574149669039e+01
4.817956999999999823e+01 1.905000000000000000e+03 1.905655181016730467e+03 -6.551810167304665811e-01
4.819628000000000156e+01 1.952000000000000000e+03 1.905398878504096729e+03 4.660112149590327135e+01
4.821298999999999779e+01 1.833000000000000000e+03 1.905143279415818597e+03 -7.214327941581859704e+01
4.822970000000000113e+01 1.846000000000000000e+03 1.904888388938193202e+03 -5.888838893819320219e+01
4.824640999999999735e+01 1.842000000000000000e+03 1.904634212222983024e+03 -6.263421222298302382e+01
4.826312000000000069e+01 1.950000000000000000e+03 1.904380754387358138e+03 4.561924561264186195e+01
4.827982999999999691e+01 1.906000000000000000e+03 1.904128020513837328e+03 1.871979486162672401e+00
4.829654000000000025e+01 1.924000000000000000e+03 1.903876015650241698e+03 2.012398434975830241e+01
4.831325999999999965e+01 1.951000000000000000e+03 1.903624594658867863e+03 4.737540534113213653e+01
4.832997000000000298e+01 1.863000000000000000e+03 1.903374063263290736e+03 -4.037406326329073636e+01
4.834667999999999921e+01 1.968000000000000000e+03 1.903124275815414194e+03 6.487572418458580614e+01
4.836339000000000254e+01 1.929000000000000000e+03 1.902875237223831164e+03 2.612476277616883635e+01
4.838009999999999877e+01 1.897000000000000000e+03 1.902626952362261591e+03 -5.626952362261590679e+00
4.839681000000000211e+01 1.848000000000000000e+03 1.902379426069527653e+03 -5.437942606952765345e+01
4.841351999999999833e+01 1.919000000000000000e+03 1.902132663149548762e+03 1.686733685045123821e+01
4.843023999999999774e+01 1.961000000000000000e+03 1.901886521388143819e+03 5.911347861185618058e+01
4.844695000000000107e+01 1.826000000000000000e+03 1.901641299949696077e+03 -7.564129994969607651e+01
4.846365999999999730e+01 1.894000000000000000e+03 1.901396856089071207e+03 -7.396856089071206952e+00
4.848037000000000063e+01 1.843000000000000000e+03 1.901153194470529797e+03 -5.815319447052979740e+01
4.849707999999999686e+01 1.908000000000000000e+03 1.900910319723453767e+03 7.089680276546232562e+00
4.851379000000000019e+01 1.861000000000000000e+03 1.900668236442372518e+03 -3.966823644237251756e+01
4.853050000000000352e+01 1.836000000000000000e+03 1.900426949186996353e+03 -6.442694918699635309e+01
4.854720999999999975e+01 1.926000000000000000e+03 1.900186462482256275e+03 2.581353751774372540e+01
4.856392999999999915e+01 1.857000000000000000e+03 1.899946637624210553e+03 -4.294663762421055253e+01
4.858064000000000249e+01 1.864000000000000000e+03 1.899707765942435572e+03 -3.570776594243557156e+01
4.859734999999999872e+01 1.951000000000000000e+03 1.899469708180575481e+03 5.153029181942451942e+01
4.861406000000000205e+01 1.936000000000000000e+03 1.899232468724987029e+03 3.676753127501297058e+01
4.863076999999999828e+01 1.907000000000000000e+03 1.898996051927573262e+03 8.003948072426737781e+00
4.864748000000000161e+01 1.941000000000000000e+03 1.898760462105872193e+03 4.223953789412780679e+01
4.866418999999999784e+01 1.884000000000000000e+03 1.898525703543156851e+03 -1.452570354315685108e+01
4.868090000000000117e+01 1.858000000000000000e+03 1.898291780488548511e+03 -4.029178048854851113e+01
4.869762000000000057e+01 1.933000000000000000e+03 1.898058557922053524e+03 3.494144207794647627e+01
4.871432999999999680e+01 1.864000000000000000e+03 1.897826319001295815e+03 -3.382631900129581481e+01
4.873104000000000013e+01 1.894000000000000000e+03 1.897594928134819838e+03 -3.594928134819838306e+00
4.874775000000000347e+01 1.869000000000000000e+03 1.897364389436429292e+03 -2.836438943642929189e+01
4.876445999999999970e+01 2.000000000000000000e+03 1.897134706986494166e+03 1.028652930135058341e+02
4.878117000000000303e+01 1.963000000000000000e+03 1.896905884832124002e+03 6.609411516787599794e+01
4.879787999999999926e+01 1.969000000000000000e+03 1.896677926987364572e+03 7.232207301263542831e+01
4.881459000000000259e+01 1.965000000000000000e+03 1.896450837433406605e+03 6.854916256659339524e+01
4.883131000000000199e+01 1.848000000000000000e+03 1.896224485002328947e+03 -4.822448500232894730e+01
4.884801999999999822e+01 1.839000000000000000e+03 1.895999144368725865e+03 -5.699914436872586521e+01
4.886473000000000155e+01 1.902000000000000000e+03 1.895774683776951406e+03 6.225316223048594111e+00
4.888143999999999778e+01 1.907000000000000000e+03 1.895551107079116491e+03 1.144889292088350885e+01
4.889815000000000111e+01 1.917000000000000000e+03 1.895328418095742563e+03 2.167158190425743669e+01
4.891485999999999734e+01 1.973000000000000000e+03 1.895106620616066493e+03 7.789337938393350669e+01
4.893157000000000068e+01 1.922000000000000000e+03 1.894885718398368908e+03 2.711428160163109169e+01
4.894827999999999690e+01 1.962000000000000000e+03 1.894665715170315025e+03 6.733428482968497519e+01
4.896500000000000341e+01 1.803000000000000000e+03 1.894446483780912104e+03 -9.144648378091210361e+01
4.898170999999999964e+01 1.868000000000000000e+03 1.894228290138050852e+03 -2.622829013805085197e+01
4.899842000000000297e+01 1.853000000000000000e+03 1.894011006490114596e+03 -4.101100649011459609e+01
4.901512999999999920e+01 1.958000000000000000e+03 1.893794636446208187e+03 6.420536355379181259e+01
4.903184000000000253e+01 1.910000000000000000e+03 1.893579183586901763e+03 1.642081641309823681e+01
4.904854999999999876e+01 1.906000000000000000e+03 1.893364651464724147e+03 1.263534853527585256e+01
4.906526000000000209e+01 1.894000000000000000e+03 1.893151043604683082e+03 8.489563953169181332e-01
4.908196999999999832e+01 1.870000000000000000e+03 1.892938363504827748e+03 -2.293836350482774833e+01
4.909868999999999772e+01 1.835000000000000000e+03 1.892726488196482705e+03 -5.772648819648270546e+01
4.911540000000000106e+01 1.902000000000000000e+03 1.892515674566644066e+03 9.484325433355934365e+00
4.913210999999999729e+01 1.909000000000000000e+03 1.892305799037458655e+03 1.669420096254134478e+01
4.914882000000000062e+01 1.971000000000000000e+03 1.892096865005355994e+03 7.890313499464400593e+01
4.916552999999999685e+01 1.951000000000000000e+03 1.891888875843119195e+03 5.911112415688080546e+01
4.918224000000000018e+01 1.836000000000000000e+03 1.891681834900673266e+03 -5.568183490067326602e+01
4.919895000000000351e+01 1.841000000000000000e+03 1.891475745505920258e+03 -5.047574550592025844e+01
4.921565999999999974e+01 1.864000000000000000e+03 1.891270610965621927e+03 -2.727061096562192688e+01
4.923237999999999914e+01 1.932000000000000000e+03 1.891066312665708665e+03 4.093368733429133499e+01
4.924909000000000248e+01 1.921000000000000000e+03 1.890863098251118117e+03 3.013690174888188267e+01
4.926579999999999870e+01 1.834000000000000000e+03 1.890660848496042490e+03 -5.666084849604249030e+01
4.928251000000000204e+01 1.834000000000000000e+03 1.890459566632647920e+03 -5.645956663264792041e+01
4.929921999999999827e+01 1.897000000000000000e+03 1.890259255877263513e+03 6.740744122736487043e+00
4.931593000000000160e+01 1.859000000000000000e+03 1.890059919431641902e+03 -3.105991943164190161e+01
4.933263999999999783e+01 1.877000000000000000e+03 1.889861560484303482e+03 -1.286156048430348164e+01
4.934935000000000116e+01 1.877000000000000000e+03 1.889664182211961588e+03 -1.266418221196158811e+01
4.936607000000000056e+01 1.906000000000000000e+03 1.889467670545151350e+03 1.653232945484865013e+01
4.938277999999999679e+01 1.862000000000000000e+03 1.889272263704991701e+03 -2.727226370499170116e+01
4.939949000000000012e+01 1.920000000000000000e+03 1.889077847016651731e+03 3.092215298334826912e+01
4.941620000000000346e+01 1.788000000000000000e+03 1.888884423625765294e+03 -1.008844236257652938e+02
4.943290999999999968e+01 1.953000000000000000e+03 1.888691996674774373e+03 6.430800332522562712e+01
4.944962000000000302e+01 1.856000000000000000e+03 1.888500569304993405e+03 -3.250056930499340524e+01
4.946632999999999925e+01 1.980000000000000000e+03 1.888310144658823674e+03 9.168985534117632596e+01
4.948304999999999865e+01 1.882000000000000000e+03 1.888120612827348396e+03 -6.120612827348395513e+00
4.949976000000000198e+01 1.892000000000000000e+03 1.887932203676641166e+03 4.067796323358834343e+00
4.951646999999999821e+01 1.923000000000000000e+03 1.887744806709470595e+03 3.525519329052940520e+01
4.953318000000000154e+01 1.887000000000000000e+03 1.887558425097746976e+03 -5.584250977469764621e-01
4.954988999999999777e+01 1.774000000000000000e+03 1.887373062027937976e+03 -1.133730620279379764e+02
4.956660000000000110e+01 1.888000000000000000e+03 1.887188720704336447e+03 8.112792956635530572e-01
4.958330999999999733e+01 1.933000000000000000e+03 1.887005404352567211e+03 4.599459564743278861e+01
4.960002000000000066e+01 1.851000000000000000e+03 1.886823116223335774e+03 -3.582311622333577361e+01
4.961674000000000007e+01 1.862000000000000000e+03 1.886641751433989839e+03 -2.464175143398983892e+01
4.963345000000000340e+01 1.830000000000000000e+03 1.886461530242933350e+03 -5.646153024293334965e+01
4.965015999999999963e+01 1.879000000000000000e+03 1.886282347220696010e+03 -7.282347220696010481e+00
4.966687000000000296e+01 1.931000000000000000e+03 1.886104205761542062e+03 4.489579423845793826e+01
4.968357999999999919e+01 1.866000000000000000e+03 1.885927109308071977e+03 -1.992710930807197656e+01
4.970029000000000252e+01 1.892000000000000000e+03 1.885751061356951823e+03 6.248938643048177255e+00
4.971699999999999875e+01 1.867000000000000000e+03 1.885576065465086913e+03 -1.857606546508691281e+01
4.973371000000000208e+01 1.794000000000000000e+03 1.885402125256267936e+03 -9.140212525626793649e+01
4.975043000000000148e+01 1.845000000000000000e+03 1.885229141286763252e+03 -4.022914128676325163e+01
4.976713999999999771e+01 1.845000000000000000e+03 1.885057324256726588e+03 -4.005732425672658792e+01
4.978385000000000105e+01 1.891000000000000000e+03 1.884886574259273857e+03 6.113425740726142976e+00
4.980055999999999727e+01 1.880000000000000000e+03 1.884716895263338984e+03 -4.716895263338983568e+00
4.981727000000000061e+01 1.917000000000000000e+03 1.884548291346744008e+03 3.245170865325599152e+01
4.983397999999999683e+01 1.809000000000000000e+03 1.884380766706750137e+03 -7.538076670675013702e+01
4.985069000000000017e+01 1.879000000000000000e+03 1.884214325671497591e+03 -5.214325671497590520e+00
4.986740000000000350e+01 1.912000000000000000e+03 1.884048972712400882e+03 2.795102728759911770e+01
4.988412000000000290e+01 1.868000000000000000e+03 1.883884614485142947e+03 -1.588461448514294716e+01
4.990082999999999913e+01 1.859000000000000000e+03 1.883721452392437413e+03 -2.472145239243741344e+01
4.991754000000000246e+01 1.896000000000000000e+03 1.883559392793376674e+03 1.244060720662332642e+01
4.993424999999999869e+01 1.849000000000000000e+03 1.883398440879468581e+03 -3.439844087946858053e+01
4.995096000000000203e+01 1.820000000000000000e+03 1.883238602065707937e+03 -6.323860206570793707e+01
4.996766999999999825e+01 1.851000000000000000e+03 1.883079882011184509e+03 -3.207988201118450888e+01
4.998438000000000159e+01 1.864000000000000000e+03 1.882922286641593928e+03 -1.892228664159392792e+01
5.000108999999999781e+01 1.877000000000000000e+03 1.882765822173857941e+03 -5.765822173857941380e+00
5.001780999999999722e+01 1.915000000000000000e+03 1.882610402530452120e+03 3.238959746954787988e+01
5.003452000000000055e+01 1.863000000000000000e+03 1.882456220506434420e+03 -1.945622050643441980e+01
5.005122999999999678e+01 1.860000000000000000e+03 1.882303190069729681e+03 -2.230319006972968054e+01
5.006794000000000011e+01 1.955000000000000000e+03 1.882151318899480202e+03 7.284868110051979784e+01
5.008465000000000344e+01 1.883000000000000000e+03 1.882000615129946482e+03 9.993848700535181706e-01
5.010135999999999967e+01 1.872000000000000000e+03 1.881851087393758689e+03 -9.851087393758689359e+00
5.011807000000000301e+01 1.807000000000000000e+03 1.881702744869655362e+03 -7.470274486965536198e+01
5.013477999999999923e+01 1.862000000000000000e+03 1.881555597335235461e+03 -1.955559733523546129e+01
5.015149999999999864e+01 1.908000000000000000e+03 1.881409568250254779e+03 2.659043174974522117e+01
5.016821000000000197e+01 1.899000000000000000e+03 1.881264843453271396e+03 1.773515654672860364e+01
5.018491999999999820e+01 1.891000000000000000e+03 1.881121347195698945e+03 9.878652804301054857e+00
5.020163000000000153e+01 1.963000000000000000e+03 1.880979092302472054e+03 8.202090769752794586e+01
5.021833999999999776e+01 1.877000000000000000e+03 1.880838092561320309e+03 -3.838092561320308960e+00
5.023505000000000109e+01 1.860000000000000000e+03 1.880698362822074159e+03 -2.069836282207415934e+01
5.025175999999999732e+01 1.957000000000000000e+03 1.881074976453598765e+03 7.592502354640123485e+01
5.026847000000000065e+01 1.914000000000000000e+03 1.880941979014452954e+03 3.305802098554704571e+01
5.028519000000000005e+01 1.894000000000000000e+03 1.880810275506659764e+03 1.318972449334023622e+01
5.030190000000000339e+01 1.893000000000000000e+03 1.880680044645902399e+03 1.231995535409760123e+01
5.031860999999999962e+01 1.919000000000000000e+03 1.880551230201849421e+03 3.844876979815057894e+01
5.033532000000000295e+01 1.860000000000000000e+03 1.880423857113358963e+03 -2.042385711335896303e+01
5.035202999999999918e+01 1.870000000000000000e+03 1.880297952531613419e+03 -1.029795253161341861e+01
5.036874000000000251e+01 1.839000000000000000e+03 1.880173546076086723e+03 -4.117354607608672268e+01
5.038544999999999874e+01 1.934000000000000000e+03 1.880050670125335500e+03 5.394932987466449958e+01
5.040216000000000207e+01 1.815000000000000000e+03 1.880201912965414294e+03 -6.520191296541429438e+01
5.041888000000000147e+01 1.859000000000000000e+03 1.880084332252755530e+03 -2.108433225275553013e+01
5.043558999999999770e+01 1.863000000000000000e+03 1.879968496733191387e+03 -1.696849673319138674e+01
5.045230000000000103e+01 1.848000000000000000e+03 1.879854383261840212e+03 -3.185438326184021207e+01
5.046900999999999726e+01 1.952000000000000000e+03 1.879742044488162037e+03 7.225795551183796306e+01
5.048572000000000060e+01 1.896000000000000000e+03 1.879631538700654119e+03 1.636846129934588134e+01
5.050242999999999682e+01 1.950000000000000000e+03 1.879522930591337854e+03 7.047706940866214609e+01
5.051914000000000016e+01 1.862000000000000000e+03 1.879416292143721876e+03 -1.741629214372187562e+01
5.053585999999999956e+01 1.873000000000000000e+03 1.879311641708462048e+03 -6.311641708462047973e+00
5.055257000000000289e+01 1.968000000000000000e+03 1.879209194359736102e+03 8.879080564026389766e+01
5.056927999999999912e+01 1.872000000000000000e+03 1.879108987695783753e+03 -7.108987695783753225e+00
5.058599000000000245e+01 1.928000000000000000e+03 1.879011135157835497e+03 4.898886484216450299e+01
5.060269999999999868e+01 1.862000000000000000e+03 1.878915764797655584e+03 -1.691576479765558361e+01
5.061941000000000201e+01 1.864000000000000000e+03 1.878823021628514425e+03 -1.482302162851442517e+01
5.063611999999999824e+01 1.907000000000000000e+03 1.878733070429726695e+03 2.826692957027330522e+01
5.065283000000000158e+01 1.940000000000000000e+03 1.878646099107644886e+03 6.135390089235511368e+01
5.066955000000000098e+01 1.859000000000000000e+03 1.878562273611662022e+03 -1.956227361166202172e+01
5.068625999999999721e+01 1.903000000000000000e+03 1.878481941499249842e+03 2.451805850075015769e+01
5.070297000000000054e+01 1.927000000000000000e+03 1.878405336868826680e+03 4.859466313117331993e+01
5.071967999999999677e+01 1.880000000000000000e+03 1.878332790265727681e+03 1.667209734272319110e+00
5.073639000000000010e+01 1.907000000000000000e+03 1.878264686549502130e+03 2.873531345049786978e+01
5.075310000000000343e+01 1.923000000000000000e+03 1.878201476020520658e+03 4.479852397947934151e+01
5.076980999999999966e+01 1.906000000000000000e+03 1.878143688297319613e+03 2.785631170268038659e+01
5.078652000000000299e+01 1.861000000000000000e+03 1.878091949748248680e+03 -1.709194974824868041e+01
5.080324000000000240e+01 1.903000000000000000e+03 1.878046980861343172e+03 2.495301913865682764e+01
5.081994999999999862e+01 1.831000000000000000e+03 1.878009728064786486e+03 -4.700972806478648636e+01
5.083666000000000196e+01 1.829000000000000000e+03 1.877981237797225958e+03 -4.898123779722595827e+01
5.085336999999999819e+01 1.913000000000000000e+03 1.877962815763891740e+03 3.503718423610825994e+01
5.087008000000000152e+01 1.884000000000000000e+03 1.877956059626956858e+03 6.043940373043142245e+00
5.088678999999999775e+01 1.863000000000000000e+03 1.877962940775294555e+03 -1.496294077529455535e+01
5.090350000000000108e+01 1.916000000000000000e+03 1.877985913961126471e+03 3.801408603887352911e+01
5.092020999999999731e+01 1.886000000000000000e+03 1.878028066346085097e+03 7.971933653914902607e+00
5.093692999999999671e+01 1.921000000000000000e+03 1.878093370914403522e+03 4.290662908559647803e+01
5.095364000000000004e+01 1.929000000000000000e+03 1.878186812513474251e+03 5.081318748652574868e+01
5.097035000000000338e+01 1.917000000000000000e+03 1.878315062409425536e+03 3.868493759057446368e+01
5.098705999999999960e+01 1.912000000000000000e+03 1.878487065388186693e+03 3.351293461181330713e+01
5.100377000000000294e+01 1.891000000000000000e+03 1.878715373816720785e+03 1.228462618327921518e+01
5.102047999999999917e+01 1.849000000000000000e+03 1.879018635135419345e+03 -3.001863513541934481e+01
5.103719000000000250e+01 1.893000000000000000e+03 1.879426345894153656e+03 1.357365410584634446e+01
5.105389999999999873e+01 1.957000000000000000e+03 1.879987333502191404e+03 7.701266649780859552e+01
5.107061999999999813e+01 1.828000000000000000e+03 1.880783537523635687e+03 -5.278353752363568674e+01
5.108733000000000146e+01 1.931000000000000000e+03 1.881944478306924793e+03 4.905552169307520671e+01
5.110403999999999769e+01 1.839000000000000000e+03 1.883663164649080500e+03 -4.466316464908049966e+01
5.112075000000000102e+01 1.931000000000000000e+03 1.886191419407469311e+03 4.480858059253068859e+01
5.113745999999999725e+01 1.899000000000000000e+03 1.889804336612477755e+03 9.195663387522245102e+00
5.115417000000000058e+01 1.936000000000000000e+03 1.894711654754555639e+03 4.128834524544436135e+01
5.117087999999999681e+01 1.809000000000000000e+03 1.900882406119527559e+03 -9.188240611952755899e+01
5.118759000000000015e+01 1.934000000000000000e+03 1.907733208116440437e+03 2.626679188355956285e+01
5.120430999999999955e+01 1.934000000000000000e+03 1.913769638338035747e+03 2.023036166196425256e+01
5.122102000000000288e+01 1.940000000000000000e+03 1.916783365443417779e+03 2.321663455658222119e+01
5.123772999999999911e+01 1.981000000000000000e+03 1.915471508710911621e+03 6.552849128908837884e+01
5.125444000000000244e+01 1.862000000000000000e+03 1.911011258065853326e+03 -4.901125806585332612e+01
5.127114999999999867e+01 1.828000000000000000e+03 1.905951721517537180e+03 -7.795172151753718026e+01
5.128786000000000200e+01 1.967000000000000000e+03 1.902134322475523732e+03 6.486567752447626845e+01
5.130456999999999823e+01 1.873000000000000000e+03 1.900221471055120674e+03 -2.722147105512067355e+01
5.132128000000000156e+01 1.845000000000000000e+03 1.900009400854970181e+03 -5.500940085497018117e+01
5.133800000000000097e+01 1.935000000000000000e+03 1.900587574759908875e+03 3.441242524009112458e+01
5.135470999999999719e+01 1.855000000000000000e+03 1.900524846970615954e+03 -4.552484697061595398e+01
5.137142000000000053e+01 1.893000000000000000e+03 1.898658512704952955e+03 -5.658512704952954664e+00
5.138812999999999676e+01 1.907000000000000000e+03 1.895095455356055254e+03 1.190454464394474599e+01
5.140484000000000009e+01 1.872000000000000000e+03 1.890927942933656141e+03 -1.892794293365614067e+01
5.142155000000000342e+01 1.867000000000000000e+03 1.887091546728934645e+03 -2.009154672893464522e+01
5.143825999999999965e+01 1.865000000000000000e+03 1.883973025287320070e+03 -1.897302528732006976e+01
5.145497000000000298e+01 1.864000000000000000e+03 1.881610232641989114e+03 -1.761023264198911420e+01
5.147169000000000239e+01 1.884000000000000000e+03 1.879892903355725366e+03 4.107096644274633945e+00
5.148839999999999861e+01 1.907000000000000000e+03 1.878669757209111594e+03 2.833024279088840558e+01
5.150511000000000195e+01 1.855000000000000000e+03 1.877793709256445254e+03 -2.279370925644525414e+01
5.152181999999999817e+01 1.941000000000000000e+03 1.877149507743385357e+03 6.385049225661464334e+01
5.153853000000000151e+01 1.881000000000000000e+03 1.876657057100723478e+03 4.342942899276522439e+00
5.155523999999999774e+01 1.953000000000000000e+03 1.876265390248205222e+03 7.673460975179477828e+01
5.157195000000000107e+01 1.863000000000000000e+03 1.875943503286383930e+03 -1.294350328638392966e+01
5.158867000000000047e+01 1.874000000000000000e+03 1.875672334199466832e+03 -1.672334199466831706e+00
5.160537999999999670e+01 1.860000000000000000e+03 1.875440145651472449e+03 -1.544014565147244866e+01
5.162209000000000003e+01 1.825000000000000000e+03 1.875238574962780376e+03 -5.023857496278037615e+01
5.163880000000000337e+01 1.865000000000000000e+03 1.875061731937223158e+03 -1.006173193722315773e+01
5.165550999999999959e+01 1.838000000000000000e+03 1.874905201733535250e+03 -3.690520173353525024e+01
5.167222000000000293e+01 1.874000000000000000e+03 1.874765587635465863e+03 -7.655876354658630589e-01
5.168892999999999915e+01 1.944000000000000000e+03 1.874640230635657645e+03 6.935976936434235540e+01
5.170564000000000249e+01 1.878000000000000000e+03 1.874527022228741771e+03 3.472977771258229041e+00
5.172236000000000189e+01 1.807000000000000000e+03 1.874424213791567809e+03 -6.742421379156780858e+01
5.173906999999999812e+01 1.893000000000000000e+03 1.874330560293809640e+03 1.866943970619036008e+01
5.175578000000000145e+01 1.900000000000000000e+03 1.874244881477737636e+03 2.575511852226236442e+01
5.177248999999999768e+01 1.915000000000000000e+03 1.874166259611012265e+03 4.083374038898773506e+01
5.178920000000000101e+01 1.857000000000000000e+03 1.874093934455041790e+03 -1.709393445504178999e+01
5.180590999999999724e+01 1.885000000000000000e+03 1.874027272117528355e+03 1.097272788247164499e+01
5.182262000000000057e+01 1.943000000000000000e+03 1.873965740902953030e+03 6.903425909704697006e+01
5.183932999999999680e+01 1.840000000000000000e+03 1.873908892418714913e+03 -3.390889241871491322e+01
5.185605000000000331e+01 1.890000000000000000e+03 1.873856316443281457e+03 1.614368355671854260e+01
5.187275999999999954e+01 1.863000000000000000e+03 1.873807752263701786e+03 -1.080775226370178643e+01
5.188947000000000287e+01 1.850000000000000000e+03 1.873762890794880832e+03 -2.376289079488083189e+01
5.190617999999999910e+01 1.972000000000000000e+03 1.873721495026781895e+03 9.827850497321810508e+01
5.192289000000000243e+01 1.823000000000000000e+03 1.873683361107253404e+03 -5.068336110725340404e+01
5.193959999999999866e+01 1.788000000000000000e+03 1.873648313261593330e+03 -8.564831326159333003e+01
5.195631000000000199e+01 1.835000000000000000e+03 1.873616199619125837e+03 -3.861619961912583676e+01
5.197301999999999822e+01 1.835000000000000000e+03 1.873586888766676338e+03 -3.858688876667633849e+01
5.198973999999999762e+01 1.810000000000000000e+03 1.873560251741231241e+03 -6.356025174123124089e+01
5.200645000000000095e+01 1.890000000000000000e+03 1.873536221756565737e+03 1.646377824343426255e+01
5.202315999999999718e+01 1.819000000000000000e+03 1.873514696706685982e+03 -5.451469670668598155e+01
5.203987000000000052e+01 1.927000000000000000e+03 1.873495602746863597e+03 5.350439725313640338e+01
5.205657999999999674e+01 1.917000000000000000e+03 1.873478876152254543e+03 4.352112384774545717e+01
5.207329000000000008e+01 1.882000000000000000e+03 1.873464462119170094e+03 8.535537880829906499e+00
5.209000000000000341e+01 1.909000000000000000e+03 1.873452313747328390e+03 3.554768625267161042e+01
5.210670999999999964e+01 1.901000000000000000e+03 1.873442391173507531e+03 2.755760882649246923e+01
5.212342999999999904e+01 1.944000000000000000e+03 1.873434656856751872e+03 7.056534314324812840e+01
5.214014000000000237e+01 1.917000000000000000e+03 1.873429092137163707e+03 4.357090786283629313e+01
5.215684999999999860e+01 1.842000000000000000e+03 1.873425668965253863e+03 -3.142566896525386255e+01
5.217356000000000193e+01 1.937000000000000000e+03 1.873424369232162462e+03 6.357563076783753786e+01
5.219026999999999816e+01 1.850000000000000000e+03 1.873425179094041823e+03 -2.342517909404182319e+01
5.220698000000000150e+01 1.907000000000000000e+03 1.873428088632064373e+03 3.357191136793562691e+01
5.222368999999999772e+01 1.798000000000000000e+03 1.873433091561545098e+03 -7.543309156154509765e+01
5.224040000000000106e+01 1.890000000000000000e+03 1.873440184983641075e+03 1.655981501635892528e+01
5.225712000000000046e+01 1.828000000000000000e+03 1.873449375296836934e+03 -4.544937529683693356e+01
5.227382999999999669e+01 1.864000000000000000e+03 1.873460654782068104e+03 -9.460654782068104396e+00
5.229054000000000002e+01 1.869000000000000000e+03 1.873474034429115818e+03 -4.474034429115818057e+00
5.230725000000000335e+01 1.853000000000000000e+03 1.873489523077629883e+03 -2.048952307762988312e+01
5.232395999999999958e+01 1.858000000000000000e+03 1.873507132185548016e+03 -1.550713218554801642e+01
5.234067000000000291e+01 1.894000000000000000e+03 1.873526875746855922e+03 2.047312425314407847e+01
5.235737999999999914e+01 1.899000000000000000e+03 1.873548770227545219e+03 2.545122977245478069e+01
5.237409000000000248e+01 1.839000000000000000e+03 1.873572834518089621e+03 -3.457283451808962127e+01
5.239081000000000188e+01 1.919000000000000000e+03 1.873599106274057476e+03 4.540089372594252382e+01
5.240751999999999811e+01 1.808000000000000000e+03 1.873627577738674518e+03 -6.562757773867451760e+01
5.242423000000000144e+01 1.846000000000000000e+03 1.873658289992825075e+03 -2.765828999282507539e+01
5.244093999999999767e+01 1.878000000000000000e+03 1.873691271437640353e+03 4.308728562359647185e+00
5.245765000000000100e+01 1.905000000000000000e+03 1.873726552867855162e+03 3.127344713214483818e+01
5.247435999999999723e+01 1.879000000000000000e+03 1.873764167501378097e+03 5.235832498621903142e+00
5.249107000000000056e+01 1.860000000000000000e+03 1.873804151019609662e+03 -1.380415101960966240e+01
5.250777999999999679e+01 1.877000000000000000e+03 1.873846541618240963e+03 3.153458381759037366e+00
5.252450000000000330e+01 1.877000000000000000e+03 1.873891407643124694e+03 3.108592356875305995e+00
5.254120999999999952e+01 1.875000000000000000e+03 1.873938738867194616e+03 1.061261132805384477e+00
5.255792000000000286e+01 1.841000000000000000e+03 1.873988607535718984e+03 -3.298860753571898385e+01
5.257462999999999909e+01 1.856000000000000000e+03 1.874041062617604439e+03 -1.804106261760443886e+01
5.259134000000000242e+01 1.865000000000000000e+03 1.874096156005219655e+03 -9.096156005219654617e+00
5.260804999999999865e+01 1.863000000000000000e+03 1.874153942628003733e+03 -1.115394262800373326e+01
5.262476000000000198e+01 1.891000000000000000e+03 1.874214480577300492e+03 1.678551942269950814e+01
5.264148000000000138e+01 1.856000000000000000e+03 1.874277870009570279e+03 -1.827787000957027885e+01
5.265818999999999761e+01 1.838000000000000000e+03 1.874344099970307752e+03 -3.634409997030775230e+01
5.267490000000000094e+01 1.841000000000000000e+03 1.874413275971345911e+03 -3.341327597134591088e+01
5.269160999999999717e+01 1.939000000000000000e+03 1.874485470243472719e+03 6.451452975652728128e+01
5.270832000000000050e+01 1.813000000000000000e+03 1.874560758989874330e+03 -6.156075898987432993e+01
5.272502999999999673e+01 1.836000000000000000e+03 1.874639222590196368e+03 -3.863922259019636840e+01
5.274174000000000007e+01 1.837000000000000000e+03 1.874720945820625047e+03 -3.772094582062504742e+01
5.275845000000000340e+01 1.854000000000000000e+03 1.874806018091026999e+03 -2.080601809102699917e+01
5.277517000000000280e+01 1.816000000000000000e+03 1.874894587722509186e+03 -5.889458772250918628e+01
5.279187999999999903e+01 1.912000000000000000e+03 1.874986648284696230e+03 3.701335171530377011e+01
5.280859000000000236e+01 1.845000000000000000e+03 1.875082356636103668e+03 -3.008235663610366828e+01
5.282529999999999859e+01 1.927000000000000000e+03 1.875181823481598940e+03 5.181817651840106009e+01
5.284201000000000192e+01 1.881000000000000000e+03 1.875285165647513168e+03 5.714834352486832358e+00
5.285871999999999815e+01 1.850000000000000000e+03 1.875392506450703650e+03 -2.539250645070364953e+01
5.287543000000000148e+01 1.818000000000000000e+03 1.875503976095979851e+03 -5.750397609597985138e+01
5.289213999999999771e+01 1.899000000000000000e+03 1.875963130013778937e+03 2.303686998622106330e+01
5.290885999999999711e+01 1.831000000000000000e+03 1.876086015436810385e+03 -4.508601543681038493e+01
5.292557000000000045e+01 1.854000000000000000e+03 1.876213425127714800e+03 -2.221342512771479960e+01
5.294227999999999668e+01 1.837000000000000000e+03 1.876345594114135565e+03 -3.934559411413556518e+01
5.295899000000000001e+01 1.839000000000000000e+03 1.876482694672296930e+03 -3.748269467229692964e+01
5.297570000000000334e+01 1.887000000000000000e+03 1.876624909104695917e+03 1.037509089530408346e+01
5.299240999999999957e+01 1.833000000000000000e+03 1.876772430416489669e+03 -4.377243041648966937e+01
5.300912000000000290e+01 1.893000000000000000e+03 1.876925463047055473e+03 1.607453695294452700e+01
5.302582999999999913e+01 1.930000000000000000e+03 1.877084223661835495e+03 5.291577633816450543e+01
5.304254999999999853e+01 1.869000000000000000e+03 1.877430051960308674e+03 -8.430051960308674097e+00
5.305926000000000187e+01 1.920000000000000000e+03 1.877602377411143380e+03 4.239762258885662050e+01
5.307596999999999809e+01 1.961000000000000000e+03 1.877781179650766262e+03 8.321882034923373794e+01
5.309268000000000143e+01 1.889000000000000000e+03 1.877966733849356160e+03 1.103326615064383986e+01
5.310938999999999766e+01 1.819000000000000000e+03 1.878159332493259399e+03 -5.915933249325939869e+01
5.312610000000000099e+01 1.854000000000000000e+03 1.878359286681645926e+03 -2.435928668164592636e+01
5.314280999999999722e+01 1.896000000000000000e+03 1.878566927538844766e+03 1.743307246115523412e+01
5.315952000000000055e+01 1.842000000000000000e+03 1.878782607754265200e+03 -3.678260775426520013e+01
5.317623999999999995e+01 1.882000000000000000e+03 1.879006839970110605e+03 2.993160029889395446e+00
5.319295000000000329e+01 1.866000000000000000e+03 1.879239757191654235e+03 -1.323975719165423470e+01
5.320965999999999951e+01 1.781000000000000000e+03 1.879481919098235721e+03 -9.848191909823572132e+01
5.322637000000000285e+01 1.867000000000000000e+03 1.879733783108764783e+03 -1.273378310876478281e+01
5.324307999999999907e+01 1.854000000000000000e+03 1.879995838347626432e+03 -2.599583834762643164e+01
5.325979000000000241e+01 1.907000000000000000e+03 1.880268608293141142e+03 2.673139170685885802e+01
5.327649999999999864e+01 1.963000000000000000e+03 1.880552653688698456e+03 8.244734631130154412e+01
5.329321000000000197e+01 1.943000000000000000e+03 1.880848575746764936e+03 6.215142425323506359e+01
5.330993000000000137e+01 1.913000000000000000e+03 1.881157208151294981e+03 3.184279184870501922e+01
5.332663999999999760e+01 1.834000000000000000e+03 1.881478875195195542e+03 -4.747887519519554189e+01
5.334335000000000093e+01 1.872000000000000000e+03 1.881814502999231991e+03 -9.814502999231990543e+00
5.336005999999999716e+01 1.905000000000000000e+03 1.882164893881687249e+03 2.283510611831275128e+01
5.337677000000000049e+01 1.927000000000000000e+03 1.882530912416877527e+03 4.446908758312247301e+01
5.339347999999999672e+01 1.903000000000000000e+03 1.882913491300326541e+03 2.008650869967345898e+01
5.341019000000000005e+01 1.893000000000000000e+03 1.883313637870257708e+03 9.686362129742292382e+00
5.342690000000000339e+01 1.951000000000000000e+03 1.883732441370769493e+03 6.726755862923050699e+01
5.344362000000000279e+01 1.915000000000000000e+03 1.884171349745063026e+03 3.082865025493697431e+01
5.346032999999999902e+01 1.922000000000000000e+03 1.884631116969835148e+03 3.736888303016485224e+01
5.347704000000000235e+01 1.887000000000000000e+03 1.885113387081388510e+03 1.886612918611490386e+00
5.349374999999999858e+01 1.794000000000000000e+03 1.885619668251893700e+03 -9.161966825189369956e+01
5.351046000000000191e+01 1.881000000000000000e+03 1.886151602018511312e+03 -5.151602018511312053e+00
5.352716999999999814e+01 1.870000000000000000e+03 1.886710977677419578e+03 -1.671097767741957796e+01
5.354388000000000147e+01 1.945000000000000000e+03 1.887299748526674875e+03 5.770025147332512461e+01
5.356058999999999770e+01 1.933000000000000000e+03 1.887920050234646624e+03 4.507994976535337628e+01
5.357730999999999710e+01 1.826000000000000000e+03 1.888574623784157666e+03 -6.257462378415766580e+01
5.359402000000000044e+01 1.825000000000000000e+03 1.889265253240543188e+03 -6.426525324054318844e+01
5.361072999999999666e+01 1.867000000000000000e+03 1.889995139339308480e+03 -2.299513933930847998e+01
5.362744000000000000e+01 1.868000000000000000e+03 1.890767386231308137e+03 -2.276738623130813721e+01
5.364415000000000333e+01 1.986000000000000000e+03 1.891585417779578847e+03 9.441458222042115267e+01
5.366085999999999956e+01 1.915000000000000000e+03 1.892453017934615445e+03 2.254698206538455452e+01
5.367757000000000289e+01 1.901000000000000000e+03 1.893374377195369789e+03 7.625622804630211249e+00
5.369429000000000229e+01 1.865000000000000000e+03 1.894354751057949670e+03 -2.935475105794967021e+01
5.371099999999999852e+01 1.883000000000000000e+03 1.895398142478332829e+03 -1.239814247833282934e+01
5.372771000000000186e+01 1.860000000000000000e+03 1.896510887425243709e+03 -3.651088742524370900e+01
5.374441999999999808e+01 1.884000000000000000e+03 1.897699431812809962e+03 -1.369943181280996214e+01
5.376113000000000142e+01 1.900000000000000000e+03 1.898970998048754154e+03 1.029001951245845703e+00
5.377783999999999764e+01 1.900000000000000000e+03 1.900333700205701462e+03 -3.337002057014615275e-01
5.379455000000000098e+01 1.917000000000000000e+03 1.901796679650069791e+03 1.520332034993020898e+01
5.381125999999999721e+01 1.886000000000000000e+03 1.903370265390709392e+03 -1.737026539070939180e+01
5.382797999999999661e+01 1.852000000000000000e+03 1.905067218526221950e+03 -5.306721852622195001e+01
5.384468999999999994e+01 1.886000000000000000e+03 1.906898828344252706e+03 -2.089882834425270630e+01
5.386140000000000327e+01 1.923000000000000000e+03 1.908881261881221462e+03 1.411873811877853768e+01
5.387810999999999950e+01 1.872000000000000000e+03 1.911031913206145873e+03 -3.903191320614587312e+01
5.389482000000000284e+01 1.850000000000000000e+03 1.913370776192055246e+03 -6.337077619205524570e+01
5.391152999999999906e+01 1.913000000000000000e+03 1.915920925636276479e+03 -2.920925636276479054e+00
5.392824000000000240e+01 1.882000000000000000e+03 1.918709105529842873e+03 -3.670910552984287278e+01
5.394494999999999862e+01 1.956000000000000000e+03 1.921766452592643418e+03 3.423354740735658197e+01
5.396166999999999803e+01 1.906000000000000000e+03 1.925131503961838234e+03 -1.913150396183823432e+01
5.397838000000000136e+01 1.894000000000000000e+03 1.928843086730197228e+03 -3.484308673019722846e+01
5.399508999999999759e+01 1.974000000000000000e+03 1.932953755397502619e+03 4.104624460249738149e+01
5.401180000000000092e+01 1.971000000000000000e+03 1.937523720835493350e+03 3.347627916450664998e+01
5.402850999999999715e+01 1.991000000000000000e+03 1.942625021411676926e+03 4.837497858832307429e+01
5.404522000000000048e+01 1.978000000000000000e+03 1.948344418503254929e+03 2.965558149674507149e+01
5.406192999999999671e+01 1.882000000000000000e+03 1.954787149657370264e+03 -7.278714965737026432e+01
5.407864000000000004e+01 1.946000000000000000e+03 1.962081840255619909e+03 -1.608184025561990893e+01
5.409535999999999945e+01 1.945000000000000000e+03 1.970392308686452452e+03 -2.539230868645245209e+01
5.411207000000000278e+01 2.002000000000000000e+03 1.979905811957474270e+03 2.209418804252572954e+01
5.412877999999999901e+01 1.997000000000000000e+03 1.990874517915755860e+03 6.125482084244140424e+00
5.414549000000000234e+01 2.058000000000000000e+03 2.003612814136572524e+03 5.438718586342747585e+01
5.416219999999999857e+01 2.034000000000000000e+03 2.018525846339354075e+03 1.547415366064592490e+01
5.417891000000000190e+01 2.053000000000000000e+03 2.036146558330375683e+03 1.685344166962431700e+01
5.419561999999999813e+01 2.062000000000000000e+03 2.057198354457393179e+03 4.801645542606820527e+00
5.421233000000000146e+01 2.224000000000000000e+03 2.082709731290877244e+03 1.412902687091227563e+02
5.422905000000000086e+01 2.167000000000000000e+03 2.114251878152250811e+03 5.274812184774918933e+01
5.424575999999999709e+01 2.113000000000000000e+03 2.154256688739279070e+03 -4.125668873927907043e+01
5.426247000000000043e+01 2.166000000000000000e+03 2.206789103990356125e+03 -4.078910399035612500e+01
5.427917999999999665e+01 2.324000000000000000e+03 2.278419326902670946e+03 4.558067309732905414e+01
5.429588999999999999e+01 2.425000000000000000e+03 2.379277888350438388e+03 4.572211164956161156e+01
5.431260000000000332e+01 2.608000000000000000e+03 2.523669546595144311e+03 8.433045340485568886e+01
5.432930999999999955e+01 2.793000000000000000e+03 2.729423388951863217e+03 6.357661104813678321e+01
5.434602000000000288e+01 3.313000000000000000e+03 3.015016415505982877e+03 2.979835844940171228e+02
5.436274000000000228e+01 3.902000000000000000e+03 3.393598162693134327e+03 5.084018373068656729e+02
5.437944999999999851e+01 4.447000000000000000e+03 3.860101216556302461e+03 5.868987834436975390e+02
5.439616000000000184e+01 5.218000000000000000e+03 4.371194252188701284e+03 8.468057478112987155e+02
5.441286999999999807e+01 5.389000000000000000e+03 4.819440171733461284e+03 5.695598282665387160e+02
5.442958000000000141e+01 5.438000000000000000e+03 5.048918018884074627e+03 3.890819811159253732e+02
5.444628999999999763e+01 5.294000000000000000e+03 4.965443407741054216e+03 3.285565922589457841e+02
5.446300000000000097e+01 4.902000000000000000e+03 4.644722845284891264e+03 2.572771547151087361e+02
5.447970999999999719e+01 4.514000000000000000e+03 4.261982293229923926e+03 2.520177067700760745e+02
5.449642999999999660e+01 4.340000000000000000e+03 3.952544304533236755e+03 3.874556954667632453e+02
5.451313999999999993e+01 4.113000000000000000e+03 3.775104994835880461e+03 3.378950051641195387e+02
5.452985000000000326e+01 4.132000000000000000e+03 3.731604215261243553e+03 4.003957847387564470e+02
5.454655999999999949e+01 4.111000000000000000e+03 3.780729712189809106e+03 3.302702878101908937e+02
5.456327000000000282e+01 4.085000000000000000e+03 3.839163200551442515e+03 2.458367994485574854e+02
5.457997999999999905e+01 3.961000000000000000e+03 3.805474015478546789e+03 1.555259845214532106e+02
5.459669000000000239e+01 3.792000000000000000e+03 3.628871015044926935e+03 1.631289849550730651e+02
5.461339999999999861e+01 3.347000000000000000e+03 3.351481908571980057e+03 -4.481908571980056877e+00
5.463011999999999802e+01 3.093000000000000000e+03 3.053397356728803061e+03 3.960264327119693917e+01
5.464683000000000135e+01 2.783000000000000000e+03 2.788513655592582381e+03 -5.513655592582381360e+00
5.466353999999999758e+01 2.691000000000000000e+03 2.575701777575166943e+03 1.152982224248330567e+02
5.468025000000000091e+01 2.586000000000000000e+03 2.414849981661880520e+03 1.711500183381194802e+02
5.469695999999999714e+01 2.339000000000000000e+03 2.297879107509880214e+03 4.112089249011978609e+01
5.471367000000000047e+01 2.282000000000000000e+03 2.214426881685022636e+03 6.757311831497736421e+01
5.473037999999999670e+01 2.101000000000000000e+03 2.154785997511662117e+03 -5.378599751166211718e+01
5.474710000000000321e+01 2.129000000000000000e+03 2.111238994394798283e+03 1.776100560520171712e+01
5.476380999999999943e+01 2.102000000000000000e+03 2.078413348630115706e+03 2.358665136988429367e+01
5.478052000000000277e+01 2.078000000000000000e+03 2.052760106226584867e+03 2.523989377341513318e+01
5.479722999999999900e+01 2.046000000000000000e+03 2.032093826138350778e+03 1.390617386164922209e+01
5.481394000000000233e+01 1.973000000000000000e+03 2.015059404987530797e+03 -4.205940498753079737e+01
5.483064999999999856e+01 2.001000000000000000e+03 2.000785216781210011e+03 2.147832187899894052e-01
5.484736000000000189e+01 2.075000000000000000e+03 1.988677470832078598e+03 8.632252916792140240e+01
5.486406999999999812e+01 1.937000000000000000e+03 1.978308336182969015e+03 -4.130833618296901477e+01
5.488078999999999752e+01 1.921000000000000000e+03 1.969351327840214253e+03 -4.835132784021425323e+01
5.489750000000000085e+01 1.996000000000000000e+03 1.961568664458709236e+03 3.443133554129076401e+01
5.491420999999999708e+01 1.891000000000000000e+03 1.954759182460156580e+03 -6.375918246015658042e+01
5.493092000000000041e+01 1.935000000000000000e+03 1.948767085502245891e+03 -1.376708550224589089e+01
5.494762999999999664e+01 1.924000000000000000e+03 1.943466824795279535e+03 -1.946682479527953546e+01
5.496433999999999997e+01 1.885000000000000000e+03 1.938756274692883608e+03 -5.375627469288360771e+01
5.498105000000000331e+01 1.821000000000000000e+03 1.934551653746882494e+03 -1.135516537468824936e+02
5.499775999999999954e+01 1.952000000000000000e+03 1.930783690020830363e+03 2.121630997916963679e+01
5.501447999999999894e+01 1.861000000000000000e+03 1.927392767604492292e+03 -6.639276760449229187e+01
5.503119000000000227e+01 1.913000000000000000e+03 1.924334550740520399e+03 -1.133455074052039890e+01
5.504789999999999850e+01 1.888000000000000000e+03 1.921566098208763606e+03 -3.356609820876360573e+01
5.506461000000000183e+01 1.830000000000000000e+03 1.919052782567962140e+03 -8.905278256796214009e+01
5.508131999999999806e+01 1.997000000000000000e+03 1.916765058771200302e+03 8.023494122879969837e+01
5.509803000000000139e+01 1.923000000000000000e+03 1.914677589935973629e+03 8.322410064026371401e+00
5.511473999999999762e+01 1.922000000000000000e+03 1.912768544434969499e+03 9.231455565030501020e+00
5.513145000000000095e+01 1.952000000000000000e+03 1.911019026886210895e+03 4.098097311378910490e+01
5.514817000000000036e+01 1.873000000000000000e+03 1.909411693126237424e+03 -3.641169312623742371e+01
5.516487999999999658e+01 1.961000000000000000e+03 1.907934129235781938e+03 5.306587076421806159e+01
5.518158999999999992e+01 1.878000000000000000e+03 1.906957914414571178e+03 -2.895791441457117799e+01
5.519830000000000325e+01 1.880000000000000000e+03 1.905704650110995317e+03 -2.570465011099531694e+01
5.521500999999999948e+01 1.829000000000000000e+03 1.904546880839484857e+03 -7.554688083948485655e+01
5.523172000000000281e+01 1.872000000000000000e+03 1.903476003969193926e+03 -3.147600396919392551e+01
5.524842999999999904e+01 1.891000000000000000e+03 1.902484387540621583e+03 -1.148438754062158296e+01
5.526514000000000237e+01 1.953000000000000000e+03 1.901558631104943515e+03 5.144136889505648469e+01
5.528186000000000178e+01 1.884000000000000000e+03 1.900705462436882272e+03 -1.670546243688227150e+01
5.529856999999999800e+01 1.810000000000000000e+03 1.899913818052403712e+03 -8.991381805240371250e+01
5.531528000000000134e+01 1.889000000000000000e+03 1.899178314265458539e+03 -1.017831426545853901e+01
5.533198999999999756e+01 2.032000000000000000e+03 1.898696922975166444e+03 1.333030770248335557e+02
5.534870000000000090e+01 1.955000000000000000e+03 1.898062568973138696e+03 5.693743102686130442e+01
5.536540999999999713e+01 1.814000000000000000e+03 1.897472545208672500e+03 -8.347254520867249994e+01
5.538212000000000046e+01 1.840000000000000000e+03 1.896923651773551455e+03 -5.692365177355145534e+01
5.539882999999999669e+01 1.877000000000000000e+03 1.896412991788628460e+03 -1.941299178862846020e+01
5.541555000000000319e+01 1.893000000000000000e+03 1.895934196073779731e+03 -2.934196073779730796e+00
5.543225999999999942e+01 1.808000000000000000e+03 1.895492411255674824e+03 -8.749241125567482413e+01
5.544897000000000276e+01 1.900000000000000000e+03 1.895081676201841447e+03 4.918323798158553473e+00
5.546567999999999898e+01 1.873000000000000000e+03 1.894700015302107204e+03 -2.170001530210720375e+01
5.548239000000000232e+01 1.892000000000000000e+03 1.894345627386030174e+03 -2.345627386030173511e+00
5.549909999999999854e+01 1.967000000000000000e+03 1.894016868593553454e+03 7.298313140644654595e+01
5.551581000000000188e+01 1.880000000000000000e+03 1.893712237253404965e+03 -1.371223725340496458e+01
5.553251999999999811e+01 1.845000000000000000e+03 1.893430360509323918e+03 -4.843036050932391845e+01
5.554923999999999751e+01 1.881000000000000000e+03 1.893169832852528998e+03 -1.216983285252899805e+01
5.556595000000000084e+01 1.929000000000000000e+03 1.892929815940528215e+03 3.607018405947178508e+01
5.558265999999999707e+01 1.900000000000000000e+03 1.892709095376550749e+03 7.290904623449250721e+00
5.559937000000000040e+01 1.866000000000000000e+03 1.892506707694501301e+03 -2.650670769450130138e+01
5.561607999999999663e+01 1.900000000000000000e+03 1.892321770829272054e+03 7.678229170727945530e+00
5.563278999999999996e+01 1.922000000000000000e+03 1.892153477523191668e+03 2.984652247680833170e+01
5.564950000000000330e+01 1.933000000000000000e+03 1.892001089446910100e+03 4.099891055308989962e+01
5.566622000000000270e+01 1.837000000000000000e+03 1.891863854309310227e+03 -5.486385430931022711e+01
5.568292999999999893e+01 1.814000000000000000e+03 1.891741320341827304e+03 -7.774132034182730422e+01
5.569964000000000226e+01 1.901000000000000000e+03 1.891632840211252869e+03 9.367159788747130733e+00
5.571634999999999849e+01 1.914000000000000000e+03 1.891537904284617980e+03 2.246209571538201999e+01
5.573306000000000182e+01 1.864000000000000000e+03 1.891456050759206164e+03 -2.745605075920616400e+01
5.574976999999999805e+01 1.956000000000000000e+03 1.891386862737059573e+03 6.461313726294042681e+01
5.576648000000000138e+01 2.004000000000000000e+03 1.891329965638861040e+03 1.126700343611389599e+02
5.578318999999999761e+01 1.928000000000000000e+03 1.891285024928023176e+03 3.671497507197682353e+01
5.579990999999999701e+01 1.859000000000000000e+03 1.891251727640391664e+03 -3.225172764039166395e+01
5.581662000000000035e+01 1.828000000000000000e+03 1.891229853325813565e+03 -6.322985332581356488e+01
5.583332999999999657e+01 1.930000000000000000e+03 1.891219153310974207e+03 3.878084668902579324e+01
5.585003999999999991e+01 1.882000000000000000e+03 1.891219435887377131e+03 -9.219435887377130712e+00
5.586675000000000324e+01 1.939000000000000000e+03 1.891230541900046319e+03 4.776945809995368109e+01
5.588345999999999947e+01 1.904000000000000000e+03 1.891252343918539964e+03 1.274765608146003615e+01
5.590017000000000280e+01 1.863000000000000000e+03 1.891284745606434399e+03 -2.828474560643439872e+01
5.591687999999999903e+01 1.861000000000000000e+03 1.891327681283350785e+03 -3.032768128335078472e+01
5.593359999999999843e+01 1.929000000000000000e+03 1.891381150793979032e+03 3.761884920602096827e+01
5.595031000000000176e+01 1.912000000000000000e+03 1.891445085256880475e+03 2.055491474311952516e+01
5.596701999999999799e+01 1.963000000000000000e+03 1.891519539069765187e+03 7.148046093023481262e+01
5.598373000000000133e+01 1.882000000000000000e+03 1.891604568573081906e+03 -9.604568573081905924e+00
5.600043999999999755e+01 1.924000000000000000e+03 1.891700261396973701e+03 3.229973860302629873e+01
5.601715000000000089e+01 1.819000000000000000e+03 1.891806737167857591e+03 -7.280673716785759098e+01
5.603385999999999711e+01 1.916000000000000000e+03 1.891924148423106089e+03 2.407585157689391053e+01
5.605057000000000045e+01 1.939000000000000000e+03 1.892052681744717347e+03 4.694731825528265290e+01
5.606728999999999985e+01 1.958000000000000000e+03 1.892192646280470854e+03 6.580735371952914647e+01
5.608400000000000318e+01 1.907000000000000000e+03 1.892344133767733638e+03 1.465586623226636220e+01
5.610070999999999941e+01 1.836000000000000000e+03 1.892507522449979433e+03 -5.650752244997943308e+01
5.611742000000000274e+01 1.879000000000000000e+03 1.892683151362373110e+03 -1.368315136237310981e+01
5.613412999999999897e+01 1.877000000000000000e+03 1.892871403116301735e+03 -1.587140311630173528e+01
5.615084000000000231e+01 1.883000000000000000e+03 1.893072706740401827e+03 -1.007270674040182712e+01
5.616754999999999853e+01 1.878000000000000000e+03 1.893287540906743743e+03 -1.528754090674374311e+01
5.618426000000000187e+01 1.828000000000000000e+03 1.893516437584044752e+03 -6.551643758404475193e+01
5.620098000000000127e+01 1.902000000000000000e+03 1.893760136430221564e+03 8.239863569778435703e+00
5.621768999999999750e+01 1.953000000000000000e+03 1.894018997763832431e+03 5.898100223616756921e+01
5.623440000000000083e+01 1.983000000000000000e+03 1.894293881755851999e+03 8.870611824414800139e+01
5.625110999999999706e+01 1.961000000000000000e+03 1.894585580544586946e+03 6.641441945541305358e+01
5.626782000000000039e+01 1.886000000000000000e+03 1.894894966229448528e+03 -8.894966229448527884e+00
5.628452999999999662e+01 1.858000000000000000e+03 1.895222998417088320e+03 -3.722299841708831991e+01
5.630123999999999995e+01 1.844000000000000000e+03 1.895570732743957251e+03 -5.157073274395725093e+01
5.631795000000000329e+01 1.943000000000000000e+03 1.895939330511666412e+03 4.706066948833358765e+01
5.633467000000000269e+01 1.916000000000000000e+03 1.896330310332974477e+03 1.966968966702552279e+01
5.635137999999999892e+01 1.988000000000000000e+03 1.896744612083658467e+03 9.125538791634153313e+01
5.636809000000000225e+01 1.825000000000000000e+03 1.897184012725455659e+03 -7.218401272545565917e+01
5.638479999999999848e+01 1.850000000000000000e+03 1.897650221102224123e+03 -4.765022110222412266e+01
5.640151000000000181e+01 1.908000000000000000e+03 1.898145123229550791e+03 9.854876770449209289e+00
5.641821999999999804e+01 1.933000000000000000e+03 1.898670803094605617e+03 3.432919690539438307e+01
5.643493000000000137e+01 1.937000000000000000e+03 1.899229566469638712e+03 3.777043353036128792e+01
5.645163999999999760e+01 1.896000000000000000e+03 1.899823968241671537e+03 -3.823968241671536816e+00
5.646835999999999700e+01 1.844000000000000000e+03 1.900457234730073424e+03 -5.645723473007342363e+01
5.648507000000000033e+01 1.943000000000000000e+03 1.901131762400823845e+03 4.186823759917615462e+01
5.650177999999999656e+01 1.821000000000000000e+03 1.901851429519336079e+03 -8.085142951933607947e+01
5.651848999999999990e+01 1.913000000000000000e+03 1.902620154967284634e+03 1.037984503271536596e+01
5.653520000000000323e+01 1.863000000000000000e+03 1.903442321887909202e+03 -4.044232188790920191e+01
5.655190999999999946e+01 1.835000000000000000e+03 1.904322843918146191e+03 -6.932284391814619084e+01
5.656862000000000279e+01 1.934000000000000000e+03 1.905267242812901259e+03 2.873275718709874127e+01
5.658532999999999902e+01 1.927000000000000000e+03 1.906281739752033673e+03 2.071826024796632737e+01
5.660204999999999842e+01 1.909000000000000000e+03 1.907374041058520788e+03 1.625958941479211717e+00
5.661876000000000175e+01 1.883000000000000000e+03 1.908550807898428957e+03 -2.555080789842895683e+01
5.663546999999999798e+01 1.894000000000000000e+03 1.909821721110112321e+03 -1.582172111011232118e+01
5.665218000000000131e+01 1.877000000000000000e+03 1.911197101336461628e+03 -3.419710133646162831e+01
5.666888999999999754e+01 1.940000000000000000e+03 1.912688757095487290e+03 2.731124290451271008e+01
5.668560000000000088e+01 1.900000000000000000e+03 1.914310248688270576e+03 -1.431024868827057617e+01
5.670230999999999710e+01 1.982000000000000000e+03 1.916077208446915392e+03 6.592279155308460759e+01
5.671902999999999651e+01 1.919000000000000000e+03 1.918008939787476947e+03 9.910602125230525417e-01
5.673573999999999984e+01 1.956000000000000000e+03 1.920124180861540026e+03 3.587581913845997406e+01
5.675245000000000317e+01 1.925000000000000000e+03 1.922448609995692777e+03 2.551390004307222625e+00
5.676915999999999940e+01 1.861000000000000000e+03 1.925011071288380890e+03 -6.401107128838089011e+01
5.678587000000000273e+01 1.903000000000000000e+03 1.927845599338066904e+03 -2.484559933806690424e+01
5.680257999999999896e+01 1.956000000000000000e+03 1.930992578816230889e+03 2.500742118376911094e+01
5.681929000000000229e+01 1.897000000000000000e+03 1.934500216758221313e+03 -3.750021675822131328e+01
5.683599999999999852e+01 1.899000000000000000e+03 1.938426427115831075e+03 -3.942642711583107484e+01
5.685271999999999792e+01 1.938000000000000000e+03 1.942844068426402146e+03 -4.844068426402145633e+00
5.686943000000000126e+01 1.996000000000000000e+03 1.947833269400049403e+03 4.816673059995059702e+01
5.688613999999999749e+01 1.930000000000000000e+03 1.953501382573992032e+03 -2.350138257399203212e+01
5.690285000000000082e+01 1.933000000000000000e+03 1.959978328981816503e+03 -2.697832898181650307e+01
5.691955999999999705e+01 1.934000000000000000e+03 1.967426640284434598e+03 -3.342664028443459756e+01
5.693627000000000038e+01 1.967000000000000000e+03 1.976052000057223268e+03 -9.052000057223267504e+00
5.695297999999999661e+01 1.941000000000000000e+03 1.986118669882066570e+03 -4.511866988206656970e+01
5.696968999999999994e+01 2.019000000000000000e+03 1.997973745866543140e+03 2.102625413345685956e+01
5.698640999999999934e+01 1.981000000000000000e+03 2.012097887320022892e+03 -3.109788732002289180e+01
5.700312000000000268e+01 1.925000000000000000e+03 2.029145992722932078e+03 -1.041459927229320783e+02
5.701982999999999890e+01 2.075000000000000000e+03 2.050137295903020004e+03 2.486270409697999639e+01
5.703654000000000224e+01 2.073000000000000000e+03 2.076671069001203250e+03 -3.671069001203250082e+00
5.705324999999999847e+01 1.954000000000000000e+03 2.111331454172742269e+03 -1.573314541727422693e+02
5.706996000000000180e+01 2.003000000000000000e+03 2.158230241628771182e+03 -1.552302416287711821e+02
5.708666999999999803e+01 2.235000000000000000e+03 2.223576793426490440e+03 1.142320657350956026e+01
5.710338000000000136e+01 2.197000000000000000e+03 2.315983878977468066e+03 -1.189838789774680663e+02
5.712010000000000076e+01 2.225000000000000000e+03 2.446158877263103477e+03 -2.211588772631034772e+02
5.713680999999999699e+01 2.538000000000000000e+03 2.624985022979906717e+03 -8.698502297990671650e+01
5.715352000000000032e+01 2.893000000000000000e+03 2.860681622826617058e+03 3.231837717338294169e+01
5.717022999999999655e+01 3.153000000000000000e+03 3.152390087087650500e+03 6.099129123495004023e-01
5.718693999999999988e+01 3.416000000000000000e+03 3.478973138645496419e+03 -6.297313864549641949e+01
5.720365000000000322e+01 3.835000000000000000e+03 3.783537361713114024e+03 5.146263828688597641e+01
5.722035999999999945e+01 3.792000000000000000e+03 3.973621558410012767e+03 -1.816215584100127671e+02
5.723707000000000278e+01 3.805000000000000000e+03 3.973624413920575535e+03 -1.686244139205755346e+02
5.725379000000000218e+01 3.469000000000000000e+03 3.800271474836924426e+03 -3.312714748369244262e+02
5.727049999999999841e+01 3.238000000000000000e+03 3.551603417164130406e+03 -3.136034171641304056e+02
5.728721000000000174e+01 3.152000000000000000e+03 3.322761640746687590e+03 -1.707616407466875899e+02
5.730391999999999797e+01 2.981000000000000000e+03 3.165202788864223294e+03 -1.842027888642232938e+02
5.732063000000000130e+01 2.987000000000000000e+03 3.093897225657598938e+03 -1.068972256575989377e+02
5.733733999999999753e+01 3.118000000000000000e+03 3.098942436150004596e+03 1.905756384999540387e+01
5.735405000000000086e+01 3.034000000000000000e+03 3.147347478945451257e+03 -1.133474789454512575e+02
5.737075999999999709e+01 3.066000000000000000e+03 3.183366581403454802e+03 -1.173665814034548021e+02
5.738747999999999649e+01 3.095000000000000000e+03 3.148433535476529869e+03 -5.343353547652986890e+01
5.740418999999999983e+01 2.872000000000000000e+03 3.023687578251276136e+03 -1.516875782512761361e+02
5.742090000000000316e+01 2.671000000000000000e+03 2.842973929962573948e+03 -1.719739299625739477e+02
5.743760999999999939e+01 2.414000000000000000e+03 2.654214872097190892e+03 -2.402148720971908915e+02
5.745432000000000272e+01 2.374000000000000000e+03 2.487088284634294268e+03 -1.130882846342942685e+02
5.747102999999999895e+01 2.351000000000000000e+03 2.351989210385644583e+03 -9.892103856445828569e-01
5.748774000000000228e+01 2.237000000000000000e+03 2.248762179456585272e+03 -1.176217945658527242e+01
5.750444999999999851e+01 2.068000000000000000e+03 2.172722540631930315e+03 -1.047225406319303147e+02
5.752116999999999791e+01 2.070000000000000000e+03 2.117750143838431086e+03 -4.775014383843108590e+01
5.753788000000000125e+01 2.019000000000000000e+03 2.078081633341173983e+03 -5.908163334117398335e+01
5.755458999999999747e+01 2.053000000000000000e+03 2.048942027034870080e+03 4.057972965129920340e+00
5.757130000000000081e+01 2.112000000000000000e+03 2.026898138299044831e+03 8.510186170095516900e+01
5.758800999999999704e+01 1.991000000000000000e+03 2.009658446723254883e+03 -1.865844672325488318e+01
5.760472000000000037e+01 1.983000000000000000e+03 1.995766921727996078e+03 -1.276692172799607761e+01
5.762142999999999660e+01 1.978000000000000000e+03 1.984309180731498600e+03 -6.309180731498599926e+00
5.763813999999999993e+01 1.969000000000000000e+03 1.974696458264033481e+03 -5.696458264033481100e+00
5.765485999999999933e+01 1.843000000000000000e+03 1.966525805317192180e+03 -1.235258053171921802e+02
5.767157000000000266e+01 1.908000000000000000e+03 1.959522022906759048e+03 -5.152202290675904806e+01
5.768827999999999889e+01 1.968000000000000000e+03 1.953466811096717493e+03 1.453318890328250745e+01
5.770499000000000223e+01 2.003000000000000000e+03 1.948195791425448078e+03 5.480420857455192163e+01
5.772169999999999845e+01 1.940000000000000000e+03 1.943579483966974749e+03 -3.579483966974748910e+00
5.773841000000000179e+01 1.896000000000000000e+03 1.939514437045374279e+03 -4.351443704537427948e+01
5.775511999999999802e+01 1.832000000000000000e+03 1.935917083402556045e+03 -1.039170834025560453e+02
5.777183999999999742e+01 1.894000000000000000e+03 1.932717482004678232e+03 -3.871748200467823153e+01
5.778855000000000075e+01 1.923000000000000000e+03 1.929863418408334383e+03 -6.863418408334382548e+00
5.780525999999999698e+01 1.902000000000000000e+03 1.927306464868256626e+03 -2.530646486825662578e+01
5.782197000000000031e+01 1.943000000000000000e+03 1.925007910249056749e+03 1.799208975094325069e+01
5.783867999999999654e+01 1.921000000000000000e+03 1.922935247217852975e+03 -1.935247217852975155e+00
5.785538999999999987e+01 1.821000000000000000e+03 1.921061012011036837e+03 -1.000610120110368371e+02
5.787210000000000321e+01 1.925000000000000000e+03 1.919361870644711871e+03 5.638129355288128863e+00
5.788880999999999943e+01 1.834000000000000000e+03 1.917817893453275929e+03 -8.381789345327592855e+01
5.790552999999999884e+01 1.910000000000000000e+03 1.916411171729974058e+03 -6.411171729974057598e+00
5.792224000000000217e+01 1.913000000000000000e+03 1.915128632396734929e+03 -2.128632396734928989e+00
5.793894999999999840e+01 1.855000000000000000e+03 1.913956624006093307e+03 -5.895662400609330689e+01
5.795566000000000173e+01 1.890000000000000000e+03 1.912884044289383155e+03 -2.288404428938315505e+01
5.797236999999999796e+01 1.882000000000000000e+03 1.911901205261567611e+03 -2.990120526156761116e+01
5.798908000000000129e+01 1.934000000000000000e+03 1.910999623725828769e+03 2.300037627417123076e+01
5.800578999999999752e+01 1.846000000000000000e+03 1.910171847459973606e+03 -6.417184745997360551e+01
5.802250000000000085e+01 1.882000000000000000e+03 1.909411310293820861e+03 -2.741131029382086126e+01
5.803922000000000025e+01 1.802000000000000000e+03 1.908711809677583233e+03 -1.067118096775832328e+02
5.805592999999999648e+01 1.858000000000000000e+03 1.908069040950134195e+03 -5.006904095013419465e+01
5.807263999999999982e+01 1.967000000000000000e+03 1.907478005454770937e+03 5.952199454522906308e+01
5.808935000000000315e+01 1.922000000000000000e+03 1.906934643729991876e+03 1.506535627000812383e+01
5.810605999999999938e+01 1.939000000000000000e+03 1.906435337013063418e+03 3.256466298693658246e+01
5.812277000000000271e+01 1.908000000000000000e+03 1.905976854028765047e+03 2.023145971234953322e+00
5.813947999999999894e+01 1.884000000000000000e+03 1.905556305392737158e+03 -2.155630539273715840e+01
5.815619000000000227e+01 1.954000000000000000e+03 1.905171104424370242e+03 4.882889557562975824e+01
5.817291000000000167e+01 1.845000000000000000e+03 1.904818732085623878e+03 -5.981873208562387845e+01
5.818961999999999790e+01 1.869000000000000000e+03 1.904497530919701148e+03 -3.549753091970114838e+01
5.820633000000000123e+01 1.864000000000000000e+03 1.904205417156534850e+03 -4.020541715653484971e+01
5.822303999999999746e+01 1.850000000000000000e+03 1.903940720028808528e+03 -5.394072002880852779e+01
5.823975000000000080e+01 1.879000000000000000e+03 1.903701942332564158e+03 -2.470194233256415828e+01
5.825645999999999702e+01 1.858000000000000000e+03 1.903487743881782990e+03 -4.548774388178298977e+01
5.827317000000000036e+01 1.908000000000000000e+03 1.903296927110699471e+03 4.703072889300528914e+00
5.828987999999999658e+01 1.816000000000000000e+03 1.903128424543610890e+03 -8.712842454361089040e+01
5.830660000000000309e+01 1.869000000000000000e+03 1.902981206067202947e+03 -3.398120606720294745e+01
5.832330999999999932e+01 1.910000000000000000e+03 1.902854608832256872e+03 7.145391167743127880e+00
5.834002000000000265e+01 1.873000000000000000e+03 1.902747801503119945e+03 -2.974780150311994475e+01
5.835672999999999888e+01 1.857000000000000000e+03 1.902660141530736610e+03 -4.566014153073660964e+01
5.837344000000000221e+01 1.831000000000000000e+03 1.902591074718009168e+03 -7.159107471800916755e+01
5.839014999999999844e+01 1.917000000000000000e+03 1.902540130038902817e+03 1.445986996109718348e+01
5.840686000000000178e+01 1.969000000000000000e+03 1.902506915273616869e+03 6.649308472638313106e+01
5.842356999999999800e+01 1.950000000000000000e+03 1.902491113389928387e+03 4.750888661007161318e+01
5.844028999999999741e+01 1.883000000000000000e+03 1.902492485532945011e+03 -1.949248553294501107e+01
5.845700000000000074e+01 1.854000000000000000e+03 1.902510855191620522e+03 -4.851085519162052151e+01
5.847370999999999697e+01 1.863000000000000000e+03 1.902546111599483311e+03 -3.954611159948331078e+01
5.849042000000000030e+01 1.897000000000000000e+03 1.902598215477778012e+03 -5.598215477778012428e+00
5.850712999999999653e+01 1.888000000000000000e+03 1.902667194203988402e+03 -1.466719420398840157e+01
5.852383999999999986e+01 1.882000000000000000e+03 1.902753141828825164e+03 -2.075314182882516434e+01
5.854055000000000319e+01 1.916000000000000000e+03 1.902856219644440444e+03 1.314378035555955648e+01
5.855725999999999942e+01 1.859000000000000000e+03 1.902976657310013252e+03 -4.397665731001325184e+01
5.857397999999999882e+01 1.873000000000000000e+03 1.903114842550241974e+03 -3.011484255024197410e+01
5.859069000000000216e+01 1.938000000000000000e+03 1.903270982358172660e+03 3.472901764182734041e+01
5.860739999999999839e+01 1.804000000000000000e+03 1.903445601458958436e+03 -9.944560145895843561e+01
5.862411000000000172e+01 1.930000000000000000e+03 1.903639226104500949e+03 2.636077389549905092e+01
5.864081999999999795e+01 1.845000000000000000e+03 1.903344998791333865e+03 -5.834499879133386457e+01
5.865753000000000128e+01 1.883000000000000000e+03 1.903582554549422412e+03 -2.058255454942241158e+01
5.867423999999999751e+01 1.878000000000000000e+03 1.904364118790413613e+03 -2.636411879041361317e+01
5.869095000000000084e+01 1.893000000000000000e+03 1.904648401779869573e+03 -1.164840177986957315e+01
5.870767000000000024e+01 1.900000000000000000e+03 1.904955868899340885e+03 -4.955868899340885037e+00
5.872437999999999647e+01 1.969000000000000000e+03 1.905287274121906421e+03 6.371272587809357901e+01
5.874108999999999980e+01 1.998000000000000000e+03 1.905644044084549250e+03 9.235595591545074967e+01
5.875780000000000314e+01 1.920000000000000000e+03 1.906027568941522986e+03 1.397243105847701372e+01
5.877450999999999937e+01 1.880000000000000000e+03 1.906439392899770610e+03 -2.643939289977060980e+01
5.879122000000000270e+01 1.807000000000000000e+03 1.906613598610192184e+03 -9.961359861019218442e+01
5.880792999999999893e+01 1.889000000000000000e+03 1.907089459371641397e+03 -1.808945937164139650e+01
5.882464999999999833e+01 1.912000000000000000e+03 1.907599634321808935e+03 4.400365678191064944e+00
5.884136000000000166e+01 1.876000000000000000e+03 1.908421243036095802e+03 -3.242124303609580238e+01
5.885806999999999789e+01 1.921000000000000000e+03 1.909008357675869547e+03 1.199164232413045283e+01
5.887478000000000122e+01 1.919000000000000000e+03 1.909637319782694021e+03 9.362680217305978658e+00
5.889148999999999745e+01 1.917000000000000000e+03 1.910311341199592562e+03 6.688658800407438321e+00
5.890820000000000078e+01 1.973000000000000000e+03 1.911033998852428113e+03 6.196600114757188749e+01
5.892490999999999701e+01 1.852000000000000000e+03 1.911809282106916498e+03 -5.980928210691649838e+01
5.894162000000000035e+01 1.881000000000000000e+03 1.912641647721452046e+03 -3.164164772145204552e+01
5.895833999999999975e+01 1.893000000000000000e+03 1.913536638736976101e+03 -2.053663873697610143e+01
5.897505000000000308e+01 1.925000000000000000e+03 1.914498781680783623e+03 1.050121831921637749e+01
5.899175999999999931e+01 1.896000000000000000e+03 1.915534880713127450e+03 -1.953488071312744978e+01
5.900847000000000264e+01 1.904000000000000000e+03 1.916652020068109096e+03 -1.265202006810909552e+01
5.902517999999999887e+01 1.858000000000000000e+03 1.917858201455809876e+03 -5.985820145580987628e+01
5.904189000000000220e+01 1.949000000000000000e+03 1.919162487602881129e+03 2.983751239711887138e+01
5.905859999999999843e+01 1.878000000000000000e+03 1.920575172917275495e+03 -4.257517291727549491e+01
5.907531000000000176e+01 1.890000000000000000e+03 1.922107987275424648e+03 -3.210798727542464803e+01
5.909203000000000117e+01 1.778000000000000000e+03 1.923775380627005688e+03 -1.457753806270056884e+02
5.910873999999999739e+01 1.880000000000000000e+03 1.925590751117710397e+03 -4.559075111771039701e+01
5.912545000000000073e+01 1.924000000000000000e+03 1.927572771785465420e+03 -3.572771785465420180e+00
5.914215999999999696e+01 1.900000000000000000e+03 1.929741926011116675e+03 -2.974192601111667500e+01
5.915887000000000029e+01 1.949000000000000000e+03 1.932121995562090888e+03 1.687800443790911231e+01
5.917557999999999652e+01 2.017000000000000000e+03 1.934740716142784549e+03 8.225928385721545055e+01
5.919228999999999985e+01 1.901000000000000000e+03 1.937630589956208041e+03 -3.663058995620804126e+01
5.920900000000000318e+01 2.003000000000000000e+03 1.940829899548859657e+03 6.217010045114034256e+01
5.922572000000000259e+01 1.965000000000000000e+03 1.944386225094394831e+03 2.061377490560516890e+01
5.924242999999999881e+01 1.873000000000000000e+03 1.948349345906067356e+03 -7.534934590606735583e+01
5.925914000000000215e+01 1.898000000000000000e+03 1.952786012070186189e+03 -5.478601207018618879e+01
5.927584999999999837e+01 2.127000000000000000e+03 1.957774329659986506e+03 1.692256703400134938e+02
5.929256000000000171e+01 1.992000000000000000e+03 1.963409213048649690e+03 2.859078695135031012e+01
5.930926999999999794e+01 2.016000000000000000e+03 1.969806893381495456e+03 4.619310661850454380e+01
5.932598000000000127e+01 1.971000000000000000e+03 1.977110913297751722e+03 -6.110913297751721984e+00
5.934268999999999750e+01 2.054000000000000000e+03 1.985500258315927795e+03 6.849974168407220532e+01
5.935940999999999690e+01 2.038000000000000000e+03 1.995207008870134359e+03 4.279299112986564069e+01
5.937612000000000023e+01 1.925000000000000000e+03 2.006509262310765962e+03 -8.150926231076596196e+01
5.939282999999999646e+01 2.028000000000000000e+03 2.019792621573178394e+03 8.207378426821605899e+00
5.940953999999999979e+01 2.072000000000000000e+03 2.035574304588179984e+03 3.642569541182001558e+01
5.942625000000000313e+01 2.055000000000000000e+03 2.054592484906802383e+03 4.075150931976168067e-01
5.944295999999999935e+01 2.142000000000000000e+03 2.077958161030253905e+03 6.404183896974609524e+01
5.945967000000000269e+01 2.075000000000000000e+03 2.107415460787395205e+03 -3.241546078739520453e+01
5.947637999999999892e+01 2.224000000000000000e+03 2.145743779009513673e+03 7.825622099048632663e+01
5.949309999999999832e+01 2.254000000000000000e+03 2.197322367398913229e+03 5.667763260108677059e+01
5.950981000000000165e+01 2.247000000000000000e+03 2.268531252256712833e+03 -2.153125225671283260e+01
5.952651999999999788e+01 2.370000000000000000e+03 2.368186443795485502e+03 1.813556204514497949e+00
5.954323000000000121e+01 2.409000000000000000e+03 2.507010254536332013e+03 -9.801025453633201323e+01
5.955993999999999744e+01 2.703000000000000000e+03 2.696153651806074322e+03 6.846348193925678061e+00
5.957665000000000077e+01 3.058000000000000000e+03 2.944182227087642787e+03 1.138177729123572135e+02
5.959335999999999700e+01 3.515000000000000000e+03 3.251639185637685841e+03 2.633608143623141586e+02
5.961007000000000033e+01 4.299000000000000000e+03 3.601064891764024196e+03 6.979351082359758038e+02
5.962678999999999974e+01 4.828000000000000000e+03 3.942066183829238071e+03 8.859338161707619292e+02
5.964350000000000307e+01 5.034000000000000000e+03 4.184516625875437057e+03 8.494833741245629426e+02
5.966020999999999930e+01 4.915000000000000000e+03 4.239033586133613426e+03 6.759664138663865742e+02
5.967692000000000263e+01 4.583000000000000000e+03 4.094714658456539837e+03 4.882853415434601629e+02
5.969362999999999886e+01 4.394000000000000000e+03 3.836070857759011687e+03 5.579291422409883126e+02
5.971034000000000219e+01 3.931000000000000000e+03 3.568499869476769163e+03 3.625001305232308368e+02
5.972704999999999842e+01 3.610000000000000000e+03 3.359977436892821061e+03 2.500225631071789394e+02
5.974376000000000175e+01 3.397000000000000000e+03 3.238411773057589016e+03 1.585882269424109836e+02
5.976048000000000116e+01 3.438000000000000000e+03 3.205034831100976589e+03 2.329651688990234106e+02
5.977718999999999738e+01 3.534000000000000000e+03 3.240263823935403707e+03 2.937361760645962931e+02
5.979390000000000072e+01 3.643000000000000000e+03 3.301807712376440577e+03 3.411922876235594231e+02
5.981060999999999694e+01 3.812000000000000000e+03 3.328218781168271562e+03 4.837812188317284381e+02
5.982732000000000028e+01 3.570000000000000000e+03 3.267210495080746114e+03 3.027895049192538863e+02
5.984402999999999651e+01 3.388000000000000000e+03 3.115615621163135984e+03 2.723843788368640162e+02
5.986073999999999984e+01 3.050000000000000000e+03 2.916243070410068867e+03 1.337569295899311328e+02
5.987745999999999924e+01 2.818000000000000000e+03 2.715488849302782000e+03 1.025111506972179996e+02
5.989417000000000257e+01 2.650000000000000000e+03 2.539823884465232368e+03 1.101761155347676322e+02
5.991087999999999880e+01 2.508000000000000000e+03 2.397735122551880067e+03 1.102648774481199325e+02
5.992759000000000214e+01 2.379000000000000000e+03 2.288485423082176567e+03 9.051457691782343318e+01
5.994429999999999836e+01 2.169000000000000000e+03 2.207254876793694166e+03 -3.825487679369416583e+01
5.996101000000000170e+01 2.198000000000000000e+03 2.147927214550207282e+03 5.007278544979271828e+01
5.997771999999999792e+01 2.111000000000000000e+03 2.104638114832527663e+03 6.361885167472337343e+00
5.999443000000000126e+01 2.053000000000000000e+03 2.072563523165928018e+03 -1.956352316592801799e+01
6.001115000000000066e+01 2.065000000000000000e+03 2.048133753464075653e+03 1.686624653592434697e+01
6.002785999999999689e+01 1.978000000000000000e+03 2.028956331596007203e+03 -5.095633159600720319e+01
6.004457000000000022e+01 2.032000000000000000e+03 2.013448308765997126e+03 1.855169123400287390e+01
6.006127999999999645e+01 1.921000000000000000e+03 2.000612711540778491e+03 -7.961271154077849133e+01
6.007798999999999978e+01 1.946000000000000000e+03 1.989803756836573484e+03 -4.380375683657348418e+01
6.009470000000000312e+01 2.004000000000000000e+03 1.980584676107080213e+03 2.341532389291978689e+01
6.011140999999999934e+01 1.954000000000000000e+03 1.972644217632127948e+03 -1.864421763212794758e+01
6.012812000000000268e+01 1.946000000000000000e+03 1.965750130040838485e+03 -1.975013004083848500e+01
6.014484000000000208e+01 1.935000000000000000e+03 1.959719833084472384e+03 -2.471983308447238414e+01
6.016154999999999831e+01 1.924000000000000000e+03 1.954419079389624812e+03 -3.041907938962481239e+01
6.017826000000000164e+01 1.953000000000000000e+03 1.949730754086303023e+03 3.269245913696977368e+00
6.019496999999999787e+01 1.961000000000000000e+03 1.945563085816821513e+03 1.543691418317848729e+01
6.021168000000000120e+01 1.917000000000000000e+03 1.941841023858503831e+03 -2.484102385850383143e+01
6.022838999999999743e+01 1.981000000000000000e+03 1.938502687483293357e+03 4.249731251670664278e+01
6.024510000000000076e+01 1.971000000000000000e+03 1.935496673094011157e+03 3.550332690598884255e+01
6.026180999999999699e+01 1.883000000000000000e+03 1.932779985063447384e+03 -4.977998506344738416e+01
6.027853000000000350e+01 1.927000000000000000e+03 1.930315024445907511e+03 -3.315024445907511108e+00
6.029523999999999972e+01 1.916000000000000000e+03 1.928074074912335846e+03 -1.207407491233584551e+01
6.031195000000000306e+01 1.964000000000000000e+03 1.926029490163016817e+03 3.797050983698318305e+01
6.032865999999999929e+01 1.860000000000000000e+03 1.924158927610367527e+03 -6.415892761036752745e+01
6.034537000000000262e+01 1.896000000000000000e+03 1.922443167043013545e+03 -2.644316704301354548e+01
6.036207999999999885e+01 1.877000000000000000e+03 1.920865598138545010e+03 -4.386559813854501044e+01
6.037879000000000218e+01 2.007000000000000000e+03 1.919411803927288247e+03 8.758819607271175300e+01
6.039549999999999841e+01 1.904000000000000000e+03 1.918069220160545228e+03 -1.406922016054522828e+01
6.041221999999999781e+01 1.902000000000000000e+03 1.916826139664919083e+03 -1.482613966491908286e+01
6.042893000000000114e+01 1.990000000000000000e+03 1.915674394043558095e+03 7.432560595644190471e+01
6.044563999999999737e+01 1.916000000000000000e+03 1.914604708806714370e+03 1.395291193285629561e+00
6.046235000000000070e+01 1.892000000000000000e+03 1.913609569053657879e+03 -2.160956905365787861e+01
6.047905999999999693e+01 1.891000000000000000e+03 1.912682311971518175e+03 -2.168231197151817469e+01
6.049577000000000027e+01 2.014000000000000000e+03 1.911817012959129215e+03 1.021829870408707848e+02
6.051247999999999649e+01 1.912000000000000000e+03 1.911008389214104682e+03 9.916107858953182586e-01
6.052918999999999983e+01 1.875000000000000000e+03 1.910251717776865007e+03 -3.525171777686500718e+01
6.054590999999999923e+01 1.919000000000000000e+03 1.909542354836777577e+03 9.457645163222423434e+00
6.056262000000000256e+01 1.832000000000000000e+03 1.908877344100475284e+03 -7.687734410047528399e+01
6.057932999999999879e+01 1.780000000000000000e+03 1.908252823150776294e+03 -1.282528231507762939e+02
6.059604000000000212e+01 1.941000000000000000e+03 1.907665701844009163e+03 3.333429815599083668e+01
6.061274999999999835e+01 1.830000000000000000e+03 1.907113185781665152e+03 -7.711318578166515181e+01
6.062946000000000168e+01 1.893000000000000000e+03 1.906592743001131566e+03 -1.359274300113156642e+01
6.064616999999999791e+01 1.980000000000000000e+03 1.906102074990113806e+03 7.389792500988619395e+01
6.066288000000000125e+01 1.884000000000000000e+03 1.905639091392926503e+03 -2.163909139292650252e+01
6.067960000000000065e+01 1.937000000000000000e+03 1.905201633601184085e+03 3.179836639881591509e+01
6.069630999999999688e+01 1.909000000000000000e+03 1.904788486349933009e+03 4.211513650066990522e+00
6.071302000000000021e+01 1.884000000000000000e+03 1.904397792373041057e+03 -2.039779237304105663e+01
6.072973000000000354e+01 1.890000000000000000e+03 1.904028098054716565e+03 -1.402809805471656546e+01
6.074643999999999977e+01 1.909000000000000000e+03 1.903678070964374683e+03 5.321929035625316828e+00
6.076315000000000310e+01 1.941000000000000000e+03 1.903346488084504927e+03 3.765351191549507348e+01
6.077985999999999933e+01 1.910000000000000000e+03 1.903032225365119075e+03 6.967774634880925078e+00
6.079657000000000266e+01 1.926000000000000000e+03 1.902734248436446251e+03 2.326575156355374929e+01
6.081329000000000207e+01 1.865000000000000000e+03 1.902451439600316689e+03 -3.745143960031668939e+01
6.082999999999999829e+01 1.867000000000000000e+03 1.902183257786130980e+03 -3.518325778613098009e+01
6.084671000000000163e+01 1.807000000000000000e+03 1.901928717870106993e+03 -9.492871787010699336e+01
6.086341999999999786e+01 1.885000000000000000e+03 1.901687069871035192e+03 -1.668706987103519168e+01
6.088013000000000119e+01 1.893000000000000000e+03 1.901457620003881630e+03 -8.457620003881629600e+00
6.089683999999999742e+01 1.820000000000000000e+03 1.901239725911816549e+03 -8.123972591181654934e+01
6.091355000000000075e+01 1.944000000000000000e+03 1.901032792374926430e+03 4.296720762507356994e+01
6.093027000000000015e+01 1.881000000000000000e+03 1.900836152845272863e+03 -1.983615284527286349e+01
6.094698000000000349e+01 1.914000000000000000e+03 1.900649530120038207e+03 1.335046987996179269e+01
6.096368999999999971e+01 1.922000000000000000e+03 1.900472328000103516e+03 2.152767199989648361e+01
6.098040000000000305e+01 1.883000000000000000e+03 1.900304104719648194e+03 -1.730410471964819408e+01
6.099710999999999927e+01 1.861000000000000000e+03 1.900144449689772500e+03 -3.914444968977250028e+01
6.101382000000000261e+01 1.878000000000000000e+03 1.899992981151162212e+03 -2.199298115116221197e+01
6.103052999999999884e+01 1.821000000000000000e+03 1.899849344042375151e+03 -7.884934404237515082e+01
6.104724000000000217e+01 1.878000000000000000e+03 1.899713208061984915e+03 -2.171320806198491482e+01
6.106396000000000157e+01 1.896000000000000000e+03 1.899584190836366361e+03 -3.584190836366360600e+00
6.108066999999999780e+01 1.901000000000000000e+03 1.899462160642071012e+03 1.537839357928987738e+00
6.109738000000000113e+01 1.831000000000000000e+03 1.899346772217866828e+03 -6.834677221786682821e+01
6.111408999999999736e+01 1.862000000000000000e+03 1.899237778180751548e+03 -3.723777818075154755e+01
6.113080000000000069e+01 1.889000000000000000e+03 1.899134948521583738e+03 -1.013494852158373760e+01
6.114750999999999692e+01 1.882000000000000000e+03 1.899038069493061357e+03 -1.703806949306135721e+01
6.116422000000000025e+01 1.960000000000000000e+03 1.898946942594097436e+03 6.105305740590256391e+01
6.118092999999999648e+01 1.799000000000000000e+03 1.898861383642009969e+03 -9.986138364200996875e+01
6.119765000000000299e+01 1.874000000000000000e+03 1.898781175536355477e+03 -2.478117553635547665e+01
6.121435999999999922e+01 1.893000000000000000e+03 1.898706256129189569e+03 -5.706256129189569037e+00
6.123107000000000255e+01 1.763000000000000000e+03 1.898636429831314445e+03 -1.356364298313144445e+02
6.124777999999999878e+01 1.869000000000000000e+03 1.898571561966821491e+03 -2.957156196682149130e+01
6.126449000000000211e+01 1.904000000000000000e+03 1.898511528614389590e+03 5.488471385610409925e+00
6.128119999999999834e+01 1.934000000000000000e+03 1.898456216070815799e+03 3.554378392918420104e+01
6.129791000000000167e+01 1.945000000000000000e+03 1.898405520362870902e+03 4.659447963712909768e+01
6.131461999999999790e+01 1.981000000000000000e+03 1.898359346803919152e+03 8.264065319608084792e+01
6.133133999999999730e+01 1.903000000000000000e+03 1.898317585927163009e+03 4.682414072836991181e+00
6.134805000000000064e+01 1.915000000000000000e+03 1.898280210369707902e+03 1.671978963029209808e+01
6.136475999999999686e+01 1.928000000000000000e+03 1.898247124755366713e+03 2.975287524463328737e+01
6.138147000000000020e+01 1.926000000000000000e+03 1.898218267905767107e+03 2.778173209423289336e+01
6.139818000000000353e+01 2.002000000000000000e+03 1.898193586283488457e+03 1.038064137165115426e+02
6.141488999999999976e+01 1.898000000000000000e+03 1.898173033761272336e+03 -1.730337612723360508e-01
6.143160000000000309e+01 1.848000000000000000e+03 1.898156571419815918e+03 -5.015657141981591849e+01
6.144830999999999932e+01 1.884000000000000000e+03 1.898144167372778838e+03 -1.414416737277883840e+01
6.146502999999999872e+01 1.863000000000000000e+03 1.898135792811998499e+03 -3.513579281199849902e+01
6.148174000000000206e+01 1.898000000000000000e+03 1.898131439505533763e+03 -1.314395055337627127e-01
6.149844999999999828e+01 1.939000000000000000e+03 1.898131089661984106e+03 4.086891033801589401e+01
6.151516000000000162e+01 1.880000000000000000e+03 1.898134738287316168e+03 -1.813473828731616777e+01
6.153186999999999784e+01 1.840000000000000000e+03 1.898142386918081456e+03 -5.814238691808145632e+01
6.154858000000000118e+01 1.894000000000000000e+03 1.898154043590549236e+03 -4.154043590549235887e+00
6.156528999999999741e+01 1.931000000000000000e+03 1.898169722832050184e+03 3.283027716794981643e+01
6.158200000000000074e+01 1.930000000000000000e+03 1.897849453520607995e+03 3.215054647939200549e+01
6.159872000000000014e+01 1.939000000000000000e+03 1.897875857615461200e+03 4.112414238453879989e+01
6.161543000000000347e+01 1.906000000000000000e+03 1.897906322944829981e+03 8.093677055170019230e+00
6.163213999999999970e+01 1.897000000000000000e+03 1.897940905386622262e+03 -9.409053866222620854e-01
6.164885000000000304e+01 1.897000000000000000e+03 1.897979653011290793e+03 -9.796530112907930743e-01
6.166555999999999926e+01 1.906000000000000000e+03 1.898022620787751976e+03 7.977379212248024487e+00
6.168227000000000260e+01 1.860000000000000000e+03 1.898069870733663720e+03 -3.806987073366371988e+01
6.169897999999999882e+01 1.875000000000000000e+03 1.898121472090416319e+03 -2.312147209041631868e+01
6.171569000000000216e+01 1.882000000000000000e+03 1.898177501523793353e+03 -1.617750152379335304e+01
6.173241000000000156e+01 1.813000000000000000e+03 1.898238080951320171e+03 -8.523808095132017115e+01
6.174911999999999779e+01 1.862000000000000000e+03 1.898124513535602546e+03 -3.612451353560254574e+01
6.176583000000000112e+01 1.986000000000000000e+03 1.898195727393514517e+03 8.780427260648548327e+01
6.178253999999999735e+01 1.851000000000000000e+03 1.898271739827418742e+03 -4.727173982741874170e+01
6.179925000000000068e+01 1.889000000000000000e+03 1.898352668858573907e+03 -9.352668858573906618e+00
6.181595999999999691e+01 1.843000000000000000e+03 1.898438641745341101e+03 -5.543864174534110134e+01
6.183267000000000024e+01 1.911000000000000000e+03 1.898529795404650031e+03 1.247020459534996917e+01
6.184937999999999647e+01 1.860000000000000000e+03 1.898626276873365669e+03 -3.862627687336566851e+01
6.186610000000000298e+01 1.899000000000000000e+03 1.898728306509418871e+03 2.716934905811285716e-01
6.188280999999999921e+01 1.896000000000000000e+03 1.898835931190548763e+03 -2.835931190548762970e+00
6.189952000000000254e+01 1.946000000000000000e+03 1.898949390897622379e+03 4.705060910237762073e+01
6.191622999999999877e+01 2.003000000000000000e+03 1.899068878673717563e+03 1.039311213262824367e+02
6.193294000000000210e+01 1.909000000000000000e+03 1.899194600699683178e+03 9.805399300316821609e+00
6.194964999999999833e+01 1.906000000000000000e+03 1.899326777067403555e+03 6.673222932596445389e+00
6.196636000000000166e+01 1.870000000000000000e+03 1.899465642620933068e+03 -2.946564262093306752e+01
6.198308000000000106e+01 1.970000000000000000e+03 1.899611537257963846e+03 7.038846274203615394e+01
6.199978999999999729e+01 1.894000000000000000e+03 1.899764553775434933e+03 -5.764553775434933414e+00
6.201650000000000063e+01 1.968000000000000000e+03 1.899925062258490925e+03 6.807493774150907484e+01
6.203320999999999685e+01 1.969000000000000000e+03 1.900093366561864059e+03 6.890663343813594111e+01
6.204992000000000019e+01 1.884000000000000000e+03 1.900269790748605828e+03 -1.626979074860582841e+01
6.206663000000000352e+01 1.937000000000000000e+03 1.900454680488361419e+03 3.654531951163858139e+01
6.208333999999999975e+01 1.904000000000000000e+03 1.900648404581572322e+03 3.351595418427677942e+00
6.210005000000000308e+01 1.850000000000000000e+03 1.900851356622023559e+03 -5.085135662202355888e+01
6.211677000000000248e+01 1.860000000000000000e+03 1.901064087017742850e+03 -4.106408701774284964e+01
6.213347999999999871e+01 1.917000000000000000e+03 1.901286790331978409e+03 1.571320966802159091e+01
6.215019000000000204e+01 1.969000000000000000e+03 1.901520070435549997e+03 6.747992956445000345e+01
6.216689999999999827e+01 1.856000000000000000e+03 1.901764440030441392e+03 -4.576444003044139208e+01
6.218361000000000161e+01 1.868000000000000000e+03 1.902020447549277833e+03 -3.402044754927783288e+01
6.220031999999999783e+01 1.880000000000000000e+03 1.902288680004847947e+03 -2.228868000484794720e+01
6.221703000000000117e+01 1.944000000000000000e+03 1.902569766118040661e+03 4.143023388195933876e+01
6.223373999999999739e+01 1.910000000000000000e+03 1.902864379755239042e+03 7.135620244760957576e+00
6.225045999999999680e+01 1.883000000000000000e+03 1.903173432966698329e+03 -2.017343296669832853e+01
6.226717000000000013e+01 1.948000000000000000e+03 1.903497332362481757e+03 4.450266763751824328e+01
6.228388000000000346e+01 1.873000000000000000e+03 1.903837092055609219e+03 -3.083709205560921873e+01
6.230058999999999969e+01 1.901000000000000000e+03 1.904193608423427122e+03 -3.193608423427122034e+00
6.231730000000000302e+01 1.932000000000000000e+03 1.904567846221688797e+03 2.743215377831120350e+01
6.233400999999999925e+01 1.931000000000000000e+03 1.904960844800149516e+03 2.603915519985048377e+01
6.235072000000000259e+01 1.912000000000000000e+03 1.905373724996291230e+03 6.626275003708769873e+00
6.236742999999999881e+01 1.876000000000000000e+03 1.905807696792750221e+03 -2.980769679275022099e+01
6.238414999999999822e+01 1.861000000000000000e+03 1.906264347932146165e+03 -4.526434793214616548e+01
6.240086000000000155e+01 1.910000000000000000e+03 1.906744547725269513e+03 3.255452274730487261e+00
6.241756999999999778e+01 1.950000000000000000e+03 1.907250095082723647e+03 4.274990491727635344e+01
6.243428000000000111e+01 1.947000000000000000e+03 1.907782652246155067e+03 3.921734775384493332e+01
6.245098999999999734e+01 1.906000000000000000e+03 1.908344024339965017e+03 -2.344024339965017134e+00
6.246770000000000067e+01 1.930000000000000000e+03 1.908936174267173328e+03 2.106382573282667181e+01
6.248440999999999690e+01 1.863000000000000000e+03 1.909561239458716273e+03 -4.656123945871627257e+01
6.250112000000000023e+01 1.891000000000000000e+03 1.910221550744448905e+03 -1.922155074444890488e+01
6.251783999999999963e+01 1.974000000000000000e+03 1.910920083292283607e+03 6.307991670771639292e+01
6.253455000000000297e+01 1.887000000000000000e+03 1.911658787347227644e+03 -2.465878734722764420e+01
6.255125999999999920e+01 1.901000000000000000e+03 1.912441119775745165e+03 -1.144111977574516459e+01
6.256797000000000253e+01 1.811000000000000000e+03 1.913270428467837291e+03 -1.022704284678372915e+02
6.258467999999999876e+01 1.950000000000000000e+03 1.914150393943913969e+03 3.584960605608603146e+01
6.260139000000000209e+01 1.849000000000000000e+03 1.915085069783729068e+03 -6.608506978372906815e+01
6.261809999999999832e+01 1.928000000000000000e+03 1.916078928920631824e+03 1.192107107936817556e+01
6.263481000000000165e+01 1.913000000000000000e+03 1.917136916794502440e+03 -4.136916794502440098e+00
6.265153000000000105e+01 1.850000000000000000e+03 1.918265209375808809e+03 -6.826520937580880855e+01
6.266823999999999728e+01 1.889000000000000000e+03 1.919468543779739321e+03 -3.046854377973932060e+01
6.268495000000000061e+01 1.917000000000000000e+03 1.920754343589296013e+03 -3.754343589296013306e+00
6.270165999999999684e+01 1.960000000000000000e+03 1.922130160348720437e+03 3.786983965127956253e+01
6.271837000000000018e+01 1.924000000000000000e+03 1.923604437836904253e+03 3.955621630957466550e-01
6.273508000000000351e+01 1.975000000000000000e+03 1.925186641742239317e+03 4.981335825776068305e+01
6.275178999999999974e+01 2.003000000000000000e+03 1.926887411888524639e+03 7.611258811147536107e+01
6.276850000000000307e+01 1.866000000000000000e+03 1.928718741604726802e+03 -6.271874160472680160e+01
6.278522000000000247e+01 1.933000000000000000e+03 1.930695418224684545e+03 2.304581775315455161e+00
6.280192999999999870e+01 1.925000000000000000e+03 1.932830462318778473e+03 -7.830462318778472763e+00
6.281864000000000203e+01 1.944000000000000000e+03 1.935142508042979216e+03 8.857491957020783957e+00
6.283534999999999826e+01 1.891000000000000000e+03 1.937651530804926551e+03 -4.665153080492655135e+01
6.285206000000000159e+01 1.891000000000000000e+03 1.940380418771840141e+03 -4.938041877184014083e+01
6.286876999999999782e+01 1.933000000000000000e+03 1.943355497843087733e+03 -1.035549784308773269e+01
6.288548000000000116e+01 1.971000000000000000e+03 1.946607170222657260e+03 2.439282977734274027e+01
6.290218999999999738e+01 1.964000000000000000e+03 1.950170695466944153e+03 1.382930453305584706e+01
6.291890999999999678e+01 2.016000000000000000e+03 1.954089610016864299e+03 6.191038998313570119e+01
6.293562000000000012e+01 1.950000000000000000e+03 1.958407337921820726e+03 -8.407337921820726478e+00
6.295233000000000345e+01 1.959000000000000000e+03 1.963182693272576671e+03 -4.182693272576671006e+00
6.296903999999999968e+01 2.025000000000000000e+03 1.968482605471909665e+03 5.651739452809033537e+01
6.298575000000000301e+01 1.990000000000000000e+03 1.974386701587629886e+03 1.561329841237011351e+01
6.300245999999999924e+01 1.973000000000000000e+03 1.980990296636617131e+03 -7.990296636617131298e+00
6.301917000000000257e+01 1.948000000000000000e+03 1.988408233455671507e+03 -4.040823345567150682e+01
6.303589000000000198e+01 1.941000000000000000e+03 1.996785190544386523e+03 -5.578519054438652347e+01
6.305259999999999820e+01 2.036000000000000000e+03 2.006281646372934347e+03 2.971835362706565320e+01
6.306931000000000154e+01 1.973000000000000000e+03 2.017112563449717300e+03 -4.411256344971729959e+01
6.308601999999999776e+01 2.027000000000000000e+03 2.029540171639705704e+03 -2.540171639705704365e+00
6.310273000000000110e+01 2.161000000000000000e+03 2.043896386404932628e+03 1.171036135950673724e+02
6.311943999999999733e+01 2.022000000000000000e+03 2.060610484386178086e+03 -3.861048438617808642e+01
6.313615000000000066e+01 2.121000000000000000e+03 2.080255558711092363e+03 4.074444128890763750e+01
6.315285999999999689e+01 2.231000000000000000e+03 2.103630258455794319e+03 1.273697415442056808e+02
6.316958000000000339e+01 2.073000000000000000e+03 2.131921920948944262e+03 -5.892192094894426191e+01
6.318628999999999962e+01 2.167000000000000000e+03 2.166881181254700550e+03 1.188187452994498017e-01
6.320300000000000296e+01 2.090000000000000000e+03 2.211302957939776661e+03 -1.213029579397766611e+02
6.321970999999999918e+01 2.058000000000000000e+03 2.269482808988598663e+03 -2.114828089885986628e+02
6.323642000000000252e+01 2.192000000000000000e+03 2.347812196151361150e+03 -1.558121961513611495e+02
6.325312999999999874e+01 2.325000000000000000e+03 2.455209077434530172e+03 -1.302090774345301725e+02
6.326984000000000208e+01 2.468000000000000000e+03 2.603059229783321371e+03 -1.350592297833213706e+02
6.328654999999999831e+01 2.632000000000000000e+03 2.804276176143617249e+03 -1.722761761436172492e+02
6.330326999999999771e+01 2.787000000000000000e+03 3.071315105106249575e+03 -2.843151051062495753e+02
6.331998000000000104e+01 3.276000000000000000e+03 3.411674577583254177e+03 -1.356745775832541767e+02
6.333668999999999727e+01 3.772000000000000000e+03 3.822226627822686169e+03 -5.022662782268616866e+01
6.335340000000000060e+01 4.234000000000000000e+03 4.276816187242629894e+03 -4.281618724262989417e+01
6.337010999999999683e+01 4.627000000000000000e+03 4.709785594581535406e+03 -8.278559458153540618e+01
6.338682000000000016e+01 4.913000000000000000e+03 5.012465031359276509e+03 -9.946503135927650874e+01
6.340353000000000350e+01 4.835000000000000000e+03 5.080906934844497300e+03 -2.459069348444973002e+02
6.342023999999999972e+01 4.870000000000000000e+03 4.902353118080991408e+03 -3.235311808099140762e+01
6.343695999999999913e+01 4.525000000000000000e+03 4.572392203392309057e+03 -4.739220339230905665e+01
6.345367000000000246e+01 4.148000000000000000e+03 4.216019153661160090e+03 -6.801915366116008954e+01
6.347037999999999869e+01 3.777000000000000000e+03 3.919426720075309277e+03 -1.424267200753092766e+02
6.348709000000000202e+01 3.611000000000000000e+03 3.723391657296841004e+03 -1.123916572968410037e+02
6.350379999999999825e+01 3.583000000000000000e+03 3.637650193265275448e+03 -5.465019326527544763e+01
6.352051000000000158e+01 3.587000000000000000e+03 3.650136604749051912e+03 -6.313660474905191222e+01
6.353721999999999781e+01 3.590000000000000000e+03 3.727022099446924585e+03 -1.370220994469245852e+02
6.355393000000000114e+01 3.721000000000000000e+03 3.809373496214195256e+03 -8.837349621419525647e+01
6.357065000000000055e+01 3.715000000000000000e+03 3.823485486221538849e+03 -1.084854862215388493e+02
6.358735999999999677e+01 3.616000000000000000e+03 3.720333779590674567e+03 -1.043337795906745669e+02
6.360407000000000011e+01 3.369000000000000000e+03 3.512145019986106490e+03 -1.431450199861064903e+02
6.362078000000000344e+01 3.265000000000000000e+03 3.254068002783287284e+03 1.093199721671271618e+01
6.363748999999999967e+01 3.076000000000000000e+03 2.998061753323367157e+03 7.793824667663284345e+01
6.365420000000000300e+01 2.828000000000000000e+03 2.772767871780681617e+03 5.523212821931838334e+01
6.367090999999999923e+01 2.625000000000000000e+03 2.588026438210427841e+03 3.697356178957215889e+01
6.368762000000000256e+01 2.468000000000000000e+03 2.443445425614842861e+03 2.455457438515713875e+01
6.370434000000000196e+01 2.367000000000000000e+03 2.333812367083879963e+03 3.318763291612003741e+01
6.372104999999999819e+01 2.322000000000000000e+03 2.252341550788697077e+03 6.965844921130292278e+01
6.373776000000000153e+01 2.233000000000000000e+03 2.192041055705878080e+03 4.095894429412192039e+01
6.375446999999999775e+01 2.191000000000000000e+03 2.146970489694685966e+03 4.402951030531403376e+01
6.377118000000000109e+01 2.055000000000000000e+03 2.112549185505124115e+03 -5.754918550512411457e+01
6.378788999999999731e+01 2.071000000000000000e+03 2.085520183537512366e+03 -1.452018353751236646e+01
6.380460000000000065e+01 2.121000000000000000e+03 2.063694994654799757e+03 5.730500534520024303e+01
6.382130999999999688e+01 2.030000000000000000e+03 2.045645444076109925e+03 -1.564544407610992494e+01
6.383803000000000338e+01 2.032000000000000000e+03 2.030430593569092252e+03 1.569406430907747563e+00
6.385473999999999961e+01 1.975000000000000000e+03 2.017442304429199567e+03 -4.244230442919956658e+01
6.387145000000000294e+01 2.032000000000000000e+03 2.006231292576626174e+03 2.576870742337382580e+01
6.388815999999999917e+01 1.955000000000000000e+03 1.996474272415197220e+03 -4.147427241519721974e+01
6.390487000000000251e+01 1.954000000000000000e+03 1.987923974118727301e+03 -3.392397411872730117e+01
6.392157999999999873e+01 2.012000000000000000e+03 1.980385944008023671e+03 3.161405599197632910e+01
6.393829000000000207e+01 1.956000000000000000e+03 1.973704363926550059e+03 -1.770436392655005875e+01
6.395499999999999829e+01 2.029000000000000000e+03 1.967752728988248464e+03 6.124727101175153621e+01
6.397171999999999770e+01 1.894000000000000000e+03 1.962424288191654341e+03 -6.842428819165434106e+01
6.398843000000000103e+01 1.926000000000000000e+03 1.957639608017029559e+03 -3.163960801702955905e+01
6.400513999999999726e+01 1.996000000000000000e+03 1.953323893247775004e+03 4.267610675222499594e+01
6.402185000000000059e+01 1.979000000000000000e+03 1.949417247723619312e+03 2.958275227638068827e+01
6.403856000000000392e+01 1.954000000000000000e+03 1.945869133279266634e+03 8.130866720733365582e+00
6.405526999999999305e+01 2.040000000000000000e+03 1.942636659214457950e+03 9.736334078554205007e+01
6.407197999999999638e+01 1.965000000000000000e+03 1.939683226659199363e+03 2.531677334080063702e+01
6.408870000000000289e+01 1.900000000000000000e+03 1.936975895340133548e+03 -3.697589534013354751e+01
6.410541000000000622e+01 1.909000000000000000e+03 1.934490840497118825e+03 -2.549084049711882471e+01
6.412211999999999534e+01 1.924000000000000000e+03 1.932202956757645552e+03 -8.202956757645551988e+00
6.413882999999999868e+01 1.844000000000000000e+03 1.930091888531047061e+03 -8.609188853104706141e+01
6.415554000000000201e+01 1.913000000000000000e+03 1.927759789970002430e+03 -1.475978997000242998e+01
6.417225000000000534e+01 1.933000000000000000e+03 1.925954058623488208e+03 7.045941376511791532e+00
6.418895999999999447e+01 1.957000000000000000e+03 1.924278092832672883e+03 3.272190716732711735e+01
6.420566999999999780e+01 1.923000000000000000e+03 1.922719818554952781e+03 2.801814450472193130e-01
6.422239000000000431e+01 1.997000000000000000e+03 1.921267711153117943e+03 7.573228884688205653e+01
6.423909999999999343e+01 1.892000000000000000e+03 1.919914016452051555e+03 -2.791401645205155546e+01
6.425580999999999676e+01 1.817000000000000000e+03 1.918649389249389969e+03 -1.016493892493899693e+02
6.427252000000000010e+01 1.938000000000000000e+03 1.917466289386414701e+03 2.053371061358529914e+01
6.428923000000000343e+01 1.943000000000000000e+03 1.916357967479660829e+03 2.664203252033917124e+01
6.430594000000000676e+01 1.952000000000000000e+03 1.915318366856783086e+03 3.668163314321691360e+01
6.432264999999999588e+01 1.923000000000000000e+03 1.914141471714613772e+03 8.858528285386228163e+00
6.433935999999999922e+01 1.964000000000000000e+03 1.913224985020197892e+03 5.077501497980210843e+01
6.435608000000000573e+01 1.935000000000000000e+03 1.912361904564865654e+03 2.263809543513434619e+01
6.437278999999999485e+01 1.950000000000000000e+03 1.911549242778329472e+03 3.845075722167052845e+01
6.438949999999999818e+01 1.926000000000000000e+03 1.910782822585554868e+03 1.521717741444513194e+01
6.440621000000000151e+01 1.943000000000000000e+03 1.910059330552066740e+03 3.294066944793326002e+01
6.442292000000000485e+01 2.041000000000000000e+03 1.909375749220598209e+03 1.316242507794017911e+02
6.443962999999999397e+01 1.958000000000000000e+03 1.908729325791263818e+03 4.927067420873618175e+01
6.445633999999999730e+01 1.915000000000000000e+03 1.908117544618748980e+03 6.882455381251020299e+00
6.447305000000000064e+01 1.887000000000000000e+03 1.907538103001905029e+03 -2.053810300190502858e+01
6.448976999999999293e+01 1.904000000000000000e+03 1.906988569803088694e+03 -2.988569803088694243e+00
6.450647999999999627e+01 1.891000000000000000e+03 1.906467663009113949e+03 -1.546766300911394865e+01
6.452318999999999960e+01 1.907000000000000000e+03 1.905973262710037034e+03 1.026737289962966315e+00
6.453990000000000293e+01 1.923000000000000000e+03 1.905503727569185230e+03 1.749627243081476990e+01
6.455661000000000627e+01 1.970000000000000000e+03 1.905057544075162241e+03 6.494245592483775908e+01
6.457331999999999539e+01 1.931000000000000000e+03 1.904633314737641513e+03 2.636668526235848731e+01
6.459002999999999872e+01 2.038000000000000000e+03 1.904236410599912460e+03 1.337635894000875396e+02
6.460674000000000206e+01 2.015000000000000000e+03 1.903852352724418552e+03 1.111476472755814484e+02
6.462345999999999435e+01 1.969000000000000000e+03 1.903486439448506189e+03 6.551356055149381064e+01
6.464016999999999769e+01 1.874000000000000000e+03 1.903138079529971492e+03 -2.913807952997149187e+01
6.465688000000000102e+01 1.950000000000000000e+03 1.902806093449696391e+03 4.719390655030360904e+01
6.467359000000000435e+01 1.919000000000000000e+03 1.902489592872928142e+03 1.651040712707185776e+01
6.469029999999999347e+01 1.913000000000000000e+03 1.902187750848946280e+03 1.081224915105372020e+01
6.470700999999999681e+01 1.981000000000000000e+03 1.901899796779207009e+03 7.910020322079299149e+01
6.472372000000000014e+01 1.892000000000000000e+03 1.901625011861709481e+03 -9.625011861709481309e+00
6.474043000000000347e+01 1.903000000000000000e+03 1.901362724960597689e+03 1.637275039402311450e+00
6.475714999999999577e+01 1.911000000000000000e+03 1.901112162431135630e+03 9.887837568864370041e+00
6.477385999999999910e+01 1.877000000000000000e+03 1.900876540983850418e+03 -2.387654098385041834e+01
6.479057000000000244e+01 1.876000000000000000e+03 1.900648172635352012e+03 -2.464817263535201164e+01
6.480728000000000577e+01 1.944000000000000000e+03 1.900430024246237281e+03 4.356997575376271925e+01
6.482398999999999489e+01 1.926000000000000000e+03 1.900221613094025543e+03 2.577838690597445748e+01
6.484069999999999823e+01 1.961000000000000000e+03 1.900022486087965945e+03 6.097751391203405547e+01
6.485741000000000156e+01 1.890000000000000000e+03 1.899832217610971384e+03 -9.832217610971383692e+00
6.487412000000000489e+01 1.867000000000000000e+03 1.899650407543111669e+03 -3.265040754311166893e+01
6.489083999999999719e+01 1.869000000000000000e+03 1.899476577830777160e+03 -3.047657783077715976e+01
6.490755000000000052e+01 1.863000000000000000e+03 1.899310581820245261e+03 -3.631058182024526104e+01
6.492426000000000386e+01 1.970000000000000000e+03 1.899151979255917013e+03 7.084802074408298722e+01
6.494096999999999298e+01 1.927000000000000000e+03 1.899000455315542695e+03 2.799954468445730527e+01
6.495767999999999631e+01 1.904000000000000000e+03 1.898855712968845182e+03 5.144287031154817669e+00
6.497438999999999965e+01 1.870000000000000000e+03 1.898717471784560303e+03 -2.871747178456030269e+01
6.499110000000000298e+01 1.862000000000000000e+03 1.898585466829880943e+03 -3.658546682988094290e+01
6.500781000000000631e+01 1.892000000000000000e+03 1.898459447654223823e+03 -6.459447654223822610e+00
6.502452999999999861e+01 1.854000000000000000e+03 1.898339107050760958e+03 -4.433910705076095837e+01
6.504124000000000194e+01 1.866000000000000000e+03 1.898224364625833459e+03 -3.222436462583345929e+01
6.505795000000000528e+01 1.874000000000000000e+03 1.898114934351173588e+03 -2.411493435117358786e+01
6.507465999999999440e+01 1.836000000000000000e+03 1.898010614993442232e+03 -6.201061499344223193e+01
6.509136999999999773e+01 1.896000000000000000e+03 1.897911215751634927e+03 -1.911215751634927074e+00
6.510808000000000106e+01 1.899000000000000000e+03 1.897816555615364678e+03 1.183444384635322422e+00
6.512479000000000440e+01 1.874000000000000000e+03 1.897726462768718420e+03 -2.372646276871842019e+01
6.514150999999999669e+01 1.924000000000000000e+03 1.897640724043393902e+03 2.635927595660609768e+01
6.515822000000000003e+01 1.910000000000000000e+03 1.897559286871679660e+03 1.244071312832033982e+01
6.517493000000000336e+01 1.882000000000000000e+03 1.897481951270504624e+03 -1.548195127050462361e+01
6.519164000000000669e+01 1.948000000000000000e+03 1.897408577034830159e+03 5.059142296516984061e+01
6.520834999999999582e+01 1.931000000000000000e+03 1.897339030739487498e+03 3.366096926051250193e+01
6.522505999999999915e+01 1.909000000000000000e+03 1.897273185349986989e+03 1.172681465001301149e+01
6.524177000000000248e+01 1.892000000000000000e+03 1.897210919859123123e+03 -5.210919859123123388e+00
6.525848000000000582e+01 1.897000000000000000e+03 1.897152118947420149e+03 -1.521189474201491976e-01
6.527519999999999811e+01 1.937000000000000000e+03 1.897096640467357702e+03 3.990335953264229829e+01
6.529191000000000145e+01 1.944000000000000000e+03 1.897044445853914340e+03 4.695555414608566025e+01
6.530862000000000478e+01 1.935000000000000000e+03 1.896995400855070329e+03 3.800459914492967073e+01
6.532532999999999390e+01 1.943000000000000000e+03 1.896949409927275383e+03 4.605059007272461713e+01
6.534203999999999724e+01 1.880000000000000000e+03 1.896906381817314241e+03 -1.690638181731424083e+01
6.535875000000000057e+01 1.897000000000000000e+03 1.896866229333294314e+03 1.337706667056863807e-01
6.537546000000000390e+01 1.901000000000000000e+03 1.896828869129727309e+03 4.171130870272691027e+00
6.539216999999999302e+01 1.925000000000000000e+03 1.896794221505713722e+03 2.820577849428627815e+01
6.540888999999999953e+01 1.854000000000000000e+03 1.896762191832962117e+03 -4.276219183296211668e+01
6.542560000000000286e+01 1.900000000000000000e+03 1.896732745419833236e+03 3.267254580166763844e+00
6.544231000000000620e+01 1.881000000000000000e+03 1.896705792470101414e+03 -1.570579247010141444e+01
6.545901999999999532e+01 1.961000000000000000e+03 1.896681266076635211e+03 6.431873392336478901e+01
6.547572999999999865e+01 1.858000000000000000e+03 1.896659102134918612e+03 -3.865910213491861214e+01
6.549244000000000199e+01 1.983000000000000000e+03 1.896639239203096622e+03 8.636076079690337792e+01
6.550915000000000532e+01 1.890000000000000000e+03 1.896621618370047145e+03 -6.621618370047144708e+00
6.552585999999999444e+01 1.925000000000000000e+03 1.896606183130970521e+03 2.839381686902947877e+01
6.554258000000000095e+01 1.927000000000000000e+03 1.896592871936036545e+03 3.040712806396345513e+01
6.555929000000000428e+01 1.960000000000000000e+03 1.896581648644683582e+03 6.341835135531641754e+01
6.557599999999999341e+01 1.911000000000000000e+03 1.896572454700200979e+03 1.442754529979902145e+01
6.559270999999999674e+01 1.962000000000000000e+03 1.896565242114130797e+03 6.543475788586920316e+01
6.560942000000000007e+01 1.934000000000000000e+03 1.896559964779109350e+03 3.744003522089064973e+01
6.562613000000000341e+01 1.893000000000000000e+03 1.896556578380476822e+03 -3.556578380476821621e+00
6.564284000000000674e+01 1.902000000000000000e+03 1.896555040312645360e+03 5.444959687354639755e+00
6.565954999999999586e+01 1.930000000000000000e+03 1.896555309599938482e+03 3.344469040006151772e+01
6.567627000000000237e+01 1.802000000000000000e+03 1.896557348562461584e+03 -9.455734856246158415e+01
6.569298000000000570e+01 1.933000000000000000e+03 1.896561116805967231e+03 3.643888319403276910e+01
6.570968999999999482e+01 1.930000000000000000e+03 1.896566578505423195e+03 3.343342149457680534e+01
6.572639999999999816e+01 1.835000000000000000e+03 1.896573698494219798e+03 -6.157369849421979779e+01
6.574311000000000149e+01 1.949000000000000000e+03 1.896582442897970850e+03 5.241755710202914997e+01
6.575982000000000482e+01 1.910000000000000000e+03 1.896592779077063824e+03 1.340722092293617607e+01
6.577652999999999395e+01 1.924000000000000000e+03 1.896604675572127690e+03 2.739532442787231048e+01
6.579323999999999728e+01 1.945000000000000000e+03 1.896618102052247878e+03 4.838189794775212249e+01
6.580996000000000379e+01 1.944000000000000000e+03 1.896633038642504289e+03 4.736696135749571113e+01
6.582666999999999291e+01 1.950000000000000000e+03 1.896649439243222332e+03 5.335056075677766785e+01
6.584337999999999624e+01 1.897000000000000000e+03 1.896667285111044293e+03 3.327148889557065559e-01
6.586008999999999958e+01 1.936000000000000000e+03 1.896686549961159017e+03 3.931345003884098332e+01
6.587680000000000291e+01 1.855000000000000000e+03 1.896707208414266915e+03 -4.170720841426691550e+01
6.589351000000000624e+01 1.832000000000000000e+03 1.896729235958289337e+03 -6.472923595828933685e+01
6.591021999999999537e+01 1.886000000000000000e+03 1.896752608911919879e+03 -1.075260891191987866e+01
6.592692999999999870e+01 1.906000000000000000e+03 1.896777304389903748e+03 9.222695610096252494e+00
6.594365000000000521e+01 1.867000000000000000e+03 1.896803316212076197e+03 -2.980331621207619719e+01
6.596035999999999433e+01 1.853000000000000000e+03 1.896830591862536266e+03 -4.383059186253626649e+01
6.597706999999999766e+01 1.947000000000000000e+03 1.896859125822636997e+03 5.014087417736300267e+01
6.599378000000000100e+01 1.834000000000000000e+03 1.896888898076078931e+03 -6.288889807607893090e+01
6.601049000000000433e+01 1.827000000000000000e+03 1.896919889251934137e+03 -6.991988925193413706e+01
6.602719999999999345e+01 1.924000000000000000e+03 1.896952080598560315e+03 2.704791940143968532e+01
6.604390999999999678e+01 1.837000000000000000e+03 1.896985453958689050e+03 -5.998545395868904961e+01
6.606062000000000012e+01 1.862000000000000000e+03 1.897019991745642756e+03 -3.501999174564275563e+01
6.607734000000000663e+01 1.947000000000000000e+03 1.897055698616404698e+03 4.994430138359530247e+01
6.609404999999999575e+01 1.829000000000000000e+03 1.897092515338689282e+03 -6.809251533868928163e+01
6.611075999999999908e+01 1.954000000000000000e+03 1.897130446919721862e+03 5.686955308027813771e+01
6.612747000000000241e+01 1.875000000000000000e+03 1.897169477838175908e+03 -2.216947783817590789e+01
6.614418000000000575e+01 1.884000000000000000e+03 1.897209593039344099e+03 -1.320959303934409945e+01
6.616088999999999487e+01 1.855000000000000000e+03 1.897250777917006872e+03 -4.225077791700687158e+01
6.617759999999999820e+01 1.930000000000000000e+03 1.897293018296069249e+03 3.270698170393075088e+01
6.619432000000000471e+01 1.837000000000000000e+03 1.897336326627099879e+03 -6.033632662709987926e+01
6.621102999999999383e+01 1.896000000000000000e+03 1.897380637737373490e+03 -1.380637737373490381e+00
6.622773999999999717e+01 1.863000000000000000e+03 1.897425964240316944e+03 -3.442596424031694369e+01
6.624445000000000050e+01 1.897000000000000000e+03 1.897472293526408293e+03 -4.722935264082934737e-01
6.626116000000000383e+01 1.874000000000000000e+03 1.897519613340961541e+03 -2.351961334096154133e+01
6.627786999999999296e+01 1.915000000000000000e+03 1.897567911770743194e+03 1.743208822925680579e+01
6.629457999999999629e+01 1.975000000000000000e+03 1.897617177231140658e+03 7.738282276885934152e+01
6.631128999999999962e+01 1.856000000000000000e+03 1.897667398453859732e+03 -4.166739845385973240e+01
6.632801000000000613e+01 1.935000000000000000e+03 1.897718595375857831e+03 3.728140462414216927e+01
6.634471999999999525e+01 1.819000000000000000e+03 1.897770696080996913e+03 -7.877069608099691322e+01
6.636142999999999859e+01 1.807000000000000000e+03 1.897823720519780409e+03 -9.082372051978040872e+01
6.637814000000000192e+01 1.934000000000000000e+03 1.897877658576092244e+03 3.612234142390775560e+01
6.639485000000000525e+01 1.860000000000000000e+03 1.897932500395752868e+03 -3.793250039575286792e+01
6.641155999999999437e+01 1.926000000000000000e+03 1.897988236376919531e+03 2.801176362308046919e+01
6.642826999999999771e+01 1.882000000000000000e+03 1.898044857160866059e+03 -1.604485716086605862e+01
6.644498000000000104e+01 1.901000000000000000e+03 1.898102353623138015e+03 2.897646376861985118e+00
6.646169999999999334e+01 1.900000000000000000e+03 1.898160752049951725e+03 1.839247950048275015e+00
6.647840999999999667e+01 1.956000000000000000e+03 1.898219973901374260e+03 5.778002609862573991e+01
6.649512000000000000e+01 1.933000000000000000e+03 1.898280045374995552e+03 3.471995462500444773e+01
6.651183000000000334e+01 1.924000000000000000e+03 1.898340958201798912e+03 2.565904179820108766e+01
6.652854000000000667e+01 1.865000000000000000e+03 1.898402704307716704e+03 -3.340270430771670362e+01
6.654524999999999579e+01 1.791000000000000000e+03 1.898465275806657019e+03 -1.074652758066570186e+02
6.656195999999999913e+01 1.840000000000000000e+03 1.898528664993799339e+03 -5.852866499379933884e+01
6.657867000000000246e+01 1.897000000000000000e+03 1.898592864339147809e+03 -1.592864339147809005e+00
6.659538999999999476e+01 1.930000000000000000e+03 1.898657905620383190e+03 3.134209437961681033e+01
6.661209999999999809e+01 2.038000000000000000e+03 1.898723703834661819e+03 1.392762961653381808e+02
6.662881000000000142e+01 1.954000000000000000e+03 1.898790290601063816e+03 5.520970939893618379e+01
6.664552000000000476e+01 1.866000000000000000e+03 1.898857659029253227e+03 -3.285765902925322735e+01
6.666222999999999388e+01 2.010000000000000000e+03 1.898925802374957811e+03 1.110741976250421885e+02
6.667893999999999721e+01 1.771000000000000000e+03 1.898994714034853587e+03 -1.279947140348535868e+02
6.669565000000000055e+01 1.914000000000000000e+03 1.899064387541639235e+03 1.493561245836076523e+01
6.671236000000000388e+01 1.928000000000000000e+03 1.899134816559289902e+03 2.886518344071009778e+01
6.672907999999999618e+01 1.906000000000000000e+03 1.899206037697855663e+03 6.793962302144336718e+00
6.674578999999999951e+01 1.860000000000000000e+03 1.899277959674589283e+03 -3.927795967458928317e+01
6.676250000000000284e+01 1.845000000000000000e+03 1.899350618893424326e+03 -5.435061889342432551e+01
6.677921000000000618e+01 1.878000000000000000e+03 1.899424009499515250e+03 -2.142400949951525035e+01
6.679591999999999530e+01 1.877000000000000000e+03 1.899498125748092207e+03 -2.249812574809220678e+01
6.681262999999999863e+01 1.946000000000000000e+03 1.899572962000677990e+03 4.642703799932201036e+01
6.682934000000000196e+01 1.837000000000000000e+03 1.899648512721449833e+03 -6.264851272144983341e+01
6.684605000000000530e+01 1.827000000000000000e+03 1.899724772473729445e+03 -7.272477247372944476e+01
6.686276999999999759e+01 1.860000000000000000e+03 1.899801782184555123e+03 -3.980178218455512251e+01
6.687948000000000093e+01 1.986000000000000000e+03 1.899879444486064585e+03 8.612055551393541464e+01
6.689619000000000426e+01 1.983000000000000000e+03 1.899957800067711105e+03 8.304219993228889507e+01
6.691289999999999338e+01 1.892000000000000000e+03 1.900036843856907581e+03 -8.036843856907580630e+00
6.692960999999999672e+01 1.818000000000000000e+03 1.900116570864532605e+03 -8.211657086453260490e+01
6.694632000000000005e+01 1.940000000000000000e+03 1.900196976182133540e+03 3.980302381786646038e+01
6.696303000000000338e+01 1.892000000000000000e+03 1.900278054979239187e+03 -8.278054979239186650e+00
6.697974000000000672e+01 1.931000000000000000e+03 1.900359802500771821e+03 3.064019749922817937e+01
6.699645999999999901e+01 1.857000000000000000e+03 1.900442263581155430e+03 -4.344226358115543007e+01
6.701317000000000235e+01 1.965000000000000000e+03 1.900525334968785955e+03 6.447466503121404457e+01
6.702988000000000568e+01 1.869000000000000000e+03 1.900609061240833171e+03 -3.160906124083317081e+01
6.704658999999999480e+01 1.943000000000000000e+03 1.900693437919861026e+03 4.230656208013897412e+01
6.706329999999999814e+01 1.898000000000000000e+03 1.901170469196702470e+03 -3.170469196702470072e+00
6.708001000000000147e+01 1.868000000000000000e+03 1.901258564745733338e+03 -3.325856474573333799e+01
6.709672000000000480e+01 1.997000000000000000e+03 1.901347320330713046e+03 9.565267966928695387e+01
6.711342999999999392e+01 1.793000000000000000e+03 1.901436732000817983e+03 -1.084367320008179831e+02
6.713015000000000043e+01 1.929000000000000000e+03 1.901526849958505409e+03 2.747315004149459128e+01
6.714686000000000377e+01 1.851000000000000000e+03 1.901617562574007479e+03 -5.061756257400747927e+01
6.716357000000000710e+01 1.873000000000000000e+03 1.901708919776994207e+03 -2.870891977699420750e+01
6.718027999999999622e+01 1.910000000000000000e+03 1.901800917849484222e+03 8.199082150515778267e+00
6.719698999999999955e+01 1.944000000000000000e+03 1.901893553127952828e+03 4.210644687204717229e+01
6.721370000000000289e+01 1.961000000000000000e+03 1.901986822001972087e+03 5.901317799802791342e+01
6.723041000000000622e+01 1.949000000000000000e+03 1.902080720912930474e+03 4.691927908706952621e+01
6.724712999999999852e+01 2.009000000000000000e+03 1.902175303107892660e+03 1.068246968921073403e+02
6.726384000000000185e+01 1.851000000000000000e+03 1.902477210033983056e+03 -5.147721003398305584e+01
6.728055000000000518e+01 1.849000000000000000e+03 1.902574258799457084e+03 -5.357425879945708402e+01
6.729725999999999431e+01 1.993000000000000000e+03 1.902671935786684344e+03 9.032806421331565616e+01
6.731396999999999764e+01 1.855000000000000000e+03 1.902770237827805886e+03 -4.777023782780588590e+01
6.733068000000000097e+01 2.004000000000000000e+03 1.902869161802778763e+03 1.011308381972212374e+02
6.734739000000000431e+01 1.945000000000000000e+03 1.902968704638591362e+03 4.203129536140863820e+01
6.736409999999999343e+01 1.874000000000000000e+03 1.903068863308544451e+03 -2.906886330854445077e+01
6.738081999999999994e+01 1.829000000000000000e+03 1.903169695320608753e+03 -7.416969532060875281e+01
6.739753000000000327e+01 1.881000000000000000e+03 1.903271077124892372e+03 -2.227107712489237201e+01
6.741424000000000660e+01 1.843000000000000000e+03 1.903373065953105652e+03 -6.037306595310565172e+01
6.743094999999999573e+01 1.927000000000000000e+03 1.903475658957878977e+03 2.352434104212102284e+01
6.744765999999999906e+01 1.967000000000000000e+03 1.903578853335496660e+03 6.342114666450333971e+01
6.746437000000000239e+01 1.840000000000000000e+03 1.903682646325564065e+03 -6.368264632556406468e+01
6.748108000000000573e+01 1.883000000000000000e+03 1.903787035210726799e+03 -2.078703521072679905e+01
6.749778999999999485e+01 1.868000000000000000e+03 1.903892017316464035e+03 -3.589201731646403459e+01
6.751451000000000136e+01 1.876000000000000000e+03 1.903997653366596751e+03 -2.799765336659675086e+01
6.753122000000000469e+01 1.891000000000000000e+03 1.904103814411708754e+03 -1.310381441170875405e+01
6.754792999999999381e+01 1.878000000000000000e+03 1.904210560908203661e+03 -2.621056090820366080e+01
6.756463999999999714e+01 1.912000000000000000e+03 1.904317890352143877e+03 7.682109647856123047e+00
6.758135000000000048e+01 1.911000000000000000e+03 1.904425800282381033e+03 6.574199717618967043e+00
6.759806000000000381e+01 1.873000000000000000e+03 1.904534288280762894e+03 -3.153428828076289392e+01
6.761476999999999293e+01 1.958000000000000000e+03 1.904643351972400524e+03 5.335664802759947634e+01
6.763147999999999627e+01 1.933000000000000000e+03 1.904752989026030264e+03 2.824701097396973637e+01
6.764820000000000277e+01 1.956000000000000000e+03 1.904863263278367185e+03 5.113673672163281481e+01
6.766491000000000611e+01 1.985000000000000000e+03 1.904974040578652648e+03 8.002595942134735196e+01
6.768161999999999523e+01 1.952000000000000000e+03 1.905085384512269229e+03 4.691461548773077084e+01
6.769832999999999856e+01 1.861000000000000000e+03 1.905197292927587569e+03 -4.419729292758756856e+01
6.771504000000000190e+01 1.984000000000000000e+03 1.905309763719587181e+03 7.869023628041281881e+01
6.773175000000000523e+01 1.873000000000000000e+03 1.905422794830720932e+03 -3.242279483072093171e+01
6.774845999999999435e+01 1.897000000000000000e+03 1.905536384251873642e+03 -8.536384251873641915e+00
6.776516999999999769e+01 1.896000000000000000e+03 1.905650530023426882e+03 -9.650530023426881598e+00
6.778189000000000419e+01 1.972000000000000000e+03 1.905765299043709774e+03 6.623470095629022580e+01
6.779859999999999332e+01 1.910000000000000000e+03 1.905880552171279078e+03 4.119447828720922189e+00
6.781530999999999665e+01 1.927000000000000000e+03 1.905996356078533381e+03 2.100364392146661885e+01
6.783201999999999998e+01 1.944000000000000000e+03 1.906112709016678309e+03 3.788729098332169087e+01
6.784873000000000332e+01 1.879000000000000000e+03 1.906229609293418889e+03 -2.722960929341888914e+01
6.786544000000000665e+01 1.875000000000000000e+03 1.906347055274736249e+03 -3.134705527473624898e+01
6.788214999999999577e+01 1.851000000000000000e+03 1.906589622928745939e+03 -5.558962292874593913e+01
6.789885999999999910e+01 1.840000000000000000e+03 1.906708918784878279e+03 -6.670891878487827853e+01
6.791558000000000561e+01 1.940000000000000000e+03 1.906828834730002200e+03 3.317116526999780035e+01
6.793228999999999473e+01 1.882000000000000000e+03 1.906949226029930287e+03 -2.494922602993028704e+01
6.794899999999999807e+01 1.890000000000000000e+03 1.907070163018263884e+03 -1.707016301826388371e+01
6.796571000000000140e+01 1.904000000000000000e+03 1.907191644546073576e+03 -3.191644546073575839e+00
6.798242000000000473e+01 1.915000000000000000e+03 1.907313669541068748e+03 7.686330458931251997e+00
6.799912999999999386e+01 1.934000000000000000e+03 1.907436237010811737e+03 2.656376298918826251e+01
6.801583999999999719e+01 1.971000000000000000e+03 1.907559346046165047e+03 6.344065395383495343e+01
6.803255000000000052e+01 2.034000000000000000e+03 1.907682995824991167e+03 1.263170041750088330e+02
6.804927000000000703e+01 1.919000000000000000e+03 1.907807260098300276e+03 1.119273990169972421e+01
6.806597999999999615e+01 1.890000000000000000e+03 1.907997225684025352e+03 -1.799722568402535217e+01
6.808268999999999949e+01 1.940000000000000000e+03 1.908122891524587203e+03 3.187710847541279691e+01
6.809940000000000282e+01 1.867000000000000000e+03 1.908249099417466596e+03 -4.124909941746659570e+01
6.811611000000000615e+01 1.920000000000000000e+03 1.908375849085603704e+03 1.162415091439629578e+01
6.813281999999999528e+01 1.890000000000000000e+03 1.907982951640004330e+03 -1.798295164000433033e+01
6.814952999999999861e+01 2.004000000000000000e+03 1.908114435409752559e+03 9.588556459024744072e+01
6.816624000000000194e+01 1.892000000000000000e+03 1.908246422546521217e+03 -1.624642254652121665e+01
6.818295999999999424e+01 1.913000000000000000e+03 1.908378993248938741e+03 4.621006751061258910e+00
6.819966999999999757e+01 1.899000000000000000e+03 1.908511989832610425e+03 -9.511989832610424855e+00
6.821638000000000090e+01 1.881000000000000000e+03 1.908645492469651344e+03 -2.764549246965134444e+01
6.823309000000000424e+01 1.926000000000000000e+03 1.908779502344885032e+03 1.722049765511496844e+01
6.824979999999999336e+01 1.889000000000000000e+03 1.908914020802983941e+03 -1.991402080298394139e+01
6.826650999999999669e+01 1.869000000000000000e+03 1.909049049358516413e+03 -4.004904935851641312e+01
6.828322000000000003e+01 1.890000000000000000e+03 1.909184589706745783e+03 -1.918458970674578268e+01
6.829994000000000653e+01 1.911000000000000000e+03 1.909320725310168655e+03 1.679274689831345313e+00
6.831664999999999566e+01 1.990000000000000000e+03 1.909457295420623950e+03 8.054270457937604988e+01
6.833335999999999899e+01 1.969000000000000000e+03 1.909322163621262234e+03 5.967783637873776570e+01
6.835007000000000232e+01 1.865000000000000000e+03 1.909461673351268246e+03 -4.446167335126824582e+01
6.836678000000000566e+01 1.931000000000000000e+03 1.909601686661172607e+03 2.139831333882739273e+01
6.838348999999999478e+01 1.888000000000000000e+03 1.909742206883263179e+03 -2.174220688326317941e+01
6.840019999999999811e+01 1.860000000000000000e+03 1.909883237628607276e+03 -4.988323762860727584e+01
6.841691000000000145e+01 1.873000000000000000e+03 1.910024782806902749e+03 -3.702478280690274914e+01
6.843362999999999374e+01 1.934000000000000000e+03 1.910166931821395110e+03 2.383306817860488991e+01
6.845033999999999708e+01 1.855000000000000000e+03 1.910309519212956275e+03 -5.530951921295627471e+01
6.846705000000000041e+01 2.002000000000000000e+03 1.910452634785353894e+03 9.154736521464610632e+01
6.848376000000000374e+01 1.945000000000000000e+03 1.910596283876712732e+03 3.440371612328726769e+01
6.850047000000000708e+01 1.929000000000000000e+03 1.910740472251037772e+03 1.825952774896222763e+01
6.851717999999999620e+01 1.965000000000000000e+03 1.910885206130671804e+03 5.411479386932819580e+01
6.853388999999999953e+01 1.878000000000000000e+03 1.911030492231654762e+03 -3.303049223165476178e+01
6.855060000000000286e+01 1.840000000000000000e+03 1.911176337802308353e+03 -7.117633780230835328e+01
6.856731999999999516e+01 1.954000000000000000e+03 1.911322838456791260e+03 4.267716154320874011e+01
6.858402999999999849e+01 1.896000000000000000e+03 1.911469827402782357e+03 -1.546982740278235724e+01
6.860074000000000183e+01 1.931000000000000000e+03 1.911617401204469388e+03 1.938259879553061182e+01
6.861745000000000516e+01 1.973000000000000000e+03 1.911765569703032952e+03 6.123443029696704798e+01
6.863415999999999428e+01 1.852000000000000000e+03 1.911914343526915445e+03 -5.991434352691544518e+01
6.865086999999999762e+01 1.946000000000000000e+03 1.912063734158704392e+03 3.393626584129560797e+01
6.866758000000000095e+01 1.986000000000000000e+03 1.912213754008793558e+03 7.378624599120644234e+01
6.868429000000000428e+01 1.955000000000000000e+03 1.912364416496620152e+03 4.263558350337984848e+01
6.870100999999999658e+01 1.906000000000000000e+03 1.912515826896567432e+03 -6.515826896567432414e+00
6.871771999999999991e+01 1.904000000000000000e+03 1.912667819820204841e+03 -8.667819820204840653e+00
6.873443000000000325e+01 1.902000000000000000e+03 1.912820502650985873e+03 -1.082050265098587261e+01
6.875114000000000658e+01 1.829000000000000000e+03 1.912973893844256054e+03 -8.397389384425605385e+01
6.876784999999999570e+01 1.963000000000000000e+03 1.913128013421300011e+03 4.987198657869998897e+01
6.878455999999999904e+01 1.995000000000000000e+03 1.913282883120496990e+03 8.171711687950300984e+01
6.880127000000000237e+01 1.961000000000000000e+03 1.913438526565945722e+03 4.756147343405427819e+01
6.881798000000000570e+01 1.921000000000000000e+03 1.913594969455944010e+03 7.405030544055989594e+00
6.883469999999999800e+01 1.960000000000000000e+03 1.913752334145205850e+03 4.624766585479414971e+01
6.885141000000000133e+01 1.946000000000000000e+03 1.913910462920048985e+03 3.208953707995101468e+01
6.886812000000000467e+01 1.999000000000000000e+03 1.914069482943155890e+03 8.493051705684410990e+01
6.888482999999999379e+01 1.869000000000000000e+03 1.914229430598362114e+03 -4.522943059836211432e+01
6.890153999999999712e+01 1.974000000000000000e+03 1.914390345696378972e+03 5.960965430362102779e+01
6.891825000000000045e+01 1.908000000000000000e+03 1.914552271857866117e+03 -6.552271857866116989e+00
6.893496000000000379e+01 1.930000000000000000e+03 1.914715256947867829e+03 1.528474305213217121e+01
6.895166999999999291e+01 1.952000000000000000e+03 1.914879353569646128e+03 3.712064643035387235e+01
6.896838999999999942e+01 1.914000000000000000e+03 1.915044718892461105e+03 -1.044718892461105497e+00
6.898510000000000275e+01 1.943000000000000000e+03 1.915211218992714294e+03 2.778878100728570644e+01
6.900181000000000608e+01 1.922000000000000000e+03 1.915379022949593036e+03 6.620977050406963826e+00
6.901851999999999521e+01 1.953000000000000000e+03 1.915548208822074912e+03 3.745179117792508805e+01
6.903522999999999854e+01 1.828000000000000000e+03 1.915718863169907081e+03 -8.771886316990708110e+01
6.905194000000000187e+01 1.944000000000000000e+03 1.915891082179104160e+03 2.810891782089584012e+01
6.906865000000000521e+01 1.899000000000000000e+03 1.916064972966153846e+03 -1.706497296615384585e+01
6.908535999999999433e+01 1.955000000000000000e+03 1.916240655094132990e+03 3.875934490586701031e+01
6.910208000000000084e+01 1.943000000000000000e+03 1.916418369234489091e+03 2.658163076551090853e+01
6.911879000000000417e+01 1.886000000000000000e+03 1.916598052953237129e+03 -3.059805295323712926e+01
6.913549999999999329e+01 1.974000000000000000e+03 1.916779980738711174e+03 5.722001926128882587e+01
6.915220999999999663e+01 1.822000000000000000e+03 1.916964342964888829e+03 -9.496434296488882865e+01
6.916891999999999996e+01 1.914000000000000000e+03 1.917151354982909652e+03 -3.151354982909651881e+00
6.918563000000000329e+01 1.923000000000000000e+03 1.917341261154384028e+03 5.658738845615971513e+00
6.920234000000000663e+01 1.973000000000000000e+03 1.917534339666072810e+03 5.546566033392718964e+01
6.921904999999999575e+01 1.928000000000000000e+03 1.917730908303259639e+03 1.026909169674036093e+01
6.923577000000000226e+01 1.977000000000000000e+03 1.917931452582220118e+03 5.906854741777988238e+01
6.925248000000000559e+01 1.937000000000000000e+03 1.918136152160672054e+03 1.886384783932794562e+01
6.926918999999999471e+01 1.876000000000000000e+03 1.918345610373125510e+03 -4.234561037312550980e+01
6.928589999999999804e+01 1.957000000000000000e+03 1.918560389580859010e+03 3.843961041914099042e+01
6.930261000000000138e+01 1.892000000000000000e+03 1.918781145361610015e+03 -2.678114536161001524e+01
6.931932000000000471e+01 1.940000000000000000e+03 1.919008645626773841e+03 2.099135437322615871e+01
6.933602999999999383e+01 1.894000000000000000e+03 1.919243794446195579e+03 -2.524379444619557944e+01
6.935275000000000034e+01 1.957000000000000000e+03 1.919487810745800743e+03 3.751218925419925654e+01
6.936946000000000367e+01 1.890000000000000000e+03 1.919741677385283083e+03 -2.974167738528308291e+01
6.938617000000000701e+01 1.932000000000000000e+03 1.920007064115050980e+03 1.199293588494901996e+01
6.940287999999999613e+01 1.976000000000000000e+03 1.920285812765566106e+03 5.571418723443389354e+01
6.941958999999999946e+01 1.923000000000000000e+03 1.920580164338928171e+03 2.419835661071829236e+00
6.943630000000000280e+01 1.894000000000000000e+03 1.920892875224787986e+03 -2.689287522478798564e+01
6.945301000000000613e+01 1.978000000000000000e+03 1.921227387282311611e+03 5.677261271768838924e+01
6.946971999999999525e+01 1.900000000000000000e+03 1.921588092958960033e+03 -2.158809295896003277e+01
6.948644000000000176e+01 1.974000000000000000e+03 1.921981017622157196e+03 5.201898237784280354e+01
6.950315000000000509e+01 1.930000000000000000e+03 1.922413600639969218e+03 7.586399360030782191e+00
6.951985999999999422e+01 1.851000000000000000e+03 1.922897339293326695e+03 -7.189733929332669504e+01
6.953656999999999755e+01 1.954000000000000000e+03 1.923448870942002486e+03 3.055112905799751388e+01
6.955328000000000088e+01 1.968000000000000000e+03 1.924093188370010694e+03 4.390681162998930631e+01
6.956999000000000422e+01 1.970000000000000000e+03 1.924867657396123832e+03 4.513234260387616814e+01
6.958669999999999334e+01 1.916000000000000000e+03 1.925826622573125178e+03 -9.826622573125177951e+00
6.960340999999999667e+01 2.006000000000000000e+03 1.927045408135203388e+03 7.895459186479661184e+01
6.962013000000000318e+01 1.921000000000000000e+03 1.928622753926808173e+03 -7.622753926808172764e+00
6.963684000000000651e+01 1.985000000000000000e+03 1.930673017876698395e+03 5.432698212330160459e+01
6.965354999999999563e+01 1.993000000000000000e+03 1.933320333574844199e+03 5.967966642515580133e+01
6.967025999999999897e+01 1.992000000000000000e+03 1.936674366107209607e+03 5.532563389279039257e+01
6.968697000000000230e+01 1.893000000000000000e+03 1.940798378628994669e+03 -4.779837862899466927e+01
6.970368000000000563e+01 1.921000000000000000e+03 1.945656452045940568e+03 -2.465645204594056850e+01
6.972038999999999476e+01 1.956000000000000000e+03 1.951023750163246632e+03 4.976249836753368072e+00
6.973709999999999809e+01 1.941000000000000000e+03 1.956354669670104613e+03 -1.535466967010461303e+01
6.975382000000000460e+01 2.026000000000000000e+03 1.960703266271483471e+03 6.529673372851652857e+01
6.977052999999999372e+01 1.984000000000000000e+03 1.962947548869773982e+03 2.105245113022601799e+01
6.978723999999999705e+01 1.988000000000000000e+03 1.962482276617651678e+03 2.551772338234832205e+01
6.980395000000000039e+01 1.964000000000000000e+03 1.959730166274832754e+03 4.269833725167245575e+00
6.982066000000000372e+01 1.947000000000000000e+03 1.955825461267585069e+03 -8.825461267585069436e+00
6.983737000000000705e+01 1.875000000000000000e+03 1.951884011744000873e+03 -7.688401174400087257e+01
6.985407999999999618e+01 1.940000000000000000e+03 1.948631647746204408e+03 -8.631647746204407667e+00
6.987078999999999951e+01 1.896000000000000000e+03 1.946424633070037771e+03 -5.042463307003777118e+01
6.988751000000000602e+01 1.936000000000000000e+03 1.945369143017348506e+03 -9.369143017348505964e+00
6.990421999999999514e+01 1.970000000000000000e+03 1.945397459140531510e+03 2.460254085946849045e+01
6.992092999999999847e+01 1.859000000000000000e+03 1.946276048933827269e+03 -8.727604893382726914e+01
6.993764000000000181e+01 1.986000000000000000e+03 1.947576041963612170e+03 3.842395803638783036e+01
6.995435000000000514e+01 1.982000000000000000e+03 1.948661135685842737e+03 3.333886431415726292e+01
6.997105999999999426e+01 1.887000000000000000e+03 1.948843723494078404e+03 -6.184372349407840375e+01
6.998776999999999759e+01 1.957000000000000000e+03 1.947751163284680842e+03 9.248836715319157520e+00
7.000448000000000093e+01 1.936000000000000000e+03 1.945566711662406988e+03 -9.566711662406987671e+00
7.002119999999999322e+01 1.917000000000000000e+03 1.942824087901198482e+03 -2.582408790119848163e+01
7.003790999999999656e+01 1.951000000000000000e+03 1.940036788855031318e+03 1.096321114496868177e+01
7.005461999999999989e+01 1.946000000000000000e+03 1.937514470818385917e+03 8.485529181614083427e+00
7.007133000000000322e+01 2.002000000000000000e+03 1.935391920679198620e+03 6.660807932080138016e+01
7.008804000000000656e+01 1.935000000000000000e+03 1.933696502750418631e+03 1.303497249581369033e+00
7.010474999999999568e+01 1.962000000000000000e+03 1.932398529394238039e+03 2.960147060576196054e+01
7.012145999999999901e+01 1.896000000000000000e+03 1.931440903446107313e+03 -3.544090344610731336e+01
7.013817000000000235e+01 1.880000000000000000e+03 1.930757281093029178e+03 -5.075728109302917801e+01
7.015488999999999464e+01 1.912000000000000000e+03 1.930283484856174482e+03 -1.828348485617448205e+01
7.017159999999999798e+01 1.995000000000000000e+03 1.929965228423882081e+03 6.503477157611791881e+01
7.018831000000000131e+01 1.992000000000000000e+03 1.929759107031856956e+03 6.224089296814304362e+01
7.020502000000000464e+01 1.971000000000000000e+03 1.929633510934704191e+03 4.136648906529580927e+01
7.022172999999999377e+01 1.901000000000000000e+03 1.929566358348828771e+03 -2.856635834882877134e+01
7.023843999999999710e+01 1.977000000000000000e+03 1.929542670304433614e+03 4.745732969556638636e+01
7.025515000000000043e+01 1.948000000000000000e+03 1.929552358276788482e+03 1.844764172321151818e+01
7.027186000000000377e+01 1.935000000000000000e+03 1.929588525481693068e+03 5.411474518306931714e+00
7.028857999999999606e+01 1.945000000000000000e+03 1.929646344310294353e+03 1.535365568970564709e+01
7.030528999999999940e+01 1.927000000000000000e+03 1.929722169406112243e+03 -2.722169406112243450e+00
7.032200000000000273e+01 1.915000000000000000e+03 1.929813304070071581e+03 -1.481330407007158101e+01
7.033871000000000606e+01 1.970000000000000000e+03 1.929917607292411049e+03 4.008239270758895145e+01
7.035541999999999518e+01 1.900000000000000000e+03 1.930033360975621235e+03 -3.003336097562123541e+01
7.037212999999999852e+01 1.952000000000000000e+03 1.930159166526620538e+03 2.184083347337946179e+01
7.038884000000000185e+01 1.884000000000000000e+03 1.930293874322415832e+03 -4.629387432241583156e+01
7.040555999999999415e+01 1.887000000000000000e+03 1.930436620424288549e+03 -4.343662042428854875e+01
7.042226999999999748e+01 2.023000000000000000e+03 1.930586442075050627e+03 9.241355792494937305e+01
7.043898000000000081e+01 1.889000000000000000e+03 1.930742761157449422e+03 -4.174276115744942217e+01
7.045569000000000415e+01 1.955000000000000000e+03 1.930905023716308278e+03 2.409497628369172162e+01
7.047239999999999327e+01 1.897000000000000000e+03 1.931072764699459867e+03 -3.407276469945986719e+01
7.048910999999999660e+01 1.912000000000000000e+03 1.931245593291685964e+03 -1.924559329168596378e+01
7.050581999999999994e+01 1.879000000000000000e+03 1.931423181107523305e+03 -5.242318110752330540e+01
7.052253000000000327e+01 1.897000000000000000e+03 1.931605252629072993e+03 -3.460525262907299293e+01
7.053924999999999557e+01 1.920000000000000000e+03 1.931791690158852134e+03 -1.179169015885213412e+01
7.055595999999999890e+01 1.910000000000000000e+03 1.931982078877018694e+03 -2.198207887701869367e+01
7.057267000000000223e+01 1.980000000000000000e+03 1.932176370812143432e+03 4.782362918785656802e+01
7.058938000000000557e+01 1.935000000000000000e+03 1.932374436899680632e+03 2.625563100319368459e+00
7.060608999999999469e+01 1.946000000000000000e+03 1.932576173665888064e+03 1.342382633411193638e+01
7.062279999999999802e+01 1.979000000000000000e+03 1.932781500267262118e+03 4.621849973273788237e+01
7.063951000000000136e+01 1.884000000000000000e+03 1.932990356031406691e+03 -4.899035603140669082e+01
7.065622000000000469e+01 1.888000000000000000e+03 1.933202698413005464e+03 -4.520269841300546432e+01
7.067293999999999699e+01 1.888000000000000000e+03 1.933418631474669155e+03 -4.541863147466915507e+01
7.068965000000000032e+01 1.845000000000000000e+03 1.933637885825964077e+03 -8.863788582596407650e+01
7.070636000000000365e+01 1.929000000000000000e+03 1.933860592348636374e+03 -4.860592348636373572e+00
7.072307000000000698e+01 1.931000000000000000e+03 1.934086766712099234e+03 -3.086766712099233700e+00
7.073977999999999611e+01 1.876000000000000000e+03 1.934316436708891160e+03 -5.831643670889116038e+01
7.075648999999999944e+01 1.999000000000000000e+03 1.934549641630912447e+03 6.445035836908755300e+01
7.077320000000000277e+01 2.019000000000000000e+03 1.934786431779530631e+03 8.421356822046936941e+01
7.078991000000000611e+01 1.925000000000000000e+03 1.935026868093362737e+03 -1.002686809336273654e+01
7.080662999999999840e+01 1.921000000000000000e+03 1.935271169121702087e+03 -1.427116912170208707e+01
7.082334000000000174e+01 1.978000000000000000e+03 1.935519124185857663e+03 4.248087581414233682e+01
7.084005000000000507e+01 1.919000000000000000e+03 1.935770969895621874e+03 -1.677096989562187446e+01
7.085675999999999419e+01 1.948000000000000000e+03 1.936026807964440422e+03 1.197319203555957756e+01
7.087346999999999753e+01 1.982000000000000000e+03 1.936286750265422825e+03 4.571324973457717533e+01
7.089018000000000086e+01 1.952000000000000000e+03 1.936550918963391496e+03 1.544908103660850429e+01
7.090689000000000419e+01 1.893000000000000000e+03 1.936819446713165917e+03 -4.381944671316591666e+01
7.092359999999999332e+01 1.843000000000000000e+03 1.937092476922207879e+03 -9.409247692220787940e+01
7.094031999999999982e+01 1.987000000000000000e+03 1.937370331683724544e+03 4.962966831627545616e+01
7.095703000000000316e+01 1.974000000000000000e+03 1.937652844675934602e+03 3.634715532406539751e+01
7.097374000000000649e+01 1.841000000000000000e+03 1.937940358552900534e+03 -9.694035855290053405e+01
7.099044999999999561e+01 1.932000000000000000e+03 1.938233063636808083e+03 -6.233063636808083174e+00
7.100715999999999894e+01 1.894000000000000000e+03 1.938531163275286190e+03 -4.453116327528618967e+01
7.102387000000000228e+01 1.925000000000000000e+03 1.938834874497159490e+03 -1.383487449715948969e+01
7.104058000000000561e+01 1.955000000000000000e+03 1.939144428741775073e+03 1.585557125822492708e+01
7.105728999999999473e+01 1.978000000000000000e+03 1.939460072666128326e+03 3.853992733387167391e+01
7.107401000000000124e+01 1.974000000000000000e+03 1.939782263688501644e+03 3.421773631149835637e+01
7.109072000000000457e+01 1.886000000000000000e+03 1.940110896408468534e+03 -5.411089640846853399e+01
7.110742999999999370e+01 1.922000000000000000e+03 1.940446459617804521e+03 -1.844645961780452126e+01
7.112413999999999703e+01 1.961000000000000000e+03 1.940789270675385296e+03 2.021072932461470373e+01
7.114085000000000036e+01 1.958000000000000000e+03 1.941139667565506215e+03 1.686033243449378460e+01
7.115756000000000370e+01 1.941000000000000000e+03 1.941498010307369896e+03 -4.980103073698955995e-01
7.117427000000000703e+01 1.862000000000000000e+03 1.941864682496827299e+03 -7.986468249682729947e+01
7.119097999999999615e+01 1.917000000000000000e+03 1.942240092992775317e+03 -2.524009299277531682e+01
7.120770000000000266e+01 1.957000000000000000e+03 1.942782254967874906e+03 1.421774503212509444e+01
7.122441000000000599e+01 1.913000000000000000e+03 1.943177393661868109e+03 -3.017739366186810912e+01
7.124111999999999512e+01 1.943000000000000000e+03 1.943582676355700869e+03 -5.826763557008689531e-01
7.125782999999999845e+01 1.984000000000000000e+03 1.943998633355208767e+03 4.000136664479123283e+01
7.127454000000000178e+01 2.030000000000000000e+03 1.944425831386597338e+03 8.557416861340266223e+01
7.129125000000000512e+01 2.059000000000000000e+03 1.944864876512128831e+03 1.141351234878711693e+02
7.130795999999999424e+01 1.939000000000000000e+03 1.945316417333059462e+03 -6.316417333059462180e+00
7.132466999999999757e+01 2.020000000000000000e+03 1.945781148511775882e+03 7.421885148822411793e+01
7.134139000000000408e+01 1.955000000000000000e+03 1.946260105432877481e+03 8.739894567122519220e+00
7.135809999999999320e+01 2.028000000000000000e+03 1.946753514409910849e+03 8.124648559008915072e+01
7.137480999999999653e+01 1.952000000000000000e+03 1.947262515431289330e+03 4.737484568710669919e+00
7.139151999999999987e+01 1.968000000000000000e+03 1.947788030416460742e+03 2.021196958353925766e+01
7.140823000000000320e+01 1.950000000000000000e+03 1.948413591921205580e+03 1.586408078794420362e+00
7.142494000000000653e+01 1.959000000000000000e+03 1.948975661081213957e+03 1.002433891878604300e+01
7.144164999999999566e+01 1.910000000000000000e+03 1.949557459766578631e+03 -3.955745976657863139e+01
7.145837000000000216e+01 1.972000000000000000e+03 1.950160598063484940e+03 2.183940193651505979e+01
7.147508000000000550e+01 1.905000000000000000e+03 1.950785698069313639e+03 -4.578569806931363928e+01
7.149178999999999462e+01 1.983000000000000000e+03 1.951434566840990101e+03 3.156543315900989910e+01
7.150849999999999795e+01 2.045000000000000000e+03 1.952108777848366799e+03 9.289122215163320107e+01
7.152521000000000129e+01 1.947000000000000000e+03 1.952810037516329658e+03 -5.810037516329657592e+00
7.154192000000000462e+01 1.844000000000000000e+03 1.953540198919171871e+03 -1.095401989191718712e+02
7.155862999999999374e+01 1.936000000000000000e+03 1.954301277159097708e+03 -1.830127715909770814e+01
7.157533999999999708e+01 1.962000000000000000e+03 1.955095466669822599e+03 6.904533330177400785e+00
7.159206000000000358e+01 1.904000000000000000e+03 1.955925668391570980e+03 -5.192566839157098002e+01
7.160877000000000692e+01 2.004000000000000000e+03 1.956793504792556405e+03 4.720649520744359506e+01
7.162547999999999604e+01 1.933000000000000000e+03 1.957702321685670313e+03 -2.470232168567031295e+01
7.164218999999999937e+01 1.913000000000000000e+03 1.958655253408645422e+03 -4.565525340864542159e+01
7.165890000000000271e+01 2.031000000000000000e+03 1.959655740704535901e+03 7.134425929546409861e+01
7.167561000000000604e+01 2.027000000000000000e+03 1.960707567463347686e+03 6.629243253665231350e+01
7.169231999999999516e+01 2.031000000000000000e+03 1.961814902723248906e+03 6.918509727675109389e+01
7.170902999999999849e+01 1.978000000000000000e+03 1.962982348809915493e+03 1.501765119008450711e+01
7.172575000000000500e+01 2.050000000000000000e+03 1.964215754950319706e+03 8.578424504968029396e+01
7.174245999999999412e+01 1.938000000000000000e+03 1.965519292084403560e+03 -2.751929208440355978e+01
7.175916999999999746e+01 1.954000000000000000e+03 1.966899947635890612e+03 -1.289994763589061222e+01
7.177588000000000079e+01 1.838000000000000000e+03 1.968364702970647159e+03 -1.303647029706471585e+02
7.179259000000000412e+01 1.878000000000000000e+03 1.969921350433330645e+03 -9.192135043333064459e+01
7.180929999999999325e+01 2.003000000000000000e+03 1.971578609341834863e+03 3.142139065816513721e+01
7.182600999999999658e+01 2.050000000000000000e+03 1.973346261817172490e+03 7.665373818282751017e+01
7.184271999999999991e+01 1.958000000000000000e+03 1.975235312414158898e+03 -1.723531241415889781e+01
7.185944000000000642e+01 2.053000000000000000e+03 1.977259429780244091e+03 7.574057021975590942e+01
7.187614999999999554e+01 2.022000000000000000e+03 1.979430249320241501e+03 4.256975067975849925e+01
7.189285999999999888e+01 2.012000000000000000e+03 1.981764889491839313e+03 3.023511050816068746e+01
7.190957000000000221e+01 2.014000000000000000e+03 1.984281515370445504e+03 2.971848462955449577e+01
7.192628000000000554e+01 2.000000000000000000e+03 1.987000887859389195e+03 1.299911214061080500e+01
7.194298999999999467e+01 2.020000000000000000e+03 1.989946821655877102e+03 3.005317834412289812e+01
7.195969999999999800e+01 1.988000000000000000e+03 1.993146739942991871e+03 -5.146739942991871430e+00
7.197641000000000133e+01 1.965000000000000000e+03 1.996632349709695291e+03 -3.163234970969529058e+01
7.199312999999999363e+01 2.044000000000000000e+03 2.000442852140861760e+03 4.355714785913824016e+01
7.200983999999999696e+01 1.956000000000000000e+03 2.004616658347519660e+03 -4.861665834751966031e+01
7.202655000000000030e+01 1.958000000000000000e+03 2.009206286285350416e+03 -5.120628628535041571e+01
7.204326000000000363e+01 2.011000000000000000e+03 2.014271038096834673e+03 -3.271038096834672615e+00
7.205997000000000696e+01 2.028000000000000000e+03 2.019881157666473655e+03 8.118842333526345101e+00
7.207667999999999608e+01 2.009000000000000000e+03 2.026120349470779729e+03 -1.712034947077972902e+01
7.209338999999999942e+01 2.043000000000000000e+03 2.033089040859467559e+03 9.910959140532440870e+00
7.211010000000000275e+01 2.055000000000000000e+03 2.040908724140687355e+03 1.409127585931264548e+01
7.212681999999999505e+01 2.075000000000000000e+03 2.049733589485791981e+03 2.526641051420801887e+01
7.214352999999999838e+01 2.023000000000000000e+03 2.059737665383754120e+03 -3.673766538375411983e+01
7.216024000000000171e+01 1.993000000000000000e+03 2.071160012978694340e+03 -7.816001297869433984e+01
7.217695000000000505e+01 2.118000000000000000e+03 2.084306594529987706e+03 3.369340547001229424e+01
7.219365999999999417e+01 2.107000000000000000e+03 2.099592245824072961e+03 7.407754175927038887e+00
7.221036999999999750e+01 2.106000000000000000e+03 2.117601557646787114e+03 -1.160155764678711421e+01
7.222708000000000084e+01 2.136000000000000000e+03 2.139185050743583815e+03 -3.185050743583815347e+00
7.224379000000000417e+01 2.123000000000000000e+03 2.165601057303467769e+03 -4.260105730346776909e+01
7.226050999999999647e+01 2.189000000000000000e+03 2.198727753053658944e+03 -9.727753053658943827e+00
7.227721999999999980e+01 2.081000000000000000e+03 2.241200859180290081e+03 -1.602008591802900810e+02
7.229393000000000313e+01 2.162000000000000000e+03 2.296732573584778947e+03 -1.347325735847789474e+02
7.231064000000000647e+01 2.233000000000000000e+03 2.370137360266187443e+03 -1.371373602661874429e+02
7.232734999999999559e+01 2.366000000000000000e+03 2.467235241183592279e+03 -1.012352411835922794e+02
7.234405999999999892e+01 2.538000000000000000e+03 2.594414054104825027e+03 -5.641405410482502703e+01
7.236077000000000226e+01 2.703000000000000000e+03 2.757786787717595416e+03 -5.478678771759541632e+01
7.237748999999999455e+01 2.891000000000000000e+03 2.962002592186773654e+03 -7.100259218677365425e+01
7.239419999999999789e+01 3.204000000000000000e+03 3.207718190084715843e+03 -3.718190084715843113e+00
7.241091000000000122e+01 3.667000000000000000e+03 3.489055589893580873e+03 1.779444101064191273e+02
7.242762000000000455e+01 3.970000000000000000e+03 3.787833345610237757e+03 1.821666543897622432e+02
7.244432999999999367e+01 4.085000000000000000e+03 4.067331796043929899e+03 1.766820395607010141e+01
7.246103999999999701e+01 4.054000000000000000e+03 4.272312262583954180e+03 -2.183122625839541797e+02
7.247775000000000034e+01 3.939000000000000000e+03 4.348408225576791665e+03 -4.094082255767916649e+02
7.249446000000000367e+01 3.946000000000000000e+03 4.277512962861962478e+03 -3.315129628619624782e+02
7.251117999999999597e+01 3.895000000000000000e+03 4.093429277240782540e+03 -1.984292772407825396e+02
7.252788999999999930e+01 3.636000000000000000e+03 3.858045978040058344e+03 -2.220459780400583440e+02
7.254460000000000264e+01 3.423000000000000000e+03 3.626690429258055701e+03 -2.036904292580557012e+02
7.256131000000000597e+01 3.295000000000000000e+03 3.434660237368706021e+03 -1.396602373687060208e+02
7.257801999999999509e+01 3.195000000000000000e+03 3.299512412675881933e+03 -1.045124126758819330e+02
7.259472999999999843e+01 3.044000000000000000e+03 3.226759433414956220e+03 -1.827594334149562201e+02
7.261144000000000176e+01 3.261000000000000000e+03 3.213340797540729000e+03 4.765920245927100041e+01
7.262815000000000509e+01 3.317000000000000000e+03 3.248325122463603293e+03 6.867487753639670700e+01
7.264486999999999739e+01 3.266000000000000000e+03 3.311524622978316529e+03 -4.552462297831652904e+01
7.266158000000000072e+01 3.265000000000000000e+03 3.372029416246351502e+03 -1.070294162463515022e+02
7.267829000000000406e+01 3.206000000000000000e+03 3.393278462791427046e+03 -1.872784627914270459e+02
7.269499999999999318e+01 3.044000000000000000e+03 3.348583012912478807e+03 -3.045830129124788073e+02
7.271170999999999651e+01 3.051000000000000000e+03 3.237369276305259518e+03 -1.863692763052595183e+02
7.272841999999999985e+01 2.960000000000000000e+03 3.082849617373700312e+03 -1.228496173737003119e+02
7.274513000000000318e+01 2.732000000000000000e+03 2.914085577501366970e+03 -1.820855775013669700e+02
7.276184000000000651e+01 2.664000000000000000e+03 2.752448209252313973e+03 -8.844820925231397268e+01
7.277855999999999881e+01 2.539000000000000000e+03 2.609220565728147449e+03 -7.022056572814744868e+01
7.279527000000000214e+01 2.434000000000000000e+03 2.488806625067896675e+03 -5.480662506789667532e+01
7.281198000000000548e+01 2.415000000000000000e+03 2.391208823570340428e+03 2.379117642965957202e+01
7.282868999999999460e+01 2.248000000000000000e+03 2.314310982666653672e+03 -6.631098266665367191e+01
7.284539999999999793e+01 2.350000000000000000e+03 2.254951835849615691e+03 9.504816415038430932e+01
7.286211000000000126e+01 2.199000000000000000e+03 2.209683309117472163e+03 -1.068330911747216305e+01
7.287882000000000460e+01 2.318000000000000000e+03 2.175267684007093521e+03 1.427323159929064786e+02
7.289552999999999372e+01 2.143000000000000000e+03 2.148963998368968532e+03 -5.963998368968532304e+00
7.291225000000000023e+01 2.161000000000000000e+03 2.128599850453043018e+03 3.240014954695698179e+01
7.292896000000000356e+01 2.141000000000000000e+03 2.112619770968845387e+03 2.838022903115461304e+01
7.294567000000000689e+01 2.045000000000000000e+03 2.099899160926466720e+03 -5.489916092646672041e+01
7.296237999999999602e+01 2.053000000000000000e+03 2.089684478014231445e+03 -3.668447801423144483e+01
7.297908999999999935e+01 2.107000000000000000e+03 2.081474260618708286e+03 2.552573938129171438e+01
7.299580000000000268e+01 2.103000000000000000e+03 2.074937803196088680e+03 2.806219680391131988e+01
7.301251000000000602e+01 2.052000000000000000e+03 2.069859288032826953e+03 -1.785928803282695299e+01
7.302921999999999514e+01 2.016000000000000000e+03 2.066103224336370658e+03 -5.010322433637065842e+01
7.304594000000000165e+01 2.123000000000000000e+03 2.063594756080964544e+03 5.940524391903545620e+01
7.306265000000000498e+01 2.044000000000000000e+03 2.062318420009996316e+03 -1.831842000999631637e+01
7.307935999999999410e+01 2.113000000000000000e+03 2.062313004787787577e+03 5.068699521221242321e+01
7.309606999999999744e+01 2.051000000000000000e+03 2.063695541227888043e+03 -1.269554122788804307e+01
7.311278000000000077e+01 2.113000000000000000e+03 2.066676981603655349e+03 4.632301839634465068e+01
7.312949000000000410e+01 2.066000000000000000e+03 2.071619905085036862e+03 -5.619905085036862147e+00
7.314619999999999322e+01 2.002000000000000000e+03 2.079085148673460026e+03 -7.708514867346002575e+01
7.316290999999999656e+01 2.138000000000000000e+03 2.089898403727606365e+03 4.810159627239363545e+01
7.317963000000000306e+01 2.041000000000000000e+03 2.105216287143858153e+03 -6.421628714385815329e+01
7.319634000000000640e+01 2.057000000000000000e+03 2.126507468953804164e+03 -6.950746895380416390e+01
7.321304999999999552e+01 2.090000000000000000e+03 2.155558681007368250e+03 -6.555868100736824999e+01
7.322975999999999885e+01 2.174000000000000000e+03 2.194295580500528558e+03 -2.029558050052855833e+01
7.324647000000000219e+01 2.236000000000000000e+03 2.244523990240040803e+03 -8.523990240040802746e+00
7.326318000000000552e+01 2.350000000000000000e+03 2.307520669155579526e+03 4.247933084442047402e+01
7.327988999999999464e+01 2.268000000000000000e+03 2.383415498618393940e+03 -1.154154986183939400e+02
7.329659999999999798e+01 2.366000000000000000e+03 2.470192232697954296e+03 -1.041922326979542959e+02
7.331332000000000448e+01 2.647000000000000000e+03 2.562144224080251661e+03 8.485577591974833922e+01
7.333002999999999361e+01 2.896000000000000000e+03 2.647788250008270097e+03 2.482117499917299028e+02
7.334673999999999694e+01 2.895000000000000000e+03 2.710312682272003258e+03 1.846873177279967422e+02
7.336345000000000027e+01 2.779000000000000000e+03 2.733204482010800348e+03 4.579551798919965222e+01
7.338016000000000361e+01 2.815000000000000000e+03 2.710813967404952109e+03 1.041860325950478909e+02
7.339687000000000694e+01 2.678000000000000000e+03 2.653146030685294136e+03 2.485396931470586424e+01
7.341357999999999606e+01 2.595000000000000000e+03 2.578821931439631953e+03 1.617806856036804675e+01
7.343030000000000257e+01 2.364000000000000000e+03 2.504876113326534323e+03 -1.408761133265343233e+02
7.344701000000000590e+01 2.469000000000000000e+03 2.442519296779954402e+03 2.648070322004559785e+01
7.346371999999999503e+01 2.381000000000000000e+03 2.397402697026299847e+03 -1.640269702629984749e+01
7.348042999999999836e+01 2.267000000000000000e+03 2.371500176632603143e+03 -1.045001766326031429e+02
7.349714000000000169e+01 2.256000000000000000e+03 2.364164036298195697e+03 -1.081640362981956969e+02
7.351385000000000502e+01 2.396000000000000000e+03 2.372420575693621686e+03 2.357942430637831421e+01
7.353055999999999415e+01 2.324000000000000000e+03 2.390615192307443976e+03 -6.661519230744397646e+01
7.354726999999999748e+01 2.444000000000000000e+03 2.409928557342152544e+03 3.407144265784745585e+01
7.356399000000000399e+01 2.458000000000000000e+03 2.419306880647432081e+03 3.869311935256791912e+01
7.358069999999999311e+01 2.540000000000000000e+03 2.409522427694800626e+03 1.304775723051993737e+02
7.359740999999999644e+01 2.376000000000000000e+03 2.378504078978853158e+03 -2.504078978853158333e+00
7.361411999999999978e+01 2.401000000000000000e+03 2.332052420057987092e+03 6.894757994201290785e+01
7.363083000000000311e+01 2.209000000000000000e+03 2.279075021692256541e+03 -7.007502169225654143e+01
7.364754000000000644e+01 2.201000000000000000e+03 2.226846216222339990e+03 -2.584621622233999005e+01
7.366424999999999557e+01 2.175000000000000000e+03 2.179584612653893146e+03 -4.584612653893145762e+00
7.368095999999999890e+01 2.184000000000000000e+03 2.139095260237096682e+03 4.490473976290331848e+01
7.369768000000000541e+01 2.088000000000000000e+03 2.105697618363913989e+03 -1.769761836391398901e+01
7.371438999999999453e+01 2.036000000000000000e+03 2.078957894138888605e+03 -4.295789413888860508e+01
7.373109999999999786e+01 2.023000000000000000e+03 2.057968705083449549e+03 -3.496870508344954942e+01
7.374781000000000120e+01 1.988000000000000000e+03 2.041689292438979464e+03 -5.368929243897946435e+01
7.376452000000000453e+01 2.010000000000000000e+03 2.029095219682536936e+03 -1.909521968253693558e+01
7.378122999999999365e+01 1.997000000000000000e+03 2.019284092090018021e+03 -2.228409209001802083e+01
7.379793999999999699e+01 2.000000000000000000e+03 2.011524434818092232e+03 -1.152443481809223158e+01
7.381465000000000032e+01 2.068000000000000000e+03 2.005260857866193874e+03 6.273914213380612637e+01
7.383137000000000683e+01 1.950000000000000000e+03 2.000089353633652536e+03 -5.008935363365253579e+01
7.384807999999999595e+01 1.916000000000000000e+03 1.995735743036587792e+03 -7.973574303658779172e+01
7.386478999999999928e+01 1.997000000000000000e+03 1.992003842859093538e+03 4.996157140906461791e+00
7.388150000000000261e+01 2.017000000000000000e+03 1.988760419309085592e+03 2.823958069091440848e+01
7.389821000000000595e+01 2.004000000000000000e+03 1.985911362614222298e+03 1.808863738577770164e+01
7.391491999999999507e+01 2.032000000000000000e+03 1.983387929516748954e+03 4.861207048325104552e+01
7.393162999999999840e+01 1.916000000000000000e+03 1.981138016242706726e+03 -6.513801624270672619e+01
7.394834000000000174e+01 1.950000000000000000e+03 1.979120797658956462e+03 -2.912079765895646233e+01
7.396505999999999403e+01 2.029000000000000000e+03 1.977302409516056287e+03 5.169759048394371348e+01
7.398176999999999737e+01 1.937000000000000000e+03 1.975658111485448217e+03 -3.865811148544821663e+01
7.399848000000000070e+01 2.039000000000000000e+03 1.974164419686720521e+03 6.483558031327947901e+01
7.401519000000000403e+01 2.029000000000000000e+03 1.972802600614015773e+03 5.619739938598422668e+01
7.403189999999999316e+01 2.054000000000000000e+03 1.971556824428845175e+03 8.244317557115482487e+01
7.404860999999999649e+01 2.005000000000000000e+03 1.970413628878431837e+03 3.458637112156816329e+01
7.406531999999999982e+01 1.972000000000000000e+03 1.969361499854491058e+03 2.638500145508942296e+00
7.408203000000000316e+01 2.006000000000000000e+03 1.968390537941069169e+03 3.760946205893083061e+01
7.409874999999999545e+01 1.999000000000000000e+03 1.967491673041422928e+03 3.150832695857707222e+01
7.411545999999999879e+01 1.978000000000000000e+03 1.966658553879178044e+03 1.134144612082195636e+01
7.413217000000000212e+01 2.024000000000000000e+03 1.965884151926277809e+03 5.811584807372219075e+01
7.414888000000000545e+01 1.996000000000000000e+03 1.965162804364088515e+03 3.083719563591148471e+01
7.416558999999999457e+01 1.970000000000000000e+03 1.964489535674666513e+03 5.510464325333487068e+00
7.418229999999999791e+01 2.032000000000000000e+03 1.963859958203525821e+03 6.814004179647417914e+01
7.419901000000000124e+01 2.048000000000000000e+03 1.963270189262428403e+03 8.472981073757159720e+01
7.421572000000000457e+01 1.887000000000000000e+03 1.962716781690456628e+03 -7.571678169045662798e+01
7.423243999999999687e+01 2.041000000000000000e+03 1.962619991996881708e+03 7.838000800311829153e+01
7.424915000000000020e+01 1.993000000000000000e+03 1.962132756080859508e+03 3.086724391914049193e+01
7.426586000000000354e+01 2.045000000000000000e+03 1.961673630190906351e+03 8.332636980909364866e+01
7.428257000000000687e+01 1.997000000000000000e+03 1.961240408230429466e+03 3.575959176957053387e+01
7.429927999999999599e+01 1.907000000000000000e+03 1.960831103648760518e+03 -5.383110364876051790e+01
7.431598999999999933e+01 1.995000000000000000e+03 1.960443923229579696e+03 3.455607677042030446e+01
7.433270000000000266e+01 1.952000000000000000e+03 1.960077244513085361e+03 -8.077244513085361177e+00
7.434941000000000599e+01 2.043000000000000000e+03 1.959729596283261117e+03 8.327040371673888330e+01
7.436612999999999829e+01 1.981000000000000000e+03 1.959399449239690284e+03 2.160055076030971577e+01
7.438284000000000162e+01 1.972000000000000000e+03 1.959085980444478309e+03 1.291401955552169056e+01
7.439955000000000496e+01 2.028000000000000000e+03 1.958787876838611510e+03 6.921212316138849019e+01
7.441625999999999408e+01 1.992000000000000000e+03 1.958504123536012457e+03 3.349587646398754259e+01
7.443296999999999741e+01 1.902000000000000000e+03 1.958233791356036591e+03 -5.623379135603659051e+01
7.444968000000000075e+01 1.975000000000000000e+03 1.958198659627860707e+03 1.680134037213929332e+01
7.446639000000000408e+01 1.936000000000000000e+03 1.957953893978480210e+03 -2.195389397848020963e+01
7.448310999999999638e+01 1.938000000000000000e+03 1.957720067809170132e+03 -1.972006780917013202e+01
7.449981999999999971e+01 1.958000000000000000e+03 1.957496797271776586e+03 5.032027282234139420e-01
7.451653000000000304e+01 1.982000000000000000e+03 1.957283327473249983e+03 2.471667252675001691e+01
7.453324000000000638e+01 1.943000000000000000e+03 1.957079093295152006e+03 -1.407909329515200625e+01
7.454994999999999550e+01 1.980000000000000000e+03 1.956883572095626960e+03 2.311642790437304029e+01
7.456665999999999883e+01 1.928000000000000000e+03 1.956696279953827570e+03 -2.869627995382757035e+01
7.458337000000000216e+01 1.947000000000000000e+03 1.956516768308975088e+03 -9.516768308975088075e+00
7.460008000000000550e+01 1.986000000000000000e+03 1.956344620947082376e+03 2.965537905291762399e+01
7.461679999999999779e+01 1.979000000000000000e+03 1.956179354465907636e+03 2.282064553409236396e+01
7.463351000000000113e+01 1.947000000000000000e+03 1.956020807013207104e+03 -9.020807013207104319e+00
7.465022000000000446e+01 2.035000000000000000e+03 1.955868543352896495e+03 7.913145664710350502e+01
7.466692999999999358e+01 1.885000000000000000e+03 1.955722252173643028e+03 -7.072225217364302807e+01
7.468363999999999692e+01 1.981000000000000000e+03 1.955837776210535367e+03 2.516222378946463323e+01
7.470035000000000025e+01 1.959000000000000000e+03 1.955703968384440032e+03 3.296031615559968486e+00
7.471706000000000358e+01 2.000000000000000000e+03 1.955575331551812724e+03 4.442466844818727623e+01
7.473377000000000692e+01 1.954000000000000000e+03 1.955451630361037815e+03 -1.451630361037814509e+00
7.475048999999999921e+01 1.960000000000000000e+03 1.955332575237089486e+03 4.667424762910513891e+00
7.476720000000000255e+01 1.898000000000000000e+03 1.955218103264430511e+03 -5.721810326443051054e+01
7.478391000000000588e+01 1.927000000000000000e+03 1.955107950137246917e+03 -2.810795013724691671e+01
7.480061999999999500e+01 1.932000000000000000e+03 1.955001936740160318e+03 -2.300193674016031764e+01
7.481732999999999834e+01 2.005000000000000000e+03 1.954899895720008772e+03 5.010010427999122840e+01
7.483404000000000167e+01 2.052000000000000000e+03 1.954801670725401436e+03 9.719832927459856364e+01
7.485075000000000500e+01 1.929000000000000000e+03 1.954707115712122459e+03 -2.570711571212245872e+01
7.486745999999999412e+01 1.954000000000000000e+03 1.954616094308361880e+03 -6.160943083618803939e-01
7.488418000000000063e+01 1.954000000000000000e+03 1.954528427797400127e+03 -5.284277974001270195e-01
7.490089000000000397e+01 1.991000000000000000e+03 1.954578633880917323e+03 3.642136611908267696e+01
7.491759999999999309e+01 1.948000000000000000e+03 1.954498211723432178e+03 -6.498211723432177678e+00
7.493430999999999642e+01 2.002000000000000000e+03 1.954420869364860891e+03 4.757913063513910856e+01
7.495101999999999975e+01 1.968000000000000000e+03 1.954346511089343039e+03 1.365348891065696080e+01
7.496773000000000309e+01 1.930000000000000000e+03 1.954275048037059832e+03 -2.427504803705983250e+01
7.498444000000000642e+01 1.977000000000000000e+03 1.954199808791084024e+03 2.280019120891597595e+01
7.500114999999999554e+01 1.970000000000000000e+03 1.954133937406680161e+03 1.586606259331983892e+01
7.501787000000000205e+01 1.867000000000000000e+03 1.954070695122350116e+03 -8.707069512235011643e+01
7.503458000000000538e+01 1.897000000000000000e+03 1.954010093026706500e+03 -5.701009302670649959e+01
7.505128999999999451e+01 2.027000000000000000e+03 1.953952033417885332e+03 7.304796658211466820e+01
7.506799999999999784e+01 2.014000000000000000e+03 1.953896462439570996e+03 6.010353756042900386e+01
7.508471000000000117e+01 1.978000000000000000e+03 1.953843331276959816e+03 2.415666872304018398e+01
7.510142000000000451e+01 1.953000000000000000e+03 1.953792595987731374e+03 -7.925959877313744073e-01
7.511812999999999363e+01 1.854000000000000000e+03 1.953744217351566476e+03 -9.974421735156647628e+01
7.513483999999999696e+01 1.953000000000000000e+03 1.953698160737244280e+03 -6.981607372442795167e-01
7.515156000000000347e+01 1.935000000000000000e+03 1.953654370476554504e+03 -1.865437047655450442e+01
7.516827000000000680e+01 1.998000000000000000e+03 1.953612873153151895e+03 4.438712684684810483e+01
7.518497999999999593e+01 1.958000000000000000e+03 1.953573620398861294e+03 4.426379601138705766e+00
7.520168999999999926e+01 1.828000000000000000e+03 1.953533133483432721e+03 -1.255331334834327208e+02
7.521840000000000259e+01 2.106000000000000000e+03 1.953498344209079505e+03 1.525016557909204948e+02
7.523511000000000593e+01 1.889000000000000000e+03 1.953465759912119438e+03 -6.446575991211943801e+01
7.525181999999999505e+01 1.902000000000000000e+03 1.953435375697450581e+03 -5.143537569745058136e+01
7.526852999999999838e+01 2.023000000000000000e+03 1.953407190750742302e+03 6.959280924925769796e+01
7.528525000000000489e+01 1.916000000000000000e+03 1.953381193450253932e+03 -3.738119345025393159e+01
7.530195999999999401e+01 2.007000000000000000e+03 1.953357422259440909e+03 5.364257774055909067e+01
7.531866999999999734e+01 1.933000000000000000e+03 1.953335872456226980e+03 -2.033587245622697992e+01
7.533538000000000068e+01 1.905000000000000000e+03 1.953316559690700615e+03 -4.831655969070061474e+01
7.535209000000000401e+01 2.019000000000000000e+03 1.953299503832733990e+03 6.570049616726601016e+01
7.536879999999999313e+01 2.002000000000000000e+03 1.953284729042400386e+03 4.871527095759961412e+01
7.538550999999999647e+01 1.982000000000000000e+03 1.953272263855416440e+03 2.872773614458355951e+01
7.540221999999999980e+01 2.004000000000000000e+03 1.953262141284162908e+03 5.073785871583709195e+01
7.541894000000000631e+01 1.910000000000000000e+03 1.953254395022393737e+03 -4.325439502239373724e+01
7.543564999999999543e+01 1.963000000000000000e+03 1.953249076692871085e+03 9.750923307128914530e+00
7.545235999999999876e+01 1.975000000000000000e+03 1.953246228163833393e+03 2.175377183616660659e+01
7.546907000000000210e+01 1.971000000000000000e+03 1.953245901703628533e+03 1.775409829637146686e+01
7.548578000000000543e+01 1.970000000000000000e+03 1.953248154822300194e+03 1.675184517769980630e+01
7.550248999999999455e+01 1.995000000000000000e+03 1.953253050483473999e+03 4.174694951652600139e+01
7.551919999999999789e+01 1.968000000000000000e+03 1.953260657338823648e+03 1.473934266117635161e+01
7.553592000000000439e+01 1.945000000000000000e+03 1.953271057056008203e+03 -8.271057056008203290e+00
7.555262999999999352e+01 1.940000000000000000e+03 1.953284318067005415e+03 -1.328431806700541529e+01
7.556933999999999685e+01 1.926000000000000000e+03 1.953300533127710196e+03 -2.730053312771019591e+01
7.558605000000000018e+01 1.991000000000000000e+03 1.953319796501881910e+03 3.768020349811808956e+01
7.560276000000000352e+01 1.941000000000000000e+03 1.953342209714875025e+03 -1.234220971487502538e+01
7.561947000000000685e+01 1.988000000000000000e+03 1.953367881964053822e+03 3.463211803594617777e+01
7.563617999999999597e+01 1.952000000000000000e+03 1.953396930567520940e+03 -1.396930567520939803e+00
7.565288999999999930e+01 1.955000000000000000e+03 1.953429481454554207e+03 1.570518545445793279e+00
7.566961000000000581e+01 1.990000000000000000e+03 1.953465692475588412e+03 3.653430752441158802e+01
7.568631999999999493e+01 2.074000000000000000e+03 1.953505665200278600e+03 1.204943347997214005e+02
7.570302999999999827e+01 1.884000000000000000e+03 1.953549575371579067e+03 -6.954957537157906700e+01
7.571974000000000160e+01 1.975000000000000000e+03 1.953597589249969815e+03 2.140241075003018523e+01
7.573645000000000493e+01 1.972000000000000000e+03 1.953649884933369094e+03 1.835011506663090586e+01
7.575315999999999406e+01 1.946000000000000000e+03 1.953706653193986085e+03 -7.706653193986085171e+00
7.576986999999999739e+01 1.970000000000000000e+03 1.953768098394416484e+03 1.623190160558351636e+01
7.578658000000000072e+01 1.996000000000000000e+03 1.953834439491112789e+03 4.216556050888721074e+01
7.580329999999999302e+01 1.978000000000000000e+03 1.953905955491641407e+03 2.409404450835859279e+01
7.582000999999999635e+01 1.924000000000000000e+03 1.953982812532486150e+03 -2.998281253248615030e+01
7.583671999999999969e+01 1.985000000000000000e+03 1.954065321615530365e+03 3.093467838446963469e+01
7.585343000000000302e+01 1.963000000000000000e+03 1.954153772213148159e+03 8.846227786851841302e+00
7.587014000000000635e+01 2.023000000000000000e+03 1.954248475084527172e+03 6.875152491547282807e+01
7.588684999999999548e+01 1.953000000000000000e+03 1.954349764041458911e+03 -1.349764041458911379e+00
7.590355999999999881e+01 1.945000000000000000e+03 1.954457997895650578e+03 -9.457997895650578357e+00
7.592027000000000214e+01 1.884000000000000000e+03 1.954573562608868997e+03 -7.057356260886899690e+01
7.593698999999999444e+01 2.031000000000000000e+03 1.954696949871757170e+03 7.630305012824283040e+01
7.595369999999999777e+01 2.018000000000000000e+03 1.954828459972971132e+03 6.317154002702886828e+01
7.597041000000000111e+01 1.901000000000000000e+03 1.954968647093160598e+03 -5.396864709316059816e+01
7.598712000000000444e+01 1.908000000000000000e+03 1.955118032294137720e+03 -4.711803229413771987e+01
7.600382999999999356e+01 1.911000000000000000e+03 1.955277178555107639e+03 -4.427717855510763911e+01
7.602053999999999689e+01 1.932000000000000000e+03 1.955446694782547183e+03 -2.344669478254718342e+01
7.603725000000000023e+01 1.957000000000000000e+03 1.955627240282664843e+03 1.372759717335156893e+00
7.605396000000000356e+01 1.977000000000000000e+03 1.955819529758183762e+03 2.118047024181623783e+01
7.607067999999999586e+01 1.961000000000000000e+03 1.956024465380571883e+03 4.975534619428117367e+00
7.608738999999999919e+01 1.995000000000000000e+03 1.956242645403822735e+03 3.875735459617726519e+01
7.610410000000000252e+01 2.106000000000000000e+03 1.956475105869061963e+03 1.495248941309380371e+02
7.612081000000000586e+01 1.950000000000000000e+03 1.956722846308503904e+03 -6.722846308503903856e+00
7.613751999999999498e+01 2.030000000000000000e+03 1.956986957427300240e+03 7.301304257269976006e+01
7.615422999999999831e+01 1.944000000000000000e+03 1.957268631205705105e+03 -1.326863120570510546e+01
7.617094000000000165e+01 1.992000000000000000e+03 1.957569172339645775e+03 3.443082766035422537e+01
7.618765000000000498e+01 1.979000000000000000e+03 1.957890011225911394e+03 2.110998877408860608e+01
7.620436999999999728e+01 1.975000000000000000e+03 1.958232930710018081e+03 1.676706928998191870e+01
7.622108000000000061e+01 1.931000000000000000e+03 1.958599249703611576e+03 -2.759924970361157648e+01
7.623779000000000394e+01 1.924000000000000000e+03 1.958991071473435795e+03 -3.499107147343579527e+01
7.625449999999999307e+01 2.003000000000000000e+03 1.959410499564181009e+03 4.358950043581899081e+01
7.627120999999999640e+01 2.010000000000000000e+03 1.959859861555640691e+03 5.014013844435930878e+01
7.628791999999999973e+01 1.934000000000000000e+03 1.960341738299898907e+03 -2.634173829989890692e+01
7.630463000000000306e+01 1.999000000000000000e+03 1.960858997713255576e+03 3.814100228674442405e+01
7.632134000000000640e+01 2.040000000000000000e+03 1.961414833950149614e+03 7.858516604985038612e+01
7.633805999999999869e+01 1.928000000000000000e+03 1.962013184207125505e+03 -3.401318420712550505e+01
7.635477000000000203e+01 1.902000000000000000e+03 1.962657325775936670e+03 -6.065732577593666974e+01
7.637148000000000536e+01 2.017000000000000000e+03 1.963352081902952705e+03 5.364791809704729530e+01
7.638818999999999448e+01 1.937000000000000000e+03 1.964102491264720129e+03 -2.710249126472012904e+01
7.640489999999999782e+01 1.964000000000000000e+03 1.964914239048488980e+03 -9.142390484889801883e-01
7.642161000000000115e+01 1.977000000000000000e+03 1.965793758988912259e+03 1.120624101108774084e+01
7.643832000000000448e+01 2.002000000000000000e+03 1.966748354633851022e+03 3.525164536614897770e+01
7.645502999999999361e+01 1.975000000000000000e+03 1.967786344067704931e+03 7.213655932295068851e+00
7.647175000000000011e+01 2.033000000000000000e+03 1.968917940075518572e+03 6.408205992448142752e+01
7.648846000000000345e+01 2.014000000000000000e+03 1.970152697983756525e+03 4.384730201624347501e+01
7.650517000000000678e+01 1.928000000000000000e+03 1.971503819515951136e+03 -4.350381951595113605e+01
7.652187999999999590e+01 2.050000000000000000e+03 1.972985815695726160e+03 7.701418430427384010e+01
7.653858999999999924e+01 2.030000000000000000e+03 1.974615530849953984e+03 5.538446915004601578e+01
7.655530000000000257e+01 1.913000000000000000e+03 1.976412605488533245e+03 -6.341260548853324508e+01
7.657201000000000590e+01 1.982000000000000000e+03 1.978400050739932340e+03 3.599949260067660362e+00
7.658872999999999820e+01 2.052000000000000000e+03 1.980606360041518883e+03 7.139363995848111699e+01
7.660544000000000153e+01 2.007000000000000000e+03 1.983061026366128317e+03 2.393897363387168298e+01
7.662215000000000487e+01 1.935000000000000000e+03 1.985803636325994376e+03 -5.080363632599437551e+01
7.663885999999999399e+01 1.975000000000000000e+03 1.988880380357916920e+03 -1.388038035791691982e+01
7.665556999999999732e+01 2.008000000000000000e+03 1.992347640503586945e+03 1.565235949641305524e+01
7.667228000000000065e+01 2.036000000000000000e+03 1.996275500349066988e+03 3.972449965093301216e+01
7.668899000000000399e+01 2.048000000000000000e+03 2.000753253519572581e+03 4.724674648042741865e+01
7.670569999999999311e+01 1.913000000000000000e+03 2.005898257243572061e+03 -9.289825724357206127e+01
7.672241999999999962e+01 2.007000000000000000e+03 2.011874003824323836e+03 -4.874003824323835943e+00
7.673913000000000295e+01 2.003000000000000000e+03 2.018897594295960062e+03 -1.589759429596006157e+01
7.675584000000000628e+01 2.025000000000000000e+03 2.027294039181343805e+03 -2.294039181343805467e+00
7.677254999999999541e+01 2.052000000000000000e+03 2.037528345132864160e+03 1.447165486713583959e+01
7.678925999999999874e+01 2.033000000000000000e+03 2.050266250065970780e+03 -1.726625006597078027e+01
7.680597000000000207e+01 2.055000000000000000e+03 2.066436751735990583e+03 -1.143675173599058326e+01
7.682268000000000541e+01 2.080000000000000000e+03 2.087285370489262277e+03 -7.285370489262277260e+00
7.683938999999999453e+01 2.103000000000000000e+03 2.114395558768399951e+03 -1.139555876839995108e+01
7.685611000000000104e+01 2.042000000000000000e+03 2.149674418016714753e+03 -1.076744180167147533e+02
7.687282000000000437e+01 2.131000000000000000e+03 2.195139331843588934e+03 -6.413933184358893413e+01
7.688952999999999349e+01 2.104000000000000000e+03 2.252813479499162440e+03 -1.488134794991624403e+02
7.690623999999999683e+01 2.199000000000000000e+03 2.324300118199295412e+03 -1.253001181992954116e+02
7.692295000000000016e+01 2.333000000000000000e+03 2.410301966890775475e+03 -7.730196689077547489e+01
7.693966000000000349e+01 2.340000000000000000e+03 2.509868811411803108e+03 -1.698688114118031081e+02
7.695637000000000683e+01 2.522000000000000000e+03 2.619199320569349766e+03 -9.719932056934976572e+01
7.697307999999999595e+01 2.627000000000000000e+03 2.729922359960054564e+03 -1.029223599600545640e+02
7.698980000000000246e+01 2.809000000000000000e+03 2.827730998473779437e+03 -1.873099847377943661e+01
7.700651000000000579e+01 2.823000000000000000e+03 2.893725512404570054e+03 -7.072551240457005406e+01
7.702321999999999491e+01 2.799000000000000000e+03 2.912172367890871101e+03 -1.131723678908711008e+02
7.703992999999999824e+01 2.796000000000000000e+03 2.880149865989868886e+03 -8.414986598986888566e+01
7.705664000000000158e+01 2.739000000000000000e+03 2.810119410893641543e+03 -7.111941089364154323e+01
7.707335000000000491e+01 2.729000000000000000e+03 2.722042983349071164e+03 6.957016650928835588e+00
7.709005999999999403e+01 2.590000000000000000e+03 2.633931315544876270e+03 -4.393131554487627000e+01
7.710676999999999737e+01 2.503000000000000000e+03 2.557862896552612256e+03 -5.486289655261225562e+01
7.712349000000000387e+01 2.435000000000000000e+03 2.500408614518725244e+03 -6.540861451872524412e+01
7.714019999999999300e+01 2.441000000000000000e+03 2.464352471555730972e+03 -2.335247155573097189e+01
7.715690999999999633e+01 2.352000000000000000e+03 2.449628242183891416e+03 -9.762824218389141606e+01
7.717361999999999966e+01 2.361000000000000000e+03 2.453919669388164039e+03 -9.291966938816403854e+01
7.719033000000000300e+01 2.469000000000000000e+03 2.472468306941021183e+03 -3.468306941021182865e+00
7.720704000000000633e+01 2.379000000000000000e+03 2.497551906556739596e+03 -1.185519065567395955e+02
7.722374999999999545e+01 2.443000000000000000e+03 2.518436064624566825e+03 -7.543606462456682493e+01
7.724045999999999879e+01 2.356000000000000000e+03 2.523487491654784208e+03 -1.674874916547842076e+02
7.725718000000000529e+01 2.398000000000000000e+03 2.505037651347526662e+03 -1.070376513475266620e+02
7.727388999999999442e+01 2.375000000000000000e+03 2.463614524892854661e+03 -8.861452489285466072e+01
7.729059999999999775e+01 2.341000000000000000e+03 2.406733949793986540e+03 -6.573394979398653959e+01
7.730731000000000108e+01 2.339000000000000000e+03 2.343805421544458568e+03 -4.805421544458567951e+00
7.732402000000000442e+01 2.245000000000000000e+03 2.282155399392363961e+03 -3.715539939236396094e+01
7.734072999999999354e+01 2.192000000000000000e+03 2.226079110466410384e+03 -3.407911046641038411e+01
7.735743999999999687e+01 2.114000000000000000e+03 2.177516310483565576e+03 -6.351631048356557585e+01
7.737415000000000020e+01 2.190000000000000000e+03 2.136928283825940525e+03 5.307171617405947472e+01
7.739087000000000671e+01 2.109000000000000000e+03 2.103899980482958654e+03 5.100019517041346262e+00
7.740757999999999583e+01 2.035000000000000000e+03 2.077604005165486797e+03 -4.260400516548679661e+01
7.742428999999999917e+01 2.122000000000000000e+03 2.056941287631319938e+03 6.505871236868006235e+01
7.744100000000000250e+01 2.036000000000000000e+03 2.040804778666743459e+03 -4.804778666743459326e+00
7.745771000000000583e+01 2.030000000000000000e+03 2.028177804217888479e+03 1.822195782111521112e+00
7.747441999999999496e+01 2.101000000000000000e+03 2.018200605478968555e+03 8.279939452103144504e+01
7.749112999999999829e+01 2.008000000000000000e+03 2.010192075648136097e+03 -2.192075648136096788e+00
7.750784000000000162e+01 2.055000000000000000e+03 2.003639902402327607e+03 5.136009759767239302e+01
7.752455999999999392e+01 1.994000000000000000e+03 1.998170373114933909e+03 -4.170373114933909164e+00
7.754126999999999725e+01 2.054000000000000000e+03 1.993528143348373305e+03 6.047185665162669466e+01
7.755798000000000059e+01 1.945000000000000000e+03 1.989526390271100809e+03 -4.452639027110080860e+01
7.757469000000000392e+01 2.047000000000000000e+03 1.986035789766950529e+03 6.096421023304947084e+01
7.759139999999999304e+01 2.077000000000000000e+03 1.982963046444264364e+03 9.403695355573563575e+01
7.760810999999999638e+01 2.028000000000000000e+03 1.980238736462725001e+03 4.776126353727499918e+01
7.762481999999999971e+01 1.981000000000000000e+03 1.977809452577464526e+03 3.190547422535473743e+00
7.764154000000000622e+01 1.958000000000000000e+03 1.975631629112693190e+03 -1.763162911269319011e+01
7.765824999999999534e+01 2.001000000000000000e+03 1.973673498171685878e+03 2.732650182831412167e+01
7.767495999999999867e+01 2.000000000000000000e+03 1.971905312006352233e+03 2.809468799364776714e+01
7.769167000000000201e+01 2.027000000000000000e+03 1.970303342012817211e+03 5.669665798718278893e+01
7.770838000000000534e+01 2.014000000000000000e+03 1.968847562183546870e+03 4.515243781645312993e+01
7.772508999999999446e+01 2.069000000000000000e+03 1.967520952011498593e+03 1.014790479885014065e+02
7.774179999999999779e+01 2.030000000000000000e+03 1.966308961281495613e+03 6.369103871850438736e+01
7.775851000000000113e+01 2.018000000000000000e+03 1.965199088479910870e+03 5.280091152008913014e+01
7.777522999999999342e+01 1.910000000000000000e+03 1.964179958919864703e+03 -5.417995891986470269e+01
7.779193999999999676e+01 2.087000000000000000e+03 1.963243434127781939e+03 1.237565658722180615e+02
7.780865000000000009e+01 2.011000000000000000e+03 1.962380739460543964e+03 4.861926053945603599e+01
7.782536000000000342e+01 1.949000000000000000e+03 1.961584766048732490e+03 -1.258476604873249016e+01
7.784207000000000676e+01 2.064000000000000000e+03 1.960849283034461678e+03 1.031507169655383223e+02
7.785877999999999588e+01 2.034000000000000000e+03 1.960168811346150733e+03 7.383118865384926721e+01
7.787548999999999921e+01 1.999000000000000000e+03 1.959538518317741818e+03 3.946148168225818154e+01
7.789220000000000255e+01 2.003000000000000000e+03 1.958954129317620982e+03 4.404587068237901804e+01
7.790891999999999484e+01 1.899000000000000000e+03 1.958022555552568974e+03 -5.902255555256897424e+01
7.792562999999999818e+01 2.028000000000000000e+03 1.957521425563905268e+03 7.047857443609473194e+01
7.794234000000000151e+01 1.956000000000000000e+03 1.957056011749816435e+03 -1.056011749816434531e+00
7.795905000000000484e+01 2.070000000000000000e+03 1.956623633354089179e+03 1.133763666459108208e+02
7.797575999999999397e+01 1.949000000000000000e+03 1.956221892563772371e+03 -7.221892563772371432e+00
7.799246999999999730e+01 1.925000000000000000e+03 1.955848641215549378e+03 -3.084864121554937810e+01
7.800918000000000063e+01 1.922000000000000000e+03 1.955501952186829612e+03 -3.350195218682961240e+01
7.802589000000000397e+01 2.026000000000000000e+03 1.955180094753881349e+03 7.081990524611865112e+01
7.804260999999999626e+01 1.973000000000000000e+03 1.954881341322476374e+03 1.811865867752362647e+01
7.805931999999999960e+01 2.106000000000000000e+03 1.954604649755034643e+03 1.513953502449653570e+02
7.807603000000000293e+01 2.030000000000000000e+03 1.954348576631987044e+03 7.565142336801295642e+01
7.809274000000000626e+01 2.022000000000000000e+03 1.954111991099443230e+03 6.788800890055676973e+01
7.810944999999999538e+01 1.990000000000000000e+03 1.953893877464604884e+03 3.610612253539511585e+01
7.812615999999999872e+01 2.022000000000000000e+03 1.953693324915247331e+03 6.830667508475266914e+01
7.814287000000000205e+01 1.975000000000000000e+03 1.953305542864275139e+03 2.169445713572486056e+01
7.815958000000000538e+01 1.978000000000000000e+03 1.953138999587271201e+03 2.486100041272879935e+01
7.817629999999999768e+01 1.988000000000000000e+03 1.952987734726607869e+03 3.501226527339213135e+01
7.819301000000000101e+01 1.971000000000000000e+03 1.952851361513092115e+03 1.814863848690788473e+01
7.820972000000000435e+01 2.043000000000000000e+03 1.952729289821581688e+03 9.027071017841831235e+01
7.822642999999999347e+01 2.064000000000000000e+03 1.952621093348460136e+03 1.113789066515398645e+02
7.824313999999999680e+01 2.093000000000000000e+03 1.952526412029333187e+03 1.404735879706668129e+02
7.825985000000000014e+01 2.030000000000000000e+03 1.952444950348213752e+03 7.755504965178624843e+01
7.827656000000000347e+01 1.928000000000000000e+03 1.952376476548013898e+03 -2.437647654801389763e+01
7.829327000000000680e+01 1.932000000000000000e+03 1.952320822784552092e+03 -2.032082278455209234e+01
7.830998999999999910e+01 2.004000000000000000e+03 1.952277864397916801e+03 5.172213560208319905e+01
7.832670000000000243e+01 2.007000000000000000e+03 1.952247617388904246e+03 5.475238261109575433e+01
7.834341000000000577e+01 2.003000000000000000e+03 1.952230087858500156e+03 5.076991214149984444e+01
7.836011999999999489e+01 1.988000000000000000e+03 1.952225387373435296e+03 3.577461262656470353e+01
7.837682999999999822e+01 1.959000000000000000e+03 1.952233710250982540e+03 6.766289749017460053e+00
7.839354000000000156e+01 2.020000000000000000e+03 1.952255342431042436e+03 6.774465756895756385e+01
7.841025000000000489e+01 1.932000000000000000e+03 1.952290672921891428e+03 -2.029067292189142790e+01
7.842695999999999401e+01 1.939000000000000000e+03 1.952340208477221267e+03 -1.334020847722126746e+01
7.844368000000000052e+01 1.995000000000000000e+03 1.952404635579247724e+03 4.259536442075227569e+01
7.846039000000000385e+01 1.977000000000000000e+03 1.952484682059038505e+03 2.451531794096149497e+01
7.847709999999999297e+01 1.959000000000000000e+03 1.952581380083388012e+03 6.418619916611987719e+00
7.849380999999999631e+01 1.961000000000000000e+03 1.952695966019055277e+03 8.304033980944723226e+00
7.851051999999999964e+01 2.031000000000000000e+03 1.952829978460915981e+03 7.817002153908401851e+01
7.852723000000000297e+01 2.031000000000000000e+03 1.952985354442803782e+03 7.801464555719621785e+01
7.854394000000000631e+01 1.972000000000000000e+03 1.953164579612709758e+03 1.883542038729024171e+01
7.856064999999999543e+01 2.023000000000000000e+03 1.953370927191682767e+03 6.962907280831723256e+01
7.857737000000000194e+01 1.904000000000000000e+03 1.953608989776796989e+03 -4.960898977679698874e+01
7.859408000000000527e+01 2.043000000000000000e+03 1.953884677603443379e+03 8.911532239655662124e+01
7.861078999999999439e+01 1.971000000000000000e+03 1.954206930342979604e+03 1.679306965702039633e+01
7.862749999999999773e+01 2.054000000000000000e+03 1.954588359574908509e+03 9.941164042509149112e+01
7.864421000000000106e+01 1.999000000000000000e+03 1.955046879349504479e+03 4.395312065049552075e+01
7.866092000000000439e+01 1.931000000000000000e+03 1.955607366308677229e+03 -2.460736630867722852e+01
7.867762999999999352e+01 1.991000000000000000e+03 1.956303150222451904e+03 3.469684977754809552e+01
7.869435000000000002e+01 1.988000000000000000e+03 1.957177385472962442e+03 3.082261452703755822e+01
7.871106000000000336e+01 1.981000000000000000e+03 1.958280258714341926e+03 2.271974128565807405e+01
7.872777000000000669e+01 2.002000000000000000e+03 1.959669400376287513e+03 4.233059962371248730e+01
7.874447999999999581e+01 2.028000000000000000e+03 1.961402658625763479e+03 6.659734137423652101e+01
7.876118999999999915e+01 2.053000000000000000e+03 1.963530380189556354e+03 8.946961981044364620e+01
7.877790000000000248e+01 1.916000000000000000e+03 1.966083823273728058e+03 -5.008382327372805776e+01
7.879461000000000581e+01 2.030000000000000000e+03 1.969058500098879904e+03 6.094149990112009618e+01
7.881131999999999493e+01 1.977000000000000000e+03 1.972388493251106183e+03 4.611506748893816621e+00
7.882804000000000144e+01 1.984000000000000000e+03 1.975909261257414983e+03 8.090738742585017462e+00
7.884475000000000477e+01 2.059000000000000000e+03 1.979302326534624399e+03 7.969767346537560115e+01
7.886145999999999390e+01 1.962000000000000000e+03 1.982096426216591681e+03 -2.009642621659168071e+01
7.887816999999999723e+01 1.958000000000000000e+03 1.983642517195168693e+03 -2.564251719516869343e+01
7.889488000000000056e+01 2.017000000000000000e+03 1.983857798588723426e+03 3.314220141127657371e+01
7.891159000000000390e+01 2.074000000000000000e+03 1.982703840965244353e+03 9.129615903475564664e+01
7.892829999999999302e+01 2.073000000000000000e+03 1.980634754014915643e+03 9.236524598508435702e+01
7.894500999999999635e+01 1.997000000000000000e+03 1.978216969719232566e+03 1.878303028076743431e+01
7.896173000000000286e+01 1.996000000000000000e+03 1.975913440784473323e+03 2.008655921552667678e+01
7.897844000000000619e+01 1.958000000000000000e+03 1.974025769802472269e+03 -1.602576980247226857e+01
7.899514999999999532e+01 2.082000000000000000e+03 1.972712250987921607e+03 1.092877490120783932e+02
7.901185999999999865e+01 2.010000000000000000e+03 1.972034889385282895e+03 3.796511061471710491e+01
7.902857000000000198e+01 2.107000000000000000e+03 1.971984569838393099e+03 1.350154301616069006e+02
7.904528000000000532e+01 2.038000000000000000e+03 1.972490451585837491e+03 6.550954841416250929e+01
7.906198999999999444e+01 1.955000000000000000e+03 1.973414753176811928e+03 -1.841475317681192791e+01
7.907869999999999777e+01 2.010000000000000000e+03 1.974538885625063585e+03 3.546111437493641461e+01
7.909542000000000428e+01 2.079000000000000000e+03 1.975498236978524119e+03 1.035017630214758810e+02
7.911212999999999340e+01 2.015000000000000000e+03 1.976094759994245806e+03 3.890524000575419450e+01
7.912883999999999673e+01 1.964000000000000000e+03 1.976037819438305633e+03 -1.203781943830563250e+01
7.914555000000000007e+01 2.106000000000000000e+03 1.975319290887647185e+03 1.306807091123528153e+02
7.916226000000000340e+01 1.979000000000000000e+03 1.974133487890454944e+03 4.866512109545055864e+00
7.917897000000000673e+01 2.053000000000000000e+03 1.972746452919546982e+03 8.025354708045301777e+01
7.919567999999999586e+01 2.035000000000000000e+03 1.971379715456107306e+03 6.362028454389269427e+01
7.921238999999999919e+01 2.033000000000000000e+03 1.970172533517124748e+03 6.282746648287525204e+01
7.922911000000000570e+01 2.054000000000000000e+03 1.969194232745191584e+03 8.480576725480841560e+01
7.924581999999999482e+01 2.040000000000000000e+03 1.968470072526386502e+03 7.152992747361349757e+01
7.926252999999999815e+01 2.015000000000000000e+03 1.967995953268903122e+03 4.700404673109687792e+01
7.927924000000000149e+01 1.948000000000000000e+03 1.967752666250121365e+03 -1.975266625012136501e+01
7.929595000000000482e+01 1.996000000000000000e+03 1.967712986052428050e+03 2.828701394757194976e+01
7.931265999999999394e+01 1.932000000000000000e+03 1.967847149403059120e+03 -3.584714940305912023e+01
7.932936999999999728e+01 2.006000000000000000e+03 1.968126704954812567e+03 3.787329504518743306e+01
7.934608000000000061e+01 1.928000000000000000e+03 1.968526918908510197e+03 -4.052691890851019707e+01
7.936279999999999291e+01 2.003000000000000000e+03 1.969028230285941618e+03 3.397176971405838231e+01
7.937950999999999624e+01 1.924000000000000000e+03 1.969615126587105806e+03 -4.561512658710580581e+01
7.939621999999999957e+01 1.987000000000000000e+03 1.970277453600213676e+03 1.672254639978632440e+01
7.941293000000000291e+01 2.054000000000000000e+03 1.971008463382832588e+03 8.299153661716741226e+01
7.942964000000000624e+01 2.008000000000000000e+03 1.971804241751598283e+03 3.619575824840171663e+01
7.944634999999999536e+01 2.011000000000000000e+03 1.972662971680638975e+03 3.833702831936102484e+01
7.946305999999999869e+01 2.036000000000000000e+03 1.973584364787045843e+03 6.241563521295415740e+01
7.947977000000000203e+01 1.945000000000000000e+03 1.974569262071378944e+03 -2.956926207137894380e+01
7.949648999999999432e+01 2.075000000000000000e+03 1.975620023867156533e+03 9.937997613284346698e+01
7.951319999999999766e+01 2.078000000000000000e+03 1.976737823416222682e+03 1.012621765837773182e+02
7.952991000000000099e+01 1.926000000000000000e+03 1.977926333022036943e+03 -5.192633302203694257e+01
7.954662000000000432e+01 2.016000000000000000e+03 1.979189215928661724e+03 3.681078407133827568e+01
7.956332999999999345e+01 1.930000000000000000e+03 1.980530731737637780e+03 -5.053073173763777959e+01
7.958003999999999678e+01 2.010000000000000000e+03 1.981955755066217534e+03 2.804424493378246552e+01
7.959675000000000011e+01 2.010000000000000000e+03 1.983469811097721504e+03 2.653018890227849624e+01
7.961346000000000345e+01 2.000000000000000000e+03 1.985079125765206754e+03 1.492087423479324571e+01
7.963017999999999574e+01 2.032000000000000000e+03 1.986791746444843511e+03 4.520825355515648880e+01
7.964688999999999908e+01 2.000000000000000000e+03 1.988613463680229643e+03 1.138653631977035730e+01
7.966360000000000241e+01 2.088000000000000000e+03 1.990554044932603347e+03 9.744595506739665325e+01
7.968031000000000574e+01 2.066000000000000000e+03 1.992623316725004543e+03 7.337668327499545740e+01
7.969701999999999487e+01 2.114000000000000000e+03 1.994832291312372263e+03 1.191677086876277372e+02
7.971372999999999820e+01 2.049000000000000000e+03 1.997193324493240198e+03 5.180667550675980237e+01
7.973044000000000153e+01 2.053000000000000000e+03 1.999720301777042778e+03 5.327969822295722224e+01
7.974715999999999383e+01 2.011000000000000000e+03 2.002430536888654160e+03 8.569463111345839934e+00
7.976386999999999716e+01 2.028000000000000000e+03 2.005338441921488311e+03 2.266155807851168902e+01
7.978058000000000050e+01 2.005000000000000000e+03 2.008465545685283814e+03 -3.465545685283814237e+00
7.979729000000000383e+01 2.101000000000000000e+03 2.011834496795979931e+03 8.916550320402006946e+01
7.981399999999999295e+01 2.035000000000000000e+03 2.015471066415231235e+03 1.952893358476876529e+01
7.983070999999999628e+01 2.056000000000000000e+03 2.019404672843182425e+03 3.659532715681757509e+01
7.984741999999999962e+01 2.097000000000000000e+03 2.023669012867982929e+03 7.333098713201707142e+01
7.986413000000000295e+01 2.040000000000000000e+03 2.028302825281760306e+03 1.169717471823969390e+01
7.988084999999999525e+01 2.106000000000000000e+03 2.033353974359898984e+03 7.264602564010101560e+01
7.989755999999999858e+01 2.194000000000000000e+03 2.038868263610296481e+03 1.551317363897035193e+02
7.991427000000000191e+01 2.078000000000000000e+03 2.044908922711714240e+03 3.309107728828576001e+01
7.993098000000000525e+01 2.074000000000000000e+03 2.051546569098125929e+03 2.245343090187407142e+01
7.994768999999999437e+01 2.095000000000000000e+03 2.058864361403397652e+03 3.613563859660234812e+01
7.996439999999999770e+01 2.159000000000000000e+03 2.066960987973115152e+03 9.203901202688484773e+01
7.998111000000000104e+01 2.119000000000000000e+03 2.075954782438426264e+03 4.304521756157373602e+01
7.999782000000000437e+01 2.170000000000000000e+03 2.085989665494537803e+03 8.401033450546219683e+01
8.001453999999999667e+01 2.119000000000000000e+03 2.097251255607184703e+03 2.174874439281529703e+01
8.003125000000000000e+01 2.103000000000000000e+03 2.109953210490640686e+03 -6.953210490640685748e+00
8.004796000000000333e+01 2.212000000000000000e+03 2.124399441412171655e+03 8.760055858782834548e+01
8.006467000000000667e+01 2.142000000000000000e+03 2.140992305884879897e+03 1.007694115120102651e+00
8.008137999999999579e+01 2.206000000000000000e+03 2.160290688441754810e+03 4.570931155824519010e+01
8.009808999999999912e+01 2.245000000000000000e+03 2.183084268762224383e+03 6.191573123777561705e+01
8.011480000000000246e+01 2.131000000000000000e+03 2.210493001412637113e+03 -7.949300141263711339e+01
8.013151000000000579e+01 2.191000000000000000e+03 2.244088458096100112e+03 -5.308845809610011202e+01
8.014822999999999809e+01 2.208000000000000000e+03 2.286051368799252941e+03 -7.805136879925294124e+01
8.016494000000000142e+01 2.333000000000000000e+03 2.339176426652233204e+03 -6.176426652233203640e+00
8.018165000000000475e+01 2.328000000000000000e+03 2.407067671981428248e+03 -7.906767198142824782e+01
8.019835999999999387e+01 2.408000000000000000e+03 2.493978006876869586e+03 -8.597800687686958554e+01
8.021506999999999721e+01 2.480000000000000000e+03 2.604600563417418016e+03 -1.246005634174180159e+02
8.023178000000000054e+01 2.529000000000000000e+03 2.743637334030687271e+03 -2.146373340306872706e+02
8.024849000000000387e+01 2.641000000000000000e+03 2.915146216487307356e+03 -2.741462164873073561e+02
8.026519999999999300e+01 2.856000000000000000e+03 3.121631253393149564e+03 -2.656312533931495636e+02
8.028191999999999950e+01 3.083000000000000000e+03 3.362908394858868633e+03 -2.799083948588686326e+02
8.029863000000000284e+01 3.491000000000000000e+03 3.633549554305637685e+03 -1.425495543056376846e+02
8.031534000000000617e+01 3.803000000000000000e+03 3.920780369219864042e+03 -1.177803692198640420e+02
8.033204999999999529e+01 4.154000000000000000e+03 4.200290323841191821e+03 -4.629032384119182097e+01
8.034875999999999863e+01 4.353000000000000000e+03 4.434897490491802273e+03 -8.189749049180227303e+01
8.036547000000000196e+01 4.369000000000000000e+03 4.581292424459522408e+03 -2.122924244595224081e+02
8.038218000000000529e+01 4.392000000000000000e+03 4.608244003482132030e+03 -2.162440034821320296e+02
8.039888999999999442e+01 4.338000000000000000e+03 4.515586066370868139e+03 -1.775860663708681386e+02
8.041561000000000092e+01 4.185000000000000000e+03 4.335132031040243419e+03 -1.501320310402434188e+02
8.043232000000000426e+01 3.896000000000000000e+03 4.113108548935571889e+03 -2.171085489355718892e+02
8.044902999999999338e+01 3.835000000000000000e+03 3.890497562631874644e+03 -5.549756263187464356e+01
8.046573999999999671e+01 3.634000000000000000e+03 3.695598803072505689e+03 -6.159880307250568876e+01
8.048245000000000005e+01 3.372000000000000000e+03 3.544741581106349713e+03 -1.727415811063497131e+02
8.049916000000000338e+01 3.334000000000000000e+03 3.445520611341001768e+03 -1.115206113410017679e+02
8.051587000000000671e+01 3.262000000000000000e+03 3.399313338654551444e+03 -1.373133386545514441e+02
8.053257999999999583e+01 3.276000000000000000e+03 3.402487291268367699e+03 -1.264872912683676986e+02
8.054930000000000234e+01 3.390000000000000000e+03 3.446484276752980804e+03 -5.648427675298080430e+01
8.056601000000000568e+01 3.381000000000000000e+03 3.516832014190485097e+03 -1.358320141904850971e+02
8.058271999999999480e+01 3.446000000000000000e+03 3.592481503298619373e+03 -1.464815032986193728e+02
8.059942999999999813e+01 3.509000000000000000e+03 3.647447742163236853e+03 -1.384477421632368532e+02
8.061614000000000146e+01 3.358000000000000000e+03 3.658109314441335300e+03 -3.001093144413353002e+02
8.063285000000000480e+01 3.327000000000000000e+03 3.614146130090354291e+03 -2.871461300903542906e+02
8.064955999999999392e+01 3.255000000000000000e+03 3.524003804441097600e+03 -2.690038044410975999e+02
8.066626999999999725e+01 3.252000000000000000e+03 3.409032118166196597e+03 -1.570321181661965966e+02
8.068299000000000376e+01 3.190000000000000000e+03 3.292508881037670108e+03 -1.025088810376701076e+02
8.069970000000000709e+01 3.114000000000000000e+03 3.192975707031383081e+03 -7.897570703138308090e+01
8.071640999999999622e+01 2.968000000000000000e+03 3.122460689518896288e+03 -1.544606895188962881e+02
8.073311999999999955e+01 2.993000000000000000e+03 3.087981976673570898e+03 -9.498197667357089813e+01
8.074983000000000288e+01 2.944000000000000000e+03 3.092791500492568048e+03 -1.487915004925680478e+02
8.076654000000000622e+01 3.028000000000000000e+03 3.137020332463750492e+03 -1.090203324637504920e+02
8.078324999999999534e+01 2.957000000000000000e+03 3.217610131456787713e+03 -2.606101314567877125e+02
8.079997000000000185e+01 3.025000000000000000e+03 3.327586004157026309e+03 -3.025860041570263093e+02
8.081668000000000518e+01 2.990000000000000000e+03 3.454223417067453283e+03 -4.642234170674532834e+02
8.083338999999999430e+01 3.173000000000000000e+03 3.577814246905618347e+03 -4.048142469056183472e+02
8.085009999999999764e+01 3.119000000000000000e+03 3.672108499637952264e+03 -5.531084996379522636e+02
8.086681000000000097e+01 3.225000000000000000e+03 3.710971443300382361e+03 -4.859714433003823615e+02
8.088352000000000430e+01 3.169000000000000000e+03 3.680350396900474152e+03 -5.113503969004741521e+02
8.090022999999999342e+01 3.072000000000000000e+03 3.586497514601263902e+03 -5.144975146012639016e+02
8.091693999999999676e+01 3.067000000000000000e+03 3.451817271364357111e+03 -3.848172713643571115e+02
8.093366000000000327e+01 2.988000000000000000e+03 3.302729908934444211e+03 -3.147299089344442109e+02
8.095037000000000660e+01 3.022000000000000000e+03 3.160889973867187109e+03 -1.388899738671871091e+02
8.096707999999999572e+01 2.906000000000000000e+03 3.040113262670714903e+03 -1.341132626707149029e+02
8.098378999999999905e+01 2.796000000000000000e+03 2.947960205208378738e+03 -1.519602052083787385e+02
8.100050000000000239e+01 2.823000000000000000e+03 2.887464608544444218e+03 -6.446460854444421784e+01
8.101721000000000572e+01 2.763000000000000000e+03 2.858337306278832784e+03 -9.533730627883278430e+01
8.103391999999999484e+01 2.744000000000000000e+03 2.857437725903258070e+03 -1.134377259032580696e+02
8.105062999999999818e+01 2.748000000000000000e+03 2.878616643036678852e+03 -1.306166430366788518e+02
8.106735000000000468e+01 2.595000000000000000e+03 2.912142149467350919e+03 -3.171421494673509187e+02
8.108405999999999381e+01 2.703000000000000000e+03 2.944307340376593856e+03 -2.413073403765938565e+02
8.110076999999999714e+01 2.569000000000000000e+03 2.959232874486664514e+03 -3.902328744866645138e+02
8.111748000000000047e+01 2.560000000000000000e+03 2.943784403892183491e+03 -3.837844038921834908e+02
8.113419000000000381e+01 2.559000000000000000e+03 2.893690173883959687e+03 -3.346901738839596874e+02
8.115089999999999293e+01 2.549000000000000000e+03 2.815195404181546110e+03 -2.661954041815461096e+02
8.116760999999999626e+01 2.571000000000000000e+03 2.720457910792611528e+03 -1.494579107926115284e+02
8.118431999999999960e+01 2.472000000000000000e+03 2.621397803642181316e+03 -1.493978036421813158e+02
8.120104000000000610e+01 2.442000000000000000e+03 2.526430228563670426e+03 -8.443022856367042550e+01
8.121774999999999523e+01 2.391000000000000000e+03 2.440491374367820754e+03 -4.949137436782075383e+01
8.123445999999999856e+01 2.400000000000000000e+03 2.365672864633831068e+03 3.432713536616893180e+01
8.125117000000000189e+01 2.377000000000000000e+03 2.302427158951039928e+03 7.457284104896007193e+01
8.126788000000000523e+01 2.254000000000000000e+03 2.250180080560217448e+03 3.819919439782552217e+00
8.128458999999999435e+01 2.263000000000000000e+03 2.207768994939077402e+03 5.523100506092259820e+01
8.130129999999999768e+01 2.257000000000000000e+03 2.173747074117799002e+03 8.325292588220099788e+01
8.131801000000000101e+01 2.144000000000000000e+03 2.146604710849090679e+03 -2.604710849090679403e+00
8.133472999999999331e+01 2.139000000000000000e+03 2.124912530949347456e+03 1.408746905065254396e+01
8.135143999999999664e+01 2.146000000000000000e+03 2.107463140325103723e+03 3.853685967489627728e+01
8.136814999999999998e+01 2.146000000000000000e+03 2.093233972437873490e+03 5.276602756212651002e+01
8.138486000000000331e+01 2.157000000000000000e+03 2.081440448254536477e+03 7.555955174546352282e+01
8.140157000000000664e+01 2.039000000000000000e+03 2.071495131047442555e+03 -3.249513104744255543e+01
8.141827999999999577e+01 2.113000000000000000e+03 2.062970019496035547e+03 5.002998050396445251e+01
8.143498999999999910e+01 2.207000000000000000e+03 2.055557787152461060e+03 1.514422128475389400e+02
8.145170000000000243e+01 2.057000000000000000e+03 2.049037957008338708e+03 7.962042991661292035e+00
8.146841999999999473e+01 2.074000000000000000e+03 2.043247114860395186e+03 3.075288513960481396e+01
8.148512999999999806e+01 2.097000000000000000e+03 2.038073097788169662e+03 5.892690221183033827e+01
8.150184000000000140e+01 2.090000000000000000e+03 2.033421154120825577e+03 5.657884587917442332e+01
8.151855000000000473e+01 2.063000000000000000e+03 2.029219478441476213e+03 3.378052155852378746e+01
8.153525999999999385e+01 2.062000000000000000e+03 2.025409958075853183e+03 3.659004192414681711e+01
8.155196999999999719e+01 2.129000000000000000e+03 2.021944569235188510e+03 1.070554307648114900e+02
8.156868000000000052e+01 2.062000000000000000e+03 2.018783000961687321e+03 4.321699903831267875e+01
8.158539000000000385e+01 2.043000000000000000e+03 2.015891027955586196e+03 2.710897204441380381e+01
8.160210999999999615e+01 2.043000000000000000e+03 2.013237823929362776e+03 2.976217607063722426e+01
8.161881999999999948e+01 2.066000000000000000e+03 2.010801290442509753e+03 5.519870955749024688e+01
8.163553000000000281e+01 2.056000000000000000e+03 2.008557880297418251e+03 4.744211970258174915e+01
8.165224000000000615e+01 1.975000000000000000e+03 2.006488529912246804e+03 -3.148852991224680409e+01
8.166894999999999527e+01 2.047000000000000000e+03 2.004576566132925109e+03 4.242343386707489117e+01
8.168565999999999860e+01 1.960000000000000000e+03 2.002807347922379677e+03 -4.280734792237967667e+01
8.170237000000000194e+01 2.030000000000000000e+03 2.001167970210285830e+03 2.883202978971416997e+01
8.171908000000000527e+01 1.992000000000000000e+03 1.999647017537217152e+03 -7.647017537217152494e+00
8.173579999999999757e+01 2.114000000000000000e+03 1.998233543182501307e+03 1.157664568174986925e+02
8.175251000000000090e+01 2.025000000000000000e+03 1.996920212210871568e+03 2.807978778912843154e+01
8.176922000000000423e+01 2.117000000000000000e+03 1.995698091046239142e+03 1.213019089537608579e+02
8.178592999999999336e+01 2.044000000000000000e+03 1.994559963148403313e+03 4.944003685159668748e+01
8.180263999999999669e+01 2.049000000000000000e+03 1.993499346695232362e+03 5.550065330476763847e+01
8.181935000000000002e+01 2.076000000000000000e+03 1.992510404441064111e+03 8.348959555893588913e+01
8.183606000000000336e+01 2.071000000000000000e+03 1.991587866402986037e+03 7.941213359701396257e+01
8.185277999999999565e+01 2.045000000000000000e+03 1.990726465680563251e+03 5.427353431943674877e+01
8.186948999999999899e+01 2.073000000000000000e+03 1.989922904594279998e+03 8.307709540572000151e+01
8.188620000000000232e+01 2.081000000000000000e+03 1.989172717594256255e+03 9.182728240574374468e+01
8.190291000000000565e+01 2.010000000000000000e+03 1.988472322434239913e+03 2.152767756576008651e+01
8.191961999999999477e+01 2.069000000000000000e+03 1.987818449250216190e+03 8.118155074978380981e+01
8.193632999999999811e+01 1.999000000000000000e+03 1.987208107560870985e+03 1.179189243912901475e+01
8.195304000000000144e+01 2.031000000000000000e+03 1.986638557332663822e+03 4.436144266733617769e+01
8.196975000000000477e+01 1.964000000000000000e+03 1.986107283540781737e+03 -2.210728354078173652e+01
8.198646999999999707e+01 2.003000000000000000e+03 1.985611687664562851e+03 1.738831233543714916e+01
8.200318000000000040e+01 2.036000000000000000e+03 1.985150231842799485e+03 5.084976815720051491e+01
8.201989000000000374e+01 1.992000000000000000e+03 1.984720644773624144e+03 7.279355226375855636e+00
8.203660000000000707e+01 2.051000000000000000e+03 1.984321111734827127e+03 6.667888826517287271e+01
8.205330999999999619e+01 1.910000000000000000e+03 1.983949953772194021e+03 -7.394995377219402144e+01
8.207001999999999953e+01 2.010000000000000000e+03 1.983605615338261487e+03 2.639438466173851339e+01
8.208673000000000286e+01 1.971000000000000000e+03 1.983286653247199638e+03 -1.228665324719963792e+01
8.210344000000000619e+01 2.049000000000000000e+03 1.982991726785978699e+03 6.600827321402130110e+01
8.212015999999999849e+01 2.040000000000000000e+03 1.982719432571311927e+03 5.728056742868807305e+01
8.213687000000000182e+01 1.969000000000000000e+03 1.982468934277776043e+03 -1.346893427777604302e+01
8.215358000000000516e+01 2.000000000000000000e+03 1.982238979367475395e+03 1.776102063252460539e+01
8.217028999999999428e+01 2.076000000000000000e+03 1.982028556831673086e+03 9.397144316832691402e+01
8.218699999999999761e+01 2.077000000000000000e+03 1.981836721788661407e+03 9.516327821133859288e+01
8.220371000000000095e+01 2.062000000000000000e+03 1.981662590191888739e+03 8.033740980811126065e+01
8.222042000000000428e+01 2.062000000000000000e+03 1.981505334033742884e+03 8.049466596625711645e+01
8.223712999999999340e+01 2.050000000000000000e+03 1.981364176991925206e+03 6.863582300807479442e+01
8.225384999999999991e+01 2.040000000000000000e+03 1.981238319658685668e+03 5.876168034131433160e+01
8.227056000000000324e+01 2.096000000000000000e+03 1.981127227781930060e+03 1.148727722180699402e+02
8.228727000000000658e+01 1.996000000000000000e+03 1.981030177952407485e+03 1.496982204759251545e+01
8.230397999999999570e+01 2.030000000000000000e+03 1.980946564402513786e+03 4.905343559748621374e+01
8.232068999999999903e+01 2.077000000000000000e+03 1.980875816463190404e+03 9.612418353680959626e+01
8.233740000000000236e+01 2.059000000000000000e+03 1.980817396055321751e+03 7.818260394467824881e+01
8.235411000000000570e+01 2.031000000000000000e+03 1.980770795390862531e+03 5.022920460913746865e+01
8.237081999999999482e+01 2.001000000000000000e+03 1.980735534863603561e+03 2.026446513639643854e+01
8.238754000000000133e+01 2.010000000000000000e+03 1.980711149698061035e+03 2.928885030193896455e+01
8.240425000000000466e+01 1.933000000000000000e+03 1.980697239956840576e+03 -4.769723995684057627e+01
8.242095999999999378e+01 2.022000000000000000e+03 1.980693381778021148e+03 4.130661822197885158e+01
8.243766999999999712e+01 1.993000000000000000e+03 1.980699190407089191e+03 1.230080959291080944e+01
8.245438000000000045e+01 1.968000000000000000e+03 1.980714301004161825e+03 -1.271430100416182540e+01
8.247109000000000378e+01 2.074000000000000000e+03 1.980738367355799937e+03 9.326163264420006271e+01
8.248779999999999291e+01 1.978000000000000000e+03 1.980771060684100803e+03 -2.771060684100802973e+00
8.250450999999999624e+01 1.979000000000000000e+03 1.981153510076487919e+03 -2.153510076487918923e+00
8.252123000000000275e+01 2.000000000000000000e+03 1.981204165095101416e+03 1.879583490489858377e+01
8.253794000000000608e+01 2.054000000000000000e+03 1.981262537892432874e+03 7.273746210756712571e+01
8.255464999999999520e+01 1.999000000000000000e+03 1.981328387227309577e+03 1.767161277269042330e+01
8.257135999999999854e+01 2.109000000000000000e+03 1.981401456609149363e+03 1.275985433908506366e+02
8.258807000000000187e+01 2.006000000000000000e+03 1.981481501462505321e+03 2.451849853749467911e+01
8.260478000000000520e+01 2.024000000000000000e+03 1.981568288421733769e+03 4.243171157826623130e+01
8.262148999999999432e+01 2.048000000000000000e+03 1.981661594674258822e+03 6.633840532574117788e+01
8.263819999999999766e+01 1.996000000000000000e+03 1.981761207348600919e+03 1.423879265139908057e+01
8.265492000000000417e+01 1.970000000000000000e+03 1.981866987996460239e+03 -1.186698799646023872e+01
8.267162999999999329e+01 2.024000000000000000e+03 1.981978615328061323e+03 4.202138467193867655e+01
8.268833999999999662e+01 1.932000000000000000e+03 1.982095964484859223e+03 -5.009596448485922338e+01
8.270504999999999995e+01 2.071000000000000000e+03 1.982218857023674673e+03 8.878114297632532725e+01
8.272176000000000329e+01 2.116000000000000000e+03 1.982347121941496653e+03 1.336528780585033473e+02
8.273847000000000662e+01 1.999000000000000000e+03 1.982659200935678655e+03 1.634079906432134521e+01
8.275517999999999574e+01 1.985000000000000000e+03 1.982798554976947798e+03 2.201445023052201577e+00
8.277188999999999908e+01 1.953000000000000000e+03 1.982942814879354955e+03 -2.994281487935495534e+01
8.278861000000000558e+01 1.897000000000000000e+03 1.983091926210983729e+03 -8.609192621098372911e+01
8.280531999999999471e+01 2.053000000000000000e+03 1.983245571176973726e+03 6.975442882302627368e+01
8.282202999999999804e+01 2.003000000000000000e+03 1.983403703537742558e+03 1.959629646225744182e+01
8.283874000000000137e+01 2.018000000000000000e+03 1.983566194355413472e+03 3.443380564458652771e+01
8.285545000000000471e+01 1.951000000000000000e+03 1.983576988003847873e+03 -3.257698800384787319e+01
8.287215999999999383e+01 1.956000000000000000e+03 1.983748716677604307e+03 -2.774871667760430682e+01
8.288886999999999716e+01 1.868000000000000000e+03 1.983924437322942367e+03 -1.159244373229423672e+02
8.290559000000000367e+01 1.974000000000000000e+03 1.984104147541866723e+03 -1.010414754186672326e+01
8.292230000000000700e+01 2.114000000000000000e+03 1.984287525209716478e+03 1.297124747902835225e+02
8.293900999999999613e+01 2.051000000000000000e+03 1.984474573271142162e+03 6.652542672885783759e+01
8.295571999999999946e+01 2.000000000000000000e+03 1.984665191875280243e+03 1.533480812471975696e+01
8.297243000000000279e+01 2.062000000000000000e+03 1.984859284535542201e+03 7.714071546445779859e+01
8.298914000000000613e+01 1.986000000000000000e+03 1.985056757967183330e+03 9.432420328166699619e-01
8.300584999999999525e+01 1.992000000000000000e+03 1.985257521933845737e+03 6.742478066154262706e+00
8.302255999999999858e+01 2.022000000000000000e+03 1.985461489102512587e+03 3.653851089748741288e+01
8.303928000000000509e+01 1.962000000000000000e+03 1.985668699752841576e+03 -2.366869975284157590e+01
8.305598999999999421e+01 2.057000000000000000e+03 1.985878824054662118e+03 7.112117594533788179e+01
8.307269999999999754e+01 2.021000000000000000e+03 1.986091905597530285e+03 3.490809440246971462e+01
8.308941000000000088e+01 1.973000000000000000e+03 1.986307867363223977e+03 -1.330786736322397701e+01
8.310612000000000421e+01 2.050000000000000000e+03 1.986444738364948535e+03 6.355526163505146542e+01
8.312282999999999333e+01 2.004000000000000000e+03 1.986666703488548137e+03 1.733329651145186290e+01
8.313953999999999667e+01 1.960000000000000000e+03 1.986891327142358932e+03 -2.689132714235893218e+01
8.315625000000000000e+01 2.016000000000000000e+03 1.987118540895336082e+03 2.888145910466391797e+01
8.317297000000000651e+01 2.024000000000000000e+03 1.987348416443715223e+03 3.665158355628477693e+01
8.318967999999999563e+01 2.044000000000000000e+03 1.987580614068922387e+03 5.641938593107761335e+01
8.320638999999999896e+01 1.962000000000000000e+03 1.987815207527527946e+03 -2.581520752752794579e+01
8.322310000000000230e+01 1.950000000000000000e+03 1.988052135497684276e+03 -3.805213549768427583e+01
8.323981000000000563e+01 2.041000000000000000e+03 1.988291338243372593e+03 5.270866175662740716e+01
8.325651999999999475e+01 2.052000000000000000e+03 1.988532757545399591e+03 6.346724245460040947e+01
8.327322999999999809e+01 1.987000000000000000e+03 1.988776336635759662e+03 -1.776336635759662386e+00
8.328994000000000142e+01 2.031000000000000000e+03 1.989022020135188541e+03 4.197797986481145927e+01
8.330665999999999372e+01 2.083000000000000000e+03 1.989269902851850929e+03 9.373009714814907056e+01
8.332336999999999705e+01 1.949000000000000000e+03 1.989519635472094933e+03 -4.051963547209493299e+01
8.334008000000000038e+01 2.068000000000000000e+03 1.989771314085181984e+03 7.822868591481801559e+01
8.335679000000000372e+01 1.967000000000000000e+03 1.990024888300730254e+03 -2.302488830073025383e+01
8.337350000000000705e+01 1.977000000000000000e+03 1.990280308846794469e+03 -1.328030884679446899e+01
8.339020999999999617e+01 2.033000000000000000e+03 1.990537527523189056e+03 4.246247247681094450e+01
8.340691999999999950e+01 2.034000000000000000e+03 1.990796497156976329e+03 4.320350284302367072e+01
8.342363000000000284e+01 1.910000000000000000e+03 1.991057171559994458e+03 -8.105717155999445822e+01
8.344034999999999513e+01 1.921000000000000000e+03 1.991319662968480316e+03 -7.031966296848031561e+01
8.345705999999999847e+01 2.017000000000000000e+03 1.991583613037309533e+03 2.541638696269046704e+01
8.347377000000000180e+01 2.044000000000000000e+03 1.991849134797658962e+03 5.215086520234103773e+01
8.349048000000000513e+01 2.105000000000000000e+03 1.992116185613666403e+03 1.128838143863335972e+02
8.350718999999999426e+01 2.057000000000000000e+03 1.992384723649092848e+03 6.461527635090715194e+01
8.352389999999999759e+01 1.952000000000000000e+03 1.992654707835123872e+03 -4.065470783512387243e+01
8.354061000000000092e+01 2.069000000000000000e+03 1.992926097839573004e+03 7.607390216042699649e+01
8.355732000000000426e+01 1.995000000000000000e+03 1.993198854037447973e+03 1.801145962552027413e+00
8.357403999999999655e+01 2.033000000000000000e+03 1.993473101896107664e+03 3.952689810389233571e+01
8.359074999999999989e+01 2.004000000000000000e+03 1.993748475055124118e+03 1.025152494487588228e+01
8.360746000000000322e+01 2.052000000000000000e+03 1.994025099477918502e+03 5.797490052208149791e+01
8.362417000000000655e+01 2.014000000000000000e+03 1.994302938099021958e+03 1.969706190097804210e+01
8.364087999999999568e+01 2.059000000000000000e+03 1.994581954431022723e+03 6.441804556897727707e+01
8.365758999999999901e+01 1.937000000000000000e+03 1.994862112541954502e+03 -5.786211254195450238e+01
8.367430000000000234e+01 2.090000000000000000e+03 1.995143377033655725e+03 9.485662296634427548e+01
8.369101000000000568e+01 2.009000000000000000e+03 1.995425713021022148e+03 1.357428697897785241e+01
8.370772999999999797e+01 1.961000000000000000e+03 1.995709255998796834e+03 -3.470925599879683432e+01
8.372444000000000131e+01 2.044000000000000000e+03 1.995993632866199960e+03 4.800636713380004039e+01
8.374115000000000464e+01 2.056000000000000000e+03 1.996278979437841372e+03 5.972102056215862831e+01
8.375785999999999376e+01 1.983000000000000000e+03 1.996565262690517102e+03 -1.356526269051710187e+01
8.377456999999999709e+01 2.118000000000000000e+03 1.996852450022636958e+03 1.211475499773630418e+02
8.379128000000000043e+01 2.072000000000000000e+03 1.997140509238133063e+03 7.485949076186693674e+01
8.380799000000000376e+01 2.039000000000000000e+03 1.997429408531027320e+03 4.157059146897267965e+01
8.382470000000000709e+01 2.028000000000000000e+03 1.997719116470624613e+03 3.028088352937538730e+01
8.384141999999999939e+01 2.050000000000000000e+03 1.998009776053288988e+03 5.199022394671101210e+01
8.385813000000000272e+01 2.000000000000000000e+03 1.998301008862692697e+03 1.698991137307302779e+00
8.387484000000000606e+01 1.995000000000000000e+03 1.998592958121085530e+03 -3.592958121085530365e+00
8.389154999999999518e+01 1.975000000000000000e+03 1.998885593762619237e+03 -2.388559376261923717e+01
8.390825999999999851e+01 2.114000000000000000e+03 1.999178886031166712e+03 1.148211139688332878e+02
8.392497000000000185e+01 1.970000000000000000e+03 1.999472805468737533e+03 -2.947280546873753337e+01
8.394168000000000518e+01 2.029000000000000000e+03 1.999767322904356661e+03 2.923267709564333927e+01
8.395839999999999748e+01 2.017000000000000000e+03 2.000062586200821443e+03 1.693741379917855738e+01
8.397511000000000081e+01 2.012000000000000000e+03 2.000358213529591467e+03 1.164178647040853321e+01
8.399182000000000414e+01 2.011000000000000000e+03 2.000654352943907952e+03 1.034564705609204793e+01
8.400852999999999327e+01 1.993000000000000000e+03 2.000950976318274570e+03 -7.950976318274570076e+00
8.402523999999999660e+01 1.972000000000000000e+03 2.001248055764822311e+03 -2.924805576482231118e+01
8.404194999999999993e+01 2.054000000000000000e+03 2.001545563624549686e+03 5.245443637545031379e+01
8.405866000000000327e+01 1.940000000000000000e+03 2.001843472458928318e+03 -6.184347245892831779e+01
8.407537000000000660e+01 2.022000000000000000e+03 2.002141755041806618e+03 1.985824495819338154e+01
8.409208999999999889e+01 1.976000000000000000e+03 2.002440563163028173e+03 -2.644056316302817322e+01
8.410880000000000223e+01 1.950000000000000000e+03 2.002739512558899605e+03 -5.273951255889960521e+01
8.412551000000000556e+01 1.995000000000000000e+03 2.003038755207039230e+03 -8.038755207039230299e+00
8.414221999999999468e+01 2.055000000000000000e+03 2.003338264656188130e+03 5.166173534381186983e+01
8.415892999999999802e+01 1.947000000000000000e+03 2.003638014631507303e+03 -5.663801463150730342e+01
8.417564000000000135e+01 1.936000000000000000e+03 2.003937979028191876e+03 -6.793797902819187584e+01
8.419235000000000468e+01 2.001000000000000000e+03 2.004238131905335422e+03 -3.238131905335421834e+00
8.420905999999999381e+01 2.074000000000000000e+03 2.004538447480023024e+03 6.946155251997697633e+01
8.422578000000000031e+01 1.991000000000000000e+03 2.004839079961697280e+03 -1.383907996169727994e+01
8.424249000000000365e+01 1.987000000000000000e+03 2.005139644245722366e+03 -1.813964424572236567e+01
8.425920000000000698e+01 2.026000000000000000e+03 2.005440294755710738e+03 2.055970524428926183e+01
8.427590999999999610e+01 2.017000000000000000e+03 2.005741006286175889e+03 1.125899371382411118e+01
8.429261999999999944e+01 2.025000000000000000e+03 2.006041753763335464e+03 1.895824623666453590e+01
8.430933000000000277e+01 2.047000000000000000e+03 2.006342512240441010e+03 4.065748775955898964e+01
8.432604000000000610e+01 2.086000000000000000e+03 2.006643256893284615e+03 7.935674310671538478e+01
8.434274999999999523e+01 2.114000000000000000e+03 2.006943963015887221e+03 1.070560369841127795e+02
8.435947000000000173e+01 1.974000000000000000e+03 2.007244785910562314e+03 -3.324478591056231380e+01
8.437618000000000507e+01 2.070000000000000000e+03 2.007545341247303440e+03 6.245465875269655953e+01
8.439288999999999419e+01 2.082000000000000000e+03 2.007845784589923596e+03 7.415421541007640371e+01
8.440959999999999752e+01 2.022000000000000000e+03 2.008146091665446647e+03 1.385390833455335269e+01
8.442631000000000085e+01 1.969000000000000000e+03 2.008446238299893821e+03 -3.944623829989382102e+01
8.444302000000000419e+01 1.963000000000000000e+03 2.008746200414875148e+03 -4.574620041487514754e+01
8.445972999999999331e+01 2.061000000000000000e+03 2.009045954024308230e+03 5.195404597569176985e+01
8.447643999999999664e+01 2.001000000000000000e+03 2.009345475231268665e+03 -8.345475231268665084e+00
8.449316000000000315e+01 1.978000000000000000e+03 2.009644919236862052e+03 -3.164491923686205155e+01
8.450987000000000648e+01 2.011000000000000000e+03 2.009943904115089254e+03 1.056095884910746463e+00
8.452657999999999561e+01 2.050000000000000000e+03 2.010242585391184321e+03 3.975741460881567946e+01
8.454328999999999894e+01 2.016000000000000000e+03 2.010540939495772136e+03 5.459060504227863930e+00
8.456000000000000227e+01 2.023000000000000000e+03 2.010838942934632996e+03 1.216105706536700382e+01
8.457671000000000561e+01 1.970000000000000000e+03 2.011136572286224009e+03 -4.113657228622400908e+01
8.459341999999999473e+01 1.929000000000000000e+03 2.011433804199301676e+03 -8.243380419930167591e+01
8.461012999999999806e+01 1.933000000000000000e+03 2.011730615390639286e+03 -7.873061539063928649e+01
8.462685000000000457e+01 2.026000000000000000e+03 2.012027159864510850e+03 1.397284013548915027e+01
8.464355999999999369e+01 1.976000000000000000e+03 2.012323059737437006e+03 -3.632305973743700633e+01
8.466026999999999703e+01 2.026000000000000000e+03 2.012618469411771230e+03 1.338153058822877028e+01
8.467698000000000036e+01 1.970000000000000000e+03 2.012913365855353277e+03 -4.291336585535327686e+01
8.469369000000000369e+01 1.983000000000000000e+03 2.013207726093939755e+03 -3.020772609393975472e+01
8.471040000000000703e+01 2.055000000000000000e+03 2.013501527209433561e+03 4.149847279056643856e+01
8.472710999999999615e+01 1.925000000000000000e+03 2.013794746338180175e+03 -8.879474633818017537e+01
8.474381999999999948e+01 2.087000000000000000e+03 2.014087360669337841e+03 7.291263933066215941e+01
8.476054000000000599e+01 2.051000000000000000e+03 2.014379521988637862e+03 3.662047801136213820e+01
8.477724999999999511e+01 1.999000000000000000e+03 2.014670858099681936e+03 -1.567085809968193644e+01
8.479395999999999844e+01 2.008000000000000000e+03 2.014961521268690831e+03 -6.961521268690830766e+00
8.481067000000000178e+01 1.898000000000000000e+03 2.015251488881176101e+03 -1.172514888811761011e+02
8.482738000000000511e+01 2.040000000000000000e+03 2.015540738368317534e+03 2.445926163168246603e+01
8.484408999999999423e+01 2.121000000000000000e+03 2.015829247205721686e+03 1.051707527942783145e+02
8.486079999999999757e+01 1.931000000000000000e+03 2.016116992912233172e+03 -8.511699291223317232e+01
8.487751000000000090e+01 2.039000000000000000e+03 2.016403953048802805e+03 2.259604695119719509e+01
8.489422999999999320e+01 2.016000000000000000e+03 2.016685472303754977e+03 -6.854723037549774745e-01
8.491093999999999653e+01 2.071000000000000000e+03 2.016970820237264434e+03 5.402917976273556633e+01
8.492764999999999986e+01 2.000000000000000000e+03 2.017255315292251908e+03 -1.725531529225190752e+01
8.494436000000000320e+01 2.011000000000000000e+03 2.017538935190276106e+03 -6.538935190276106368e+00
8.496107000000000653e+01 2.034000000000000000e+03 2.017821657690082247e+03 1.617834230991775257e+01
8.497777999999999565e+01 2.057000000000000000e+03 2.018103460586762822e+03 3.889653941323717845e+01
8.499448999999999899e+01 1.932000000000000000e+03 2.018384321710977474e+03 -8.638432171097747414e+01
8.501121000000000549e+01 2.062000000000000000e+03 2.018664386138009604e+03 4.333561386199039589e+01
8.502791999999999462e+01 2.005000000000000000e+03 2.018943296751132493e+03 -1.394329675113249323e+01
8.504462999999999795e+01 2.038000000000000000e+03 2.019221199276669950e+03 1.877880072333005046e+01
8.506134000000000128e+01 1.944000000000000000e+03 2.019498071680481871e+03 -7.549807168048187123e+01
8.507805000000000462e+01 2.093000000000000000e+03 2.019773891960660194e+03 7.322610803933980606e+01
8.509475999999999374e+01 2.087000000000000000e+03 2.020048638146975918e+03 6.695136185302408194e+01
8.511146999999999707e+01 2.012000000000000000e+03 2.020322288300363425e+03 -8.322288300363425151e+00
8.512818000000000040e+01 1.971000000000000000e+03 2.020594820512443221e+03 -4.959482051244322065e+01
8.514490000000000691e+01 2.030000000000000000e+03 2.020866374972606081e+03 9.133625027393918572e+00
8.516160999999999603e+01 1.968000000000000000e+03 2.021134088285893995e+03 -5.313408828589399491e+01
8.517831999999999937e+01 2.070000000000000000e+03 2.021403148667453479e+03 4.859685133254652101e+01
8.519503000000000270e+01 1.948000000000000000e+03 2.021671003645435349e+03 -7.367100364543534852e+01
8.521174000000000603e+01 2.079000000000000000e+03 2.021937631460117700e+03 5.706236853988229996e+01
8.522844999999999516e+01 2.025000000000000000e+03 2.022203010380248770e+03 2.796989619751229839e+00
8.524515999999999849e+01 2.014000000000000000e+03 2.022467118702794778e+03 -8.467118702794778073e+00
8.526187000000000182e+01 2.056000000000000000e+03 2.022729934752710733e+03 3.327006524728926706e+01
8.527858999999999412e+01 2.096000000000000000e+03 2.022991592979420830e+03 7.300840702057917042e+01
8.529529999999999745e+01 1.978000000000000000e+03 2.023251758764191436e+03 -4.525175876419143606e+01
8.531201000000000079e+01 2.016000000000000000e+03 2.023510567404324320e+03 -7.510567404324319796e+00
8.532872000000000412e+01 2.003000000000000000e+03 2.023767997334995471e+03 -2.076799733499547074e+01
8.534542999999999324e+01 1.951000000000000000e+03 2.024024027018632523e+03 -7.302402701863252332e+01
8.536213999999999658e+01 1.931000000000000000e+03 2.024278634944843816e+03 -9.327863494484381590e+01
8.537884999999999991e+01 2.186000000000000000e+03 2.024531799630377236e+03 1.614682003696227639e+02
8.539556000000000324e+01 1.983000000000000000e+03 2.024783499619099302e+03 -4.178349961909930244e+01
8.541227999999999554e+01 2.055000000000000000e+03 2.025033862771778331e+03 2.996613722822166892e+01
8.542898999999999887e+01 2.017000000000000000e+03 2.025282568198441595e+03 -8.282568198441595086e+00
8.544570000000000221e+01 2.009000000000000000e+03 2.025529744710016075e+03 -1.652974471001607526e+01
8.546241000000000554e+01 2.102000000000000000e+03 2.025775370959170232e+03 7.622462904082976820e+01
8.547911999999999466e+01 2.005000000000000000e+03 2.026019425625963549e+03 -2.101942562596354946e+01
8.549582999999999799e+01 2.047000000000000000e+03 2.026261887417977505e+03 2.073811258202249519e+01
8.551254000000000133e+01 2.001000000000000000e+03 2.026502735070459494e+03 -2.550273507045949373e+01
8.552925000000000466e+01 2.098000000000000000e+03 2.026741947346501547e+03 7.125805265349845286e+01
8.554596999999999696e+01 2.056000000000000000e+03 2.026979644700805238e+03 2.902035529919476176e+01
8.556268000000000029e+01 2.055000000000000000e+03 2.027215521615226862e+03 2.778447838477313780e+01
8.557939000000000362e+01 1.980000000000000000e+03 2.027449699598968209e+03 -4.744969959896820910e+01
8.559610000000000696e+01 2.020000000000000000e+03 2.027682157528709467e+03 -7.682157528709467442e+00
8.561280999999999608e+01 2.029000000000000000e+03 2.027912874310196457e+03 1.087125689803542627e+00
8.562951999999999941e+01 2.015000000000000000e+03 2.028141828878554634e+03 -1.314182887855463377e+01
8.564623000000000275e+01 1.953000000000000000e+03 2.028369000198628783e+03 -7.536900019862878253e+01
8.566294000000000608e+01 2.079000000000000000e+03 2.028594367265352275e+03 5.040563273464772465e+01
8.567965999999999838e+01 2.005000000000000000e+03 2.028818042330758090e+03 -2.381804233075808952e+01
8.569637000000000171e+01 2.021000000000000000e+03 2.029039736886805940e+03 -8.039736886805940230e+00
8.571308000000000504e+01 1.986000000000000000e+03 2.029259564346347361e+03 -4.325956434634736070e+01
8.572978999999999417e+01 2.044000000000000000e+03 2.029477503828842373e+03 1.452249617115762703e+01
8.574649999999999750e+01 2.017000000000000000e+03 2.029693534486053295e+03 -1.269353448605329504e+01
8.576321000000000083e+01 2.021000000000000000e+03 2.029907635502562471e+03 -8.907635502562470720e+00
8.577992000000000417e+01 2.051000000000000000e+03 2.030119786096329790e+03 2.088021390367021013e+01
8.579662999999999329e+01 1.974000000000000000e+03 2.030329965519267716e+03 -5.632996551926771645e+01
8.581334999999999980e+01 2.061000000000000000e+03 2.030538277045947552e+03 3.046172295405244768e+01
8.583006000000000313e+01 2.000000000000000000e+03 2.030744450811285105e+03 -3.074445081128510537e+01
8.584677000000000646e+01 2.025000000000000000e+03 2.030948591359182501e+03 -5.948591359182501037e+00
8.586347999999999558e+01 1.969000000000000000e+03 2.031150678083811499e+03 -6.215067808381149916e+01
8.588018999999999892e+01 1.996000000000000000e+03 2.031350690416667476e+03 -3.535069041666747580e+01
8.589690000000000225e+01 2.002000000000000000e+03 2.031548607827340447e+03 -2.954860782734044733e+01
8.591361000000000558e+01 2.034000000000000000e+03 2.031744409824327022e+03 2.255590175672978148e+00
8.593031999999999471e+01 1.994000000000000000e+03 2.031938075955875320e+03 -3.793807595587531978e+01
8.594704000000000121e+01 1.983000000000000000e+03 2.032129699769139279e+03 -4.912969976913927894e+01
8.596375000000000455e+01 2.056000000000000000e+03 2.032319031669328069e+03 2.368096833067193074e+01
8.598045999999999367e+01 2.051000000000000000e+03 2.032506166584222001e+03 1.849383341577799911e+01
8.599716999999999700e+01 2.006000000000000000e+03 2.032691084230351862e+03 -2.669108423035186206e+01
8.601388000000000034e+01 1.928000000000000000e+03 2.032873764368835737e+03 -1.048737643688357366e+02
8.603059000000000367e+01 2.026000000000000000e+03 2.033054186806479493e+03 -7.054186806479492589e+00
8.604730000000000700e+01 2.041000000000000000e+03 2.033232331396924337e+03 7.767668603075662759e+00
8.606401999999999930e+01 2.019000000000000000e+03 2.033408282584210383e+03 -1.440828258421038299e+01
8.608073000000000263e+01 2.059000000000000000e+03 2.033581809841387667e+03 2.541819015861233311e+01
8.609744000000000597e+01 2.047000000000000000e+03 2.033752999093601147e+03 1.324700090639885275e+01
8.611414999999999509e+01 2.006000000000000000e+03 2.033921830394383733e+03 -2.792183039438373271e+01
8.613085999999999842e+01 1.982000000000000000e+03 2.034088283850645439e+03 -5.208828385064543909e+01
8.614757000000000176e+01 2.027000000000000000e+03 2.034252339624152910e+03 -7.252339624152909892e+00
8.616428000000000509e+01 1.984000000000000000e+03 2.034413977933079423e+03 -5.041397793307942266e+01
8.618098999999999421e+01 2.064000000000000000e+03 2.034573179053622198e+03 2.942682094637780210e+01
8.619771000000000072e+01 2.035000000000000000e+03 2.034730016384860619e+03 2.699836151393810724e-01
8.621442000000000405e+01 2.027000000000000000e+03 2.034884282709949957e+03 -7.884282709949957280e+00
8.623112999999999317e+01 2.105000000000000000e+03 2.035036053028949254e+03 6.996394697105074556e+01
8.624783999999999651e+01 2.015000000000000000e+03 2.035185307867810934e+03 -2.018530786781093411e+01
8.626454999999999984e+01 2.028000000000000000e+03 2.035332027819718178e+03 -7.332027819718177852e+00
8.628126000000000317e+01 2.073000000000000000e+03 2.035476193547175626e+03 3.752380645282437399e+01
8.629797000000000651e+01 2.072000000000000000e+03 2.035617785784197395e+03 3.638221421580260539e+01
8.631467999999999563e+01 2.055000000000000000e+03 2.035756785338582404e+03 1.924321466141759629e+01
8.633140000000000214e+01 1.985000000000000000e+03 2.035893253928961258e+03 -5.089325392896125777e+01
8.634811000000000547e+01 2.012000000000000000e+03 2.036027009268550046e+03 -2.402700926855004582e+01
8.636481999999999459e+01 2.008000000000000000e+03 2.036158114804667093e+03 -2.815811480466709327e+01
8.638152999999999793e+01 2.023000000000000000e+03 2.036286551665222078e+03 -1.328655166522207765e+01
8.639824000000000126e+01 2.019000000000000000e+03 2.036412301064936855e+03 -1.741230106493685525e+01
8.641495000000000459e+01 2.031000000000000000e+03 2.036535344308311323e+03 -5.535344308311323402e+00
8.643165999999999372e+01 2.082000000000000000e+03 2.036655662792722978e+03 4.534433720727702166e+01
8.644836999999999705e+01 1.971000000000000000e+03 2.036773238011662443e+03 -6.577323801166244266e+01
8.646509000000000356e+01 2.046000000000000000e+03 2.036888119437102660e+03 9.111880562897340496e+00
8.648180000000000689e+01 2.048000000000000000e+03 2.037000151338010028e+03 1.099984866198997224e+01
8.649850999999999601e+01 1.981000000000000000e+03 2.037109385054403901e+03 -5.610938505440390145e+01
8.651521999999999935e+01 2.033000000000000000e+03 2.037215802499750680e+03 -4.215802499750679999e+00
8.653193000000000268e+01 2.008000000000000000e+03 2.036897858543094571e+03 -2.889785854309457136e+01
8.654864000000000601e+01 1.980000000000000000e+03 2.037000867694477165e+03 -5.700086769447716506e+01
8.656534999999999513e+01 2.008000000000000000e+03 2.037100988604890290e+03 -2.910098860489028993e+01
8.658205999999999847e+01 2.056000000000000000e+03 2.037198203870604630e+03 1.880179612939537037e+01
8.659878000000000497e+01 2.061000000000000000e+03 2.037292551768196063e+03 2.370744823180393723e+01
8.661548999999999410e+01 1.996000000000000000e+03 2.037383902294537165e+03 -4.138390229453716529e+01
8.663219999999999743e+01 1.974000000000000000e+03 2.037472295756552967e+03 -6.347229575655296685e+01
8.664891000000000076e+01 2.058000000000000000e+03 2.037557715302918723e+03 2.044228469708127705e+01
8.666562000000000410e+01 2.052000000000000000e+03 2.037640144234407671e+03 1.435985576559232868e+01
8.668232999999999322e+01 1.960000000000000000e+03 2.037719566010025801e+03 -7.771956601002580101e+01
8.669903999999999655e+01 2.090000000000000000e+03 2.037795964253429702e+03 5.220403574657029822e+01
8.671574999999999989e+01 2.064000000000000000e+03 2.037869322759648412e+03 2.613067724035158790e+01
8.673247000000000639e+01 2.055000000000000000e+03 2.037939666656303871e+03 1.706033334369612930e+01
8.674917999999999552e+01 2.098000000000000000e+03 2.038006895951343949e+03 5.999310404865605051e+01
8.676588999999999885e+01 2.044000000000000000e+03 2.038071037985238263e+03 5.928962014761737009e+00
8.678260000000000218e+01 2.041000000000000000e+03 2.038132077312381170e+03 2.867922687618829514e+00
8.679931000000000552e+01 2.017000000000000000e+03 2.037968614708708856e+03 -2.096861470870885569e+01
8.681601999999999464e+01 2.044000000000000000e+03 2.038024594523017186e+03 5.975405476982814434e+00
8.683272999999999797e+01 2.079000000000000000e+03 2.038077416999247816e+03 4.092258300075218358e+01
8.684944000000000131e+01 1.995000000000000000e+03 2.038127067689561727e+03 -4.312706768956172709e+01
8.686615999999999360e+01 2.091000000000000000e+03 2.038173559242748297e+03 5.282644075725170296e+01
8.688286999999999694e+01 2.089000000000000000e+03 2.038216822096495207e+03 5.078317790350479299e+01
8.689958000000000027e+01 2.042000000000000000e+03 2.038256871336864833e+03 3.743128663135166789e+00
8.691629000000000360e+01 1.982000000000000000e+03 2.038293693569806692e+03 -5.629369356980669181e+01
8.693300000000000693e+01 1.978000000000000000e+03 2.038327275694183982e+03 -6.032727569418398161e+01
8.694970999999999606e+01 1.929000000000000000e+03 2.038357604914752983e+03 -1.093576049147529829e+02
8.696641999999999939e+01 2.098000000000000000e+03 2.038384668755756365e+03 5.961533124424363450e+01
8.698313000000000272e+01 2.101000000000000000e+03 2.038408455075200436e+03 6.259154492479956389e+01
8.699984999999999502e+01 2.029000000000000000e+03 2.038428963359011505e+03 -9.428963359011504508e+00
8.701655999999999835e+01 2.024000000000000000e+03 2.038446157641357786e+03 -1.444615764135778591e+01
8.703327000000000169e+01 2.101000000000000000e+03 2.038460040125733258e+03 6.253995987426674219e+01
8.704998000000000502e+01 2.137000000000000000e+03 2.038470600162796927e+03 9.852939983720307282e+01
8.706668999999999414e+01 2.083000000000000000e+03 2.038477827519675884e+03 4.452217248032411590e+01
8.708339999999999748e+01 2.074000000000000000e+03 2.038227820697393554e+03 3.577217930260644607e+01
8.710011000000000081e+01 2.035000000000000000e+03 2.038229713514746663e+03 -3.229713514746663350e+00
8.711682999999999311e+01 2.094000000000000000e+03 2.038228232858353067e+03 5.577176714164693294e+01
8.713353999999999644e+01 1.939000000000000000e+03 2.038223372245287919e+03 -9.922337224528791921e+01
8.715024999999999977e+01 2.019000000000000000e+03 2.038215124070508637e+03 -1.921512407050863658e+01
8.716696000000000311e+01 2.074000000000000000e+03 2.038203481149922254e+03 3.579651885007774581e+01
8.718367000000000644e+01 2.002000000000000000e+03 2.038188436870268106e+03 -3.618843687026810585e+01
8.720037999999999556e+01 2.054000000000000000e+03 2.038169985216188479e+03 1.583001478381152083e+01
8.721708999999999889e+01 1.982000000000000000e+03 2.038148120798702166e+03 -5.614812079870216621e+01
8.723380000000000223e+01 2.016000000000000000e+03 2.038122838885149122e+03 -2.212283888514912178e+01
8.725051999999999452e+01 2.029000000000000000e+03 2.038094117228180721e+03 -9.094117228180721213e+00
8.726722999999999786e+01 2.039000000000000000e+03 2.038061986858577256e+03 9.380131414227435016e-01
8.728394000000000119e+01 2.025000000000000000e+03 2.038026429055011477e+03 -1.302642905501147652e+01
8.730065000000000452e+01 1.948000000000000000e+03 2.037987442042679731e+03 -8.998744204267973146e+01
8.731735999999999365e+01 2.041000000000000000e+03 2.037945024878138838e+03 3.054975121861161824e+00
8.733406999999999698e+01 2.050000000000000000e+03 2.037899177490075317e+03 1.210082250992468289e+01
8.735078000000000031e+01 2.017000000000000000e+03 2.037716447909111594e+03 -2.071644790911159362e+01
8.736749000000000365e+01 2.080000000000000000e+03 2.037664455557129031e+03 4.233554444287096885e+01
8.738420999999999594e+01 2.030000000000000000e+03 2.037608998565522143e+03 -7.608998565522142599e+00
8.740091999999999928e+01 2.056000000000000000e+03 2.037550147203416827e+03 1.844985279658317268e+01
8.741763000000000261e+01 2.023000000000000000e+03 2.037487874370847521e+03 -1.448787437084752128e+01
8.743434000000000594e+01 1.978000000000000000e+03 2.037422186276337925e+03 -5.942218627633792494e+01
8.745104999999999507e+01 2.103000000000000000e+03 2.037353090354018832e+03 6.564690964598116807e+01
8.746775999999999840e+01 2.038000000000000000e+03 2.037280595325959212e+03 7.194046740407884499e-01
8.748447000000000173e+01 2.075000000000000000e+03 2.037204711267959055e+03 3.779528873204094452e+01
8.750118000000000507e+01 1.996000000000000000e+03 2.037125449679039548e+03 -4.112544967903954785e+01
8.751789999999999736e+01 1.997000000000000000e+03 2.037042773103215950e+03 -4.004277310321594996e+01
8.753461000000000070e+01 1.988000000000000000e+03 2.036956795013499686e+03 -4.895679501349968632e+01
8.755132000000000403e+01 2.066000000000000000e+03 2.036867483194566603e+03 2.913251680543339717e+01
8.756802999999999315e+01 2.040000000000000000e+03 2.036774855616345121e+03 3.225144383654878766e+00
8.758473999999999648e+01 1.992000000000000000e+03 2.036678932083360678e+03 -4.467893208336067801e+01
8.760144999999999982e+01 1.960000000000000000e+03 2.036579734331746522e+03 -7.657973433174652200e+01
8.761816000000000315e+01 2.008000000000000000e+03 2.036477286131910432e+03 -2.847728613191043223e+01
8.763487000000000648e+01 2.028000000000000000e+03 2.036371613397243436e+03 -8.371613397243436339e+00
8.765158999999999878e+01 1.950000000000000000e+03 2.036262678196167826e+03 -8.626267819616782617e+01
8.766830000000000211e+01 2.078000000000000000e+03 2.036150641401518214e+03 4.184935859848178552e+01
8.768501000000000545e+01 1.957000000000000000e+03 2.036035471876672545e+03 -7.903547187667254548e+01
8.770171999999999457e+01 1.952000000000000000e+03 2.035917205330694514e+03 -8.391720533069451449e+01
8.771842999999999790e+01 1.990000000000000000e+03 2.035795880264604648e+03 -4.579588026460464789e+01
8.773514000000000124e+01 2.034000000000000000e+03 2.035671538125679717e+03 -1.671538125679717268e+00
8.775185000000000457e+01 1.936000000000000000e+03 2.035544223471244322e+03 -9.954422347124432235e+01
8.776855999999999369e+01 2.041000000000000000e+03 2.035413984142624486e+03 5.586015857375514315e+00
8.778528000000000020e+01 2.107000000000000000e+03 2.035280790939955978e+03 7.171920906004402241e+01
8.780199000000000353e+01 2.042000000000000000e+03 2.035144858189190700e+03 6.855141810809300296e+00
8.781870000000000687e+01 1.984000000000000000e+03 2.035006165935685885e+03 -5.100616593568588542e+01
8.783540999999999599e+01 1.997000000000000000e+03 2.034864777127819707e+03 -3.786477712781970695e+01
8.785211999999999932e+01 2.100000000000000000e+03 2.034720759046982494e+03 6.527924095301750640e+01
8.786883000000000266e+01 2.036000000000000000e+03 2.034574183559443782e+03 1.425816440556218367e+00
8.788554000000000599e+01 2.100000000000000000e+03 2.034425127384678035e+03 6.557487261532196499e+01
8.790224999999999511e+01 2.043000000000000000e+03 2.034273672381372307e+03 8.726327618627692573e+00
8.791897000000000162e+01 1.938000000000000000e+03 2.034119813157977205e+03 -9.611981315797720526e+01
8.793568000000000495e+01 2.052000000000000000e+03 2.033963826877404927e+03 1.803617312259507344e+01
8.795238999999999407e+01 2.078000000000000000e+03 2.033805721394639022e+03 4.419427860536097796e+01
8.796909999999999741e+01 2.071000000000000000e+03 2.033645602391452712e+03 3.735439760854728775e+01
8.798581000000000074e+01 1.998000000000000000e+03 2.033483582434596428e+03 -3.548358243459642836e+01
8.800252000000000407e+01 2.077000000000000000e+03 2.033319781399887006e+03 4.368021860011299395e+01
8.801922999999999320e+01 2.041000000000000000e+03 2.033154326925959367e+03 7.845673074040632855e+00
8.803593999999999653e+01 2.071000000000000000e+03 2.032987354900043556e+03 3.801264509995644403e+01
8.805266000000000304e+01 2.010000000000000000e+03 2.032818908852538698e+03 -2.281890885253869783e+01
8.806937000000000637e+01 2.000000000000000000e+03 2.032649344336603690e+03 -3.264934433660368995e+01
8.808607999999999549e+01 1.944000000000000000e+03 2.032478724917005366e+03 -8.847872491700536557e+01
8.810278999999999883e+01 2.075000000000000000e+03 2.032307225075375300e+03 4.269277492462470036e+01
8.811950000000000216e+01 2.087000000000000000e+03 2.032135030550517740e+03 5.486496944948225973e+01
8.813621000000000549e+01 2.006000000000000000e+03 2.031962339079570711e+03 -2.596233907957071096e+01
8.815291999999999462e+01 2.000000000000000000e+03 2.031789361195118772e+03 -3.178936119511877223e+01
8.816964000000000112e+01 1.986000000000000000e+03 2.031616217556527317e+03 -4.561621755652731736e+01
8.818635000000000446e+01 2.040000000000000000e+03 2.031443354160249100e+03 8.556645839750899540e+00
8.820305999999999358e+01 1.943000000000000000e+03 2.031270921792960507e+03 -8.827092179296050745e+01
8.821976999999999691e+01 2.021000000000000000e+03 2.031099191448640340e+03 -1.009919144864034024e+01
8.823648000000000025e+01 2.041000000000000000e+03 2.030928451928944241e+03 1.007154807105575856e+01
8.825319000000000358e+01 2.046000000000000000e+03 2.030759011096082531e+03 1.524098890391746863e+01
8.826990000000000691e+01 2.008000000000000000e+03 2.030591197227503471e+03 -2.259119722750347137e+01
8.828660999999999603e+01 2.072000000000000000e+03 2.030425360481916414e+03 4.157463951808358615e+01
8.830333000000000254e+01 1.994000000000000000e+03 2.030261777432071312e+03 -3.626177743207131243e+01
8.832004000000000588e+01 1.971000000000000000e+03 2.030101042776649592e+03 -5.910104277664959227e+01
8.833674999999999500e+01 1.958000000000000000e+03 2.029943483830386867e+03 -7.194348383038686734e+01
8.835345999999999833e+01 2.043000000000000000e+03 2.029789555574837777e+03 1.321044442516222261e+01
8.837017000000000166e+01 2.097000000000000000e+03 2.029639744285088227e+03 6.736025571491177288e+01
8.838688000000000500e+01 2.006000000000000000e+03 2.029494569929624731e+03 -2.349456992962473123e+01
8.840358999999999412e+01 2.045000000000000000e+03 2.029354588784447060e+03 1.564541121555294012e+01
8.842029999999999745e+01 1.960000000000000000e+03 2.029220396283494210e+03 -6.922039628349421037e+01
8.843702000000000396e+01 2.101000000000000000e+03 2.029092555727245781e+03 7.190744427275421913e+01
8.845372999999999308e+01 1.940000000000000000e+03 2.028971903762819920e+03 -8.897190376281992030e+01
8.847043999999999642e+01 2.082000000000000000e+03 2.028859094733633356e+03 5.314090526636664436e+01
8.848714999999999975e+01 2.085000000000000000e+03 2.028754914896236187e+03 5.624508510376381309e+01
8.850386000000000308e+01 1.998000000000000000e+03 2.028660208438675454e+03 -3.066020843867545409e+01
8.852057000000000642e+01 1.946000000000000000e+03 2.028575882384264787e+03 -8.257588238426478711e+01
8.853727999999999554e+01 2.067000000000000000e+03 2.028502911981753186e+03 3.849708801824681359e+01
8.855398999999999887e+01 2.056000000000000000e+03 2.028442346637669289e+03 2.755765336233071139e+01
8.857071000000000538e+01 2.010000000000000000e+03 2.028395292600028597e+03 -1.839529260002859701e+01
8.858741999999999450e+01 2.057000000000000000e+03 2.028363024800735730e+03 2.863697519926427049e+01
8.860412999999999784e+01 2.138000000000000000e+03 2.028346824883990166e+03 1.096531751160098338e+02
8.862084000000000117e+01 2.068000000000000000e+03 2.028348111513314961e+03 3.965188848668503852e+01
8.863755000000000450e+01 2.000000000000000000e+03 2.028368417839947369e+03 -2.836841783994736943e+01
8.865425999999999362e+01 2.094000000000000000e+03 2.028409402355549673e+03 6.559059764445032670e+01
8.867096999999999696e+01 2.133000000000000000e+03 2.028472860956641853e+03 1.045271390433581473e+02
8.868768000000000029e+01 2.003000000000000000e+03 2.028560740377565708e+03 -2.556074037756570760e+01
8.870440000000000680e+01 2.019000000000000000e+03 2.028675230034277320e+03 -9.675230034277319646e+00
8.872110999999999592e+01 2.160000000000000000e+03 2.028818489290272964e+03 1.311815107097270356e+02
8.873781999999999925e+01 2.033000000000000000e+03 2.028993074984081204e+03 4.006925015918795907e+00
8.875453000000000259e+01 2.036000000000000000e+03 2.029201705938854730e+03 6.798294061145270462e+00
8.877124000000000592e+01 2.151000000000000000e+03 2.029447346867957322e+03 1.215526531320426784e+02
8.878794999999999504e+01 2.042000000000000000e+03 2.029733234923556438e+03 1.226676507644356207e+01
8.880465999999999838e+01 2.078000000000000000e+03 2.030062909634237712e+03 4.793709036576228755e+01
8.882137000000000171e+01 2.110000000000000000e+03 2.030440246733595814e+03 7.955975326640418643e+01
8.883808999999999401e+01 2.058000000000000000e+03 2.030869769801033726e+03 2.713023019896627375e+01
8.885479999999999734e+01 2.078000000000000000e+03 2.031355635744701885e+03 4.664436425529811459e+01
8.887151000000000067e+01 2.074000000000000000e+03 2.031903221431638030e+03 4.209677856836196952e+01
8.888822000000000401e+01 2.082000000000000000e+03 2.032518186652054055e+03 4.948181334794594477e+01
8.890492999999999313e+01 2.055000000000000000e+03 2.033206779463055227e+03 2.179322053694477290e+01
8.892163999999999646e+01 2.075000000000000000e+03 2.033975910006302456e+03 4.102408999369754383e+01
8.893834999999999980e+01 2.103000000000000000e+03 2.034833235300728120e+03 6.816676469927188009e+01
8.895506000000000313e+01 2.068000000000000000e+03 2.035787256903488696e+03 3.221274309651130352e+01
8.897177999999999543e+01 2.140000000000000000e+03 2.036848101991350632e+03 1.031518980086493684e+02
8.898848999999999876e+01 2.003000000000000000e+03 2.038025054099687168e+03 -3.502505409968716776e+01
8.900520000000000209e+01 1.996000000000000000e+03 2.039330502374120215e+03 -4.333050237412021488e+01
8.902191000000000543e+01 2.054000000000000000e+03 2.040777651008795829e+03 1.322234899120417140e+01
8.903861999999999455e+01 2.050000000000000000e+03 2.042381327802525902e+03 7.618672197474097629e+00
8.905532999999999788e+01 2.116000000000000000e+03 2.044158226855461635e+03 7.184177314453836516e+01
8.907204000000000121e+01 2.090000000000000000e+03 2.046127194452078584e+03 4.387280554792141629e+01
8.908875999999999351e+01 2.112000000000000000e+03 2.048310941948030177e+03 6.368905805196982328e+01
8.910546999999999684e+01 2.181000000000000000e+03 2.050731100028819128e+03 1.302688999711808719e+02
8.912218000000000018e+01 2.074000000000000000e+03 2.053416516249486904e+03 2.058348375051309631e+01
8.913889000000000351e+01 2.175000000000000000e+03 2.056398758966748119e+03 1.186012410332518812e+02
8.915560000000000684e+01 2.150000000000000000e+03 2.059714076436127471e+03 9.028592356387252948e+01
8.917230999999999597e+01 2.040000000000000000e+03 2.063404299928810815e+03 -2.340429992881081489e+01
8.918901999999999930e+01 2.101000000000000000e+03 2.067518009869279012e+03 3.348199013072098751e+01
8.920573000000000263e+01 2.036000000000000000e+03 2.072112093293587350e+03 -3.611209329358734976e+01
8.922244999999999493e+01 2.142000000000000000e+03 2.077257157067295338e+03 6.474284293270466151e+01
8.923915999999999826e+01 2.153000000000000000e+03 2.083027993104574307e+03 6.997200689542569307e+01
8.925587000000000160e+01 2.166000000000000000e+03 2.089526498908129270e+03 7.647350109187073031e+01
8.927258000000000493e+01 2.109000000000000000e+03 2.096876464848030992e+03 1.212353515196900844e+01
8.928928999999999405e+01 2.107000000000000000e+03 2.105236420487673968e+03 1.763579512326032273e+00
8.930599999999999739e+01 2.134000000000000000e+03 2.114814112020099856e+03 1.918588797990014427e+01
8.932271000000000072e+01 2.256000000000000000e+03 2.125887005187293198e+03 1.301129948127068019e+02
8.933942000000000405e+01 2.104000000000000000e+03 2.138830201713344650e+03 -3.483020171334464976e+01
8.935613999999999635e+01 2.174000000000000000e+03 2.154162566442499610e+03 1.983743355750038972e+01
8.937284999999999968e+01 2.193000000000000000e+03 2.172552546171334143e+03 2.044745382866585715e+01
8.938956000000000301e+01 2.145000000000000000e+03 2.194921225337966462e+03 -4.992122533796646167e+01
8.940627000000000635e+01 2.197000000000000000e+03 2.222455043376671256e+03 -2.545504337667125583e+01
8.942297999999999547e+01 2.199000000000000000e+03 2.256651175409853749e+03 -5.765117540985374944e+01
8.943968999999999880e+01 2.292000000000000000e+03 2.299331061681920346e+03 -7.331061681920346018e+00
8.945640000000000214e+01 2.401000000000000000e+03 2.352615701218117920e+03 4.838429878188208022e+01
8.947311000000000547e+01 2.359000000000000000e+03 2.418848519575147748e+03 -5.984851957514774767e+01
8.948982999999999777e+01 2.290000000000000000e+03 2.500509068181066141e+03 -2.105090681810661408e+02
8.950654000000000110e+01 2.389000000000000000e+03 2.599799890936440988e+03 -2.107998909364409883e+02
8.952325000000000443e+01 2.506000000000000000e+03 2.718658001329443778e+03 -2.126580013294437776e+02
8.953995999999999356e+01 2.624000000000000000e+03 2.858212501607181821e+03 -2.342125016071818209e+02
8.955666999999999689e+01 2.732000000000000000e+03 3.018362033808705291e+03 -2.863620338087052914e+02
8.957338000000000022e+01 2.841000000000000000e+03 3.197129864659757004e+03 -3.561298646597570041e+02
8.959009000000000356e+01 3.168000000000000000e+03 3.389741427517787997e+03 -2.217414275177879972e+02
8.960680000000000689e+01 3.425000000000000000e+03 3.587399985400621063e+03 -1.623999854006210626e+02
8.962351999999999919e+01 3.788000000000000000e+03 3.776203103542888130e+03 1.179689645711187040e+01
8.964023000000000252e+01 4.091000000000000000e+03 3.936635278346291670e+03 1.543647216537083295e+02
8.965694000000000585e+01 4.091000000000000000e+03 4.047113306670651582e+03 4.388669332934841805e+01
8.967364999999999498e+01 4.191000000000000000e+03 4.090095369944650884e+03 1.009046300553491164e+02
8.969035999999999831e+01 4.271000000000000000e+03 4.059821783003975725e+03 2.111782169960242754e+02
8.970707000000000164e+01 4.023000000000000000e+03 3.965457939616685962e+03 5.754206038331403761e+01
8.972378000000000497e+01 4.031000000000000000e+03 3.827039174006691610e+03 2.039608259933083900e+02
8.974048999999999410e+01 3.945000000000000000e+03 3.667689381497928480e+03 2.773106185020715202e+02
8.975721000000000060e+01 3.687000000000000000e+03 3.507399292353718465e+03 1.796007076462815348e+02
8.977392000000000394e+01 3.468000000000000000e+03 3.361020491423735621e+03 1.069795085762643794e+02
8.979062999999999306e+01 3.211000000000000000e+03 3.237903762719942279e+03 -2.690376271994227864e+01
8.980733999999999639e+01 3.078000000000000000e+03 3.143402811232330350e+03 -6.540281123233035032e+01
8.982404999999999973e+01 2.927000000000000000e+03 3.079789205796287206e+03 -1.527892057962872059e+02
8.984076000000000306e+01 2.922000000000000000e+03 3.046893067919115310e+03 -1.248930679191153104e+02
8.985747000000000639e+01 2.886000000000000000e+03 3.042383718751026208e+03 -1.563837187510262083e+02
8.987417999999999552e+01 3.030000000000000000e+03 3.061738481398412659e+03 -3.173848139841265947e+01
8.989090000000000202e+01 3.056000000000000000e+03 3.097979341555350857e+03 -4.197934155535085665e+01
8.990761000000000536e+01 3.146000000000000000e+03 3.141234285265983090e+03 4.765714734016910370e+00
8.992431999999999448e+01 3.339000000000000000e+03 3.179061540649480776e+03 1.599384593505192242e+02
8.994102999999999781e+01 3.272000000000000000e+03 3.197983300226434949e+03 7.401669977356505115e+01
8.995774000000000115e+01 3.293000000000000000e+03 3.186953589742171516e+03 1.060464102578284837e+02
8.997445000000000448e+01 3.158000000000000000e+03 3.141266117827213748e+03 1.673388217278625234e+01
8.999115999999999360e+01 3.107000000000000000e+03 3.064124246006311296e+03 4.287575399368870421e+01
