# 2theta y_obs y_calc y_diff
8.005670000000000286e+00 3.801000000000000000e+03 3.802085591379636753e+03 -1.085591379636753118e+00
8.022380000000000067e+00 3.767000000000000000e+03 3.803575377402916729e+03 -3.657537740291672890e+01
8.039099999999999469e+00 3.844000000000000000e+03 3.805187320224533323e+03 3.881267977546667680e+01
8.055809999999999249e+00 3.831000000000000000e+03 3.806823789073959688e+03 2.417621092604031219e+01
8.072520000000000806e+00 3.902000000000000000e+03 3.808373462012866639e+03 9.362653798713336073e+01
8.089230000000000587e+00 3.791000000000000000e+03 3.809710178348297177e+03 -1.871017834829717685e+01
8.105940000000000367e+00 3.822000000000000000e+03 3.810697712214417152e+03 1.130228778558284830e+01
8.122650000000000148e+00 3.718000000000000000e+03 3.811194949266330241e+03 -9.319494926633024079e+01
8.139359999999999928e+00 3.822000000000000000e+03 3.811062491807851529e+03 1.093750819214847070e+01
8.156069999999999709e+00 3.774000000000000000e+03 3.810170475073321995e+03 -3.617047507332199530e+01
8.172790000000000887e+00 3.853000000000000000e+03 3.808405863682304243e+03 4.459413631769575659e+01
8.189500000000000668e+00 3.879000000000000000e+03 3.805686241352831075e+03 7.331375864716892465e+01
8.206210000000000448e+00 3.853000000000000000e+03 3.801962411093295032e+03 5.103758890670496839e+01
8.222920000000000229e+00 3.804000000000000000e+03 3.797229472265475124e+03 6.770527734524875996e+00
8.239630000000000010e+00 3.842000000000000000e+03 3.791530210683272799e+03 5.046978931672720137e+01
8.256339999999999790e+00 3.746000000000000000e+03 3.784954189752014372e+03 -3.895418975201437206e+01
8.273049999999999571e+00 3.815000000000000000e+03 3.777631108900133768e+03 3.736889109986623225e+01
8.289759999999999351e+00 3.758000000000000000e+03 3.769719565255135421e+03 -1.171956525513542147e+01
8.306480000000000530e+00 3.830000000000000000e+03 3.761388616247626032e+03 6.861138375237396758e+01
8.323190000000000310e+00 3.630000000000000000e+03 3.752825074594939451e+03 -1.228250745949394513e+02
8.339900000000000091e+00 3.655000000000000000e+03 3.744192716369163463e+03 -8.919271636916346324e+01
8.356609999999999872e+00 3.803000000000000000e+03 3.735644091059059974e+03 6.735590894094002579e+01
8.373319999999999652e+00 3.666000000000000000e+03 3.727310218402904866e+03 -6.131021840290486580e+01
8.390029999999999433e+00 3.775000000000000000e+03 3.719297334067536667e+03 5.570266593246333287e+01
8.406739999999999213e+00 3.775000000000000000e+03 3.711685460281697033e+03 6.331453971830296723e+01
8.423450000000000770e+00 3.783000000000000000e+03 3.704528550175336022e+03 7.847144982466397778e+01
8.440170000000000172e+00 3.798000000000000000e+03 3.697852143488823003e+03 1.001478565111769967e+02
8.456879999999999953e+00 3.628000000000000000e+03 3.691671655036185712e+03 -6.367165503618571165e+01
8.473589999999999733e+00 3.751000000000000000e+03 3.685971839617383921e+03 6.502816038261607900e+01
8.490299999999999514e+00 3.803000000000000000e+03 3.680726976847727656e+03 1.222730231522723443e+02
8.507009999999999295e+00 3.746000000000000000e+03 3.675900783319987568e+03 7.009921668001243233e+01
8.523720000000000852e+00 3.802000000000000000e+03 3.671450302565361199e+03 1.305496974346388015e+02
8.540430000000000632e+00 3.758000000000000000e+03 3.667329390089686967e+03 9.067060991031303274e+01
8.557140000000000413e+00 3.635000000000000000e+03 3.663491628438554926e+03 -2.849162843855492611e+01
8.573859999999999815e+00 3.612000000000000000e+03 3.659890497540202887e+03 -4.789049754020288674e+01
8.590569999999999595e+00 3.723000000000000000e+03 3.656489441046616321e+03 6.651055895338367918e+01
8.607279999999999376e+00 3.782000000000000000e+03 3.653249960118737818e+03 1.287500398812621825e+02
8.623989999999999156e+00 3.627000000000000000e+03 3.650140791643638295e+03 -2.314079164363829477e+01
8.640700000000000713e+00 3.717000000000000000e+03 3.647135718314795668e+03 6.986428168520433246e+01
8.657410000000000494e+00 3.665000000000000000e+03 3.644213295193655540e+03 2.078670480634445994e+01
8.674120000000000275e+00 3.650000000000000000e+03 3.641356379522216230e+03 8.643620477783770184e+00
8.690830000000000055e+00 3.738000000000000000e+03 3.638551556094178068e+03 9.944844390582193228e+01
8.707549999999999457e+00 3.568000000000000000e+03 3.635786888264656227e+03 -6.778688826465622697e+01
8.724259999999999238e+00 3.711000000000000000e+03 3.633057921396241454e+03 7.794207860375854580e+01
8.740970000000000795e+00 3.569000000000000000e+03 3.630357237127680946e+03 -6.135723712768094629e+01
8.757680000000000575e+00 3.556000000000000000e+03 3.627680626861179462e+03 -7.168062686117946214e+01
8.774390000000000356e+00 3.677000000000000000e+03 3.625025045483435861e+03 5.197495451656413934e+01
8.791100000000000136e+00 3.578000000000000000e+03 3.622388305824162671e+03 -4.438830582416267134e+01
8.807809999999999917e+00 3.590000000000000000e+03 3.619768841176404749e+03 -2.976884117640474869e+01
8.824519999999999698e+00 3.635000000000000000e+03 3.617165525800215164e+03 1.783447419978483595e+01
8.841240000000000876e+00 3.565000000000000000e+03 3.614575998370426987e+03 -4.957599837042698709e+01
8.857950000000000657e+00 3.743000000000000000e+03 3.612002752665296157e+03 1.309972473347038431e+02
8.874660000000000437e+00 3.684000000000000000e+03 3.609443778471273617e+03 7.455622152872638253e+01
8.891370000000000218e+00 3.576000000000000000e+03 3.606898718990375528e+03 -3.089871899037552794e+01
8.908079999999999998e+00 3.555000000000000000e+03 3.604367286105337371e+03 -4.936728610533737083e+01
8.924789999999999779e+00 3.519000000000000000e+03 3.601849239315624345e+03 -8.284923931562434518e+01
8.941499999999999559e+00 3.604000000000000000e+03 3.599344371778999175e+03 4.655628221000824851e+00
8.958220000000000738e+00 3.564000000000000000e+03 3.596851013725434768e+03 -3.285101372543476828e+01
8.974930000000000518e+00 3.632000000000000000e+03 3.594371983573026682e+03 3.762801642697331772e+01
8.991640000000000299e+00 3.579000000000000000e+03 3.591905636578329904e+03 -1.290563657832990430e+01
9.008350000000000080e+00 3.528000000000000000e+03 3.589451834727060032e+03 -6.145183472706003158e+01
9.025059999999999860e+00 3.504000000000000000e+03 3.587010449710249759e+03 -8.301044971024975894e+01
9.041769999999999641e+00 3.557000000000000000e+03 3.584581361543206640e+03 -2.758136154320663991e+01
9.058479999999999421e+00 3.621000000000000000e+03 3.582164457524795125e+03 3.883554247520487479e+01
9.075189999999999202e+00 3.668000000000000000e+03 3.579759631420651203e+03 8.824036857934879663e+01
9.091910000000000380e+00 3.572000000000000000e+03 3.577365354379362998e+03 -5.365354379362997861e+00
9.108620000000000161e+00 3.607000000000000000e+03 3.574984395135688374e+03 3.201560486431162644e+01
9.125329999999999941e+00 3.547000000000000000e+03 3.572615227715495166e+03 -2.561522771549516619e+01
9.142039999999999722e+00 3.537000000000000000e+03 3.570257766055451157e+03 -3.325776605545115672e+01
9.158749999999999503e+00 3.507000000000000000e+03 3.567911928079676727e+03 -6.091192807967672707e+01
9.175459999999999283e+00 3.561000000000000000e+03 3.565577635375804675e+03 -4.577635375804675277e+00
9.192170000000000840e+00 3.535000000000000000e+03 3.563254812906177904e+03 -2.825481290617790364e+01
9.208880000000000621e+00 3.512000000000000000e+03 3.560943388749319183e+03 -4.894338874931918326e+01
9.225600000000000023e+00 3.477000000000000000e+03 3.558641920768304317e+03 -8.164192076830431688e+01
9.242309999999999803e+00 3.362000000000000000e+03 3.556353095520439183e+03 -1.943530955204391830e+02
9.259019999999999584e+00 3.543000000000000000e+03 3.554075469271707789e+03 -1.107546927170778872e+01
9.275729999999999364e+00 3.524000000000000000e+03 3.551808980462937598e+03 -2.780898046293759762e+01
9.292439999999999145e+00 3.512000000000000000e+03 3.549553569695853639e+03 -3.755356969585363913e+01
9.309150000000000702e+00 3.541000000000000000e+03 3.547309179592609780e+03 -6.309179592609780229e+00
9.325860000000000483e+00 3.504000000000000000e+03 3.545075754667959700e+03 -4.107575466795969987e+01
9.342570000000000263e+00 3.447000000000000000e+03 3.542853241212691501e+03 -9.585324121269150055e+01
9.359289999999999665e+00 3.550000000000000000e+03 3.540640266877135218e+03 9.359733122864781762e+00
9.375999999999999446e+00 3.436000000000000000e+03 3.538439428267486619e+03 -1.024394282674866190e+02
9.392709999999999226e+00 3.455000000000000000e+03 3.536249349606220221e+03 -8.124934960622022118e+01
9.409420000000000783e+00 3.420000000000000000e+03 3.534069983309843792e+03 -1.140699833098437921e+02
9.426130000000000564e+00 3.386000000000000000e+03 3.531901283119777418e+03 -1.459012831197774176e+02
9.442840000000000344e+00 3.483000000000000000e+03 3.529743204032644826e+03 -4.674320403264482593e+01
9.459550000000000125e+00 3.589000000000000000e+03 3.527595702235841600e+03 6.140429776415840024e+01
9.476259999999999906e+00 3.546000000000000000e+03 3.525458735047909613e+03 2.054126495209038694e+01
9.492979999999999308e+00 3.425000000000000000e+03 3.523330991420880764e+03 -9.833099142088076405e+01
9.509690000000000865e+00 3.459000000000000000e+03 3.521214975901549224e+03 -6.221497590154922364e+01
9.526400000000000645e+00 3.386000000000000000e+03 3.519109373176423560e+03 -1.331093731764235599e+02
9.543110000000000426e+00 3.459000000000000000e+03 3.517014144573643534e+03 -5.801414457364353439e+01
9.559820000000000206e+00 3.374000000000000000e+03 3.514929252311782420e+03 -1.409292523117824203e+02
9.576529999999999987e+00 3.500000000000000000e+03 3.512854659460887888e+03 -1.285465946088788769e+01
9.593239999999999768e+00 3.512000000000000000e+03 3.510790329906000352e+03 1.209670093999648088e+00
9.609949999999999548e+00 3.495000000000000000e+03 3.508736228312884123e+03 -1.373622831288412272e+01
9.626670000000000726e+00 3.457000000000000000e+03 3.506691099976226269e+03 -4.969109997622626906e+01
9.643380000000000507e+00 3.353000000000000000e+03 3.504657357337556277e+03 -1.516573573375562773e+02
9.660090000000000288e+00 3.487000000000000000e+03 3.502633741009753066e+03 -1.563374100975306646e+01
9.676800000000000068e+00 3.574000000000000000e+03 3.500620218477752132e+03 7.337978152224786754e+01
9.693509999999999849e+00 3.381000000000000000e+03 3.498616757863423572e+03 -1.176167578634235724e+02
9.710219999999999629e+00 3.518000000000000000e+03 3.496623327901336779e+03 2.137667209866322082e+01
9.726929999999999410e+00 3.426000000000000000e+03 3.494639897915767506e+03 -6.863989791576750576e+01
9.743639999999999191e+00 3.442000000000000000e+03 3.492666437798824973e+03 -5.066643779882497256e+01
9.760360000000000369e+00 3.290000000000000000e+03 3.490701745903245865e+03 -2.007017459032458646e+02
9.777070000000000149e+00 3.454000000000000000e+03 3.488748143291008091e+03 -3.474814329100809118e+01
9.793779999999999930e+00 3.463000000000000000e+03 3.486804423410708296e+03 -2.380442341070829571e+01
9.810489999999999711e+00 3.442000000000000000e+03 3.484870558227564288e+03 -4.287055822756428825e+01
9.827199999999999491e+00 3.465000000000000000e+03 3.482946520179751587e+03 -1.794652017975158742e+01
9.843909999999999272e+00 3.385000000000000000e+03 3.481032282161839248e+03 -9.603228216183924815e+01
9.860620000000000829e+00 3.425000000000000000e+03 3.479127817508923272e+03 -5.412781750892327182e+01
9.877330000000000609e+00 3.349000000000000000e+03 3.477233099981395299e+03 -1.282330999813952985e+02
9.894050000000000011e+00 3.490000000000000000e+03 3.475346978591002426e+03 1.465302140899757433e+01
9.910759999999999792e+00 3.389000000000000000e+03 3.473471684018861197e+03 -8.447168401886119682e+01
9.927469999999999573e+00 3.360000000000000000e+03 3.471606060246539528e+03 -1.116060602465395277e+02
9.944179999999999353e+00 3.336000000000000000e+03 3.469750082594844571e+03 -1.337500825948445708e+02
9.960889999999999134e+00 3.310000000000000000e+03 3.467903726741922583e+03 -1.579037267419225827e+02
9.977600000000000691e+00 3.426000000000000000e+03 3.466079166309172251e+03 -4.007916630917225120e+01
9.994310000000000471e+00 3.455000000000000000e+03 3.464252047001470146e+03 -9.252047001470145915e+00
1.001102999999999987e+01 3.379000000000000000e+03 3.462439837918946523e+03 -8.343983791894652313e+01
1.002773999999999965e+01 3.339000000000000000e+03 3.460631838102397069e+03 -1.216318381023970687e+02
1.004444999999999943e+01 3.348000000000000000e+03 3.458833344205123467e+03 -1.108333442051234670e+02
1.006115999999999921e+01 3.372000000000000000e+03 3.457044333815938899e+03 -8.504433381593889862e+01
1.007787000000000077e+01 3.288000000000000000e+03 3.455264784803762268e+03 -1.672647848037622680e+02
1.009458000000000055e+01 3.403000000000000000e+03 3.453494675307885700e+03 -5.049467530788570002e+01
1.011129000000000033e+01 3.432000000000000000e+03 3.451733983728537623e+03 -1.973398372853762339e+01
1.012800000000000011e+01 3.371000000000000000e+03 3.449982688717694145e+03 -7.898268871769414545e+01
1.014471999999999952e+01 3.362000000000000000e+03 3.448239729531625471e+03 -8.623972953162547128e+01
1.016142999999999930e+01 3.362000000000000000e+03 3.446507170168348239e+03 -8.450717016834823880e+01
1.017814000000000085e+01 3.439000000000000000e+03 3.444783944739693197e+03 -5.783944739693197334e+00
1.019485000000000063e+01 3.361000000000000000e+03 3.443070032817910942e+03 -8.207003281791094196e+01
1.021156000000000041e+01 3.287000000000000000e+03 3.441365414184704150e+03 -1.543654141847041501e+02
1.022827000000000019e+01 3.393000000000000000e+03 3.439670068823434121e+03 -4.667006882343412144e+01
1.024497999999999998e+01 3.424000000000000000e+03 3.437983976911490117e+03 -1.398397691149011735e+01
1.026168999999999976e+01 3.420000000000000000e+03 3.436307118812883346e+03 -1.630711881288334553e+01
1.027840999999999916e+01 3.176000000000000000e+03 3.434638479834459758e+03 -2.586384798344597584e+02
1.029512000000000072e+01 3.320000000000000000e+03 3.432980036661987015e+03 -1.129800366619870147e+02
1.031183000000000050e+01 3.271000000000000000e+03 3.431330769431642693e+03 -1.603307694316426932e+02
1.032854000000000028e+01 3.371000000000000000e+03 3.429690659183307162e+03 -5.869065918330716158e+01
1.034525000000000006e+01 3.414000000000000000e+03 3.428059687108956950e+03 -1.405968710895695040e+01
1.036195999999999984e+01 3.317000000000000000e+03 3.426437834546240992e+03 -1.094378345462409925e+02
1.037866999999999962e+01 3.308000000000000000e+03 3.424825082972200562e+03 -1.168250829722005619e+02
1.039537999999999940e+01 3.315000000000000000e+03 3.423221413997142918e+03 -1.082214139971429177e+02
1.041210000000000058e+01 3.415000000000000000e+03 3.421625857787223140e+03 -6.625857787223139894e+00
1.042881000000000036e+01 3.344000000000000000e+03 3.420040304752455540e+03 -7.604030475245554044e+01
1.044552000000000014e+01 3.416000000000000000e+03 3.418463779877072739e+03 -2.463779877072738600e+00
1.046222999999999992e+01 3.439000000000000000e+03 3.416896265245827635e+03 2.210373475417236477e+01
1.047893999999999970e+01 3.389000000000000000e+03 3.415337743048042284e+03 -2.633774304804228450e+01
1.049564999999999948e+01 3.317000000000000000e+03 3.413788195572248696e+03 -9.678819557224869641e+01
1.051235999999999926e+01 3.287000000000000000e+03 3.412247605200931048e+03 -1.252476052009310479e+02
1.052907000000000082e+01 3.336000000000000000e+03 3.410715954405405682e+03 -7.471595440540568234e+01
1.054579000000000022e+01 3.447000000000000000e+03 3.409192317140707473e+03 3.780768285929252670e+01
1.056250000000000000e+01 3.359000000000000000e+03 3.407678498564806887e+03 -4.867849856480688686e+01
1.057920999999999978e+01 3.293000000000000000e+03 3.406173567451551662e+03 -1.131735674515516621e+02
1.059591999999999956e+01 3.297000000000000000e+03 3.404677506578419070e+03 -1.076775065784190701e+02
1.061262999999999934e+01 3.297000000000000000e+03 3.403190298787643314e+03 -1.061902987876433144e+02
1.062933999999999912e+01 3.267000000000000000e+03 3.401711926981706256e+03 -1.347119269817062559e+02
1.064605000000000068e+01 3.382000000000000000e+03 3.400242374118922726e+03 -1.824237411892272576e+01
1.066276000000000046e+01 3.287000000000000000e+03 3.398781623209128611e+03 -1.117816232091286111e+02
1.067947999999999986e+01 3.380000000000000000e+03 3.397328791015963816e+03 -1.732879101596381588e+01
1.069618999999999964e+01 3.370000000000000000e+03 3.395885598468841181e+03 -2.588559846884118087e+01
1.071289999999999942e+01 3.362000000000000000e+03 3.394451157161417541e+03 -3.245115716141754092e+01
1.072960999999999920e+01 3.277000000000000000e+03 3.393025450268242366e+03 -1.160254502682423663e+02
1.074632000000000076e+01 3.339000000000000000e+03 3.391608460995141286e+03 -5.260846099514128582e+01
1.076303000000000054e+01 3.410000000000000000e+03 3.390200172575411216e+03 1.979982742458878420e+01
1.077974000000000032e+01 3.420000000000000000e+03 3.388800568266123719e+03 3.119943173387628121e+01
1.079645000000000010e+01 3.443000000000000000e+03 3.387409631344482477e+03 5.559036865551752271e+01
1.081316999999999950e+01 3.391000000000000000e+03 3.386026520470004925e+03 4.973479529995074699e+00
1.082987999999999928e+01 3.422000000000000000e+03 3.384652873380122855e+03 3.734712661987714455e+01
1.084659000000000084e+01 3.510000000000000000e+03 3.383287843585242626e+03 1.267121564147573736e+02
1.086330000000000062e+01 3.449000000000000000e+03 3.381931414408395085e+03 6.706858559160491495e+01
1.088001000000000040e+01 3.432000000000000000e+03 3.380583569175762022e+03 5.141643082423797750e+01
1.089672000000000018e+01 3.531000000000000000e+03 3.379244291213498855e+03 1.517557087865011454e+02
1.091342999999999996e+01 3.460000000000000000e+03 3.377913563844630517e+03 8.208643615536948346e+01
1.093013999999999974e+01 3.596000000000000000e+03 3.376591370386024209e+03 2.194086296139757906e+02
1.094685999999999915e+01 3.706000000000000000e+03 3.375276910530421901e+03 3.307230894695780989e+02
1.096357000000000070e+01 3.504000000000000000e+03 3.373971739885605984e+03 1.300282601143940155e+02
1.098028000000000048e+01 3.802000000000000000e+03 3.372675053025363468e+03 4.293249469746365321e+02
1.099699000000000026e+01 3.691000000000000000e+03 3.371386833212930924e+03 3.196131667870690762e+02
1.101370000000000005e+01 3.757000000000000000e+03 3.370107063691239546e+03 3.868929363087604543e+02
1.103040999999999983e+01 3.867000000000000000e+03 3.368835727680270338e+03 4.981642723197296618e+02
1.104711999999999961e+01 4.030000000000000000e+03 3.367572808374484339e+03 6.624271916255156611e+02
1.106382999999999939e+01 4.261000000000000000e+03 3.366318288940321963e+03 8.946817110596780367e+02
1.108055000000000057e+01 4.442000000000000000e+03 3.365071409277331895e+03 1.076928590722668105e+03
1.109726000000000035e+01 4.631000000000000000e+03 3.363833643963031591e+03 1.267166356036968409e+03
1.111397000000000013e+01 4.942000000000000000e+03 3.362604227817195806e+03 1.579395772182804194e+03
1.113067999999999991e+01 4.980000000000000000e+03 3.361383143870260028e+03 1.618616856129739972e+03
1.114738999999999969e+01 4.938000000000000000e+03 3.360170375112993497e+03 1.577829624887006503e+03
1.116409999999999947e+01 5.009000000000000000e+03 3.358965904494341430e+03 1.650034095505658570e+03
1.118080999999999925e+01 4.886000000000000000e+03 3.357769714919334092e+03 1.528230285080665908e+03
1.119753000000000043e+01 4.937000000000000000e+03 3.356581080810778985e+03 1.580418919189221015e+03
1.121424000000000021e+01 4.560000000000000000e+03 3.355401406782343201e+03 1.204598593217656799e+03
1.123094999999999999e+01 4.409000000000000000e+03 3.354229962218633773e+03 1.054770037781366227e+03
1.124765999999999977e+01 4.215000000000000000e+03 3.353066729829090036e+03 8.619332701709099638e+02
1.126436999999999955e+01 3.958000000000000000e+03 3.351911692269566174e+03 6.060883077304338258e+02
1.128107999999999933e+01 3.740000000000000000e+03 3.350764832140543604e+03 3.892351678594563964e+02
1.129779000000000089e+01 3.513000000000000000e+03 3.349626131985416578e+03 1.633738680145834223e+02
1.131450000000000067e+01 3.464000000000000000e+03 3.348495574288818261e+03 1.155044257111817387e+02
1.133122000000000007e+01 3.412000000000000000e+03 3.347372472190834287e+03 6.462752780916571282e+01
1.134792999999999985e+01 3.298000000000000000e+03 3.346258151468487540e+03 -4.825815146848754011e+01
1.136463999999999963e+01 3.409000000000000000e+03 3.345151920279368369e+03 6.384807972063163106e+01
1.138134999999999941e+01 3.339000000000000000e+03 3.344053760857252200e+03 -5.053760857252200367e+00
1.139805999999999919e+01 3.288000000000000000e+03 3.342963655369524986e+03 -5.496365536952498587e+01
1.141477000000000075e+01 3.384000000000000000e+03 3.341881585915782125e+03 4.211841408421787492e+01
1.143148000000000053e+01 3.388000000000000000e+03 3.340807534526499239e+03 4.719246547350076071e+01
1.144819000000000031e+01 3.253000000000000000e+03 3.339741483161732958e+03 -8.674148316173295825e+01
1.146490999999999971e+01 3.384000000000000000e+03 3.338682782900682469e+03 4.531721709931753139e+01
1.148161999999999949e+01 3.317000000000000000e+03 3.337632681937650887e+03 -2.063268193765088654e+01
1.149832999999999927e+01 3.194000000000000000e+03 3.336590526433602918e+03 -1.425905264336029177e+02
1.151504000000000083e+01 3.240000000000000000e+03 3.335556298054843865e+03 -9.555629805484386452e+01
1.153175000000000061e+01 3.243000000000000000e+03 3.334529978391457462e+03 -9.152997839145746184e+01
1.154846000000000039e+01 3.360000000000000000e+03 3.333511548956274055e+03 2.648845104372594506e+01
1.156517000000000017e+01 3.210000000000000000e+03 3.332500991183880160e+03 -1.225009911838801600e+02
1.158187999999999995e+01 3.268000000000000000e+03 3.331498286429668951e+03 -6.349828642966895131e+01
1.159859999999999935e+01 3.204000000000000000e+03 3.330502822936466146e+03 -1.265028229364661456e+02
1.161530999999999914e+01 3.283000000000000000e+03 3.329515772634987115e+03 -4.651577263498711545e+01
1.163202000000000069e+01 3.213000000000000000e+03 3.328536518922469895e+03 -1.155365189224698952e+02
1.164873000000000047e+01 3.171000000000000000e+03 3.327565042828776768e+03 -1.565650428287767681e+02
1.166544000000000025e+01 3.171000000000000000e+03 3.326601325300420285e+03 -1.556013253004202852e+02
1.168215000000000003e+01 3.222000000000000000e+03 3.325645347199850221e+03 -1.036453471998502209e+02
1.169885999999999981e+01 3.391000000000000000e+03 3.324697089304771907e+03 6.630291069522809266e+01
1.171556999999999960e+01 3.300000000000000000e+03 3.323756532307509133e+03 -2.375653230750913281e+01
1.173229000000000077e+01 3.290000000000000000e+03 3.322823100836577851e+03 -3.282310083657785071e+01
1.174900000000000055e+01 3.276000000000000000e+03 3.321897891946836353e+03 -4.589789194683635287e+01
1.176571000000000033e+01 3.195000000000000000e+03 3.320980325501976040e+03 -1.259803255019760400e+02
1.178242000000000012e+01 3.290000000000000000e+03 3.320070381847048793e+03 -3.007038184704879313e+01
1.179912999999999990e+01 3.325000000000000000e+03 3.319168041239053309e+03 5.831958760946690745e+00
1.181583999999999968e+01 3.197000000000000000e+03 3.318273283846505819e+03 -1.212732838465058194e+02
1.183254999999999946e+01 3.204000000000000000e+03 3.317386089749053099e+03 -1.133860897490530988e+02
1.184925999999999924e+01 3.224000000000000000e+03 3.316506438937099574e+03 -9.250643893709957410e+01
1.186598000000000042e+01 3.153000000000000000e+03 3.315633791640322215e+03 -1.626337916403222152e+02
1.188269000000000020e+01 3.241000000000000000e+03 3.314769171496078343e+03 -7.376917149607834290e+01
1.189939999999999998e+01 3.251000000000000000e+03 3.313912034057828805e+03 -6.291203405782880509e+01
1.191610999999999976e+01 3.217000000000000000e+03 3.313062358955999116e+03 -9.606235895599911601e+01
1.193281999999999954e+01 3.108000000000000000e+03 3.312220125730452310e+03 -2.042201257304523097e+02
1.194952999999999932e+01 3.172000000000000000e+03 3.311385313830312043e+03 -1.393853138303120431e+02
1.196624000000000088e+01 3.212000000000000000e+03 3.310557902613825718e+03 -9.855790261382571771e+01
1.198295000000000066e+01 3.212000000000000000e+03 3.309737871348247154e+03 -9.773787134824715395e+01
1.199967000000000006e+01 3.203000000000000000e+03 3.308924715070119419e+03 -1.059247150701194187e+02
1.201637999999999984e+01 3.127000000000000000e+03 3.308119385529013016e+03 -1.811193855290130159e+02
1.203308999999999962e+01 3.172000000000000000e+03 3.307321373181369836e+03 -1.353213731813698359e+02
1.204979999999999940e+01 3.050000000000000000e+03 3.306530656929897759e+03 -2.565306569298977593e+02
1.206650999999999918e+01 3.234000000000000000e+03 3.305747215586194216e+03 -7.174721558619421558e+01
1.208322000000000074e+01 3.085000000000000000e+03 3.304971027870803937e+03 -2.199710278708039368e+02
1.209993000000000052e+01 3.273000000000000000e+03 3.304202072413304450e+03 -3.120207241330444958e+01
1.211664000000000030e+01 3.184000000000000000e+03 3.303440327752421126e+03 -1.194403277524211262e+02
1.213335999999999970e+01 3.222000000000000000e+03 3.302685322925126911e+03 -8.068532292512691129e+01
1.215006999999999948e+01 3.189000000000000000e+03 3.301937939393889792e+03 -1.129379393938897920e+02
1.216677999999999926e+01 3.213000000000000000e+03 3.301197701718837834e+03 -8.819770171883783405e+01
1.218349000000000082e+01 3.357000000000000000e+03 3.300464588076899872e+03 5.653541192310012775e+01
1.220020000000000060e+01 3.189000000000000000e+03 3.299738576555112559e+03 -1.107385765551125587e+02
1.221691000000000038e+01 3.217000000000000000e+03 3.299019645150888209e+03 -8.201964515088820917e+01
1.223362000000000016e+01 3.149000000000000000e+03 3.298307771772307206e+03 -1.493077717723072055e+02
1.225033999999999956e+01 3.216000000000000000e+03 3.297602514534707552e+03 -8.160251453470755223e+01
1.226704999999999934e+01 3.206000000000000000e+03 3.296904694766478315e+03 -9.090469476647831470e+01
1.228375999999999912e+01 3.290000000000000000e+03 3.296213866202017016e+03 -6.213866202017015894e+00
1.230047000000000068e+01 3.171000000000000000e+03 3.295530006395421879e+03 -1.245300063954218786e+02
1.231718000000000046e+01 3.226000000000000000e+03 3.294853092813275907e+03 -6.885309281327590725e+01
1.233389000000000024e+01 3.158000000000000000e+03 3.294183102835077534e+03 -1.361831028350775341e+02
1.235060000000000002e+01 3.190000000000000000e+03 3.293520013753695366e+03 -1.035200137536953662e+02
1.236730999999999980e+01 3.153000000000000000e+03 3.292863802775847944e+03 -1.398638027758479438e+02
1.238402999999999921e+01 3.261000000000000000e+03 3.292214060467388208e+03 -3.121406046738820805e+01
1.240074000000000076e+01 3.121000000000000000e+03 3.291571541056479873e+03 -1.705715410564798731e+02
1.241745000000000054e+01 3.098000000000000000e+03 3.290935830843595795e+03 -1.929358308435957952e+02
1.243416000000000032e+01 3.185000000000000000e+03 3.290306906695975613e+03 -1.053069066959756128e+02
1.245087000000000010e+01 3.129000000000000000e+03 3.289684745397403731e+03 -1.606847453974037307e+02
1.246757999999999988e+01 3.213000000000000000e+03 3.289069323648820500e+03 -7.606932364882050024e+01
1.248428999999999967e+01 3.311000000000000000e+03 3.288460618068923850e+03 2.253938193107615007e+01
1.250099999999999945e+01 3.140000000000000000e+03 3.287858605194830488e+03 -1.478586051948304885e+02
1.251772000000000062e+01 3.157000000000000000e+03 3.287262907194868603e+03 -1.302629071948686033e+02
1.253443000000000040e+01 3.132000000000000000e+03 3.286674212990581964e+03 -1.546742129905819638e+02
1.255114000000000019e+01 3.211000000000000000e+03 3.286092140606401699e+03 -7.509214060640169919e+01
1.256784999999999997e+01 3.248000000000000000e+03 3.285516666259831709e+03 -3.751666625983170889e+01
1.258455999999999975e+01 3.205000000000000000e+03 3.284947766090284858e+03 -7.994776609028485836e+01
1.260126999999999953e+01 3.107000000000000000e+03 3.284385416159833767e+03 -1.773854161598337669e+02
1.261797999999999931e+01 3.167000000000000000e+03 3.283829592453977057e+03 -1.168295924539770567e+02
1.263469000000000086e+01 3.196000000000000000e+03 3.283280270882437890e+03 -8.728027088243788967e+01
1.265141000000000027e+01 3.167000000000000000e+03 3.282737104353120685e+03 -1.157371043531206851e+02
1.266812000000000005e+01 3.115000000000000000e+03 3.282200718335245256e+03 -1.672007183352452557e+02
1.268482999999999983e+01 3.160000000000000000e+03 3.281670761719768961e+03 -1.216707617197689615e+02
1.270153999999999961e+01 3.212000000000000000e+03 3.281147210121503576e+03 -6.914721012150357637e+01
1.271824999999999939e+01 3.192000000000000000e+03 3.280630039083691372e+03 -8.863003908369137207e+01
1.273495999999999917e+01 3.267000000000000000e+03 3.280119224078897787e+03 -1.311922407889778697e+01
1.275167000000000073e+01 3.189000000000000000e+03 3.279614740509921376e+03 -9.061474050992137563e+01
1.276838000000000051e+01 3.116000000000000000e+03 3.279116563710718310e+03 -1.631165637107183102e+02
1.278509999999999991e+01 3.170000000000000000e+03 3.278624376451752141e+03 -1.086243764517521413e+02
1.280180999999999969e+01 3.121000000000000000e+03 3.278138742660484240e+03 -1.571387426604842403e+02
1.281851999999999947e+01 3.074000000000000000e+03 3.277659341222394687e+03 -2.036593412223946871e+02
1.283522999999999925e+01 3.140000000000000000e+03 3.277186147205603447e+03 -1.371861472056034472e+02
1.285194000000000081e+01 3.084000000000000000e+03 3.276719135614251172e+03 -1.927191356142511722e+02
1.286865000000000059e+01 3.117000000000000000e+03 3.276258281389521926e+03 -1.592582813895219260e+02
1.288536000000000037e+01 3.183000000000000000e+03 3.275803559410673643e+03 -9.280355941067364256e+01
1.290207000000000015e+01 3.146000000000000000e+03 3.275354944496090866e+03 -1.293549444960908659e+02
1.291878999999999955e+01 3.045000000000000000e+03 3.274912148388911191e+03 -2.299121483889111914e+02
1.293549999999999933e+01 3.255000000000000000e+03 3.274475675436759047e+03 -1.947567543675904744e+01
1.295220999999999911e+01 3.102000000000000000e+03 3.274045233634313263e+03 -1.720452336343132629e+02
1.296892000000000067e+01 3.208000000000000000e+03 3.273620797567222326e+03 -6.562079756722232560e+01
1.298563000000000045e+01 3.117000000000000000e+03 3.273202341765737401e+03 -1.562023417657374011e+02
1.300234000000000023e+01 3.131000000000000000e+03 3.272789840705848292e+03 -1.417898407058482917e+02
1.301905000000000001e+01 3.078000000000000000e+03 3.272383268810429399e+03 -1.943832688104293993e+02
1.303575999999999979e+01 3.109000000000000000e+03 3.271982600450421160e+03 -1.629826004504211596e+02
1.305247999999999919e+01 3.234000000000000000e+03 3.271587575440675209e+03 -3.758757544067520939e+01
1.306919000000000075e+01 3.062000000000000000e+03 3.271198640556913688e+03 -2.091986405569136878e+02
1.308590000000000053e+01 3.029000000000000000e+03 3.270815532006181002e+03 -2.418155320061810016e+02
1.310261000000000031e+01 3.137000000000000000e+03 3.270438223963587916e+03 -1.334382239635879159e+02
1.311932000000000009e+01 3.089000000000000000e+03 3.270066690558364826e+03 -1.810666905583648258e+02
1.313602999999999987e+01 3.068000000000000000e+03 3.269700905875114586e+03 -2.017009058751145858e+02
1.315273999999999965e+01 3.065000000000000000e+03 3.269340843955078526e+03 -2.043408439550785261e+02
1.316944999999999943e+01 3.133000000000000000e+03 3.268986478797426116e+03 -1.359864787974261162e+02
1.318617000000000061e+01 3.176000000000000000e+03 3.268637577379059621e+03 -9.263757737905962131e+01
1.320288000000000039e+01 3.152000000000000000e+03 3.268294530952087371e+03 -1.162945309520873707e+02
1.321959000000000017e+01 3.026000000000000000e+03 3.267957103029994869e+03 -2.419571030299948688e+02
1.323629999999999995e+01 3.156000000000000000e+03 3.267625267456780875e+03 -1.116252674567808754e+02
1.325300999999999974e+01 3.069000000000000000e+03 3.267298998041017967e+03 -1.982989980410179669e+02
1.326971999999999952e+01 3.159000000000000000e+03 3.266978268557231331e+03 -1.079782685572313312e+02
1.328642999999999930e+01 3.035000000000000000e+03 3.266663052747288930e+03 -2.316630527472889298e+02
1.330315000000000047e+01 3.072000000000000000e+03 3.266353140604351665e+03 -1.943531406043516654e+02
1.331986000000000026e+01 3.049000000000000000e+03 3.266048876504377859e+03 -2.170488765043778585e+02
1.333657000000000004e+01 3.159000000000000000e+03 3.265750047106282182e+03 -1.067500471062821816e+02
1.335327999999999982e+01 3.076000000000000000e+03 3.265456626035520912e+03 -1.894566260355209124e+02
1.336998999999999960e+01 3.176000000000000000e+03 3.265168586892099938e+03 -8.916858689209993827e+01
1.338669999999999938e+01 3.051000000000000000e+03 3.264885903252054959e+03 -2.138859032520549590e+02
1.340340999999999916e+01 3.160000000000000000e+03 3.264608548668970798e+03 -1.046085486689707977e+02
1.342012000000000072e+01 2.998000000000000000e+03 3.264336496675502531e+03 -2.663364966755025307e+02
1.343684000000000012e+01 3.205000000000000000e+03 3.264069562708866670e+03 -5.906956270886666971e+01
1.345354999999999990e+01 3.112000000000000000e+03 3.263808039550299782e+03 -1.518080395502997817e+02
1.347025999999999968e+01 3.241000000000000000e+03 3.263551739453439041e+03 -2.255173945343904052e+01
1.348696999999999946e+01 3.041000000000000000e+03 3.263300635882881124e+03 -2.223006358828811244e+02
1.350367999999999924e+01 3.047000000000000000e+03 3.263054702290223759e+03 -2.160547022902237586e+02
1.352039000000000080e+01 3.035000000000000000e+03 3.262813912115711901e+03 -2.278139121157119007e+02
1.353710000000000058e+01 3.134000000000000000e+03 3.262578238789913485e+03 -1.285782387899134847e+02
1.355381000000000036e+01 3.218000000000000000e+03 3.262347655735405169e+03 -4.434765573540516925e+01
1.357052999999999976e+01 3.145000000000000000e+03 3.262122002918535145e+03 -1.171220029185351450e+02
1.358723999999999954e+01 3.066000000000000000e+03 3.261901523657453708e+03 -1.959015236574537084e+02
1.360394999999999932e+01 3.181000000000000000e+03 3.261686054888837589e+03 -8.068605488883758881e+01
1.362066000000000088e+01 3.170000000000000000e+03 3.261475570020724263e+03 -9.147557002072426258e+01
1.363737000000000066e+01 3.248000000000000000e+03 3.261270042462003858e+03 -1.327004246200385751e+01
1.365408000000000044e+01 3.151000000000000000e+03 3.261069445624258606e+03 -1.100694456242586057e+02
1.367079000000000022e+01 3.133000000000000000e+03 3.260873752923649590e+03 -1.278737529236495902e+02
1.368750000000000000e+01 3.202000000000000000e+03 3.260682937782824411e+03 -5.868293778282441053e+01
1.370421999999999940e+01 3.176000000000000000e+03 3.260496863790805037e+03 -8.449686379080503684e+01
1.372092999999999918e+01 3.324000000000000000e+03 3.260315726952371733e+03 6.368427304762826680e+01
1.373764000000000074e+01 3.275000000000000000e+03 3.260139387984273981e+03 1.486061201572601931e+01
1.375435000000000052e+01 3.416000000000000000e+03 3.259967820354870582e+03 1.560321796451294176e+02
1.377106000000000030e+01 3.472000000000000000e+03 3.259800997549058138e+03 2.121990024509418618e+02
1.378777000000000008e+01 3.438000000000000000e+03 3.259638893070411541e+03 1.783611069295884590e+02
1.380447999999999986e+01 3.584000000000000000e+03 3.259481480443342207e+03 3.245185195566577931e+02
1.382118999999999964e+01 3.635000000000000000e+03 3.259328733215312241e+03 3.756712667846877594e+02
1.383791000000000082e+01 3.738000000000000000e+03 3.259180537708231441e+03 4.788194622917685592e+02
1.385462000000000060e+01 3.944000000000000000e+03 3.259037044776681796e+03 6.849629552233182039e+02
1.387133000000000038e+01 4.125000000000000000e+03 3.258898138031927829e+03 8.661018619680721713e+02
1.388804000000000016e+01 4.343000000000000000e+03 3.258763791136739655e+03 1.084236208863260345e+03
1.390474999999999994e+01 4.561000000000000000e+03 3.258633977788749689e+03 1.302366022211250311e+03
1.392145999999999972e+01 4.838000000000000000e+03 3.258508671722976942e+03 1.579491328277023058e+03
1.393816999999999950e+01 4.883000000000000000e+03 3.258387846714419084e+03 1.624612153285580916e+03
1.395487999999999928e+01 4.732000000000000000e+03 3.258271476580711351e+03 1.473728523419288649e+03
1.397160000000000046e+01 4.503000000000000000e+03 3.258159469514955163e+03 1.244840530485044837e+03
1.398831000000000024e+01 4.451000000000000000e+03 3.258051933395061951e+03 1.192948066604938049e+03
1.400502000000000002e+01 4.144000000000000000e+03 3.257948773870847617e+03 8.860512261291523828e+02
1.402172999999999981e+01 3.958000000000000000e+03 3.257849964958576038e+03 7.001500350414239620e+02
1.403843999999999959e+01 3.697000000000000000e+03 3.257755480731572788e+03 4.392445192684272115e+02
1.405514999999999937e+01 3.504000000000000000e+03 3.257665295323373812e+03 2.463347046766261883e+02
1.407185999999999915e+01 3.328000000000000000e+03 3.257579382930962311e+03 7.042061706903768936e+01
1.408857000000000070e+01 3.179000000000000000e+03 3.257497717818104775e+03 -7.849771781810477478e+01
1.410529000000000011e+01 3.291000000000000000e+03 3.257420229232061502e+03 3.357977076793849847e+01
1.412199999999999989e+01 3.190000000000000000e+03 3.257346984257613258e+03 -6.734698425761325780e+01
1.413870999999999967e+01 3.122000000000000000e+03 3.257277909774655654e+03 -1.352779097746556545e+02
1.415541999999999945e+01 3.179000000000000000e+03 3.257212980349900135e+03 -7.821298034990013548e+01
1.417212999999999923e+01 3.116000000000000000e+03 3.257152170635357379e+03 -1.411521706353573791e+02
1.418884000000000079e+01 3.018000000000000000e+03 3.257095455372443666e+03 -2.390954553724436664e+02
1.420555000000000057e+01 3.136000000000000000e+03 3.257042809396248231e+03 -1.210428093962482308e+02
1.422226000000000035e+01 3.114000000000000000e+03 3.256994207639963861e+03 -1.429942076399638609e+02
1.423897999999999975e+01 3.000000000000000000e+03 3.256949599657777071e+03 -2.569495996577770711e+02
1.425568999999999953e+01 3.210000000000000000e+03 3.256909013939590295e+03 -4.690901393959029519e+01
1.427239999999999931e+01 3.134000000000000000e+03 3.256872397861849549e+03 -1.228723978618495494e+02
1.428911000000000087e+01 3.117000000000000000e+03 3.256839726798321408e+03 -1.398397267983214078e+02
1.430582000000000065e+01 3.013000000000000000e+03 3.256810976245962593e+03 -2.438109762459625927e+02
1.432253000000000043e+01 3.016000000000000000e+03 3.256786121830597949e+03 -2.407861218305979492e+02
1.433924000000000021e+01 3.119000000000000000e+03 3.256765139312886276e+03 -1.377651393128862765e+02
1.435594999999999999e+01 3.037000000000000000e+03 3.256748004594532176e+03 -2.197480045945321763e+02
1.437266999999999939e+01 3.063000000000000000e+03 3.256734686899114422e+03 -1.937346868991144220e+02
1.438937999999999917e+01 2.983000000000000000e+03 3.256725178348771806e+03 -2.737251783487718058e+02
1.440609000000000073e+01 3.099000000000000000e+03 3.256719446201978371e+03 -1.577194462019783714e+02
1.442280000000000051e+01 3.046000000000000000e+03 3.256717466993284233e+03 -2.107174669932842335e+02
1.443951000000000029e+01 3.088000000000000000e+03 3.256719217434319944e+03 -1.687192174343199440e+02
1.445622000000000007e+01 3.064000000000000000e+03 3.256724674422151566e+03 -1.927246744221515655e+02
1.447292999999999985e+01 3.042000000000000000e+03 3.256733815048070483e+03 -2.147338150480704826e+02
1.448964999999999925e+01 3.194000000000000000e+03 3.256746625359481641e+03 -6.274662535948164077e+01
1.450636000000000081e+01 3.026000000000000000e+03 3.256763067529992441e+03 -2.307630675299924405e+02
1.452307000000000059e+01 3.062000000000000000e+03 3.256783125859974916e+03 -1.947831258599749162e+02
1.453978000000000037e+01 3.057000000000000000e+03 3.256806778315891734e+03 -1.998067783158917337e+02
1.455649000000000015e+01 3.053000000000000000e+03 3.256834003110363483e+03 -2.038340031103634828e+02
1.457319999999999993e+01 3.111000000000000000e+03 3.256864778714434124e+03 -1.458647787144341237e+02
1.458990999999999971e+01 3.071000000000000000e+03 3.256899083870574486e+03 -1.858990838705744864e+02
1.460661999999999949e+01 3.027000000000000000e+03 3.256936897606470666e+03 -2.299368976064706658e+02
1.462334000000000067e+01 3.007000000000000000e+03 3.256978225006617322e+03 -2.499782250066173219e+02
1.464005000000000045e+01 3.027000000000000000e+03 3.257022996269299256e+03 -2.300229962692992558e+02
1.465676000000000023e+01 3.108000000000000000e+03 3.257071215045527879e+03 -1.490712150455278788e+02
1.467347000000000001e+01 3.054000000000000000e+03 3.257122861660297531e+03 -2.031228616602975308e+02
1.469017999999999979e+01 2.986000000000000000e+03 3.257177916807152542e+03 -2.711779168071525419e+02
1.470688999999999957e+01 3.101000000000000000e+03 3.257236361568285702e+03 -1.562363615682857017e+02
1.472359999999999935e+01 3.039000000000000000e+03 3.257298177435993694e+03 -2.182981774359936935e+02
1.474030999999999914e+01 3.025000000000000000e+03 3.257363346335632286e+03 -2.323633463356322864e+02
1.475703000000000031e+01 2.976000000000000000e+03 3.257431892641347531e+03 -2.814318926413475310e+02
1.477374000000000009e+01 3.108000000000000000e+03 3.257503717218423844e+03 -1.495037172184238443e+02
1.479044999999999987e+01 3.052000000000000000e+03 3.257578843446450719e+03 -2.055788434464507191e+02
1.480715999999999966e+01 3.038000000000000000e+03 3.257657255247087960e+03 -2.196572552470879600e+02
1.482386999999999944e+01 3.015000000000000000e+03 3.257738937116865145e+03 -2.427389371168651451e+02
1.484057999999999922e+01 3.064000000000000000e+03 3.257819646237447159e+03 -1.938196462374471594e+02
1.485729000000000077e+01 3.135000000000000000e+03 3.257905604272375967e+03 -1.229056042723759674e+02
1.487400000000000055e+01 3.022000000000000000e+03 3.257997041708344113e+03 -2.359970417083441134e+02
1.489071999999999996e+01 3.018000000000000000e+03 3.258091751053088501e+03 -2.400917510530885011e+02
1.490742999999999974e+01 3.088000000000000000e+03 3.258189606966417614e+03 -1.701896069664176139e+02
1.492413999999999952e+01 3.108000000000000000e+03 3.258290653916494648e+03 -1.502906539164946480e+02
1.494084999999999930e+01 3.072000000000000000e+03 3.258394881572367922e+03 -1.863948815723679218e+02
1.495756000000000085e+01 3.059000000000000000e+03 3.258502280547385453e+03 -1.995022805473854532e+02
1.497427000000000064e+01 3.068000000000000000e+03 3.258612842463811376e+03 -1.906128424638113756e+02
1.499098000000000042e+01 3.011000000000000000e+03 3.258726560022900230e+03 -2.477265600229002303e+02
1.500769000000000020e+01 3.042000000000000000e+03 3.258843427081023037e+03 -2.168434270810230373e+02
1.502440999999999960e+01 3.130000000000000000e+03 3.258963511493384885e+03 -1.289635114933848854e+02
1.504111999999999938e+01 3.093000000000000000e+03 3.259086666039142074e+03 -1.660866660391420737e+02
1.505782999999999916e+01 3.121000000000000000e+03 3.259212959447722369e+03 -1.382129594477223691e+02
1.507454000000000072e+01 2.996000000000000000e+03 3.259342391101421072e+03 -2.633423911014210717e+02
1.509125000000000050e+01 2.993000000000000000e+03 3.259474962032625626e+03 -2.664749620326256263e+02
1.510796000000000028e+01 3.073000000000000000e+03 3.259610675051652834e+03 -1.866106750516528336e+02
1.512467000000000006e+01 3.022000000000000000e+03 3.259749534886690981e+03 -2.377495348866909808e+02
1.514137999999999984e+01 3.138000000000000000e+03 3.259891548337184759e+03 -1.218915483371847586e+02
1.515809999999999924e+01 3.144000000000000000e+03 3.260036812271008330e+03 -1.160368122710083298e+02
1.517481000000000080e+01 3.053000000000000000e+03 3.260185164397551944e+03 -2.071851643975519437e+02
1.519152000000000058e+01 2.988000000000000000e+03 3.260336704743117480e+03 -2.723367047431174797e+02
1.520823000000000036e+01 3.117000000000000000e+03 3.260491450253471157e+03 -1.434914502534711573e+02
1.522494000000000014e+01 2.986000000000000000e+03 3.260649420974245004e+03 -2.746494209742450039e+02
1.524164999999999992e+01 3.066000000000000000e+03 3.260810640324274118e+03 -1.948106403242741180e+02
1.525835999999999970e+01 3.164000000000000000e+03 3.260975135398025941e+03 -9.697513539802594096e+01
1.527506999999999948e+01 2.992000000000000000e+03 3.261142937300706308e+03 -2.691429373007063077e+02
1.529179000000000066e+01 2.927000000000000000e+03 3.261314184948858383e+03 -3.343141849488583830e+02
1.530850000000000044e+01 3.048000000000000000e+03 3.261488713806173109e+03 -2.134887138061731093e+02
1.532521000000000022e+01 3.044000000000000000e+03 3.261666670832708860e+03 -2.176666708327088600e+02
1.534192000000000000e+01 2.928000000000000000e+03 3.261848107340947990e+03 -3.338481073409479905e+02
1.535862999999999978e+01 3.080000000000000000e+03 3.262033080985836023e+03 -1.820330809858360226e+02
1.537533999999999956e+01 2.983000000000000000e+03 3.262221656405931299e+03 -2.792216564059312987e+02
1.539204999999999934e+01 2.993000000000000000e+03 3.262413905942068141e+03 -2.694139059420681406e+02
1.540875999999999912e+01 3.045000000000000000e+03 3.262609910444410161e+03 -2.176099104444101613e+02
1.542548000000000030e+01 2.981000000000000000e+03 3.262809880950280331e+03 -2.818098809502803306e+02
1.544219000000000008e+01 3.017000000000000000e+03 3.263013679023312307e+03 -2.460136790233123065e+02
1.545889999999999986e+01 3.049000000000000000e+03 3.263221535418964322e+03 -2.142215354189643222e+02
1.547560999999999964e+01 2.982000000000000000e+03 3.263433575366464083e+03 -2.814335753664640833e+02
1.549231999999999942e+01 3.065000000000000000e+03 3.263649938503092471e+03 -1.986499385030924714e+02
1.550902999999999921e+01 2.907000000000000000e+03 3.263870780584744352e+03 -3.568707805847443524e+02
1.552574000000000076e+01 3.016000000000000000e+03 3.264096275458046421e+03 -2.480962754580464207e+02
1.554246000000000016e+01 2.972000000000000000e+03 3.264326756698580994e+03 -2.923267566985809935e+02
1.555916999999999994e+01 2.985000000000000000e+03 3.264562166071168576e+03 -2.795621660711685763e+02
1.557587999999999973e+01 2.975000000000000000e+03 3.264802883711188315e+03 -2.898028837111883149e+02
1.559258999999999951e+01 2.957000000000000000e+03 3.265049183870224169e+03 -3.080491838702241694e+02
1.560929999999999929e+01 2.972000000000000000e+03 3.265301376569244439e+03 -2.933013765692444395e+02
1.562601000000000084e+01 3.043000000000000000e+03 3.265559814673509663e+03 -2.225598146735096634e+02
1.564272000000000062e+01 2.859000000000000000e+03 3.265824903760113557e+03 -4.068249037601135569e+02
1.565943000000000040e+01 3.026000000000000000e+03 3.266097116365917827e+03 -2.400971163659178274e+02
1.567614999999999981e+01 3.034000000000000000e+03 3.266377183042576689e+03 -2.323771830425766893e+02
1.569285999999999959e+01 3.082000000000000000e+03 3.266665449710783832e+03 -1.846654497107838324e+02
1.570956999999999937e+01 3.080000000000000000e+03 3.266962930449936721e+03 -1.869629304499367208e+02
1.572627999999999915e+01 3.043000000000000000e+03 3.267270715877052226e+03 -2.242707158770522256e+02
1.574299000000000071e+01 3.067000000000000000e+03 3.267590248837012041e+03 -2.005902488370120409e+02
1.575970000000000049e+01 3.039000000000000000e+03 3.267923489003451323e+03 -2.289234890034513228e+02
1.577641000000000027e+01 2.973000000000000000e+03 3.268273154230684668e+03 -2.952731542306846677e+02
1.579312000000000005e+01 3.018000000000000000e+03 3.268643068100047003e+03 -2.506430681000470031e+02
1.580983999999999945e+01 3.031000000000000000e+03 3.269038896139656117e+03 -2.380388961396561172e+02
1.582654999999999923e+01 3.085000000000000000e+03 3.269467862138502369e+03 -1.844678621385023689e+02
1.584326000000000079e+01 3.084000000000000000e+03 3.269941073679502097e+03 -1.859410736795020966e+02
1.585997000000000057e+01 3.107000000000000000e+03 3.270473790820170962e+03 -1.634737908201709615e+02
1.587668000000000035e+01 3.001000000000000000e+03 3.271161760629612218e+03 -2.701617606296122176e+02
1.589339000000000013e+01 3.136000000000000000e+03 3.271885165639358092e+03 -1.358851656393580924e+02
1.591009999999999991e+01 3.034000000000000000e+03 3.272757161400130826e+03 -2.387571614001308262e+02
1.592680999999999969e+01 3.019000000000000000e+03 3.273829271543724190e+03 -2.548292715437241895e+02
1.594353000000000087e+01 3.011000000000000000e+03 3.275208829121603685e+03 -2.642088291216036851e+02
1.596024000000000065e+01 3.104000000000000000e+03 3.276900013975647198e+03 -1.729000139756471981e+02
1.597695000000000043e+01 2.974000000000000000e+03 3.279048112580233919e+03 -3.050481125802339193e+02
1.599366000000000021e+01 2.996000000000000000e+03 3.281780222689105813e+03 -2.857802226891058126e+02
1.601037000000000177e+01 3.112000000000000000e+03 3.285245663940157556e+03 -1.732456639401575558e+02
1.602708000000000155e+01 2.914000000000000000e+03 3.289614287929985949e+03 -3.756142879299859487e+02
1.604379000000000133e+01 2.993000000000000000e+03 3.295072140094280712e+03 -3.020721400942807122e+02
1.606050000000000111e+01 2.969000000000000000e+03 3.301813831721192400e+03 -3.328138317211924004e+02
1.607722000000000051e+01 2.957000000000000000e+03 3.310036534147013299e+03 -3.530365341470132989e+02
1.609393000000000029e+01 3.139000000000000000e+03 3.319904072932653435e+03 -1.809040729326534347e+02
1.611064000000000007e+01 3.038000000000000000e+03 3.331557233500921029e+03 -2.935572335009210292e+02
1.612734999999999985e+01 3.093000000000000000e+03 3.345073255230778159e+03 -2.520732552307781589e+02
1.614405999999999963e+01 3.129000000000000000e+03 3.360447164947655892e+03 -2.314471649476558923e+02
1.616076999999999941e+01 3.175000000000000000e+03 3.377569556292834022e+03 -2.025695562928340223e+02
1.617747999999999919e+01 3.184000000000000000e+03 3.396208014408442068e+03 -2.122080144084420681e+02
1.619418999999999897e+01 3.179000000000000000e+03 3.415995333425472836e+03 -2.369953334254728361e+02
1.621090999999999838e+01 3.087000000000000000e+03 3.436439905704166904e+03 -3.494399057041669039e+02
1.622762000000000171e+01 3.252000000000000000e+03 3.456886264532153291e+03 -2.048862645321532909e+02
1.624433000000000149e+01 3.165000000000000000e+03 3.476610888870755389e+03 -3.116108888707553888e+02
1.626104000000000127e+01 3.158000000000000000e+03 3.494805994556982569e+03 -3.368059945569825686e+02
1.627775000000000105e+01 3.259000000000000000e+03 3.510635102191528404e+03 -2.516351021915284036e+02
1.629446000000000083e+01 3.291000000000000000e+03 3.523288574944726406e+03 -2.322885749447264061e+02
1.631117000000000061e+01 3.341000000000000000e+03 3.532051035211697126e+03 -1.910510352116971262e+02
1.632788000000000039e+01 3.333000000000000000e+03 3.536375715145948107e+03 -2.033757151459481065e+02
1.634459999999999980e+01 3.384000000000000000e+03 3.535953116873119143e+03 -1.519531168731191428e+02
1.636130999999999958e+01 3.335000000000000000e+03 3.530765300437201404e+03 -1.957653004372014038e+02
1.637801999999999936e+01 3.511000000000000000e+03 3.521098357973631209e+03 -1.009835797363120946e+01
1.639472999999999914e+01 3.534000000000000000e+03 3.507510697462969802e+03 2.648930253703019844e+01
1.641143999999999892e+01 3.573000000000000000e+03 3.490767799483691761e+03 8.223220051630823946e+01
1.642814999999999870e+01 3.782000000000000000e+03 3.471756101541691805e+03 3.102438984583081947e+02
1.644485999999999848e+01 3.915000000000000000e+03 3.451395497013949353e+03 4.636045029860506475e+02
1.646156999999999826e+01 4.243000000000000000e+03 3.430564204135310774e+03 8.124357958646892257e+02
1.647829000000000121e+01 4.354000000000000000e+03 3.410030856476567351e+03 9.439691435234326491e+02
1.649500000000000099e+01 4.601000000000000000e+03 3.390467626918759379e+03 1.210532373081240621e+03
1.651171000000000078e+01 4.770000000000000000e+03 3.372357640966296913e+03 1.397642359033703087e+03
1.652842000000000056e+01 5.297000000000000000e+03 3.356040806017702835e+03 1.940959193982297165e+03
1.654513000000000034e+01 6.164000000000000000e+03 3.341708911303212062e+03 2.822291088696787938e+03
1.656184000000000012e+01 7.474000000000000000e+03 3.329422146316379894e+03 4.144577853683620560e+03
1.657854999999999990e+01 8.566000000000000000e+03 3.319131897889087668e+03 5.246868102110912332e+03
1.659526999999999930e+01 9.768000000000000000e+03 3.310702425743061212e+03 6.457297574256938788e+03
1.661197999999999908e+01 1.071100000000000000e+04 3.303956640979231906e+03 7.407043359020768548e+03
1.662868999999999886e+01 1.139900000000000000e+04 3.298670922853604225e+03 8.100329077146396230e+03
1.664539999999999864e+01 1.171200000000000000e+04 3.294617504201873999e+03 8.417382495798126911e+03
1.666210999999999842e+01 1.145900000000000000e+04 3.291575404779424389e+03 8.167424595220575611e+03
1.667882000000000176e+01 1.097800000000000000e+04 3.289341961808764609e+03 7.688658038191235391e+03
1.669553000000000154e+01 1.021400000000000000e+04 3.287739689112173437e+03 6.926260310887826563e+03
1.671224000000000132e+01 9.390000000000000000e+03 3.286619188465200295e+03 6.103380811534800159e+03
1.672896000000000072e+01 8.057000000000000000e+03 3.285858676715204638e+03 4.771141323284795362e+03
1.674567000000000050e+01 6.723000000000000000e+03 3.285363430800521655e+03 3.437636569199478345e+03
1.676238000000000028e+01 5.853000000000000000e+03 3.285059801188974234e+03 2.567940198811025766e+03
1.677909000000000006e+01 5.141000000000000000e+03 3.284893348377840539e+03 1.856106651622159461e+03
1.679579999999999984e+01 4.549000000000000000e+03 3.284824497279423213e+03 1.264175502720576787e+03
1.681250999999999962e+01 4.178000000000000000e+03 3.284825093664534961e+03 8.931749063354650389e+02
1.682921999999999940e+01 4.026000000000000000e+03 3.284875476913541661e+03 7.411245230864583391e+02
1.684592999999999918e+01 3.955000000000000000e+03 3.284962118909219043e+03 6.700378810907809566e+02
1.686264999999999858e+01 3.757000000000000000e+03 3.285075876959221659e+03 4.719241230407783405e+02
1.687935999999999837e+01 3.509000000000000000e+03 3.285210353485168071e+03 2.237896465148319294e+02
1.689607000000000170e+01 3.474000000000000000e+03 3.285361339991117347e+03 1.886386600088826526e+02
1.691278000000000148e+01 3.516000000000000000e+03 3.285525882142571390e+03 2.304741178574286096e+02
1.692949000000000126e+01 3.530000000000000000e+03 3.285701885429910362e+03 2.442981145700896377e+02
1.694620000000000104e+01 3.445000000000000000e+03 3.285887815353471979e+03 1.591121846465280214e+02
1.696291000000000082e+01 3.400000000000000000e+03 3.286082504048386454e+03 1.139174959516135459e+02
1.697962000000000060e+01 3.428000000000000000e+03 3.286285027623700444e+03 1.417149723762995563e+02
1.699634000000000000e+01 3.412000000000000000e+03 3.286494756587445409e+03 1.255052434125545915e+02
1.701304999999999978e+01 3.333000000000000000e+03 3.286710801608130168e+03 4.628919839186983154e+01
1.702975999999999956e+01 3.372000000000000000e+03 3.286932736206311802e+03 8.506726379368819835e+01
1.704646999999999935e+01 3.408000000000000000e+03 3.287160079062391105e+03 1.208399209376088947e+02
1.706317999999999913e+01 3.475000000000000000e+03 3.287392404212495421e+03 1.876075957875045788e+02
1.707988999999999891e+01 3.409000000000000000e+03 3.287629331793748861e+03 1.213706682062511391e+02
1.709659999999999869e+01 3.337000000000000000e+03 3.287870521211948017e+03 4.912947878805198343e+01
1.711330999999999847e+01 3.373000000000000000e+03 3.288115665849174093e+03 8.488433415082590727e+01
1.713003000000000142e+01 3.362000000000000000e+03 3.288364638754113003e+03 7.363536124588699749e+01
1.714674000000000120e+01 3.352000000000000000e+03 3.288616891253245740e+03 6.338310874675426021e+01
1.716345000000000098e+01 3.332000000000000000e+03 3.288872343613950306e+03 4.312765638604969354e+01
1.718016000000000076e+01 3.393000000000000000e+03 3.289130788849417968e+03 1.038692111505820321e+02
1.719687000000000054e+01 3.347000000000000000e+03 3.289392038311640590e+03 5.760796168835940989e+01
1.721358000000000033e+01 3.437000000000000000e+03 3.289655919736656870e+03 1.473440802633431304e+02
1.723029000000000011e+01 3.538000000000000000e+03 3.289922275531331252e+03 2.480777244686687482e+02
1.724699999999999989e+01 3.378000000000000000e+03 3.290190961266931936e+03 8.780903873306806418e+01
1.726371999999999929e+01 3.569000000000000000e+03 3.290462007092446584e+03 2.785379929075534164e+02
1.728042999999999907e+01 3.582000000000000000e+03 3.290734966802813688e+03 2.912650331971863125e+02
1.729713999999999885e+01 3.727000000000000000e+03 3.291009889561128603e+03 4.359901104388713975e+02
1.731384999999999863e+01 3.963000000000000000e+03 3.291286671767243206e+03 6.717133282327567940e+02
1.733055999999999841e+01 4.207000000000000000e+03 3.291565217701913753e+03 9.154347822980862475e+02
1.734727000000000174e+01 4.331000000000000000e+03 3.291845438796642611e+03 1.039154561203357389e+03
1.736398000000000152e+01 4.662000000000000000e+03 3.292127252982191749e+03 1.369872747017808251e+03
1.738069000000000131e+01 4.881000000000000000e+03 3.292410584106286478e+03 1.588589415893713522e+03
1.739741000000000071e+01 5.033000000000000000e+03 3.292695532255174840e+03 1.740304467744825160e+03
1.741412000000000049e+01 5.124000000000000000e+03 3.292981690721795985e+03 1.831018309278204015e+03
1.743083000000000027e+01 5.031000000000000000e+03 3.293269168185979652e+03 1.737730831814020348e+03
1.744754000000000005e+01 4.948000000000000000e+03 3.293557907460128263e+03 1.654442092539871737e+03
1.746424999999999983e+01 4.911000000000000000e+03 3.293847855146495021e+03 1.617152144853504979e+03
1.748095999999999961e+01 4.715000000000000000e+03 3.294138961330110305e+03 1.420861038669889695e+03
1.749766999999999939e+01 4.395000000000000000e+03 3.294431179301300290e+03 1.100568820698699710e+03
1.751437999999999917e+01 4.194000000000000000e+03 3.294724465304617297e+03 8.992755346953827029e+02
1.753109999999999857e+01 3.912000000000000000e+03 3.295018954740894060e+03 6.169810452591059402e+02
1.754780999999999835e+01 3.601000000000000000e+03 3.295314256823158757e+03 3.056857431768412425e+02
1.756452000000000169e+01 3.573000000000000000e+03 3.295610511203910391e+03 2.773894887960896085e+02
1.758123000000000147e+01 3.389000000000000000e+03 3.295907683871099380e+03 9.309231612890062024e+01
1.759794000000000125e+01 3.397000000000000000e+03 3.296205742819512125e+03 1.007942571804878753e+02
1.761465000000000103e+01 3.229000000000000000e+03 3.296504657909146317e+03 -6.750465790914631725e+01
1.763136000000000081e+01 3.260000000000000000e+03 3.296804400735906256e+03 -3.680440073590625616e+01
1.764807000000000059e+01 3.272000000000000000e+03 3.297104944513427199e+03 -2.510494451342719913e+01
1.766478999999999999e+01 3.171000000000000000e+03 3.297406444515188014e+03 -1.264064445151880136e+02
1.768149999999999977e+01 3.344000000000000000e+03 3.297708516217559009e+03 4.629148378244099149e+01
1.769820999999999955e+01 3.382000000000000000e+03 3.298011317168171445e+03 8.398868283182855521e+01
1.771491999999999933e+01 3.228000000000000000e+03 3.298314826057657228e+03 -7.031482605765722838e+01
1.773162999999999911e+01 3.250000000000000000e+03 3.298619022736369516e+03 -4.861902273636951577e+01
1.774833999999999889e+01 3.204000000000000000e+03 3.298923888143921431e+03 -9.492388814392143104e+01
1.776504999999999868e+01 3.171000000000000000e+03 3.299229404244307261e+03 -1.282294042443072613e+02
1.778177000000000163e+01 3.153000000000000000e+03 3.299535737366039939e+03 -1.465357373660399389e+02
1.779848000000000141e+01 3.226000000000000000e+03 3.299842504912173808e+03 -7.384250491217380841e+01
1.781519000000000119e+01 3.308000000000000000e+03 3.300149874605415789e+03 7.850125394584210881e+00
1.783190000000000097e+01 3.191000000000000000e+03 3.300457831954245194e+03 -1.094578319542451936e+02
1.784861000000000075e+01 3.251000000000000000e+03 3.300766363235029985e+03 -4.976636323502998493e+01
1.786532000000000053e+01 3.141000000000000000e+03 3.301075455451734342e+03 -1.600754554517343422e+02
1.788203000000000031e+01 3.262000000000000000e+03 3.301385096298567987e+03 -3.938509629856798711e+01
1.789874000000000009e+01 3.167000000000000000e+03 3.301695274125357173e+03 -1.346952741253571730e+02
1.791545999999999950e+01 3.232000000000000000e+03 3.302006163999585624e+03 -7.000616399958562397e+01
1.793216999999999928e+01 3.211000000000000000e+03 3.302317383605295163e+03 -9.131738360529516285e+01
1.794887999999999906e+01 3.217000000000000000e+03 3.302629108858203381e+03 -8.562910885820338081e+01
1.796558999999999884e+01 3.220000000000000000e+03 3.302941330431437564e+03 -8.294133043143756367e+01
1.798229999999999862e+01 3.310000000000000000e+03 3.303254039514102715e+03 6.745960485897285253e+00
1.799900999999999840e+01 3.232000000000000000e+03 3.303567227788881155e+03 -7.156722778888115499e+01
1.801572000000000173e+01 3.267000000000000000e+03 3.303880887411147796e+03 -3.688088741114779623e+01
1.803243000000000151e+01 3.236000000000000000e+03 3.304195010989476032e+03 -6.819501098947603168e+01
1.804915000000000092e+01 3.291000000000000000e+03 3.304509779961813820e+03 -1.350977996181381968e+01
1.806586000000000070e+01 3.134000000000000000e+03 3.304824811268675603e+03 -1.708248112686756031e+02
1.808257000000000048e+01 3.216000000000000000e+03 3.305140286896838006e+03 -8.914028689683800621e+01
1.809928000000000026e+01 3.222000000000000000e+03 3.305456201097387293e+03 -8.345620109738729298e+01
1.811599000000000004e+01 3.317000000000000000e+03 3.305772548494679995e+03 1.122745150532000480e+01
1.813269999999999982e+01 3.323000000000000000e+03 3.306089324073287116e+03 1.691067592671288367e+01
1.814940999999999960e+01 3.193000000000000000e+03 3.306406523165753697e+03 -1.134065231657536970e+02
1.816611999999999938e+01 3.162000000000000000e+03 3.306724141441125539e+03 -1.447241414411255391e+02
1.818283999999999878e+01 3.242000000000000000e+03 3.307042365342937501e+03 -6.504236534293750083e+01
1.819954999999999856e+01 3.210000000000000000e+03 3.307360810529204628e+03 -9.736081052920462753e+01
1.821625999999999834e+01 3.223000000000000000e+03 3.307679663818009431e+03 -8.467966381800943054e+01
1.823297000000000168e+01 3.284000000000000000e+03 3.307998922123120792e+03 -2.399892212312079209e+01
1.824968000000000146e+01 3.211000000000000000e+03 3.308318582647029871e+03 -9.731858264702987071e+01
1.826639000000000124e+01 3.148000000000000000e+03 3.308638642873042500e+03 -1.606386428730424996e+02
1.828310000000000102e+01 3.168000000000000000e+03 3.308959100557808597e+03 -1.409591005578085969e+02
1.829981000000000080e+01 3.149000000000000000e+03 3.309279953724302231e+03 -1.602799537243022314e+02
1.831653000000000020e+01 3.202000000000000000e+03 3.309601393021100193e+03 -1.076013930211001934e+02
1.833323999999999998e+01 3.237000000000000000e+03 3.309923032486902684e+03 -7.292303248690268447e+01
1.834994999999999976e+01 3.252000000000000000e+03 3.310245063036262763e+03 -5.824506303626276349e+01
1.836665999999999954e+01 3.187000000000000000e+03 3.310567483694999737e+03 -1.235674836949997371e+02
1.838336999999999932e+01 3.132000000000000000e+03 3.310890293725675292e+03 -1.788902937256752921e+02
1.840007999999999910e+01 3.147000000000000000e+03 3.311213492622627655e+03 -1.642134926226276548e+02
1.841678999999999888e+01 3.176000000000000000e+03 3.311537080107290876e+03 -1.355370801072908762e+02
1.843349999999999866e+01 3.078000000000000000e+03 3.311861056123756498e+03 -2.338610561237564980e+02
1.845022000000000162e+01 3.093000000000000000e+03 3.312185615065153797e+03 -2.191856150651537973e+02
1.846693000000000140e+01 3.140000000000000000e+03 3.312510369080414875e+03 -1.725103690804148755e+02
1.848364000000000118e+01 3.034000000000000000e+03 3.312835512755370473e+03 -2.788355127553704733e+02
1.850035000000000096e+01 3.164000000000000000e+03 3.313161046885215001e+03 -1.491610468852150007e+02
1.851706000000000074e+01 3.073000000000000000e+03 3.313486972469004286e+03 -2.404869724690042858e+02
1.853377000000000052e+01 3.141000000000000000e+03 3.313813290706507814e+03 -1.728132907065078143e+02
1.855048000000000030e+01 3.093000000000000000e+03 3.314140002995190571e+03 -2.211400029951905708e+02
1.856719000000000008e+01 3.065000000000000000e+03 3.314467110927391786e+03 -2.494671109273917864e+02
1.858390999999999948e+01 3.117000000000000000e+03 3.314794812400641149e+03 -1.977948124006411490e+02
1.860061999999999927e+01 3.082000000000000000e+03 3.315122717402748094e+03 -2.331227174027480942e+02
1.861732999999999905e+01 3.028000000000000000e+03 3.315451023969856124e+03 -2.874510239698561236e+02
1.863403999999999883e+01 3.062000000000000000e+03 3.315779734448502495e+03 -2.537797344485024951e+02
1.865074999999999861e+01 3.069000000000000000e+03 3.316108851368082924e+03 -2.471088513680829237e+02
1.866745999999999839e+01 3.153000000000000000e+03 3.316438377438831139e+03 -1.634383774388311394e+02
1.868417000000000172e+01 3.071000000000000000e+03 3.316768315549926683e+03 -2.457683155499266832e+02
1.870088000000000150e+01 3.070000000000000000e+03 3.317098668767695472e+03 -2.470986687676954716e+02
1.871760000000000090e+01 3.094000000000000000e+03 3.317429638408139454e+03 -2.234296384081394535e+02
1.873431000000000068e+01 2.998000000000000000e+03 3.317760831992003205e+03 -3.197608319920032045e+02
1.875102000000000046e+01 3.056000000000000000e+03 3.318092450930322229e+03 -2.620924509303222294e+02
1.876773000000000025e+01 3.109000000000000000e+03 3.318424498982312343e+03 -2.094244989823123433e+02
1.878444000000000003e+01 3.035000000000000000e+03 3.318756980076917898e+03 -2.837569800769178983e+02
1.880114999999999981e+01 3.034000000000000000e+03 3.319089898311598063e+03 -2.850898983115980627e+02
1.881785999999999959e+01 3.116000000000000000e+03 3.319423257951211326e+03 -2.034232579512113261e+02
1.883457999999999899e+01 3.141000000000000000e+03 3.319757263325272561e+03 -1.787572633252725609e+02
1.885128999999999877e+01 3.139000000000000000e+03 3.320091519504800999e+03 -1.810915195048009991e+02
1.886799999999999855e+01 3.021000000000000000e+03 3.320426230881186711e+03 -2.994262308811867115e+02
1.888470999999999833e+01 3.162000000000000000e+03 3.320761402379441279e+03 -1.587614023794412788e+02
1.890142000000000166e+01 3.146000000000000000e+03 3.321097039087601388e+03 -1.750970390876013880e+02
1.891813000000000144e+01 3.030000000000000000e+03 3.321433146256090367e+03 -2.914331462560903674e+02
1.893484000000000123e+01 3.093000000000000000e+03 3.321769729297145659e+03 -2.287697292971456591e+02
1.895155000000000101e+01 3.144000000000000000e+03 3.322106793784334968e+03 -1.781067937843349682e+02
1.896827000000000041e+01 3.018000000000000000e+03 3.322444547604946820e+03 -3.044445476049468198e+02
1.898498000000000019e+01 3.191000000000000000e+03 3.322782592645266504e+03 -1.317825926452665044e+02
1.900168999999999997e+01 2.996000000000000000e+03 3.323121136820237098e+03 -3.271211368202370977e+02
1.901839999999999975e+01 3.054000000000000000e+03 3.323460186345382681e+03 -2.694601863453826809e+02
1.903510999999999953e+01 3.084000000000000000e+03 3.323799747596193811e+03 -2.397997475961938108e+02
1.905181999999999931e+01 3.108000000000000000e+03 3.324139827108080681e+03 -2.161398271080806808e+02
1.906852999999999909e+01 3.133000000000000000e+03 3.324480431576394949e+03 -1.914804315763949489e+02
1.908523999999999887e+01 3.022000000000000000e+03 3.324821567856525235e+03 -3.028215678565252347e+02
1.910195999999999827e+01 3.166000000000000000e+03 3.325163447600250493e+03 -1.591634476002504925e+02
1.911867000000000161e+01 3.028000000000000000e+03 3.325505669040199791e+03 -2.975056690401997912e+02
1.913538000000000139e+01 3.095000000000000000e+03 3.325848443824905644e+03 -2.308484438249056439e+02
1.915209000000000117e+01 3.087000000000000000e+03 3.326191779452505671e+03 -2.391917794525056706e+02
1.916880000000000095e+01 3.081000000000000000e+03 3.326535683582820639e+03 -2.455356835828206385e+02
1.918551000000000073e+01 3.073000000000000000e+03 3.326880164037921077e+03 -2.538801640379210767e+02
1.920222000000000051e+01 3.099000000000000000e+03 3.327225228802785750e+03 -2.282252288027857503e+02
1.921893000000000029e+01 3.033000000000000000e+03 3.327570886026042444e+03 -2.945708860260424444e+02
1.923564999999999969e+01 3.097000000000000000e+03 3.327917351418384897e+03 -2.309173514183848965e+02
1.925235999999999947e+01 3.118000000000000000e+03 3.328264219030311324e+03 -2.102642190303113239e+02
1.926906999999999925e+01 3.085000000000000000e+03 3.328611704542386178e+03 -2.436117045423861782e+02
1.928577999999999903e+01 3.129000000000000000e+03 3.328959816767162465e+03 -1.999598167671624651e+02
1.930248999999999882e+01 3.121000000000000000e+03 3.329308564685941292e+03 -2.083085646859412918e+02
1.931919999999999860e+01 3.094000000000000000e+03 3.329657957450087906e+03 -2.356579574500879062e+02
1.933590999999999838e+01 3.077000000000000000e+03 3.330008004382457329e+03 -2.530080043824573295e+02
1.935262000000000171e+01 3.060000000000000000e+03 3.330358714978936405e+03 -2.703587149789364048e+02
1.936934000000000111e+01 3.104000000000000000e+03 3.330710309397266883e+03 -2.267103093972668830e+02
1.938605000000000089e+01 3.044000000000000000e+03 3.331062376921956002e+03 -2.870623769219560018e+02
1.940276000000000067e+01 2.992000000000000000e+03 3.331415137659788343e+03 -3.394151376597883427e+02
1.941947000000000045e+01 3.083000000000000000e+03 3.331768601816645969e+03 -2.487686018166459689e+02
1.943618000000000023e+01 3.074000000000000000e+03 3.332122779780968358e+03 -2.581227797809683580e+02
1.945289000000000001e+01 2.959000000000000000e+03 3.332477682126066156e+03 -3.734776821260661563e+02
1.946959999999999980e+01 2.958000000000000000e+03 3.332833319612565901e+03 -3.748333196125659015e+02
1.948630999999999958e+01 3.134000000000000000e+03 3.333189703191029821e+03 -1.991897031910298210e+02
1.950302999999999898e+01 3.052000000000000000e+03 3.333547057962497092e+03 -2.815470579624970924e+02
1.951973999999999876e+01 3.095000000000000000e+03 3.333904967813740313e+03 -2.389049678137403134e+02
1.953644999999999854e+01 2.997000000000000000e+03 3.334263657783793860e+03 -3.372636577837938603e+02
1.955315999999999832e+01 3.081000000000000000e+03 3.334623139612539944e+03 -2.536231396125399442e+02
1.956987000000000165e+01 3.088000000000000000e+03 3.334983425245436138e+03 -2.469834252454361376e+02
1.958658000000000143e+01 3.090000000000000000e+03 3.335344526837212470e+03 -2.453445268372124701e+02
1.960329000000000121e+01 3.070000000000000000e+03 3.335706456755787713e+03 -2.657064567557877126e+02
1.962000000000000099e+01 3.060000000000000000e+03 3.336069227586413945e+03 -2.760692275864139447e+02
1.963672000000000040e+01 3.059000000000000000e+03 3.336433070003187368e+03 -2.774330700031873675e+02
1.965343000000000018e+01 3.186000000000000000e+03 3.336797561827756908e+03 -1.507975618277569083e+02
1.967013999999999996e+01 3.107000000000000000e+03 3.337162933677110232e+03 -2.301629336771102317e+02
1.968684999999999974e+01 3.020000000000000000e+03 3.337529199052247350e+03 -3.175291990522473498e+02
1.970355999999999952e+01 3.131000000000000000e+03 3.337896371695973812e+03 -2.068963716959738122e+02
1.972026999999999930e+01 2.983000000000000000e+03 3.338264465598654624e+03 -3.552644655986546240e+02
1.973697999999999908e+01 3.027000000000000000e+03 3.338633495004275574e+03 -3.116334950042755736e+02
1.975368999999999886e+01 3.074000000000000000e+03 3.339003474416846075e+03 -2.650034744168460747e+02
1.977040999999999826e+01 2.925000000000000000e+03 3.339374640888338945e+03 -4.143746408883389449e+02
1.978712000000000160e+01 2.956000000000000000e+03 3.339746565492006084e+03 -3.837465654920060842e+02
1.980383000000000138e+01 3.109000000000000000e+03 3.340119485253488165e+03 -2.311194852534881647e+02
1.982054000000000116e+01 3.040000000000000000e+03 3.340493415788458151e+03 -3.004934157884581509e+02
1.983725000000000094e+01 3.007000000000000000e+03 3.340868373010342566e+03 -3.338683730103425660e+02
1.985396000000000072e+01 3.100000000000000000e+03 3.341244373139169511e+03 -2.412443731391695110e+02
1.987067000000000050e+01 3.010000000000000000e+03 3.341621432710899626e+03 -3.316214327108996258e+02
1.988738999999999990e+01 3.042000000000000000e+03 3.341999795206108047e+03 -2.999997952061080468e+02
1.990409999999999968e+01 2.969000000000000000e+03 3.342379025244698823e+03 -3.733790252446988234e+02
1.992080999999999946e+01 2.907000000000000000e+03 3.342759366341602345e+03 -4.357593663416023446e+02
1.993751999999999924e+01 3.117000000000000000e+03 3.343140836400923945e+03 -2.261408364009239449e+02
1.995422999999999902e+01 2.962000000000000000e+03 3.343523453697807327e+03 -3.815234536978073265e+02
1.997093999999999880e+01 3.096000000000000000e+03 3.343907236891371667e+03 -2.479072368913716673e+02
1.998764999999999858e+01 3.009000000000000000e+03 3.344292205038386328e+03 -3.352922050383863279e+02
2.000435999999999837e+01 2.989000000000000000e+03 3.344678377607727271e+03 -3.556783776077272705e+02
2.002108000000000132e+01 3.109000000000000000e+03 3.345066006701615606e+03 -2.360660067016156063e+02
2.003779000000000110e+01 2.955000000000000000e+03 3.345454648998962057e+03 -3.904546489989620568e+02
2.005450000000000088e+01 3.059000000000000000e+03 3.345844556767689937e+03 -2.868445567676899373e+02
2.007121000000000066e+01 3.037000000000000000e+03 3.346235751287194489e+03 -3.092357512871944891e+02
2.008792000000000044e+01 2.996000000000000000e+03 3.346628254334699704e+03 -3.506282543346997045e+02
2.010463000000000022e+01 3.081000000000000000e+03 3.347022088205491400e+03 -2.660220882054914000e+02
2.012134000000000000e+01 3.000000000000000000e+03 3.347417275734354916e+03 -3.474172757343549165e+02
2.013804999999999978e+01 3.098000000000000000e+03 3.347813840318277016e+03 -2.498138403182770162e+02
2.015476999999999919e+01 3.029000000000000000e+03 3.348212044524997509e+03 -3.192120445249975091e+02
2.017147999999999897e+01 3.118000000000000000e+03 3.348611436641113869e+03 -2.306114366411138690e+02
2.018818999999999875e+01 3.009000000000000000e+03 3.349012279639503049e+03 -3.400122796395030491e+02
2.020489999999999853e+01 3.028000000000000000e+03 3.349414599421715593e+03 -3.214145994217155931e+02
2.022160999999999831e+01 2.975000000000000000e+03 3.349818422587141868e+03 -3.748184225871418676e+02
2.023832000000000164e+01 3.060000000000000000e+03 3.350223776465296396e+03 -2.902237764652963961e+02
2.025503000000000142e+01 2.977000000000000000e+03 3.350630689150088074e+03 -3.736306891500880738e+02
2.027174000000000120e+01 3.151000000000000000e+03 3.351039189536224512e+03 -2.000391895362245123e+02
2.028846000000000060e+01 3.036000000000000000e+03 3.351449553280806413e+03 -3.154495532808064127e+02
2.030517000000000039e+01 2.935000000000000000e+03 3.351861320148480445e+03 -4.168613201484804449e+02
2.032188000000000017e+01 3.099000000000000000e+03 3.352274766624900167e+03 -2.532747666249001668e+02
2.033858999999999995e+01 3.149000000000000000e+03 3.352689925220814530e+03 -2.036899252208145299e+02
2.035529999999999973e+01 3.092000000000000000e+03 3.353106829467516945e+03 -2.611068294675169454e+02
2.037200999999999951e+01 3.037000000000000000e+03 3.353525513969653275e+03 -3.165255139696532751e+02
2.038871999999999929e+01 3.034000000000000000e+03 3.353946014461487266e+03 -3.199460144614872661e+02
2.040542999999999907e+01 2.995000000000000000e+03 3.354368367866912195e+03 -3.593683678669121946e+02
2.042214999999999847e+01 3.045000000000000000e+03 3.354792866824058365e+03 -3.097928668240583647e+02
2.043885999999999825e+01 2.942000000000000000e+03 3.355219043078649975e+03 -4.132190430786499746e+02
2.045557000000000158e+01 3.035000000000000000e+03 3.355647190843144472e+03 -3.206471908431444717e+02
2.047228000000000137e+01 3.051000000000000000e+03 3.356077352485741358e+03 -3.050773524857413577e+02
2.048899000000000115e+01 3.128000000000000000e+03 3.356509571930928814e+03 -2.285095719309288143e+02
2.050570000000000093e+01 3.107000000000000000e+03 3.356943894748677394e+03 -2.499438947486773941e+02
2.052241000000000071e+01 3.134000000000000000e+03 3.357380368249894673e+03 -2.233803682498946728e+02
2.053912000000000049e+01 3.065000000000000000e+03 3.357819041588675191e+03 -2.928190415886751907e+02
2.055583999999999989e+01 2.978000000000000000e+03 3.358260230424845759e+03 -3.802602304248457585e+02
2.057254999999999967e+01 2.970000000000000000e+03 3.358703460224908213e+03 -3.887034602249082127e+02
2.058925999999999945e+01 3.047000000000000000e+03 3.359149049553997429e+03 -3.121490495539974290e+02
2.060596999999999923e+01 3.089000000000000000e+03 3.359597056119024273e+03 -2.705970561190242734e+02
2.062267999999999901e+01 3.144000000000000000e+03 3.360047540104415475e+03 -2.160475401044154751e+02
2.063938999999999879e+01 2.989000000000000000e+03 3.360500564328645396e+03 -3.715005643286453960e+02
2.065609999999999857e+01 3.098000000000000000e+03 3.360956194412691730e+03 -2.629561944126917297e+02
2.067280999999999835e+01 2.874000000000000000e+03 3.361414498961454683e+03 -4.874144989614546830e+02
2.068953000000000131e+01 3.052000000000000000e+03 3.361875826509445233e+03 -3.098758265094452327e+02
2.070624000000000109e+01 3.098000000000000000e+03 3.362339700442692447e+03 -2.643397004426924468e+02
2.072295000000000087e+01 3.089000000000000000e+03 3.362806474640645320e+03 -2.738064746406453196e+02
2.073966000000000065e+01 3.007000000000000000e+03 3.363276231762299631e+03 -3.562762317622996306e+02
2.075637000000000043e+01 3.083000000000000000e+03 3.363749058596656596e+03 -2.807490585966565959e+02
2.077308000000000021e+01 3.125000000000000000e+03 3.364225046350491084e+03 -2.392250463504910840e+02
2.078978999999999999e+01 3.089000000000000000e+03 3.364704290960021808e+03 -2.757042909600218081e+02
2.080649999999999977e+01 3.067000000000000000e+03 3.365186893428779513e+03 -2.981868934287795128e+02
2.082321999999999917e+01 3.081000000000000000e+03 3.365673252137279178e+03 -2.846732521372791780e+02
2.083992999999999896e+01 3.000000000000000000e+03 3.366162897644015629e+03 -3.661628976440156293e+02
2.085663999999999874e+01 3.030000000000000000e+03 3.366656238324029346e+03 -3.366562383240293457e+02
2.087334999999999852e+01 3.080000000000000000e+03 3.367153399451519363e+03 -2.871533994515193626e+02
2.089005999999999830e+01 3.120000000000000000e+03 3.367654513549681269e+03 -2.476545135496812691e+02
2.090677000000000163e+01 3.101000000000000000e+03 3.368159720950029623e+03 -2.671597209500296231e+02
2.092348000000000141e+01 3.059000000000000000e+03 3.368669170402858981e+03 -3.096691704028589811e+02
2.094019000000000119e+01 3.057000000000000000e+03 3.369183019744266403e+03 -3.121830197442664030e+02
2.095691000000000059e+01 3.046000000000000000e+03 3.369701748271852466e+03 -3.237017482718524661e+02
2.097362000000000037e+01 3.152000000000000000e+03 3.370224913855203340e+03 -2.182249138552033401e+02
2.099033000000000015e+01 3.004000000000000000e+03 3.370753015118294115e+03 -3.667530151182941154e+02
2.100703999999999994e+01 3.063000000000000000e+03 3.371286254277356420e+03 -3.082862542773564201e+02
2.102374999999999972e+01 3.044000000000000000e+03 3.371824847058089290e+03 -3.278248470580892899e+02
2.104045999999999950e+01 3.130000000000000000e+03 3.372369023858581386e+03 -2.423690238585813859e+02
2.105716999999999928e+01 3.094000000000000000e+03 3.372919031030637143e+03 -2.789190310306371430e+02
2.107388999999999868e+01 3.132000000000000000e+03 3.373475466968921410e+03 -2.414754669689214097e+02
2.109059999999999846e+01 3.012000000000000000e+03 3.374037948875439270e+03 -3.620379488754392696e+02
2.110730999999999824e+01 3.031000000000000000e+03 3.374607111014069233e+03 -3.436071110140692326e+02
2.112402000000000157e+01 3.130000000000000000e+03 3.375183279275013319e+03 -2.451832792750133194e+02
2.114073000000000135e+01 3.108000000000000000e+03 3.375766804244633477e+03 -2.677668042446334766e+02
2.115744000000000113e+01 3.096000000000000000e+03 3.376358063565602151e+03 -2.803580635656021514e+02
2.117415000000000092e+01 3.022000000000000000e+03 3.376957464563628037e+03 -3.549574645636280366e+02
2.119086000000000070e+01 3.058000000000000000e+03 3.377565447175534700e+03 -3.195654471755347004e+02
2.120758000000000010e+01 3.106000000000000000e+03 3.378182859295253365e+03 -2.721828592952533654e+02
2.122428999999999988e+01 3.175000000000000000e+03 3.378809478015950390e+03 -2.038094780159503898e+02
2.124099999999999966e+01 3.015000000000000000e+03 3.379446228860295832e+03 -3.644462288602958324e+02
2.125770999999999944e+01 3.094000000000000000e+03 3.380093719081261952e+03 -2.860937190812619519e+02
2.127441999999999922e+01 3.146000000000000000e+03 3.380752609340215258e+03 -2.347526093402152583e+02
2.129112999999999900e+01 3.143000000000000000e+03 3.381423619534322825e+03 -2.384236195343228246e+02
2.130783999999999878e+01 3.114000000000000000e+03 3.382107535375325369e+03 -2.681075353753253694e+02
2.132454999999999856e+01 3.153000000000000000e+03 3.382805215831748228e+03 -2.298052158317482281e+02
2.134127000000000152e+01 3.227000000000000000e+03 3.383518032492614111e+03 -1.565180324926141111e+02
2.135798000000000130e+01 3.156000000000000000e+03 3.384246165191462751e+03 -2.282461651914627510e+02
2.137469000000000108e+01 3.230000000000000000e+03 3.384991169954706493e+03 -1.549911699547064927e+02
2.139140000000000086e+01 3.190000000000000000e+03 3.385754295641877434e+03 -1.957542956418774338e+02
2.140811000000000064e+01 3.216000000000000000e+03 3.386536920032495345e+03 -1.705369200324953454e+02
2.142482000000000042e+01 3.224000000000000000e+03 3.387340566192619917e+03 -1.633405661926199173e+02
2.144153000000000020e+01 3.308000000000000000e+03 3.388166921324283521e+03 -8.016692132428352124e+01
2.145823999999999998e+01 3.343000000000000000e+03 3.389017858569279724e+03 -4.601785856927972418e+01
2.147495999999999938e+01 3.397000000000000000e+03 3.389895996013769491e+03 7.104003986230509327e+00
2.149166999999999916e+01 3.375000000000000000e+03 3.390802610043976074e+03 -1.580261004397607394e+01
2.150837999999999894e+01 3.451000000000000000e+03 3.391740819914206440e+03 5.925918008579355956e+01
2.152508999999999872e+01 3.609000000000000000e+03 3.392713547407606256e+03 2.162864525923937435e+02
2.154179999999999851e+01 3.757000000000000000e+03 3.393724087510219761e+03 3.632759124897802394e+02
2.155850999999999829e+01 3.911000000000000000e+03 3.394776178076547694e+03 5.162238219234523058e+02
2.157522000000000162e+01 4.083000000000000000e+03 3.395874094649695962e+03 6.871259053503040377e+02
2.159193000000000140e+01 4.266000000000000000e+03 3.397022786268093569e+03 8.689772137319064313e+02
2.160865000000000080e+01 4.509000000000000000e+03 3.398228818931878777e+03 1.110771181068121223e+03
2.162536000000000058e+01 4.766000000000000000e+03 3.399497775301317688e+03 1.366502224698682312e+03
2.164207000000000036e+01 4.623000000000000000e+03 3.400839082488093027e+03 1.222160917511906973e+03
2.165878000000000014e+01 4.836000000000000000e+03 3.402263978859052713e+03 1.433736021140947287e+03
2.167548999999999992e+01 4.608000000000000000e+03 3.403787523589468492e+03 1.204212476410531508e+03
2.169219999999999970e+01 4.570000000000000000e+03 3.405430668967751899e+03 1.164569331032248101e+03
2.170890999999999948e+01 4.483000000000000000e+03 3.407223491648212075e+03 1.075776508351787925e+03
2.172561999999999927e+01 4.247000000000000000e+03 3.409210118173371484e+03 8.377898818266285161e+02
2.174233999999999867e+01 3.997000000000000000e+03 3.411457474242624357e+03 5.855425257573756426e+02
2.175904999999999845e+01 3.928000000000000000e+03 3.414060303205768378e+03 5.139396967942316223e+02
2.177575999999999823e+01 3.634000000000000000e+03 3.417163792851733888e+03 2.168362071482661122e+02
2.179247000000000156e+01 3.511000000000000000e+03 3.420978007898574560e+03 9.002199210142543961e+01
2.180918000000000134e+01 3.594000000000000000e+03 3.425804242611382506e+03 1.681957573886174941e+02
2.182589000000000112e+01 3.485000000000000000e+03 3.432065501050056810e+03 5.293449894994319038e+01
2.184260000000000090e+01 3.455000000000000000e+03 3.440341166266407072e+03 1.465883373359292818e+01
2.185931000000000068e+01 3.466000000000000000e+03 3.451403075761879791e+03 1.459692423812020934e+01
2.187603000000000009e+01 3.407000000000000000e+03 3.466258437367368515e+03 -5.925843736736851497e+01
2.189273999999999987e+01 3.518000000000000000e+03 3.486134393265095241e+03 3.186560673490475892e+01
2.190944999999999965e+01 3.632000000000000000e+03 3.512532550651969814e+03 1.194674493480301862e+02
2.192615999999999943e+01 3.780000000000000000e+03 3.547168260850129627e+03 2.328317391498703728e+02
2.194286999999999921e+01 3.795000000000000000e+03 3.591908685365754081e+03 2.030913146342459186e+02
2.195957999999999899e+01 4.092000000000000000e+03 3.648653068748539681e+03 4.433469312514603189e+02
2.197628999999999877e+01 4.123000000000000000e+03 3.719158701168372318e+03 4.038412988316276824e+02
2.199299999999999855e+01 4.505000000000000000e+03 3.804815782948141987e+03 7.001842170518580133e+02
2.200972000000000151e+01 4.907000000000000000e+03 3.906449653202259469e+03 1.000550346797740531e+03
2.202643000000000129e+01 5.266000000000000000e+03 4.023789817816625145e+03 1.242210182183374855e+03
2.204314000000000107e+01 5.639000000000000000e+03 4.155575663111148060e+03 1.483424336888851940e+03
2.205985000000000085e+01 5.943000000000000000e+03 4.299121661167080674e+03 1.643878338832919326e+03
2.207656000000000063e+01 6.282000000000000000e+03 4.450267713117415042e+03 1.831732286882584958e+03
2.209327000000000041e+01 6.360000000000000000e+03 4.603405700155789418e+03 1.756594299844210582e+03
2.210998000000000019e+01 6.323000000000000000e+03 4.751675057353089869e+03 1.571324942646910131e+03
2.212669999999999959e+01 6.367000000000000000e+03 4.887430437373534005e+03 1.479569562626465995e+03
2.214340999999999937e+01 6.166000000000000000e+03 5.002505865776111023e+03 1.163494134223888977e+03
2.216011999999999915e+01 5.965000000000000000e+03 5.089447572134053189e+03 8.755524278659468109e+02
2.217682999999999893e+01 5.459000000000000000e+03 5.142034175827045146e+03 3.169658241729548536e+02
2.219353999999999871e+01 5.057000000000000000e+03 5.156245567044417839e+03 -9.924556704441783950e+01
2.221024999999999849e+01 4.851000000000000000e+03 5.130926554972114900e+03 -2.799265549721149000e+02
2.222695999999999827e+01 4.330000000000000000e+03 5.067961434857957101e+03 -7.379614348579571015e+02
2.224367000000000161e+01 4.244000000000000000e+03 4.971928410737691593e+03 -7.279284107376915927e+02
2.226039000000000101e+01 3.833000000000000000e+03 4.849354756321754394e+03 -1.016354756321754394e+03
2.227710000000000079e+01 3.709000000000000000e+03 4.708226359483151100e+03 -9.992263594831511000e+02
2.229381000000000057e+01 3.650000000000000000e+03 4.556693094497816674e+03 -9.066930944978166735e+02
2.231052000000000035e+01 3.592000000000000000e+03 4.402555357386351716e+03 -8.105553573863517158e+02
2.232723000000000013e+01 3.568000000000000000e+03 4.252576876743220055e+03 -6.845768767432200548e+02
2.234393999999999991e+01 3.612000000000000000e+03 4.112106952635391281e+03 -5.001069526353912806e+02
2.236064999999999969e+01 3.651000000000000000e+03 3.984933587027481735e+03 -3.339335870274817353e+02
2.237735999999999947e+01 3.655000000000000000e+03 3.873315876818054221e+03 -2.183158768180542211e+02
2.239407999999999888e+01 3.756000000000000000e+03 3.778090733936624474e+03 -2.209073393662447415e+01
2.241078999999999866e+01 3.954000000000000000e+03 3.699130912903976878e+03 2.548690870960231223e+02
2.242749999999999844e+01 4.044000000000000000e+03 3.635286398220548108e+03 4.087136017794518921e+02
2.244421000000000177e+01 4.509000000000000000e+03 3.584911633743678067e+03 9.240883662563219332e+02
2.246092000000000155e+01 4.683000000000000000e+03 3.546069548851711261e+03 1.136930451148288739e+03
2.247763000000000133e+01 4.908000000000000000e+03 3.516752746336966993e+03 1.391247253663033007e+03
2.249434000000000111e+01 5.183000000000000000e+03 3.495048746562575616e+03 1.687951253437424384e+03
2.251105000000000089e+01 5.300000000000000000e+03 3.479247678922793511e+03 1.820752321077206489e+03
2.252777000000000029e+01 5.044000000000000000e+03 3.467892569915488821e+03 1.576107430084511179e+03
2.254448000000000008e+01 4.970000000000000000e+03 3.459818570993138565e+03 1.510181429006861435e+03
2.256118999999999986e+01 5.043000000000000000e+03 3.454098904533811492e+03 1.588901095466188508e+03
2.257789999999999964e+01 4.627000000000000000e+03 3.450041953981552979e+03 1.176958046018447021e+03
2.259460999999999942e+01 4.405000000000000000e+03 3.447143680298958770e+03 9.578563197010412296e+02
2.261131999999999920e+01 4.302000000000000000e+03 3.445047292581865349e+03 8.569527074181346507e+02
2.262802999999999898e+01 4.012000000000000000e+03 3.443506615140286158e+03 5.684933848597138422e+02
2.264473999999999876e+01 3.853000000000000000e+03 3.442355380070488081e+03 4.106446199295119186e+02
2.266146000000000171e+01 3.768000000000000000e+03 3.441482599404253506e+03 3.265174005957464942e+02
2.267817000000000149e+01 3.495000000000000000e+03 3.440816432492813874e+03 5.418356750718612602e+01
2.269488000000000127e+01 3.476000000000000000e+03 3.440308225318950008e+03 3.569177468104999207e+01
2.271159000000000106e+01 3.348000000000000000e+03 3.439925866815160134e+03 -9.192586681516013414e+01
2.272830000000000084e+01 3.275000000000000000e+03 3.439647349218033469e+03 -1.646473492180334688e+02
2.274501000000000062e+01 3.343000000000000000e+03 3.439445166538374451e+03 -9.644516653837445119e+01
2.276172000000000040e+01 3.296000000000000000e+03 3.439331469833360643e+03 -1.433314698333606430e+02
2.277843000000000018e+01 3.258000000000000000e+03 3.439279018009573065e+03 -1.812790180095730648e+02
2.279514999999999958e+01 3.385000000000000000e+03 3.439293158567332284e+03 -5.429315856733228429e+01
2.281185999999999936e+01 3.249000000000000000e+03 3.439361464748192247e+03 -1.903614647481922475e+02
2.282856999999999914e+01 3.237000000000000000e+03 3.439478741412666750e+03 -2.024787414126667500e+02
2.284527999999999892e+01 3.470000000000000000e+03 3.439640495612687573e+03 3.035950438731242684e+01
2.286198999999999870e+01 3.283000000000000000e+03 3.439842793751153749e+03 -1.568427937511537493e+02
2.287869999999999848e+01 3.333000000000000000e+03 3.440082167232504162e+03 -1.070821672325041618e+02
2.289540999999999826e+01 3.285000000000000000e+03 3.440355542020482062e+03 -1.553555420204820621e+02
2.291212000000000160e+01 3.369000000000000000e+03 3.440660183398835215e+03 -7.166018339883521548e+01
2.292884000000000100e+01 3.380000000000000000e+03 3.440993858791724961e+03 -6.099385879172496061e+01
2.294555000000000078e+01 3.371000000000000000e+03 3.441353984675770334e+03 -7.035398467577033443e+01
2.296226000000000056e+01 3.397000000000000000e+03 3.441738794215400048e+03 -4.473879421540004842e+01
2.297897000000000034e+01 3.496000000000000000e+03 3.442146527501107357e+03 5.385347249889264276e+01
2.299568000000000012e+01 3.562000000000000000e+03 3.442575599366204187e+03 1.194244006337958126e+02
2.301238999999999990e+01 3.483000000000000000e+03 3.443024579183560036e+03 3.997542081643996426e+01
2.302909999999999968e+01 3.539000000000000000e+03 3.443492173325733347e+03 9.550782667426665284e+01
2.304580999999999946e+01 3.544000000000000000e+03 3.443977209891558687e+03 1.000227901084413134e+02
2.306252999999999886e+01 3.523000000000000000e+03 3.444478930146006860e+03 7.852106985399313999e+01
2.307923999999999864e+01 3.433000000000000000e+03 3.444995766697229101e+03 -1.199576669722910083e+01
2.309594999999999843e+01 3.485000000000000000e+03 3.445527134550153733e+03 3.947286544984626744e+01
2.311266000000000176e+01 3.412000000000000000e+03 3.446072230902596857e+03 -3.407223090259685705e+01
2.312937000000000154e+01 3.423000000000000000e+03 3.446630322480526502e+03 -2.363032248052650175e+01
2.314608000000000132e+01 3.535000000000000000e+03 3.447200738528166312e+03 8.779926147183368812e+01
2.316279000000000110e+01 3.291000000000000000e+03 3.447782864604064798e+03 -1.567828646040647982e+02
2.317951000000000050e+01 3.474000000000000000e+03 3.448376495351557423e+03 2.562350464844257658e+01
2.319622000000000028e+01 3.296000000000000000e+03 3.448980402736210181e+03 -1.529804027362101806e+02
2.321293000000000006e+01 3.377000000000000000e+03 3.449594462411092536e+03 -7.259446241109253606e+01
2.322963999999999984e+01 3.453000000000000000e+03 3.450218235958172954e+03 2.781764041827045730e+00
2.324634999999999962e+01 3.393000000000000000e+03 3.450851319182413135e+03 -5.785131918241313542e+01
2.326305999999999941e+01 3.375000000000000000e+03 3.451493339009128249e+03 -7.649333900912824902e+01
2.327976999999999919e+01 3.433000000000000000e+03 3.452143950702656639e+03 -1.914395070265663890e+01
2.329647999999999897e+01 3.236000000000000000e+03 3.452802835368990600e+03 -2.168028353689905998e+02
2.331319999999999837e+01 3.394000000000000000e+03 3.453470099122518604e+03 -5.947009912251860442e+01
2.332991000000000170e+01 3.467000000000000000e+03 3.454144669944972065e+03 1.285533005502793458e+01
2.334662000000000148e+01 3.451000000000000000e+03 3.454826690592765317e+03 -3.826690592765316978e+00
2.336333000000000126e+01 3.353000000000000000e+03 3.455515925198557397e+03 -1.025159251985573974e+02
2.338004000000000104e+01 3.242000000000000000e+03 3.456212154502565227e+03 -2.142121545025652267e+02
2.339675000000000082e+01 3.333000000000000000e+03 3.456915174501747515e+03 -1.239151745017475150e+02
2.341346000000000060e+01 3.352000000000000000e+03 3.457624795224467107e+03 -1.056247952244671069e+02
2.343017000000000039e+01 3.391000000000000000e+03 3.458340839617512302e+03 -6.734083961751230163e+01
2.344688999999999979e+01 3.514000000000000000e+03 3.459063576634282981e+03 5.493642336571701890e+01
2.346359999999999957e+01 3.270000000000000000e+03 3.459791987520585280e+03 -1.897919875205852804e+02
2.348030999999999935e+01 3.371000000000000000e+03 3.460526358666249507e+03 -8.952635866624950722e+01
2.349701999999999913e+01 3.369000000000000000e+03 3.461266555435672217e+03 -9.226655543567221684e+01
2.351372999999999891e+01 3.391000000000000000e+03 3.462012451869179586e+03 -7.101245186917958563e+01
2.353043999999999869e+01 3.230000000000000000e+03 3.462763930041826370e+03 -2.327639300418263701e+02
2.354714999999999847e+01 3.322000000000000000e+03 3.463520879476162008e+03 -1.415208794761620084e+02
2.356385999999999825e+01 3.367000000000000000e+03 3.464283196603827037e+03 -9.728319660382703660e+01
2.358058000000000121e+01 3.300000000000000000e+03 3.465051245189183192e+03 -1.650512451891831915e+02
2.359729000000000099e+01 3.381000000000000000e+03 3.465824015277562921e+03 -8.482401527756292126e+01
2.361400000000000077e+01 3.379000000000000000e+03 3.466601879014642691e+03 -8.760187901464269089e+01
2.363071000000000055e+01 3.477000000000000000e+03 3.467384755913408299e+03 9.615244086591701489e+00
2.364742000000000033e+01 3.348000000000000000e+03 3.468172570291544162e+03 -1.201725702915441616e+02
2.366413000000000011e+01 3.381000000000000000e+03 3.468965250944798754e+03 -8.796525094479875406e+01
2.368083999999999989e+01 3.400000000000000000e+03 3.469762730845457099e+03 -6.976273084545709935e+01
2.369754999999999967e+01 3.471000000000000000e+03 3.470564946863740261e+03 4.350531362597394036e-01
2.371426999999999907e+01 3.427000000000000000e+03 3.471372323779072303e+03 -4.437232377907230330e+01
2.373097999999999885e+01 3.513000000000000000e+03 3.472183839714894475e+03 4.081616028510552496e+01
2.374768999999999863e+01 3.557000000000000000e+03 3.472999923253586076e+03 8.400007674641392441e+01
2.376439999999999841e+01 3.520000000000000000e+03 3.473820524466140796e+03 4.617947553385920401e+01
2.378111000000000175e+01 3.771000000000000000e+03 3.474645596209478299e+03 2.963544037905217010e+02
2.379782000000000153e+01 3.937000000000000000e+03 3.475475093949982693e+03 4.615249060500173073e+02
2.381453000000000131e+01 4.040000000000000000e+03 3.476308975599510632e+03 5.636910244004893684e+02
2.383124000000000109e+01 4.297000000000000000e+03 3.477147201362879059e+03 8.198527986371209408e+02
2.384796000000000049e+01 4.574000000000000000e+03 3.477990239086466318e+03 1.096009760913533682e+03
2.386467000000000027e+01 5.094000000000000000e+03 3.478837044709389374e+03 1.615162955290610626e+03
2.388138000000000005e+01 5.465000000000000000e+03 3.479688087427186929e+03 1.985311912572813071e+03
2.389808999999999983e+01 5.577000000000000000e+03 3.480543335291750736e+03 2.096456664708249264e+03
2.391479999999999961e+01 5.886000000000000000e+03 3.481402758028281369e+03 2.404597241971718631e+03
2.393150999999999939e+01 6.121000000000000000e+03 3.482266326935099642e+03 2.638733673064900358e+03
2.394821999999999917e+01 5.989000000000000000e+03 3.483134014790015954e+03 2.505865985209984046e+03
2.396492999999999896e+01 5.950000000000000000e+03 3.484005795762754587e+03 2.465994204237245413e+03
2.398164999999999836e+01 5.673000000000000000e+03 3.484882170693409080e+03 2.188117829306590920e+03
2.399836000000000169e+01 5.355000000000000000e+03 3.485762067988280705e+03 1.869237932011719295e+03
2.401507000000000147e+01 5.013000000000000000e+03 3.486645988454975850e+03 1.526354011545024150e+03
2.403178000000000125e+01 4.732000000000000000e+03 3.487533911062334028e+03 1.244466088937665972e+03
2.404849000000000103e+01 4.366000000000000000e+03 3.488425815809858250e+03 8.775741841901417502e+02
2.406520000000000081e+01 4.143000000000000000e+03 3.489321683668364585e+03 6.536783163316354148e+02
2.408191000000000059e+01 4.033000000000000000e+03 3.490221496524234681e+03 5.427785034757653193e+02
2.409862000000000037e+01 3.838000000000000000e+03 3.491125237127042965e+03 3.468747628729570351e+02
2.411533999999999978e+01 3.645000000000000000e+03 3.492033433387068726e+03 1.529665666129312740e+02
2.413204999999999956e+01 3.681000000000000000e+03 3.492944983268677333e+03 1.880550167313226666e+02
2.414875999999999934e+01 3.617000000000000000e+03 3.493860413838246586e+03 1.231395861617534138e+02
2.416546999999999912e+01 3.473000000000000000e+03 3.494779710834227444e+03 -2.177971083422744414e+01
2.418217999999999890e+01 3.514000000000000000e+03 3.495702860639288701e+03 1.829713936071129865e+01
2.419888999999999868e+01 3.485000000000000000e+03 3.496629850243840337e+03 -1.162985024384033750e+01
2.421559999999999846e+01 3.480000000000000000e+03 3.497560667211624605e+03 -1.756066721162460453e+01
2.423230999999999824e+01 3.355000000000000000e+03 3.498495299647257980e+03 -1.434952996472579798e+02
2.424903000000000119e+01 3.445000000000000000e+03 3.499434298904068328e+03 -5.443429890406832783e+01
2.426574000000000098e+01 3.449000000000000000e+03 3.500376530868011741e+03 -5.137653086801174140e+01
2.428245000000000076e+01 3.239000000000000000e+03 3.501322545554647604e+03 -2.623225455546476041e+02
2.429916000000000054e+01 3.347000000000000000e+03 3.502272332942298362e+03 -1.552723329422983625e+02
2.431587000000000032e+01 3.445000000000000000e+03 3.503225883412857456e+03 -5.822588341285745628e+01
2.433258000000000010e+01 3.494000000000000000e+03 3.504183187728642679e+03 -1.018318772864267885e+01
2.434928999999999988e+01 3.399000000000000000e+03 3.505144237010482357e+03 -1.061442370104823567e+02
2.436600999999999928e+01 3.406000000000000000e+03 3.506109601204251703e+03 -1.001096012042517032e+02
2.438271999999999906e+01 3.544000000000000000e+03 3.507078117340752215e+03 3.692188265924778534e+01
2.439942999999999884e+01 3.382000000000000000e+03 3.508050353750025806e+03 -1.260503537500258062e+02
2.441613999999999862e+01 3.379000000000000000e+03 3.509026302790128739e+03 -1.300263027901287387e+02
2.443284999999999840e+01 3.491000000000000000e+03 3.510005957084110833e+03 -1.900595708411083251e+01
2.444956000000000174e+01 3.366000000000000000e+03 3.510989309504103403e+03 -1.449893095041034030e+02
2.446627000000000152e+01 3.368000000000000000e+03 3.511976353156205732e+03 -1.439763531562057324e+02
2.448298000000000130e+01 3.500000000000000000e+03 3.512967081366141883e+03 -1.296708136614188334e+01
2.449970000000000070e+01 3.426000000000000000e+03 3.513962083862109921e+03 -8.796208386210992103e+01
2.451641000000000048e+01 3.308000000000000000e+03 3.514960164171397082e+03 -2.069601641713970821e+02
2.453312000000000026e+01 3.344000000000000000e+03 3.515961910196802819e+03 -1.719619101968028190e+02
2.454983000000000004e+01 3.352000000000000000e+03 3.516967316012849551e+03 -1.649673160128495510e+02
2.456653999999999982e+01 3.291000000000000000e+03 3.517976375851882949e+03 -2.269763758518829491e+02
2.458324999999999960e+01 3.321000000000000000e+03 3.518994617320818179e+03 -1.979946173208181790e+02
2.459995999999999938e+01 3.416000000000000000e+03 3.520010998204223142e+03 -1.040109982042231422e+02
2.461666999999999916e+01 3.473000000000000000e+03 3.521031016891072795e+03 -4.803101689107279526e+01
2.463338999999999857e+01 3.373000000000000000e+03 3.522055281830961576e+03 -1.490552818309615759e+02
2.465009999999999835e+01 3.234000000000000000e+03 3.523085481877765233e+03 -2.890854818777652326e+02
2.466681000000000168e+01 3.448000000000000000e+03 3.524116400813472410e+03 -7.611640081347240994e+01
2.468352000000000146e+01 3.361000000000000000e+03 3.525150937360641365e+03 -1.641509373606413646e+02
2.470023000000000124e+01 3.496000000000000000e+03 3.526189086675607541e+03 -3.018908667560754111e+01
2.471694000000000102e+01 3.331000000000000000e+03 3.527230843993210783e+03 -1.962308439932107831e+02
2.473365000000000080e+01 3.344000000000000000e+03 3.528276204619889540e+03 -1.842762046198895405e+02
2.475036000000000058e+01 3.337000000000000000e+03 3.529325163927087488e+03 -1.923251639270874875e+02
2.476707999999999998e+01 3.358000000000000000e+03 3.530378348314460254e+03 -1.723783483144602542e+02
2.478378999999999976e+01 3.395000000000000000e+03 3.531434493472670965e+03 -1.364344934726709653e+02
2.480049999999999955e+01 3.309000000000000000e+03 3.532494223751505615e+03 -2.234942237515056149e+02
2.481720999999999933e+01 3.431000000000000000e+03 3.533557534722210221e+03 -1.025575347222102209e+02
2.483391999999999911e+01 3.481000000000000000e+03 3.534624421992207317e+03 -5.362442199220731709e+01
2.485062999999999889e+01 3.440000000000000000e+03 3.535694881200083273e+03 -9.569488120008327314e+01
2.486733999999999867e+01 3.351000000000000000e+03 3.536768908010769337e+03 -1.857689080107693371e+02
2.488404999999999845e+01 3.357000000000000000e+03 3.537846498110953689e+03 -1.808464981109536893e+02
2.490077000000000140e+01 3.405000000000000000e+03 3.538928295276616609e+03 -1.339282952766166090e+02
2.491748000000000118e+01 3.299000000000000000e+03 3.540013001207045818e+03 -2.410130012070458179e+02
2.493419000000000096e+01 3.403000000000000000e+03 3.541101257571886890e+03 -1.381012575718868902e+02
2.495090000000000074e+01 3.409000000000000000e+03 3.542193060102651998e+03 -1.331930601026519980e+02
2.496761000000000053e+01 3.429000000000000000e+03 3.543288404532383538e+03 -1.142884045323835380e+02
2.498432000000000031e+01 3.390000000000000000e+03 3.544387286592116652e+03 -1.543872865921166522e+02
2.500103000000000009e+01 3.455000000000000000e+03 3.545489702007477263e+03 -9.048970200747726267e+01
2.501773999999999987e+01 3.463000000000000000e+03 3.546595646495429264e+03 -8.359564649542926418e+01
2.503445999999999927e+01 3.469000000000000000e+03 3.547705780770896126e+03 -7.870578077089612634e+01
2.505116999999999905e+01 3.442000000000000000e+03 3.548818772610315591e+03 -1.068187726103155910e+02
2.506787999999999883e+01 3.555000000000000000e+03 3.549935280588087608e+03 5.064719411912392388e+00
2.508458999999999861e+01 3.466000000000000000e+03 3.551055300356568750e+03 -8.505530035656875043e+01
2.510129999999999839e+01 3.407000000000000000e+03 3.552178827545085824e+03 -1.451788275450858237e+02
2.511801000000000172e+01 3.218000000000000000e+03 3.553305857757397462e+03 -3.353058577573974617e+02
2.513472000000000151e+01 3.372000000000000000e+03 3.554436386569273054e+03 -1.824363865692730542e+02
2.515143000000000129e+01 3.374000000000000000e+03 3.555570409526162166e+03 -1.815704095261621660e+02
2.516815000000000069e+01 3.311000000000000000e+03 3.556708603922507336e+03 -2.457086039225073364e+02
2.518486000000000047e+01 3.410000000000000000e+03 3.557849603757679688e+03 -1.478496037576796880e+02
2.520157000000000025e+01 3.466000000000000000e+03 3.558994084167626170e+03 -9.299408416762616980e+01
2.521828000000000003e+01 3.489000000000000000e+03 3.560142040555008862e+03 -7.114204055500886170e+01
2.523498999999999981e+01 3.391000000000000000e+03 3.561293468281855894e+03 -1.702934682818558940e+02
2.525169999999999959e+01 3.389000000000000000e+03 3.562448362667734727e+03 -1.734483626677347274e+02
2.526840999999999937e+01 3.413000000000000000e+03 3.563606718988010471e+03 -1.506067189880104706e+02
2.528511999999999915e+01 3.404000000000000000e+03 3.564768532472162406e+03 -1.607685324721624056e+02
2.530183999999999855e+01 3.473000000000000000e+03 3.565934496681239125e+03 -9.293449668123912488e+01
2.531854999999999833e+01 3.467000000000000000e+03 3.567103212051707942e+03 -1.001032120517079420e+02
2.533526000000000167e+01 3.464000000000000000e+03 3.568275369980431606e+03 -1.042753699804316057e+02
2.535197000000000145e+01 3.472000000000000000e+03 3.569450965497835114e+03 -9.745096549783511364e+01
2.536868000000000123e+01 3.349000000000000000e+03 3.570629993581020699e+03 -2.216299935810206989e+02
2.538539000000000101e+01 3.493000000000000000e+03 3.571812449152450426e+03 -7.881244915245042648e+01
2.540210000000000079e+01 3.515000000000000000e+03 3.572998327078688362e+03 -5.799832707868836223e+01
2.541882000000000019e+01 3.442000000000000000e+03 3.574188334917802877e+03 -1.321883349178028766e+02
2.543552999999999997e+01 3.377000000000000000e+03 3.575381043963984666e+03 -1.983810439639846663e+02
2.545223999999999975e+01 3.452000000000000000e+03 3.576577159614192169e+03 -1.245771596141921691e+02
2.546894999999999953e+01 3.460000000000000000e+03 3.577776676499707264e+03 -1.177766764997072642e+02
2.548565999999999931e+01 3.469000000000000000e+03 3.578979589190334991e+03 -1.099795891903349911e+02
2.550236999999999910e+01 3.347000000000000000e+03 3.580185892193399468e+03 -2.331858921933994679e+02
2.551907999999999888e+01 3.519000000000000000e+03 3.581395579952806656e+03 -6.239557995280665637e+01
2.553578999999999866e+01 3.407000000000000000e+03 3.582608646848137596e+03 -1.756086468481375960e+02
2.555251000000000161e+01 3.421000000000000000e+03 3.583825816174130523e+03 -1.628258161741305230e+02
2.556922000000000139e+01 3.360000000000000000e+03 3.585045626232084942e+03 -2.250456262320849419e+02
2.558593000000000117e+01 3.304000000000000000e+03 3.586268798166738634e+03 -2.822687981667386339e+02
2.560264000000000095e+01 3.413000000000000000e+03 3.587495326091992865e+03 -1.744953260919928653e+02
2.561935000000000073e+01 3.388000000000000000e+03 3.588725204053427206e+03 -2.007252040534272055e+02
2.563606000000000051e+01 3.396000000000000000e+03 3.589958426027595124e+03 -1.939584260275951237e+02
2.565277000000000029e+01 3.410000000000000000e+03 3.591194985921358239e+03 -1.811949859213582386e+02
2.566948000000000008e+01 3.476000000000000000e+03 3.592434877571236484e+03 -1.164348775712364841e+02
2.568619999999999948e+01 3.473000000000000000e+03 3.593678839733126097e+03 -1.206788397331260967e+02
2.570290999999999926e+01 3.465000000000000000e+03 3.594925378104881474e+03 -1.299253781048814744e+02
2.571961999999999904e+01 3.602000000000000000e+03 3.596175229310462328e+03 5.824770689537672297e+00
2.573632999999999882e+01 3.451000000000000000e+03 3.597428386899134694e+03 -1.464283868991346935e+02
2.575303999999999860e+01 3.523000000000000000e+03 3.598684844347022590e+03 -7.568484434702259023e+01
2.576974999999999838e+01 3.459000000000000000e+03 3.599944595056623712e+03 -1.409445950566237116e+02
2.578646000000000171e+01 3.325000000000000000e+03 3.601207632356346949e+03 -2.762076323563469487e+02
2.580317000000000149e+01 3.461000000000000000e+03 3.602473949500067192e+03 -1.414739495000671923e+02
2.581989000000000090e+01 3.510000000000000000e+03 3.603744300423962159e+03 -9.374430042396215867e+01
2.583660000000000068e+01 3.555000000000000000e+03 3.605017158669630135e+03 -5.001715866963013468e+01
2.585331000000000046e+01 3.484000000000000000e+03 3.606293276065465307e+03 -1.222932760654653066e+02
2.587002000000000024e+01 3.573000000000000000e+03 3.607572645563196147e+03 -3.457264556319614712e+01
2.588673000000000002e+01 3.532000000000000000e+03 3.608855260038129927e+03 -7.685526003812992712e+01
2.590343999999999980e+01 3.487000000000000000e+03 3.610141112288829390e+03 -1.231411122888293903e+02
2.592014999999999958e+01 3.587000000000000000e+03 3.611450807229184647e+03 -2.445080722918464744e+01
2.593685999999999936e+01 3.558000000000000000e+03 3.612743223685091834e+03 -5.474322368509183434e+01
2.595357999999999876e+01 3.466000000000000000e+03 3.614039633066483475e+03 -1.480396330664834750e+02
2.597028999999999854e+01 3.527000000000000000e+03 3.615338477139036968e+03 -8.833847713903696786e+01
2.598699999999999832e+01 3.469000000000000000e+03 3.616640522725853316e+03 -1.476405227258533159e+02
2.600371000000000166e+01 3.575000000000000000e+03 3.617956682341146916e+03 -4.295668234114691586e+01
2.602042000000000144e+01 3.592000000000000000e+03 3.619265166497152222e+03 -2.726516649715222229e+01
2.603713000000000122e+01 3.705000000000000000e+03 3.620576829431510305e+03 8.442317056848969514e+01
2.605384000000000100e+01 3.594000000000000000e+03 3.621891663255853018e+03 -2.789166325585301820e+01
2.607055000000000078e+01 3.668000000000000000e+03 3.623209660002994497e+03 4.479033999700550339e+01
2.608727000000000018e+01 3.687000000000000000e+03 3.624531603205049123e+03 6.246839679495087694e+01
2.610397999999999996e+01 3.753000000000000000e+03 3.625855903460911577e+03 1.271440965390884230e+02
2.612068999999999974e+01 3.991000000000000000e+03 3.627183342258745597e+03 3.638166577412544029e+02
2.613739999999999952e+01 4.019000000000000000e+03 3.628513911314705183e+03 3.904860886852948170e+02
2.615410999999999930e+01 4.106000000000000000e+03 3.629847602265528622e+03 4.761523977344713785e+02
2.617081999999999908e+01 4.193000000000000000e+03 3.631184406668456177e+03 5.618155933315438233e+02
2.618752999999999886e+01 4.197000000000000000e+03 3.632535244970058102e+03 5.644647550299418981e+02
2.620423999999999864e+01 4.518000000000000000e+03 3.633878309257399451e+03 8.841216907426005491e+02
2.622096000000000160e+01 4.558000000000000000e+03 3.635225268183646222e+03 9.227747318163537784e+02
2.623767000000000138e+01 4.613000000000000000e+03 3.636574501793287709e+03 9.764254982067122910e+02
2.625438000000000116e+01 4.497000000000000000e+03 3.637926805924657401e+03 8.590731940753425988e+02
2.627109000000000094e+01 4.256000000000000000e+03 3.639287960418257626e+03 6.167120395817423741e+02
2.628780000000000072e+01 4.346000000000000000e+03 3.640646409823927115e+03 7.053535901760728848e+02
2.630451000000000050e+01 4.259000000000000000e+03 3.642007903015994088e+03 6.169920969840059115e+02
2.632122000000000028e+01 4.232000000000000000e+03 3.643372430842513950e+03 5.886275691574860502e+02
2.633793000000000006e+01 3.965000000000000000e+03 3.644739984071939944e+03 3.202600159280600565e+02
2.635464999999999947e+01 3.890000000000000000e+03 3.646111374503360821e+03 2.438886254966391789e+02
2.637135999999999925e+01 3.976000000000000000e+03 3.647484952322262870e+03 3.285150476777371296e+02
2.638806999999999903e+01 3.981000000000000000e+03 3.648861527366541850e+03 3.321384726334581501e+02
2.640477999999999881e+01 3.855000000000000000e+03 3.650241090086648001e+03 2.047589099133519994e+02
2.642148999999999859e+01 4.076000000000000000e+03 3.651623630853699069e+03 4.243763691463009309e+02
2.643819999999999837e+01 3.961000000000000000e+03 3.653009139959554432e+03 3.079908600404455683e+02
2.645491000000000170e+01 4.160000000000000000e+03 3.654397607616909227e+03 5.056023923830907734e+02
2.647162000000000148e+01 4.376000000000000000e+03 3.655789023959383030e+03 7.202109760406169698e+02
2.648834000000000088e+01 4.510000000000000000e+03 3.657184214362992407e+03 8.528157856370075933e+02
2.650505000000000067e+01 4.510000000000000000e+03 3.658581499910466846e+03 8.514185000895331541e+02
2.652176000000000045e+01 4.496000000000000000e+03 3.659981704064496626e+03 8.360182959355033745e+02
2.653847000000000023e+01 4.430000000000000000e+03 3.661384816643480917e+03 7.686151833565190827e+02
2.655518000000000001e+01 4.571000000000000000e+03 3.662790827387342233e+03 9.082091726126577669e+02
2.657188999999999979e+01 4.612000000000000000e+03 3.664199725957661485e+03 9.478002740423385148e+02
2.658859999999999957e+01 4.491000000000000000e+03 3.665611501937833964e+03 8.253884980621660361e+02
2.660531999999999897e+01 4.684000000000000000e+03 3.667026992274090844e+03 1.016973007725909156e+03
2.662202999999999875e+01 4.776000000000000000e+03 3.668543680504546955e+03 1.107456319495453045e+03
2.663873999999999853e+01 4.830000000000000000e+03 3.669964559854410254e+03 1.160035440145589746e+03
2.665544999999999831e+01 4.983000000000000000e+03 3.671388278465545682e+03 1.311611721534454318e+03
2.667216000000000165e+01 5.021000000000000000e+03 3.672814825579287572e+03 1.348185174420712428e+03
2.668887000000000143e+01 5.006000000000000000e+03 3.674244190360450375e+03 1.331755809639549625e+03
2.670558000000000121e+01 5.034000000000000000e+03 3.675728879125736057e+03 1.358271120874263943e+03
2.672229000000000099e+01 5.207000000000000000e+03 3.677164128481152147e+03 1.529835871518847853e+03
2.673901000000000039e+01 5.005000000000000000e+03 3.678603026235978632e+03 1.326396973764021368e+03
2.675572000000000017e+01 4.840000000000000000e+03 3.680043840100519901e+03 1.159956159899480099e+03
2.677242999999999995e+01 4.627000000000000000e+03 3.681487418637022529e+03 9.455125813629774711e+02
2.678913999999999973e+01 4.447000000000000000e+03 3.682933750580924880e+03 7.640662494190751204e+02
2.680584999999999951e+01 4.274000000000000000e+03 3.684382824593051282e+03 5.896171754069487179e+02
2.682255999999999929e+01 3.968000000000000000e+03 3.685834629259880330e+03 2.821653707401196698e+02
2.683926999999999907e+01 3.975000000000000000e+03 3.687289153093799996e+03 2.877108469062000040e+02
2.685597999999999885e+01 3.768000000000000000e+03 3.688746384533383662e+03 7.925361546661633838e+01
2.687269999999999825e+01 3.680000000000000000e+03 3.690207186433354309e+03 -1.020718643335430897e+01
2.688941000000000159e+01 3.605000000000000000e+03 3.691669799708915434e+03 -8.666979970891543417e+01
2.690612000000000137e+01 3.682000000000000000e+03 3.693135085458615777e+03 -1.113508545861577659e+01
2.692283000000000115e+01 3.573000000000000000e+03 3.694603031828497933e+03 -1.216030318284979330e+02
2.693954000000000093e+01 3.642000000000000000e+03 3.696073626892211905e+03 -5.407362689221190521e+01
2.695625000000000071e+01 3.445000000000000000e+03 3.697546858651324328e+03 -2.525468586513243281e+02
2.697296000000000049e+01 3.556000000000000000e+03 3.699022715035621786e+03 -1.430227150356217862e+02
2.698967000000000027e+01 3.532000000000000000e+03 3.700602884966272541e+03 -1.686028849662725406e+02
2.700638999999999967e+01 3.601000000000000000e+03 3.702085388187311310e+03 -1.010853881873113096e+02
2.702309999999999945e+01 3.605000000000000000e+03 3.703569597920423803e+03 -9.856959792042380286e+01
2.703980999999999923e+01 3.575000000000000000e+03 3.705056387745664779e+03 -1.300563877456647788e+02
2.705651999999999902e+01 3.575000000000000000e+03 3.706545745287131922e+03 -1.315457452871319219e+02
2.707322999999999880e+01 3.551000000000000000e+03 3.708091489684833050e+03 -1.570914896848330500e+02
2.708993999999999858e+01 3.675000000000000000e+03 3.709586234541127851e+03 -3.458623454112785112e+01
2.710664999999999836e+01 3.712000000000000000e+03 3.711083511910545894e+03 9.164880894541056477e-01
2.712336000000000169e+01 3.556000000000000000e+03 3.712583309168061078e+03 -1.565833091680610778e+02
2.714008000000000109e+01 3.550000000000000000e+03 3.714086513414592446e+03 -1.640865134145924458e+02
2.715679000000000087e+01 3.594000000000000000e+03 3.715591313793269364e+03 -1.215913137932693644e+02
2.717350000000000065e+01 3.539000000000000000e+03 3.717098595774893056e+03 -1.780985957748930559e+02
2.719021000000000043e+01 3.627000000000000000e+03 3.718608346467465253e+03 -9.160834646746525323e+01
2.720692000000000021e+01 3.631000000000000000e+03 3.720120552913251686e+03 -8.912055291325168582e+01
2.722363000000000000e+01 3.555000000000000000e+03 3.721635202089201812e+03 -1.666352020892018118e+02
2.724033999999999978e+01 3.557000000000000000e+03 3.723152280907373097e+03 -1.661522809073730969e+02
2.725704999999999956e+01 3.555000000000000000e+03 3.724671776215343016e+03 -1.696717762153430158e+02
2.727376999999999896e+01 3.503000000000000000e+03 3.726194586284689649e+03 -2.231945862846896489e+02
2.729047999999999874e+01 3.494000000000000000e+03 3.727718876285564875e+03 -2.337188762855648747e+02
2.730718999999999852e+01 3.542000000000000000e+03 3.729245542928488248e+03 -1.872455429284882484e+02
2.732389999999999830e+01 3.554000000000000000e+03 3.730774572807489221e+03 -1.767745728074892213e+02
2.734061000000000163e+01 3.559000000000000000e+03 3.732305952454349608e+03 -1.733059524543496082e+02
2.735732000000000141e+01 3.595000000000000000e+03 3.733839668339054242e+03 -1.388396683390542421e+02
2.737403000000000119e+01 3.575000000000000000e+03 3.735375706870273916e+03 -1.603757068702739161e+02
2.739074000000000098e+01 3.479000000000000000e+03 3.736914054395831045e+03 -2.579140543958310445e+02
2.740746000000000038e+01 3.655000000000000000e+03 3.738455619876159744e+03 -8.345561987615974431e+01
2.742417000000000016e+01 3.556000000000000000e+03 3.739998545554115026e+03 -1.839985455541150259e+02
2.744087999999999994e+01 3.666000000000000000e+03 3.741543738901364577e+03 -7.554373890136457703e+01
2.745758999999999972e+01 3.516000000000000000e+03 3.743091186027199456e+03 -2.270911860271994556e+02
2.747429999999999950e+01 3.509000000000000000e+03 3.744640872982550718e+03 -2.356408729825507180e+02
2.749100999999999928e+01 3.550000000000000000e+03 3.746192785760489187e+03 -1.961927857604891869e+02
2.750771999999999906e+01 3.558000000000000000e+03 3.747746910296757960e+03 -1.897469102967579602e+02
2.752442999999999884e+01 3.537000000000000000e+03 3.749303232470302191e+03 -2.123032324703021914e+02
2.754114999999999824e+01 3.599000000000000000e+03 3.750862671433110336e+03 -1.518626714331103358e+02
2.755786000000000158e+01 3.592000000000000000e+03 3.752423347587418903e+03 -1.604233475874189025e+02
2.757457000000000136e+01 3.576000000000000000e+03 3.753986178671869766e+03 -1.779861786718697658e+02
2.759128000000000114e+01 3.563000000000000000e+03 3.755551150343620066e+03 -1.925511503436200655e+02
2.760799000000000092e+01 3.567000000000000000e+03 3.757118248205778400e+03 -1.901182482057784000e+02
2.762470000000000070e+01 3.603000000000000000e+03 3.758687457807994178e+03 -1.556874578079941784e+02
2.764141000000000048e+01 3.597000000000000000e+03 3.760258764647023781e+03 -1.632587646470237814e+02
2.765812999999999988e+01 3.598000000000000000e+03 3.761833096373570243e+03 -1.638330963735702426e+02
2.767483999999999966e+01 3.660000000000000000e+03 3.763408555201183390e+03 -1.034085552011833897e+02
2.769154999999999944e+01 3.566000000000000000e+03 3.764986067435748282e+03 -1.989860674357482822e+02
2.770825999999999922e+01 3.632000000000000000e+03 3.766565618368449122e+03 -1.345656183684491225e+02
2.772496999999999900e+01 3.586000000000000000e+03 3.768147193240620709e+03 -1.821471932406207088e+02
2.774167999999999878e+01 3.548000000000000000e+03 3.769730777244386445e+03 -2.217307772443864451e+02
2.775838999999999857e+01 3.660000000000000000e+03 3.771316355523296806e+03 -1.113163555232968065e+02
2.777509999999999835e+01 3.535000000000000000e+03 3.772903913172988723e+03 -2.379039131729887231e+02
2.779182000000000130e+01 3.559000000000000000e+03 3.774494387067010848e+03 -2.154943870670108481e+02
2.780853000000000108e+01 3.432000000000000000e+03 3.776085859718924894e+03 -3.440858597189248940e+02
2.782524000000000086e+01 3.500000000000000000e+03 3.777679266738658953e+03 -2.776792667386589528e+02
2.784195000000000064e+01 3.565000000000000000e+03 3.779274593036864189e+03 -2.142745930368641893e+02
2.785866000000000042e+01 3.610000000000000000e+03 3.780871823479679279e+03 -1.708718234796792785e+02
2.787537000000000020e+01 3.548000000000000000e+03 3.782470942889457092e+03 -2.344709428894570920e+02
2.789207999999999998e+01 3.688000000000000000e+03 3.784071936045470920e+03 -9.607193604547092036e+01
2.790878999999999976e+01 3.668000000000000000e+03 3.785674787684668445e+03 -1.176747876846684449e+02
2.792550999999999917e+01 3.550000000000000000e+03 3.787280443371254023e+03 -2.372804433712540231e+02
2.794221999999999895e+01 3.657000000000000000e+03 3.788886967111325703e+03 -1.318869671113257027e+02
2.795892999999999873e+01 3.680000000000000000e+03 3.790495303289740605e+03 -1.104953032897406047e+02
2.797563999999999851e+01 3.611000000000000000e+03 3.792105436481696415e+03 -1.811054364816964153e+02
2.799234999999999829e+01 3.641000000000000000e+03 3.793717351223921469e+03 -1.527173512239214688e+02
2.800906000000000162e+01 3.646000000000000000e+03 3.795331032015500114e+03 -1.493310320155001136e+02
2.802577000000000140e+01 3.575000000000000000e+03 3.796946463318684891e+03 -2.219464633186848914e+02
2.804248000000000118e+01 3.504000000000000000e+03 3.798591284950018689e+03 -2.945912849500186894e+02
2.805920000000000059e+01 3.653000000000000000e+03 3.800211288718779088e+03 -1.472112887187790875e+02
2.807591000000000037e+01 3.642000000000000000e+03 3.801832028979431016e+03 -1.598320289794310156e+02
2.809262000000000015e+01 3.626000000000000000e+03 3.803454458457029887e+03 -1.774544584570298866e+02
2.810932999999999993e+01 3.570000000000000000e+03 3.805078561455841736e+03 -2.350785614558417365e+02
2.812603999999999971e+01 3.726000000000000000e+03 3.806718947350729195e+03 -8.071894735072919502e+01
2.814274999999999949e+01 3.573000000000000000e+03 3.808346428811358237e+03 -2.353464288113582370e+02
2.815945999999999927e+01 3.733000000000000000e+03 3.809975537157485633e+03 -7.697553715748563263e+01
2.817616999999999905e+01 3.639000000000000000e+03 3.811606256580594618e+03 -1.726062565805946178e+02
2.819288999999999845e+01 3.634000000000000000e+03 3.813239548568253667e+03 -1.792395485682536673e+02
2.820959999999999823e+01 3.625000000000000000e+03 3.814873443551783566e+03 -1.898734435517835664e+02
2.822631000000000157e+01 3.565000000000000000e+03 3.816508902017202217e+03 -2.515089020172022174e+02
2.824302000000000135e+01 3.549000000000000000e+03 3.818145908052781124e+03 -2.691459080527811238e+02
2.825973000000000113e+01 3.662000000000000000e+03 3.819784445723682893e+03 -1.577844457236828930e+02
2.827644000000000091e+01 3.527000000000000000e+03 3.821511367530444659e+03 -2.945113675304446588e+02
2.829315000000000069e+01 3.702000000000000000e+03 3.823153387965550792e+03 -1.211533879655507917e+02
2.830986000000000047e+01 3.617000000000000000e+03 3.824796895886030597e+03 -2.077968958860305975e+02
2.832657999999999987e+01 3.615000000000000000e+03 3.826442860182468849e+03 -2.114428601824688485e+02
2.834328999999999965e+01 3.720000000000000000e+03 3.828089295998433045e+03 -1.080892959984330446e+02
2.835999999999999943e+01 3.673000000000000000e+03 3.829783100998371083e+03 -1.567831009983710828e+02
2.837670999999999921e+01 3.591000000000000000e+03 3.831432646729143926e+03 -2.404326467291439258e+02
2.839341999999999899e+01 3.662000000000000000e+03 3.833083601903463659e+03 -1.710836019034636593e+02
2.841012999999999877e+01 3.734000000000000000e+03 3.834735950497502927e+03 -1.007359504975029267e+02
2.842683999999999855e+01 3.649000000000000000e+03 3.836389676477706871e+03 -1.873896764777068711e+02
2.844354999999999833e+01 3.522000000000000000e+03 3.838044763802250145e+03 -3.160447638022501451e+02
2.846027000000000129e+01 3.684000000000000000e+03 3.839702188104328343e+03 -1.557021881043283429e+02
2.847698000000000107e+01 3.512000000000000000e+03 3.841359950757112529e+03 -3.293599507571125287e+02
2.849369000000000085e+01 3.644000000000000000e+03 3.843019026584580388e+03 -1.990190265845803879e+02
2.851040000000000063e+01 3.611000000000000000e+03 3.844679399527122314e+03 -2.336793995271223139e+02
2.852711000000000041e+01 3.637000000000000000e+03 3.846267933464208454e+03 -2.092679334642084541e+02
2.854382000000000019e+01 3.716000000000000000e+03 3.847931235261713027e+03 -1.319312352617130273e+02
2.856052999999999997e+01 3.610000000000000000e+03 3.849595783002068856e+03 -2.395957830020688561e+02
2.857723999999999975e+01 3.596000000000000000e+03 3.851222777027796838e+03 -2.552227770277968375e+02
2.859395999999999916e+01 3.675000000000000000e+03 3.852890969902345660e+03 -1.778909699023456596e+02
2.861066999999999894e+01 3.623000000000000000e+03 3.854559361718344007e+03 -2.315593617183440074e+02
2.862737999999999872e+01 3.665000000000000000e+03 3.856228933859999415e+03 -1.912289338599994153e+02
2.864408999999999850e+01 3.732000000000000000e+03 3.857899670361920471e+03 -1.258996703619204709e+02
2.866079999999999828e+01 3.609000000000000000e+03 3.859571555273142621e+03 -2.505715552731426214e+02
2.867751000000000161e+01 3.701000000000000000e+03 3.861244572659369169e+03 -1.602445726593691688e+02
2.869422000000000139e+01 3.694000000000000000e+03 3.862918706605284115e+03 -1.689187066052841146e+02
2.871094000000000079e+01 3.656000000000000000e+03 3.864594944077519358e+03 -2.085949440775193580e+02
2.872765000000000057e+01 3.582000000000000000e+03 3.866271264129383781e+03 -2.842712641293837805e+02
2.874436000000000035e+01 3.542000000000000000e+03 3.867948653123948588e+03 -3.259486531239485885e+02
2.876107000000000014e+01 3.659000000000000000e+03 3.869627095246832141e+03 -2.106270952468321411e+02
2.877777999999999992e+01 3.584000000000000000e+03 3.871306574715611077e+03 -2.873065747156110774e+02
2.879448999999999970e+01 3.638000000000000000e+03 3.872987075782718875e+03 -2.349870757827188754e+02
2.881119999999999948e+01 3.670000000000000000e+03 3.874668582738484020e+03 -2.046685827384840195e+02
2.882790999999999926e+01 3.656000000000000000e+03 3.876351079914261845e+03 -2.203510799142618453e+02
2.884462999999999866e+01 3.654000000000000000e+03 3.878035559438063956e+03 -2.240355594380639559e+02
2.886133999999999844e+01 3.631000000000000000e+03 3.879719990797891569e+03 -2.487199907978915689e+02
2.887805000000000177e+01 3.704000000000000000e+03 3.881405365642266588e+03 -1.774053656422665881e+02
2.889476000000000155e+01 3.712000000000000000e+03 3.883091668500992000e+03 -1.710916685009920002e+02
2.891147000000000133e+01 3.627000000000000000e+03 3.884778883962813325e+03 -2.577788839628133246e+02
2.892818000000000112e+01 3.627000000000000000e+03 3.886466996679504973e+03 -2.594669966795049731e+02
2.894489000000000090e+01 3.698000000000000000e+03 3.888155991370142601e+03 -1.901559913701426012e+02
2.896160000000000068e+01 3.573000000000000000e+03 3.889845852825573274e+03 -3.168458528255732745e+02
2.897832000000000008e+01 3.644000000000000000e+03 3.891537577962268642e+03 -2.475375779622686423e+02
2.899502999999999986e+01 3.633000000000000000e+03 3.893229128126799424e+03 -2.602291281267994236e+02
2.901173999999999964e+01 3.779000000000000000e+03 3.894921499898512593e+03 -1.159214998985125931e+02
2.902844999999999942e+01 3.668000000000000000e+03 3.896614678404757797e+03 -2.286146784047577967e+02
2.904515999999999920e+01 3.615000000000000000e+03 3.898308648870614888e+03 -2.833086488706148884e+02
2.906186999999999898e+01 3.647000000000000000e+03 3.900003396624920697e+03 -2.530033966249206969e+02
2.907857999999999876e+01 3.752000000000000000e+03 3.901698907106615479e+03 -1.496989071066154793e+02
2.909528999999999854e+01 3.683000000000000000e+03 3.903395165871430891e+03 -2.203951658714308905e+02
2.911201000000000150e+01 3.697000000000000000e+03 3.905093174371081204e+03 -2.080931743710812043e+02
2.912872000000000128e+01 3.694000000000000000e+03 3.906790887298810958e+03 -2.127908872988109579e+02
2.914543000000000106e+01 3.687000000000000000e+03 3.908489305941994644e+03 -2.214893059419946439e+02
2.916214000000000084e+01 3.675000000000000000e+03 3.910188416398461868e+03 -2.351884163984618681e+02
2.917885000000000062e+01 3.679000000000000000e+03 3.911888204922478053e+03 -2.328882049224780530e+02
2.919556000000000040e+01 3.730000000000000000e+03 3.913588657934130879e+03 -1.835886579341308789e+02
2.921227000000000018e+01 3.621000000000000000e+03 3.915289762029288795e+03 -2.942897620292887950e+02
2.922897999999999996e+01 3.765000000000000000e+03 3.916991503990177080e+03 -1.519915039901770797e+02
2.924569999999999936e+01 3.629000000000000000e+03 3.918694889752418931e+03 -2.896948897524189306e+02
2.926240999999999914e+01 3.728000000000000000e+03 3.920397868956323236e+03 -1.923978689563232365e+02
2.927911999999999892e+01 3.688000000000000000e+03 3.922101447599470248e+03 -2.341014475994702480e+02
2.929582999999999871e+01 3.631000000000000000e+03 3.923805613329667267e+03 -2.928056133296672670e+02
2.931253999999999849e+01 3.628000000000000000e+03 3.925510354045156873e+03 -2.975103540451568733e+02
2.932924999999999827e+01 3.708000000000000000e+03 3.927215657910132904e+03 -2.192156579101329044e+02
2.934596000000000160e+01 3.637000000000000000e+03 3.928921513371318724e+03 -2.919215133713187242e+02
2.936267000000000138e+01 3.755000000000000000e+03 3.930627909175701916e+03 -1.756279091757019160e+02
2.937939000000000078e+01 3.851000000000000000e+03 3.932335856045189757e+03 -8.133585604518975742e+01
2.939610000000000056e+01 3.770000000000000000e+03 3.934043300381955760e+03 -1.640433003819557598e+02
2.941281000000000034e+01 3.725000000000000000e+03 3.935751253295830793e+03 -2.107512532958307929e+02
2.942952000000000012e+01 3.761000000000000000e+03 3.937459704939860785e+03 -1.764597049398607851e+02
2.944622999999999990e+01 3.729000000000000000e+03 3.939168645877636663e+03 -2.101686458776366635e+02
2.946293999999999969e+01 3.911000000000000000e+03 3.940878067110628308e+03 -2.987806711062830800e+01
2.947964999999999947e+01 3.786000000000000000e+03 3.942587960107646268e+03 -1.565879601076462677e+02
2.949635999999999925e+01 3.881000000000000000e+03 3.944298316836674076e+03 -6.329831683667407560e+01
2.951307999999999865e+01 3.922000000000000000e+03 3.946010153760279536e+03 -2.401015376027953607e+01
2.952978999999999843e+01 3.989000000000000000e+03 3.947721416295739800e+03 4.127858370426019974e+01
2.954650000000000176e+01 4.234000000000000000e+03 3.949433121817106439e+03 2.845668781828935607e+02
2.956321000000000154e+01 4.255000000000000000e+03 3.951145264663305170e+03 3.038547353366948300e+02
2.957992000000000132e+01 4.376000000000000000e+03 3.952857839875846821e+03 4.231421601241531789e+02
2.959663000000000110e+01 4.550000000000000000e+03 3.954570843250573944e+03 5.954291567494260562e+02
2.961334000000000088e+01 4.878000000000000000e+03 3.956284271394028565e+03 9.217157286059714352e+02
2.963005000000000067e+01 5.060000000000000000e+03 3.957998121784942668e+03 1.102001878215057332e+03
2.964677000000000007e+01 4.999000000000000000e+03 3.959713418862456820e+03 1.039286581137543180e+03
2.966347999999999985e+01 4.937000000000000000e+03 3.961428110266637759e+03 9.755718897333622408e+02
2.968018999999999963e+01 5.052000000000000000e+03 3.963143222291731945e+03 1.088856777708268055e+03
2.969689999999999941e+01 4.874000000000000000e+03 3.964858756643744528e+03 9.091412433562554725e+02
2.971360999999999919e+01 4.918000000000000000e+03 3.966574716306909977e+03 9.514252836930900230e+02
2.973031999999999897e+01 4.720000000000000000e+03 3.968291105650208010e+03 7.517088943497919900e+02
2.974702999999999875e+01 4.602000000000000000e+03 3.970007930544707506e+03 6.319920694552924942e+02
2.976373999999999853e+01 4.300000000000000000e+03 3.971725198493023072e+03 3.282748015069769281e+02
2.978046000000000149e+01 4.249000000000000000e+03 3.973443946869412684e+03 2.755560531305873155e+02
2.979717000000000127e+01 4.251000000000000000e+03 3.975162130971141778e+03 2.758378690288582220e+02
2.981388000000000105e+01 4.089000000000000000e+03 3.976880791941400275e+03 1.121192080585997246e+02
2.983059000000000083e+01 4.005000000000000000e+03 3.978599945403790116e+03 2.640005459620988404e+01
2.984730000000000061e+01 3.966000000000000000e+03 3.980319609502468211e+03 -1.431960950246821085e+01
2.986401000000000039e+01 3.852000000000000000e+03 3.982039805143923331e+03 -1.300398051439233313e+02
2.988072000000000017e+01 3.816000000000000000e+03 3.983760556266978710e+03 -1.677605562669787105e+02
2.989743999999999957e+01 3.872000000000000000e+03 3.985482920447321249e+03 -1.134829204473212485e+02
2.991414999999999935e+01 3.726000000000000000e+03 3.987204868403542150e+03 -2.612048684035421502e+02
2.993085999999999913e+01 3.799000000000000000e+03 3.988927465082567778e+03 -1.899274650825677782e+02
2.994756999999999891e+01 3.856000000000000000e+03 3.990650749968133823e+03 -1.346507499681338231e+02
2.996427999999999869e+01 3.806000000000000000e+03 3.992374767508521018e+03 -1.863747675085210176e+02
2.998098999999999847e+01 3.735000000000000000e+03 3.994099567662417940e+03 -2.590995676624179396e+02
2.999769999999999825e+01 3.925000000000000000e+03 3.995825206517374227e+03 -7.082520651737422668e+01
3.001441000000000159e+01 3.832000000000000000e+03 3.997551746992186963e+03 -1.655517469921869633e+02
3.003113000000000099e+01 3.856000000000000000e+03 3.999280293762501060e+03 -1.432802937625010600e+02
3.004784000000000077e+01 3.722000000000000000e+03 4.001008858323737968e+03 -2.790088583237379680e+02
3.006455000000000055e+01 3.803000000000000000e+03 4.002738562883690975e+03 -1.997385628836909746e+02
3.008126000000000033e+01 3.777000000000000000e+03 4.004469506914534122e+03 -2.274695069145341222e+02
3.009797000000000011e+01 3.683000000000000000e+03 4.006201802052321455e+03 -3.232018020523214545e+02
3.011467999999999989e+01 3.805000000000000000e+03 4.007935573686752832e+03 -2.029355736867528321e+02
3.013138999999999967e+01 3.707000000000000000e+03 4.009670962800666985e+03 -3.026709628006669845e+02
3.014809999999999945e+01 3.751000000000000000e+03 4.011408128105013930e+03 -2.604081281050139296e+02
3.016481999999999886e+01 3.825000000000000000e+03 4.013148289915398891e+03 -1.881482899153988910e+02
3.018152999999999864e+01 3.731000000000000000e+03 4.014889568849752777e+03 -2.838895688497527772e+02
3.019823999999999842e+01 3.888000000000000000e+03 4.016633233653002662e+03 -1.286332336530026623e+02
3.021495000000000175e+01 3.785000000000000000e+03 4.018379543439110876e+03 -2.333795434391108756e+02
3.023166000000000153e+01 3.720000000000000000e+03 4.020128792590433477e+03 -3.001287925904334770e+02
3.024837000000000131e+01 3.810000000000000000e+03 4.021881316387899460e+03 -2.118813163878994601e+02
3.026508000000000109e+01 3.870000000000000000e+03 4.023637497755149070e+03 -1.536374977551490701e+02
3.028179000000000087e+01 3.662000000000000000e+03 4.025397775433741572e+03 -3.633977754337415718e+02
3.029851000000000028e+01 3.831000000000000000e+03 4.027163711758124919e+03 -1.961637117581249186e+02
3.031522000000000006e+01 3.859000000000000000e+03 4.028933778155603704e+03 -1.699337781556037044e+02
3.033192999999999984e+01 3.808000000000000000e+03 4.030709708967159713e+03 -2.227097089671597132e+02
3.034863999999999962e+01 3.882000000000000000e+03 4.032492304454738132e+03 -1.504923044547381323e+02
3.036534999999999940e+01 3.913000000000000000e+03 4.034282523314087939e+03 -1.212825233140879391e+02
3.038205999999999918e+01 3.893000000000000000e+03 4.036081544599028803e+03 -1.430815445990288026e+02
3.039876999999999896e+01 3.889000000000000000e+03 4.037890874124938364e+03 -1.488908741249383638e+02
3.041547999999999874e+01 3.945000000000000000e+03 4.039712531367990323e+03 -9.471253136799032291e+01
3.043220000000000169e+01 3.893000000000000000e+03 4.041550482221231050e+03 -1.485504822212310501e+02
3.044891000000000147e+01 3.869000000000000000e+03 4.043406800535713955e+03 -1.744068005357139555e+02
3.046562000000000126e+01 3.810000000000000000e+03 4.045289209472339280e+03 -2.352892094723392802e+02
3.048233000000000104e+01 3.938000000000000000e+03 4.047208225990591927e+03 -1.092082259905919273e+02
3.049904000000000082e+01 3.884000000000000000e+03 4.049180609139144963e+03 -1.651806091391449627e+02
3.051575000000000060e+01 3.931000000000000000e+03 4.051232789959326510e+03 -1.202327899593265101e+02
3.053246000000000038e+01 3.796000000000000000e+03 4.053405560327008516e+03 -2.574055603270085157e+02
3.054917000000000016e+01 3.919000000000000000e+03 4.055760004706190102e+03 -1.367600047061901023e+02
3.056588999999999956e+01 3.809000000000000000e+03 4.058385957666203922e+03 -2.493859576662039217e+02
3.058259999999999934e+01 3.948000000000000000e+03 4.061402267667745036e+03 -1.134022676677450363e+02
3.059930999999999912e+01 3.793000000000000000e+03 4.064971032090200424e+03 -2.719710320902004241e+02
3.061601999999999890e+01 3.752000000000000000e+03 4.069292357791238373e+03 -3.172923577912383735e+02
3.063272999999999868e+01 3.774000000000000000e+03 4.074599770114642524e+03 -3.005997701146425243e+02
3.064943999999999846e+01 3.846000000000000000e+03 4.081144630019495708e+03 -2.351446300194957075e+02
3.066614999999999824e+01 3.705000000000000000e+03 4.089169375306104939e+03 -3.841693753061049392e+02
3.068286000000000158e+01 3.809000000000000000e+03 4.098869787123112474e+03 -2.898697871231124736e+02
3.069958000000000098e+01 3.907000000000000000e+03 4.110356413956099459e+03 -2.033564139560994590e+02
3.071629000000000076e+01 3.866000000000000000e+03 4.123577124181713771e+03 -2.575771241817137707e+02
3.073300000000000054e+01 3.866000000000000000e+03 4.138314208237590719e+03 -2.723142082375907194e+02
3.074971000000000032e+01 3.945000000000000000e+03 4.154127209743695857e+03 -2.091272097436958575e+02
3.076642000000000010e+01 3.948000000000000000e+03 4.170350521848386961e+03 -2.223505218483869612e+02
3.078312999999999988e+01 3.918000000000000000e+03 4.186115998829634918e+03 -2.681159988296349184e+02
3.079983999999999966e+01 3.895000000000000000e+03 4.200418265763622003e+03 -3.054182657636220029e+02
3.081654999999999944e+01 4.065000000000000000e+03 4.212231794736732809e+03 -1.472317947367328088e+02
3.083326999999999884e+01 4.128000000000000000e+03 4.220677844325766273e+03 -9.267784432576627296e+01
3.084997999999999863e+01 4.153000000000000000e+03 4.225178085421082869e+03 -7.217808542108286929e+01
3.086668999999999841e+01 4.363000000000000000e+03 4.225589080371029013e+03 1.374109196289709871e+02
3.088340000000000174e+01 4.409000000000000000e+03 4.222153345586631985e+03 1.868466544133680145e+02
3.090011000000000152e+01 4.512000000000000000e+03 4.215389060271395465e+03 2.966109397286045350e+02
3.091682000000000130e+01 4.650000000000000000e+03 4.205985675720260588e+03 4.440143242797394123e+02
3.093353000000000108e+01 4.600000000000000000e+03 4.194751613497793187e+03 4.052483865022068130e+02
3.095025000000000048e+01 4.479000000000000000e+03 4.182558745503308273e+03 2.964412544966917267e+02
3.096696000000000026e+01 4.696000000000000000e+03 4.170283165153670780e+03 5.257168348463292205e+02
3.098367000000000004e+01 4.484000000000000000e+03 4.158655083727129750e+03 3.253449162728702504e+02
3.100037999999999982e+01 4.515000000000000000e+03 4.148218023781401826e+03 3.667819762185981745e+02
3.101708999999999961e+01 4.354000000000000000e+03 4.139304664611217049e+03 2.146953353887829508e+02
3.103379999999999939e+01 4.354000000000000000e+03 4.132057110028133138e+03 2.219428899718668617e+02
3.105050999999999917e+01 4.308000000000000000e+03 4.126464442702155793e+03 1.815355572978442069e+02
3.106721999999999895e+01 4.071000000000000000e+03 4.122405346883658240e+03 -5.140534688365823968e+01
3.108393999999999835e+01 4.063000000000000000e+03 4.119688278112701482e+03 -5.668827811270148231e+01
3.110065000000000168e+01 3.927000000000000000e+03 4.118093671872687082e+03 -1.910936718726870822e+02
3.111736000000000146e+01 3.962000000000000000e+03 4.117393607635199260e+03 -1.553936076351992597e+02
3.113407000000000124e+01 3.879000000000000000e+03 4.117379613108927515e+03 -2.383796131089275150e+02
3.115078000000000102e+01 3.935000000000000000e+03 4.117872833569374961e+03 -1.828728335693749614e+02
3.116749000000000080e+01 3.879000000000000000e+03 4.118728909424949961e+03 -2.397289094249499612e+02
3.118420000000000059e+01 3.976000000000000000e+03 4.119837401414938540e+03 -1.438374014149385403e+02
3.120091000000000037e+01 3.808000000000000000e+03 4.121117792901080975e+03 -3.131177929010809748e+02
3.121762999999999977e+01 3.847000000000000000e+03 4.122514746251145880e+03 -2.755147462511458798e+02
3.123433999999999955e+01 3.849000000000000000e+03 4.123988847090263334e+03 -2.749888470902633344e+02
3.125104999999999933e+01 3.915000000000000000e+03 4.125516413787757301e+03 -2.105164137877573012e+02
3.126775999999999911e+01 3.964000000000000000e+03 4.127081967588936095e+03 -1.630819675889360951e+02
3.128446999999999889e+01 3.848000000000000000e+03 4.128675894462019642e+03 -2.806758944620196417e+02
3.130117999999999867e+01 3.812000000000000000e+03 4.130961213144139037e+03 -3.189612131441390375e+02
3.131788999999999845e+01 3.869000000000000000e+03 4.132599922993468681e+03 -2.635999229934686809e+02
3.133459999999999823e+01 3.860000000000000000e+03 4.134255067211854112e+03 -2.742550672118541115e+02
3.135132000000000119e+01 3.948000000000000000e+03 4.135926127360141436e+03 -1.879261273601414359e+02
3.136803000000000097e+01 3.853000000000000000e+03 4.137610094205893802e+03 -2.846100942058938017e+02
3.138474000000000075e+01 3.823000000000000000e+03 4.139307293820840641e+03 -3.163072938208406413e+02
3.140145000000000053e+01 3.801000000000000000e+03 4.141371961281080075e+03 -3.403719612810800754e+02
3.141816000000000031e+01 3.763000000000000000e+03 4.143096460827706323e+03 -3.800964608277063235e+02
3.143487000000000009e+01 3.856000000000000000e+03 4.144833491673554818e+03 -2.888334916735548177e+02
3.145157999999999987e+01 3.858000000000000000e+03 4.146583137427975089e+03 -2.885831374279750889e+02
3.146828999999999965e+01 3.927000000000000000e+03 4.148345621120527539e+03 -2.213456211205275395e+02
3.148500999999999905e+01 3.985000000000000000e+03 4.150122368190449379e+03 -1.651223681904493787e+02
3.150171999999999883e+01 3.834000000000000000e+03 4.151911748233180333e+03 -3.179117482331803330e+02
3.151842999999999861e+01 3.903000000000000000e+03 4.153715453885051829e+03 -2.507154538850518293e+02
3.153513999999999839e+01 3.802000000000000000e+03 4.155534265018184669e+03 -3.535342650181846693e+02
3.155185000000000173e+01 3.711000000000000000e+03 4.157369117219945110e+03 -4.463691172199451103e+02
3.156856000000000151e+01 3.909000000000000000e+03 4.159221115076987189e+03 -2.502211150769871892e+02
3.158527000000000129e+01 3.933000000000000000e+03 4.161091549311649032e+03 -2.280915493116490325e+02
3.160198000000000107e+01 3.933000000000000000e+03 4.162981918339050026e+03 -2.299819183390500257e+02
3.161870000000000047e+01 3.841000000000000000e+03 4.164895106167210542e+03 -3.238951061672105425e+02
3.163541000000000025e+01 4.148000000000000000e+03 4.166830825909602936e+03 -1.883082590960293601e+01
3.165212000000000003e+01 3.888000000000000000e+03 4.168792524860446065e+03 -2.807925248604460648e+02
3.166882999999999981e+01 3.921000000000000000e+03 4.170782874262307814e+03 -2.497828742623078142e+02
3.168553999999999959e+01 3.814000000000000000e+03 4.172804980022088785e+03 -3.588049800220887846e+02
3.170224999999999937e+01 3.935000000000000000e+03 4.174862462779271482e+03 -2.398624627792714818e+02
3.171895999999999916e+01 3.929000000000000000e+03 4.176959625422313366e+03 -2.479596254223133656e+02
3.173566999999999894e+01 3.850000000000000000e+03 4.179101667676266516e+03 -3.291016676762665156e+02
3.175238999999999834e+01 3.848000000000000000e+03 4.181296412972263170e+03 -3.332964129722631696e+02
3.176910000000000167e+01 4.016000000000000000e+03 4.183549725538012353e+03 -1.675497255380123534e+02
3.178581000000000145e+01 3.873000000000000000e+03 4.185874607769626891e+03 -3.128746077696268912e+02
3.180252000000000123e+01 3.874000000000000000e+03 4.188288174789590812e+03 -3.142881747895908120e+02
3.181923000000000101e+01 3.983000000000000000e+03 4.190816668331696746e+03 -2.078166683316967465e+02
3.183594000000000079e+01 4.006000000000000000e+03 4.193501593986382431e+03 -1.875015939863824315e+02
3.185265000000000057e+01 3.916000000000000000e+03 4.196409353194791038e+03 -2.804093531947910378e+02
3.186936000000000035e+01 4.058000000000000000e+03 4.199645536709121188e+03 -1.416455367091211883e+02
3.188607999999999976e+01 3.910000000000000000e+03 4.203377193944436840e+03 -2.933771939444368400e+02
3.190278999999999954e+01 4.076000000000000000e+03 4.207849083848431292e+03 -1.318490838484312917e+02
3.191949999999999932e+01 3.987000000000000000e+03 4.213426113614103997e+03 -2.264261136141039970e+02
3.193620999999999910e+01 4.035000000000000000e+03 4.220613598047998494e+03 -1.856135980479984937e+02
3.195291999999999888e+01 3.958000000000000000e+03 4.230079932661113162e+03 -2.720799326611131619e+02
3.196962999999999866e+01 3.896000000000000000e+03 4.242658231904349122e+03 -3.466582319043491225e+02
3.198633999999999844e+01 3.935000000000000000e+03 4.259316370261647535e+03 -3.243163702616475348e+02
3.200305999999999784e+01 4.110000000000000000e+03 4.281098657555473437e+03 -1.710986575554734372e+02
3.201977000000000118e+01 4.279000000000000000e+03 4.308948165576121937e+03 -2.994816557612193719e+01
3.203647999999999740e+01 4.123000000000000000e+03 4.343615011310479531e+03 -2.206150113104795309e+02
3.205319000000000074e+01 4.056000000000000000e+03 4.385407814569190123e+03 -3.294078145691901227e+02
3.206989999999999696e+01 4.172000000000000000e+03 4.434000520413822414e+03 -2.620005204138224144e+02
3.208661000000000030e+01 4.076000000000000000e+03 4.488258742246390284e+03 -4.122587422463902840e+02
3.210331999999999653e+01 4.147000000000000000e+03 4.546135574773403278e+03 -3.991355747734032775e+02
3.212002999999999986e+01 4.283000000000000000e+03 4.604676078676097859e+03 -3.216760786760978590e+02
3.213674999999999926e+01 4.393000000000000000e+03 4.660208222396092424e+03 -2.672082223960924239e+02
3.215346000000000259e+01 4.535000000000000000e+03 4.708582750799310816e+03 -1.735827507993108156e+02
3.217016999999999882e+01 4.799000000000000000e+03 4.745989377684853025e+03 5.301062231514697487e+01
3.218688000000000216e+01 4.772000000000000000e+03 4.769594784906304085e+03 2.405215093695915130e+00
3.220358999999999838e+01 4.972000000000000000e+03 4.778238689009632253e+03 1.937613109903677469e+02
3.222030000000000172e+01 4.970000000000000000e+03 4.772590035033668755e+03 1.974099649663312448e+02
3.223700999999999794e+01 5.065000000000000000e+03 4.754722932608213341e+03 3.102770673917866588e+02
3.225372000000000128e+01 5.119000000000000000e+03 4.727536926378677890e+03 3.914630736213221098e+02
3.227044000000000068e+01 5.050000000000000000e+03 4.694401070057653669e+03 3.555989299423463308e+02
3.228714999999999691e+01 4.897000000000000000e+03 4.659088163412146059e+03 2.379118365878539407e+02
3.230386000000000024e+01 4.991000000000000000e+03 4.625375180430778528e+03 3.656248195692214722e+02
3.232056999999999647e+01 4.828000000000000000e+03 4.596612486449107564e+03 2.313875135508924359e+02
3.233727999999999980e+01 4.763000000000000000e+03 4.575187234471766715e+03 1.878127655282332853e+02
3.235399000000000314e+01 4.664000000000000000e+03 4.562225348484231290e+03 1.017746515157687099e+02
3.237069999999999936e+01 4.581000000000000000e+03 4.557543257102171083e+03 2.345674289782891719e+01
3.238741000000000270e+01 4.386000000000000000e+03 4.559774912692519138e+03 -1.737749126925191376e+02
3.240413000000000210e+01 4.401000000000000000e+03 4.566626744224111462e+03 -1.656267442241114622e+02
3.242083999999999833e+01 4.268000000000000000e+03 4.575225376240862715e+03 -3.072253762408627153e+02
3.243755000000000166e+01 4.399000000000000000e+03 4.582629718738777228e+03 -1.836297187387772283e+02
3.245425999999999789e+01 4.514000000000000000e+03 4.586363725296669145e+03 -7.236372529666914488e+01
3.247097000000000122e+01 4.347000000000000000e+03 4.584870773897122490e+03 -2.378707738971224899e+02
3.248767999999999745e+01 4.426000000000000000e+03 4.577652333916606949e+03 -1.516523339166069491e+02
3.250439000000000078e+01 4.176000000000000000e+03 4.565067093596829181e+03 -3.890670935968291815e+02
3.252109999999999701e+01 4.363000000000000000e+03 4.548046027662379856e+03 -1.850460276623798563e+02
3.253782000000000352e+01 4.480000000000000000e+03 4.527946983757061389e+03 -4.794698375706138904e+01
3.255452999999999975e+01 4.460000000000000000e+03 4.506602510436908233e+03 -4.660251043690823280e+01
3.257124000000000308e+01 4.648000000000000000e+03 4.486208742844357403e+03 1.617912571556425974e+02
3.258794999999999931e+01 4.699000000000000000e+03 4.469244762407785856e+03 2.297552375922141437e+02
3.260466000000000264e+01 4.948000000000000000e+03 4.458358501025701116e+03 4.896414989742988837e+02
3.262136999999999887e+01 5.360000000000000000e+03 4.456395842132781581e+03 9.036041578672184187e+02
3.263808000000000220e+01 5.849000000000000000e+03 4.466539771408003617e+03 1.382460228591996383e+03
3.265478999999999843e+01 6.113000000000000000e+03 4.492460699123094855e+03 1.620539300876905145e+03
3.267150999999999783e+01 6.454000000000000000e+03 4.538407819179993567e+03 1.915592180820006433e+03
3.268822000000000116e+01 6.851000000000000000e+03 4.608963321310438914e+03 2.242036678689561086e+03
3.270492999999999739e+01 7.189000000000000000e+03 4.708832080896243497e+03 2.480167919103756503e+03
3.272164000000000073e+01 7.439000000000000000e+03 4.842103467518852995e+03 2.596896532481147005e+03
3.273834999999999695e+01 7.524000000000000000e+03 5.011388873425692509e+03 2.512611126574307491e+03
3.275506000000000029e+01 7.515000000000000000e+03 5.216798172171217630e+03 2.298201827828782370e+03
3.277176999999999651e+01 7.626000000000000000e+03 5.454935854836854560e+03 2.171064145163145440e+03
3.278847999999999985e+01 7.427000000000000000e+03 5.718111647338741022e+03 1.708888352661258978e+03
3.280519999999999925e+01 7.310000000000000000e+03 5.994134683357617178e+03 1.315865316642382822e+03
3.282191000000000258e+01 7.237000000000000000e+03 6.265904170953144785e+03 9.710958290468552150e+02
3.283861999999999881e+01 7.288000000000000000e+03 6.513590183399586749e+03 7.744098166004132509e+02
3.285533000000000214e+01 7.117000000000000000e+03 6.716358486709103090e+03 4.006415132908969099e+02
3.287203999999999837e+01 6.853000000000000000e+03 6.856122627174947411e+03 -3.122627174947410822e+00
3.288875000000000171e+01 6.510000000000000000e+03 6.921479102566232541e+03 -4.114791025662325410e+02
3.290545999999999793e+01 6.279000000000000000e+03 6.910030171403865097e+03 -6.310301714038650971e+02
3.292217000000000127e+01 6.158000000000000000e+03 6.827484596888845772e+03 -6.694845968888457719e+02
3.293889000000000067e+01 5.888000000000000000e+03 6.684555358812289342e+03 -7.965553588122893416e+02
3.295559999999999690e+01 5.746000000000000000e+03 6.495033550723863300e+03 -7.490335507238632999e+02
3.297231000000000023e+01 5.547000000000000000e+03 6.274746247008808496e+03 -7.277462470088084956e+02
3.298901999999999646e+01 5.430000000000000000e+03 6.041835423511020963e+03 -6.118354235110209629e+02
3.300572999999999979e+01 5.230000000000000000e+03 5.815544438293603889e+03 -5.855444382936038892e+02
3.302244000000000312e+01 5.207000000000000000e+03 5.614099017286469461e+03 -4.070990172864694614e+02
3.303914999999999935e+01 5.171000000000000000e+03 5.452928259330679793e+03 -2.819282593306797935e+02
3.305586000000000269e+01 5.077000000000000000e+03 5.343871994433166947e+03 -2.668719944331669467e+02
3.307258000000000209e+01 4.939000000000000000e+03 5.295016743878228226e+03 -3.560167438782282261e+02
3.308928999999999832e+01 4.922000000000000000e+03 5.310732933724686518e+03 -3.887329337246865180e+02
3.310600000000000165e+01 4.880000000000000000e+03 5.391316127176071859e+03 -5.113161271760718591e+02
3.312270999999999788e+01 4.923000000000000000e+03 5.532828820124972481e+03 -6.098288201249724807e+02
3.313942000000000121e+01 4.952000000000000000e+03 5.727731759603747378e+03 -7.757317596037473777e+02
3.315612999999999744e+01 4.777000000000000000e+03 5.960671726569046768e+03 -1.183671726569046768e+03
3.317284000000000077e+01 4.897000000000000000e+03 6.214683856606921836e+03 -1.317683856606921836e+03
3.318956000000000017e+01 5.279000000000000000e+03 6.468051328524635210e+03 -1.189051328524635210e+03
3.320627000000000351e+01 5.644000000000000000e+03 6.696354914712201207e+03 -1.052354914712201207e+03
3.322297999999999973e+01 6.091000000000000000e+03 6.876302335471567858e+03 -7.853023354715678579e+02
3.323969000000000307e+01 6.545000000000000000e+03 6.989624458154381500e+03 -4.446244581543815002e+02
3.325639999999999930e+01 7.179000000000000000e+03 7.024907746973113717e+03 1.540922530268862829e+02
3.327311000000000263e+01 7.721000000000000000e+03 6.982147799502461567e+03 7.388522004975384334e+02
3.328981999999999886e+01 7.702000000000000000e+03 6.868462460913399809e+03 8.335375390866001908e+02
3.330653000000000219e+01 7.863000000000000000e+03 6.695084614058758234e+03 1.167915385941241766e+03
3.332325000000000159e+01 8.000000000000000000e+03 6.475150563386551767e+03 1.524849436613448233e+03
3.333995999999999782e+01 8.163000000000000000e+03 6.223982925605303535e+03 1.939017074394696465e+03
3.335667000000000115e+01 7.947000000000000000e+03 5.957997559848919991e+03 1.989002440151080009e+03
3.337337999999999738e+01 7.326000000000000000e+03 5.693551148280715097e+03 1.632448851719284903e+03
3.339009000000000071e+01 6.787000000000000000e+03 5.444494706983067772e+03 1.342505293016932228e+03
3.340679999999999694e+01 6.196000000000000000e+03 5.220663609225224718e+03 9.753363907747752819e+02
3.342351000000000028e+01 5.946000000000000000e+03 5.027636825838941149e+03 9.183631741610588506e+02
3.344021999999999650e+01 5.573000000000000000e+03 4.867297504923866654e+03 7.057024950761333457e+02
3.345694000000000301e+01 5.209000000000000000e+03 4.738613451572585291e+03 4.703865484274147093e+02
3.347364999999999924e+01 5.032000000000000000e+03 4.638806809112444171e+03 3.931931908875558292e+02
3.349036000000000257e+01 4.744000000000000000e+03 4.563712440940724264e+03 1.802875590592757362e+02
3.350706999999999880e+01 4.531000000000000000e+03 4.508804084098490421e+03 2.219591590150957927e+01
3.352378000000000213e+01 4.343000000000000000e+03 4.469653564529134201e+03 -1.266535645291342007e+02
3.354048999999999836e+01 4.236000000000000000e+03 4.442300271157935640e+03 -2.063002711579356401e+02
3.355720000000000169e+01 4.280000000000000000e+03 4.423449021021985573e+03 -1.434490210219855726e+02
3.357390999999999792e+01 4.322000000000000000e+03 4.410523989360440282e+03 -8.852398936044028233e+01
3.359062999999999732e+01 4.281000000000000000e+03 4.401615996114812333e+03 -1.206159961148123330e+02
3.360734000000000066e+01 4.205000000000000000e+03 4.395395207465312524e+03 -1.903952074653125237e+02
3.362404999999999688e+01 4.191000000000000000e+03 4.390953696154341742e+03 -1.999536961543417419e+02
3.364076000000000022e+01 4.160000000000000000e+03 4.387707198151570992e+03 -2.277071981515709922e+02
3.365747000000000355e+01 4.220000000000000000e+03 4.385287914364811513e+03 -1.652879143648115132e+02
3.367417999999999978e+01 4.167000000000000000e+03 4.383468254406075175e+03 -2.164682544060751752e+02
3.369089000000000311e+01 4.316000000000000000e+03 4.382107583586951478e+03 -6.610758358695147763e+01
3.370759999999999934e+01 4.143000000000000000e+03 4.381117471109070721e+03 -2.381174711090707206e+02
3.372431999999999874e+01 4.246000000000000000e+03 4.380439981099757460e+03 -1.344399810997574605e+02
3.374103000000000208e+01 4.363000000000000000e+03 4.380036582620141417e+03 -1.703658262014141656e+01
3.375773999999999830e+01 4.181000000000000000e+03 4.379878704778203428e+03 -1.988787047782034278e+02
3.377445000000000164e+01 4.220000000000000000e+03 4.379945656717498423e+03 -1.599456567174984229e+02
3.379115999999999786e+01 4.274000000000000000e+03 4.380222053602926280e+03 -1.062220536029262803e+02
3.380787000000000120e+01 4.498000000000000000e+03 4.380696700459606291e+03 1.173032995403937093e+02
3.382457999999999743e+01 4.602000000000000000e+03 4.381362010744150211e+03 2.206379892558497886e+02
3.384129000000000076e+01 4.646000000000000000e+03 4.382213761775089552e+03 2.637862382249104485e+02
3.385801000000000016e+01 4.772000000000000000e+03 4.383251813644118556e+03 3.887481863558814439e+02
3.387472000000000349e+01 5.215000000000000000e+03 4.384477916422461931e+03 8.305220835775380692e+02
3.389142999999999972e+01 5.298000000000000000e+03 4.385900403120279407e+03 9.120995968797205933e+02
3.390814000000000306e+01 5.643000000000000000e+03 4.387533776853129893e+03 1.255466223146870107e+03
3.392484999999999928e+01 6.650000000000000000e+03 4.389402945589746196e+03 2.260597054410253804e+03
3.394156000000000262e+01 7.469000000000000000e+03 4.391549738811644602e+03 3.077450261188355398e+03
3.395826999999999884e+01 8.459000000000000000e+03 4.394043892768353544e+03 4.064956107231646456e+03
3.397498000000000218e+01 9.341000000000000000e+03 4.397000540822442417e+03 4.943999459177557583e+03
3.399170000000000158e+01 9.910000000000000000e+03 4.400608707348572352e+03 5.509391292651427648e+03
3.400840999999999781e+01 1.043600000000000000e+04 4.405158405188874895e+03 6.030841594811125105e+03
3.402512000000000114e+01 1.077700000000000000e+04 4.411098569211319955e+03 6.365901430788680045e+03
3.404182999999999737e+01 1.061300000000000000e+04 4.419078769076769277e+03 6.193921230923230723e+03
3.405854000000000070e+01 1.032600000000000000e+04 4.429995306241012258e+03 5.896004693758987742e+03
3.407524999999999693e+01 9.993000000000000000e+03 4.445013167800924748e+03 5.547986832199075252e+03
3.409196000000000026e+01 9.377000000000000000e+03 4.465544228469730115e+03 4.911455771530269885e+03
3.410866999999999649e+01 8.806000000000000000e+03 4.493159592456886458e+03 4.312840407543113542e+03
3.412539000000000300e+01 8.002000000000000000e+03 4.529445448809040499e+03 3.472554551190959501e+03
3.414209999999999923e+01 7.179000000000000000e+03 4.575661773665792680e+03 2.603338226334207320e+03
3.415881000000000256e+01 6.426000000000000000e+03 4.632564358932327195e+03 1.793435641067672805e+03
3.417551999999999879e+01 6.020000000000000000e+03 4.700006130621588454e+03 1.319993869378411546e+03
3.419223000000000212e+01 5.537000000000000000e+03 4.776690507232028722e+03 7.603094927679712782e+02
3.420893999999999835e+01 5.221000000000000000e+03 4.860029298750362614e+03 3.609707012496373864e+02
3.422565000000000168e+01 4.747000000000000000e+03 4.946196653102385426e+03 -1.991966531023854259e+02
3.424237000000000108e+01 4.697000000000000000e+03 5.030512932070068928e+03 -3.335129320700689277e+02
3.425907999999999731e+01 4.598000000000000000e+03 5.107968966501162868e+03 -5.099689665011628676e+02
3.427579000000000065e+01 4.588000000000000000e+03 5.174709158021686562e+03 -5.867091580216865623e+02
3.429249999999999687e+01 4.528000000000000000e+03 5.229266868824583071e+03 -7.012668688245830708e+02
3.430921000000000021e+01 4.721000000000000000e+03 5.273700867992036365e+03 -5.527008679920363647e+02
3.432592000000000354e+01 4.685000000000000000e+03 5.313521579609292530e+03 -6.285215796092925302e+02
3.434262999999999977e+01 4.843000000000000000e+03 5.356415219795537269e+03 -5.134152197955372685e+02
3.435934000000000310e+01 4.934000000000000000e+03 5.410671967242291430e+03 -4.766719672422914300e+02
3.437606000000000250e+01 5.272000000000000000e+03 5.484074924699339135e+03 -2.120749246993391353e+02
3.439276999999999873e+01 5.704000000000000000e+03 5.582816290755212322e+03 1.211837092447876785e+02
3.440948000000000206e+01 6.361000000000000000e+03 5.710607235199411662e+03 6.503927648005883384e+02
3.442618999999999829e+01 6.776000000000000000e+03 5.867017730524094077e+03 9.089822694759059232e+02
3.444290000000000163e+01 7.028000000000000000e+03 6.046223003018080817e+03 9.817769969819191829e+02
3.445960999999999785e+01 7.423000000000000000e+03 6.236570928079179794e+03 1.186429071920820206e+03
3.447632000000000119e+01 7.510000000000000000e+03 6.421316101322674513e+03 1.088683898677325487e+03
3.449302999999999741e+01 7.516000000000000000e+03 6.580709319611279170e+03 9.352906803887208298e+02
3.450974999999999682e+01 7.598000000000000000e+03 6.695600372017017435e+03 9.023996279829825653e+02
3.452646000000000015e+01 7.260000000000000000e+03 6.751632500740795876e+03 5.083674992592041235e+02
3.454317000000000348e+01 7.023000000000000000e+03 6.743081788366087494e+03 2.799182116339125059e+02
3.455987999999999971e+01 6.524000000000000000e+03 6.672546177246838852e+03 -1.485461772468388517e+02
3.457659000000000304e+01 6.026000000000000000e+03 6.547833326958407270e+03 -5.218333269584072696e+02
3.459329999999999927e+01 5.896000000000000000e+03 6.378757768078038680e+03 -4.827577680780386800e+02
3.461001000000000261e+01 5.493000000000000000e+03 6.176148436601566573e+03 -6.831484366015665728e+02
3.462671999999999883e+01 5.223000000000000000e+03 5.952379898142437014e+03 -7.293798981424370140e+02
3.464343999999999824e+01 4.887000000000000000e+03 5.721068172453162333e+03 -8.340681724531623331e+02
3.466015000000000157e+01 4.855000000000000000e+03 5.495896449884060530e+03 -6.408964498840605302e+02
3.467685999999999780e+01 4.579000000000000000e+03 5.287621356151062173e+03 -7.086213561510621730e+02
3.469357000000000113e+01 4.629000000000000000e+03 5.103504395851889967e+03 -4.745043958518899672e+02
3.471027999999999736e+01 4.408000000000000000e+03 4.947171672668970132e+03 -5.391716726689701318e+02
3.472699000000000069e+01 4.516000000000000000e+03 4.819279558333184468e+03 -3.032795583331844682e+02
3.474369999999999692e+01 4.361000000000000000e+03 4.718255737106968809e+03 -3.572557371069688088e+02
3.476041000000000025e+01 4.391000000000000000e+03 4.641062678338910700e+03 -2.500626783389107004e+02
3.477712999999999965e+01 4.401000000000000000e+03 4.583853788736170827e+03 -1.828537887361708272e+02
3.479384000000000299e+01 4.326000000000000000e+03 4.542677966023889894e+03 -2.166779660238898941e+02
3.481054999999999922e+01 4.466000000000000000e+03 4.513701970647389317e+03 -4.770197064738931658e+01
3.482726000000000255e+01 4.299000000000000000e+03 4.493649972037341286e+03 -1.946499720373412856e+02
3.484396999999999878e+01 4.653000000000000000e+03 4.479878347875426698e+03 1.731216521245733020e+02
3.486068000000000211e+01 4.589000000000000000e+03 4.470384297599517595e+03 1.186157024004824052e+02
3.487738999999999834e+01 4.662000000000000000e+03 4.463732786944387044e+03 1.982672130556129559e+02
3.489410000000000167e+01 4.661000000000000000e+03 4.458945402740702775e+03 2.020545972592972248e+02
3.491082000000000107e+01 4.660000000000000000e+03 4.455381147375218461e+03 2.046188526247815389e+02
3.492752999999999730e+01 4.827000000000000000e+03 4.452640536544826318e+03 3.743594634551736817e+02
3.494424000000000063e+01 4.838000000000000000e+03 4.450471768114423867e+03 3.875282318855761332e+02
3.496094999999999686e+01 4.561000000000000000e+03 4.448721423049391888e+03 1.122785769506081124e+02
3.497766000000000020e+01 4.626000000000000000e+03 4.447293453459030388e+03 1.787065465409696117e+02
3.499437000000000353e+01 4.587000000000000000e+03 4.446125236540618971e+03 1.408747634593810290e+02
3.501107999999999976e+01 4.347000000000000000e+03 4.445173496102845093e+03 -9.817349610284509254e+01
3.502779000000000309e+01 4.330000000000000000e+03 4.444406371882422718e+03 -1.144063718824227180e+02
3.504451000000000249e+01 4.352000000000000000e+03 4.443798749679096545e+03 -9.179874967909654515e+01
3.506121999999999872e+01 4.318000000000000000e+03 4.443331241173677881e+03 -1.253312411736778813e+02
3.507793000000000205e+01 4.253000000000000000e+03 4.442986685412876795e+03 -1.899866854128767955e+02
3.509463999999999828e+01 4.187000000000000000e+03 4.442750885162497980e+03 -2.557508851624979798e+02
3.511135000000000161e+01 4.267000000000000000e+03 4.442611680169939063e+03 -1.756116801699390635e+02
3.512805999999999784e+01 4.189000000000000000e+03 4.442558581162382325e+03 -2.535585811623823247e+02
3.514477000000000118e+01 4.164000000000000000e+03 4.442582493113050077e+03 -2.785824931130500772e+02
3.516147999999999740e+01 4.215000000000000000e+03 4.442675496531574936e+03 -2.276754965315749359e+02
3.517819999999999681e+01 4.203000000000000000e+03 4.442830780255557329e+03 -2.398307802555573289e+02
3.519491000000000014e+01 4.146000000000000000e+03 4.443042086323166586e+03 -2.970420863231665862e+02
3.521162000000000347e+01 4.139000000000000000e+03 4.443304151153769453e+03 -3.043041511537694532e+02
3.522832999999999970e+01 4.101000000000000000e+03 4.443612265125222621e+03 -3.426122651252226206e+02
3.524504000000000303e+01 4.184000000000000000e+03 4.443962262113251199e+03 -2.599622621132511995e+02
3.526174999999999926e+01 4.260000000000000000e+03 4.444350447419818920e+03 -1.843504474198189200e+02
3.527846000000000259e+01 4.268000000000000000e+03 4.444773536692943708e+03 -1.767735366929437077e+02
3.529518000000000200e+01 4.122000000000000000e+03 4.445228885340056877e+03 -3.232288853400568769e+02
3.531188999999999822e+01 4.259000000000000000e+03 4.445713335541811830e+03 -1.867133355418118299e+02
3.532860000000000156e+01 4.246000000000000000e+03 4.446224814619065000e+03 -2.002248146190650004e+02
3.534530999999999779e+01 4.094000000000000000e+03 4.446761230236812480e+03 -3.527612302368124801e+02
3.536202000000000112e+01 4.146000000000000000e+03 4.447320705319855733e+03 -3.013207053198557333e+02
3.537872999999999735e+01 4.227000000000000000e+03 4.447901553739518022e+03 -2.209015537395180218e+02
3.539544000000000068e+01 4.275000000000000000e+03 4.448502259241065076e+03 -1.735022592410650759e+02
3.541214999999999691e+01 4.305000000000000000e+03 4.449121457132551768e+03 -1.441214571325517682e+02
3.542887000000000342e+01 4.279000000000000000e+03 4.449758304162738568e+03 -1.707583041627385683e+02
3.544557999999999964e+01 4.221000000000000000e+03 4.450410930641601226e+03 -2.294109306416012259e+02
3.546229000000000298e+01 4.334000000000000000e+03 4.451078714581675740e+03 -1.170787145816757402e+02
3.547899999999999920e+01 4.332000000000000000e+03 4.451766525857086890e+03 -1.197665258570868900e+02
3.549571000000000254e+01 4.247000000000000000e+03 4.452462048232458073e+03 -2.054620482324580735e+02
3.551241999999999877e+01 4.380000000000000000e+03 4.453170291347100829e+03 -7.317029134710082872e+01
3.552913000000000210e+01 4.338000000000000000e+03 4.453890600735537191e+03 -1.158906007355371912e+02
3.554583999999999833e+01 4.460000000000000000e+03 4.454622389443362408e+03 5.377610556637591799e+00
3.556255999999999773e+01 4.384000000000000000e+03 4.455365580043827322e+03 -7.136558004382732179e+01
3.557927000000000106e+01 4.302000000000000000e+03 4.456121862302248701e+03 -1.541218623022487009e+02
3.559597999999999729e+01 4.178000000000000000e+03 4.456885183703861003e+03 -2.788851837038610029e+02
3.561269000000000062e+01 4.384000000000000000e+03 4.457658207947561095e+03 -7.365820794756109535e+01
3.562939999999999685e+01 4.271000000000000000e+03 4.458440612896598395e+03 -1.874406128965983953e+02
3.564611000000000018e+01 4.232000000000000000e+03 4.459232118468300541e+03 -2.272321184683005413e+02
3.566282000000000352e+01 4.391000000000000000e+03 4.460032483956269971e+03 -6.903248395626997080e+01
3.567952999999999975e+01 4.301000000000000000e+03 4.460841505676935412e+03 -1.598415056769354123e+02
3.569624999999999915e+01 4.503000000000000000e+03 4.461659506653871176e+03 4.134049334612882376e+01
3.571296000000000248e+01 4.451000000000000000e+03 4.462485372799620563e+03 -1.148537279962056346e+01
3.572966999999999871e+01 4.360000000000000000e+03 4.463319486888206484e+03 -1.033194868882064839e+02
3.574638000000000204e+01 4.732000000000000000e+03 4.464161775246402613e+03 2.678382247535973875e+02
3.576308999999999827e+01 4.760000000000000000e+03 4.465012193324301734e+03 2.949878066756982662e+02
3.577980000000000160e+01 4.911000000000000000e+03 4.465870724740176229e+03 4.451292752598237712e+02
3.579650999999999783e+01 5.029000000000000000e+03 4.466737380496933838e+03 5.622626195030661620e+02
3.581322000000000116e+01 5.050000000000000000e+03 4.467612198358984642e+03 5.823878016410153577e+02
3.582994000000000057e+01 4.955000000000000000e+03 4.468495773312240090e+03 4.865042266877599104e+02
3.584664999999999679e+01 5.023000000000000000e+03 4.469387138516128289e+03 5.536128614838717112e+02
3.586336000000000013e+01 5.049000000000000000e+03 4.470286935754717888e+03 5.787130642452821121e+02
3.588007000000000346e+01 5.103000000000000000e+03 4.471195306537396391e+03 6.318046934626036091e+02
3.589677999999999969e+01 4.825000000000000000e+03 4.472112418153335966e+03 3.528875818466640339e+02
3.591349000000000302e+01 4.871000000000000000e+03 4.473038463867655082e+03 3.979615361323449179e+02
3.593019999999999925e+01 4.763000000000000000e+03 4.473973663242832117e+03 2.890263367571678828e+02
3.594691000000000258e+01 4.718000000000000000e+03 4.474918262585326374e+03 2.430817374146736256e+02
3.596363000000000198e+01 4.535000000000000000e+03 4.475873109552399001e+03 5.912689044760099932e+01
3.598033999999999821e+01 4.607000000000000000e+03 4.476837363782622560e+03 1.301626362173774396e+02
3.599705000000000155e+01 4.508000000000000000e+03 4.477811923942204885e+03 3.018807605779511505e+01
3.601375999999999777e+01 4.479000000000000000e+03 4.478797150358711406e+03 2.028496412885942846e-01
3.603047000000000111e+01 4.344000000000000000e+03 4.479793434287549644e+03 -1.357934342875496441e+02
3.604717999999999734e+01 4.231000000000000000e+03 4.480801199168437051e+03 -2.498011991684370514e+02
3.606389000000000067e+01 4.389000000000000000e+03 4.481820902037060478e+03 -9.282090203706047760e+01
3.608059999999999690e+01 4.367000000000000000e+03 4.482853035100946727e+03 -1.158530351009467267e+02
3.609732000000000340e+01 4.446000000000000000e+03 4.483898756910733937e+03 -3.789875691073393682e+01
3.611402999999999963e+01 4.450000000000000000e+03 4.484957384887685294e+03 -3.495738488768529351e+01
3.613074000000000296e+01 4.371000000000000000e+03 4.486030149542270010e+03 -1.150301495422700100e+02
3.614744999999999919e+01 4.520000000000000000e+03 4.487117703236589477e+03 3.288229676341052254e+01
3.616416000000000253e+01 4.362000000000000000e+03 4.488220744269371608e+03 -1.262207442693716075e+02
3.618086999999999875e+01 4.299000000000000000e+03 4.489340019714002665e+03 -1.903400197140026648e+02
3.619758000000000209e+01 4.603000000000000000e+03 4.490476328530847240e+03 1.125236714691527595e+02
3.621428999999999832e+01 4.416000000000000000e+03 4.491630524978336325e+03 -7.563052497833632515e+01
3.623100999999999772e+01 4.332000000000000000e+03 4.492804230144485700e+03 -1.608042301444857003e+02
3.624772000000000105e+01 4.471000000000000000e+03 4.493997017007003706e+03 -2.299701700700370566e+01
3.626442999999999728e+01 4.443000000000000000e+03 4.495210625906242058e+03 -5.221062590624205768e+01
3.628114000000000061e+01 4.350000000000000000e+03 4.496446173463638843e+03 -1.464461734636388428e+02
3.629784999999999684e+01 4.326000000000000000e+03 4.497704854231012177e+03 -1.717048542310121775e+02
3.631456000000000017e+01 4.294000000000000000e+03 4.498987946606660444e+03 -2.049879466066604436e+02
3.633127000000000351e+01 4.384000000000000000e+03 4.500296819330157632e+03 -1.162968193301576321e+02
3.634797999999999973e+01 4.352000000000000000e+03 4.501632938617985019e+03 -1.496329386179850189e+02
3.636469999999999914e+01 4.230000000000000000e+03 4.502998701807283396e+03 -2.729987018072833962e+02
3.638141000000000247e+01 4.187000000000000000e+03 4.504394161585771144e+03 -3.173941615857711440e+02
3.639811999999999870e+01 4.436000000000000000e+03 4.505821935062047487e+03 -6.982193506204748701e+01
3.641483000000000203e+01 4.232000000000000000e+03 4.507283965261267440e+03 -2.752839652612674399e+02
3.643153999999999826e+01 4.229000000000000000e+03 4.508782340772801035e+03 -2.797823407728010352e+02
3.644825000000000159e+01 4.229000000000000000e+03 4.510319308562984588e+03 -2.813193085629845882e+02
3.646495999999999782e+01 4.379000000000000000e+03 4.511897288159093478e+03 -1.328972881590934776e+02
3.648167999999999722e+01 4.269000000000000000e+03 4.513519871419429364e+03 -2.445198714194293643e+02
3.649839000000000055e+01 4.257000000000000000e+03 4.515187932472611465e+03 -2.581879324726114646e+02
3.651509999999999678e+01 4.228000000000000000e+03 4.516905467271564703e+03 -2.889054672715647030e+02
3.653181000000000012e+01 4.276000000000000000e+03 4.518675761405054800e+03 -2.426757614050548000e+02
3.654852000000000345e+01 4.338000000000000000e+03 4.520502371313129515e+03 -1.825023713131295153e+02
3.656522999999999968e+01 4.196000000000000000e+03 4.522389151199359731e+03 -3.263891511993597305e+02
3.658194000000000301e+01 4.205000000000000000e+03 4.524340283143401393e+03 -3.193402831434013933e+02
3.659864999999999924e+01 4.398000000000000000e+03 4.526360310854092859e+03 -1.283603108540928588e+02
3.661536999999999864e+01 4.299000000000000000e+03 4.528487641609076491e+03 -2.294876416090764906e+02
3.663208000000000197e+01 4.373000000000000000e+03 4.530660955305639618e+03 -1.576609553056396180e+02
3.664878999999999820e+01 4.266000000000000000e+03 4.532919374177381542e+03 -2.669193741773815418e+02
3.666550000000000153e+01 4.323000000000000000e+03 4.535269318808736898e+03 -2.122693188087368981e+02
3.668220999999999776e+01 4.282000000000000000e+03 4.537717815852716740e+03 -2.557178158527167398e+02
3.669892000000000110e+01 4.255000000000000000e+03 4.540272567776665710e+03 -2.852725677766657100e+02
3.671562999999999732e+01 4.204000000000000000e+03 4.542942032167597063e+03 -3.389420321675970627e+02
3.673234000000000066e+01 4.293000000000000000e+03 4.545752588188080153e+03 -2.527525881880801535e+02
3.674906000000000006e+01 4.279000000000000000e+03 4.548682222213798923e+03 -2.696822222137989229e+02
3.676577000000000339e+01 4.362000000000000000e+03 4.551755739556012486e+03 -1.897557395560124860e+02
3.678247999999999962e+01 4.295000000000000000e+03 4.554987373764553922e+03 -2.599873737645539222e+02
3.679919000000000295e+01 4.253000000000000000e+03 4.558391006922475754e+03 -3.053910069224757535e+02
3.681589999999999918e+01 4.220000000000000000e+03 4.561982061251153027e+03 -3.419820612511530271e+02
3.683261000000000251e+01 4.153000000000000000e+03 4.565777708389437976e+03 -4.127777083894379757e+02
3.684931999999999874e+01 4.377000000000000000e+03 4.569797112541094066e+03 -1.927971125410940658e+02
3.686603000000000208e+01 4.419000000000000000e+03 4.574061713875527857e+03 -1.550617138755278575e+02
3.688275000000000148e+01 4.226000000000000000e+03 4.578598359049097780e+03 -3.525983590490977804e+02
3.689945999999999771e+01 4.182000000000000000e+03 4.583428679787515648e+03 -4.014286797875156481e+02
3.691617000000000104e+01 4.267000000000000000e+03 4.588585806717012929e+03 -3.215858067170129289e+02
3.693287999999999727e+01 4.285000000000000000e+03 4.594104236471795957e+03 -3.091042364717959572e+02
3.694959000000000060e+01 4.338000000000000000e+03 4.600023104648039407e+03 -2.620231046480394070e+02
3.696629999999999683e+01 4.254000000000000000e+03 4.606386951823796153e+03 -3.523869518237961529e+02
3.698301000000000016e+01 4.226000000000000000e+03 4.613246640459823539e+03 -3.872466404598235385e+02
3.699972000000000349e+01 4.249000000000000000e+03 4.620660457522429169e+03 -3.716604575224291693e+02
3.701644000000000290e+01 4.226000000000000000e+03 4.628700456690069586e+03 -4.027004566900695863e+02
3.703314999999999912e+01 4.320000000000000000e+03 4.637434485750030944e+03 -3.174344857500309445e+02
3.704986000000000246e+01 4.256000000000000000e+03 4.646956958611903246e+03 -3.909569586119032465e+02
3.706656999999999869e+01 4.252000000000000000e+03 4.657372515107528670e+03 -4.053725151075286703e+02
3.708328000000000202e+01 4.302000000000000000e+03 4.668803782311358191e+03 -3.668037823113581908e+02
3.709998999999999825e+01 4.323000000000000000e+03 4.681395539668168567e+03 -3.583955396681685670e+02
3.711670000000000158e+01 4.266000000000000000e+03 4.695320598397462163e+03 -4.293205983974621631e+02
3.713340999999999781e+01 4.276000000000000000e+03 4.710783424635165829e+03 -4.347834246351658294e+02
3.715012999999999721e+01 4.494000000000000000e+03 4.728068108562974885e+03 -2.340681085629748850e+02
3.716684000000000054e+01 4.373000000000000000e+03 4.747491122591718522e+03 -3.744911225917185220e+02
3.718354999999999677e+01 4.550000000000000000e+03 4.769537250888413837e+03 -2.195372508884138369e+02
3.720026000000000010e+01 4.622000000000000000e+03 4.794913134351909321e+03 -1.729131343519093207e+02
3.721697000000000344e+01 4.752000000000000000e+03 4.824736962387685708e+03 -7.273696238768570765e+01
3.723367999999999967e+01 4.809000000000000000e+03 4.860872880211843949e+03 -5.187288021184394893e+01
3.725039000000000300e+01 4.718000000000000000e+03 4.906452152306157586e+03 -1.884521523061575863e+02
3.726709999999999923e+01 4.896000000000000000e+03 4.966721169533573629e+03 -7.072116953357362945e+01
3.728381999999999863e+01 5.110000000000000000e+03 5.050290393344678705e+03 5.970960665532129497e+01
3.730053000000000196e+01 4.937000000000000000e+03 5.170448790475163150e+03 -2.334487904751631504e+02
3.731723999999999819e+01 5.121000000000000000e+03 5.347124444162660438e+03 -2.261244441626604385e+02
3.733395000000000152e+01 5.099000000000000000e+03 5.608103309336404891e+03 -5.091033093364048909e+02
3.735065999999999775e+01 5.349000000000000000e+03 5.990787755888418360e+03 -6.417877558884183600e+02
3.736737000000000108e+01 5.563000000000000000e+03 6.535696845557325105e+03 -9.726968455573251049e+02
3.738407999999999731e+01 5.865000000000000000e+03 7.290085029182750986e+03 -1.425085029182750986e+03
3.740079000000000065e+01 6.320000000000000000e+03 8.295760002558308770e+03 -1.975760002558308770e+03
3.741751000000000005e+01 6.900000000000000000e+03 9.581439188940248641e+03 -2.681439188940248641e+03
3.743422000000000338e+01 8.060000000000000000e+03 1.114834162436370934e+04 -3.088341624363709343e+03
3.745092999999999961e+01 9.767000000000000000e+03 1.296429900420358172e+04 -3.197299004203581717e+03
3.746764000000000294e+01 1.241700000000000000e+04 1.495401122536789080e+04 -2.537011225367890802e+03
3.748434999999999917e+01 1.533300000000000000e+04 1.699474727656897448e+04 -1.661747276568974485e+03
3.750106000000000250e+01 1.826300000000000000e+04 1.892618479130246851e+04 -6.631847913024685113e+02
3.751776999999999873e+01 2.037000000000000000e+04 2.056603251372264276e+04 -1.960325137226427614e+02
3.753448999999999813e+01 2.187900000000000000e+04 2.174628235542819311e+04 1.327176445718068862e+02
3.755120000000000147e+01 2.313300000000000000e+04 2.235685334791022615e+04 7.761466520897738519e+02
3.756790999999999769e+01 2.402100000000000000e+04 2.238205790770271415e+04 1.638942092297285853e+03
3.758462000000000103e+01 2.437700000000000000e+04 2.188579097309734061e+04 2.491209026902659389e+03
3.760132999999999726e+01 2.395500000000000000e+04 2.096513076990125410e+04 2.989869230098745902e+03
3.761804000000000059e+01 2.287700000000000000e+04 1.971060134827684669e+04 3.166398651723153307e+03
3.763474999999999682e+01 2.091300000000000000e+04 1.819927826240048671e+04 2.713721737599513290e+03
3.765146000000000015e+01 1.942800000000000000e+04 1.651091367804575930e+04 2.917086321954240702e+03
3.766817999999999955e+01 1.711300000000000000e+04 1.474038169578895759e+04 2.372618304211042414e+03
3.768489000000000289e+01 1.510900000000000000e+04 1.299448056882739547e+04 2.114519431172604527e+03
3.770159999999999911e+01 1.338900000000000000e+04 1.136426593255114312e+04 2.024734067448856877e+03
3.771831000000000245e+01 1.155300000000000000e+04 9.914330411300050400e+03 1.638669588699949600e+03
3.773501999999999867e+01 1.005800000000000000e+04 8.679434971376756948e+03 1.378565028623243052e+03
3.775173000000000201e+01 8.570000000000000000e+03 7.669016042133949668e+03 9.009839578660503321e+02
3.776843999999999824e+01 7.372000000000000000e+03 6.873222820863400557e+03 4.987771791365994432e+02
3.778515000000000157e+01 6.855000000000000000e+03 6.268886526974314620e+03 5.861134730256853800e+02
3.780187000000000097e+01 6.144000000000000000e+03 5.825009266839102565e+03 3.189907331608974346e+02
3.781857999999999720e+01 5.843000000000000000e+03 5.508892706920623823e+03 3.341072930793761770e+02
3.783529000000000053e+01 5.442000000000000000e+03 5.288696779495223382e+03 1.533032205047766183e+02
3.785199999999999676e+01 5.288000000000000000e+03 5.137270499013420704e+03 1.507295009865792963e+02
3.786871000000000009e+01 5.132000000000000000e+03 5.033065769151018685e+03 9.893423084898131492e+01
3.788542000000000343e+01 4.930000000000000000e+03 4.960157924303276559e+03 -3.015792430327655893e+01
3.790212999999999965e+01 4.864000000000000000e+03 4.907497279429813716e+03 -4.349727942981371598e+01
3.791884000000000299e+01 4.844000000000000000e+03 4.867826580651874792e+03 -2.382658065187479224e+01
3.793556000000000239e+01 4.849000000000000000e+03 4.836573747373911829e+03 1.242625262608817138e+01
3.795226999999999862e+01 4.568000000000000000e+03 4.811006886117806062e+03 -2.430068861178060615e+02
3.796898000000000195e+01 4.629000000000000000e+03 4.789446891253847753e+03 -1.604468912538477525e+02
3.798568999999999818e+01 4.667000000000000000e+03 4.770889810221868174e+03 -1.038898102218681743e+02
3.800240000000000151e+01 4.543000000000000000e+03 4.754704185405911630e+03 -2.117041854059116304e+02
3.801910999999999774e+01 4.550000000000000000e+03 4.740467861580032150e+03 -1.904678615800321495e+02
3.803582000000000107e+01 4.578000000000000000e+03 4.727878308416440632e+03 -1.498783084164406318e+02
3.805252999999999730e+01 4.491000000000000000e+03 4.716704883355815582e+03 -2.257048833558155820e+02
3.806924999999999670e+01 4.413000000000000000e+03 4.706757867835599427e+03 -2.937578678355994271e+02
3.808596000000000004e+01 4.525000000000000000e+03 4.697897635478047050e+03 -1.728976354780470501e+02
3.810267000000000337e+01 4.492000000000000000e+03 4.689990997266711929e+03 -1.979909972667119291e+02
3.811937999999999960e+01 4.537000000000000000e+03 4.682930470532357504e+03 -1.459304705323575035e+02
3.813609000000000293e+01 4.571000000000000000e+03 4.676624383308141660e+03 -1.056243833081416597e+02
3.815279999999999916e+01 4.580000000000000000e+03 4.670994177960678826e+03 -9.099417796067882591e+01
3.816951000000000249e+01 4.535000000000000000e+03 4.665972299430211024e+03 -1.309722994302110237e+02
3.818621999999999872e+01 4.584000000000000000e+03 4.661500501478305523e+03 -7.750050147830552305e+01
3.820293999999999812e+01 4.651000000000000000e+03 4.657526231465937599e+03 -6.526231465937598841e+00
3.821965000000000146e+01 4.543000000000000000e+03 4.654010702093844884e+03 -1.110107020938448841e+02
3.823635999999999768e+01 4.418000000000000000e+03 4.650913725465815332e+03 -2.329137254658153324e+02
3.825307000000000102e+01 4.503000000000000000e+03 4.648202698905782199e+03 -1.452026989057821993e+02
3.826977999999999724e+01 4.610000000000000000e+03 4.645849422076443261e+03 -3.584942207644326118e+01
3.828649000000000058e+01 4.481000000000000000e+03 4.643829542138857505e+03 -1.628295421388575051e+02
3.830319999999999681e+01 4.573000000000000000e+03 4.642122088670941594e+03 -6.912208867094159359e+01
3.831991000000000014e+01 4.536000000000000000e+03 4.640709084802464531e+03 -1.047090848024645311e+02
3.833662999999999954e+01 4.565000000000000000e+03 4.639574625464398196e+03 -7.457462546439819562e+01
3.835334000000000287e+01 4.516000000000000000e+03 4.638707154967353745e+03 -1.227071549673537447e+02
3.837004999999999910e+01 4.573000000000000000e+03 4.638095185435545318e+03 -6.509518543554531789e+01
3.838676000000000244e+01 4.419000000000000000e+03 4.637729986194583944e+03 -2.187299861945839439e+02
3.840346999999999866e+01 4.588000000000000000e+03 4.637604676281804132e+03 -4.960467628180413158e+01
3.842018000000000200e+01 4.630000000000000000e+03 4.637714108191520609e+03 -7.714108191520608671e+00
3.843688999999999822e+01 4.560000000000000000e+03 4.638054778920735771e+03 -7.805477892073577095e+01
3.845360000000000156e+01 4.630000000000000000e+03 4.638624765818183732e+03 -8.624765818183732335e+00
3.847032000000000096e+01 4.604000000000000000e+03 4.639403896915277983e+03 -3.540389691527798277e+01
3.848702999999999719e+01 4.639000000000000000e+03 4.640433131446842708e+03 -1.433131446842708101e+00
3.850374000000000052e+01 4.484000000000000000e+03 4.641695094306293868e+03 -1.576950943062938677e+02
3.852044999999999675e+01 4.509000000000000000e+03 4.643193988872500995e+03 -1.341939888725009951e+02
3.853716000000000008e+01 4.600000000000000000e+03 4.644935607106069256e+03 -4.493560710606925568e+01
3.855387000000000342e+01 4.520000000000000000e+03 4.646916633482810539e+03 -1.269166334828105391e+02
3.857057999999999964e+01 4.501000000000000000e+03 4.649167841535283515e+03 -1.481678415352835145e+02
3.858729999999999905e+01 4.534000000000000000e+03 4.651691056278987162e+03 -1.176910562789871619e+02
3.860401000000000238e+01 4.512000000000000000e+03 4.654496323078691603e+03 -1.424963230786916029e+02
3.862071999999999861e+01 4.452000000000000000e+03 4.657600306122383699e+03 -2.056003061223836994e+02
3.863743000000000194e+01 4.576000000000000000e+03 4.661020633178134631e+03 -8.502063317813463073e+01
3.865413999999999817e+01 4.567000000000000000e+03 4.664777574583619753e+03 -9.777757458361975296e+01
3.867085000000000150e+01 4.534000000000000000e+03 4.668894342672534549e+03 -1.348943426725345489e+02
3.868755999999999773e+01 4.504000000000000000e+03 4.673397446545136518e+03 -1.693974465451365177e+02
3.870427000000000106e+01 4.599000000000000000e+03 4.678317111909534106e+03 -7.931711190953410551e+01
3.872099000000000046e+01 4.599000000000000000e+03 4.683691134590739239e+03 -8.469113459073923877e+01
3.873769999999999669e+01 4.617000000000000000e+03 4.689541568215331608e+03 -7.254156821533160837e+01
3.875441000000000003e+01 4.567000000000000000e+03 4.695937851510423570e+03 -1.289378515104235703e+02
3.877112000000000336e+01 4.516000000000000000e+03 4.702920223604198327e+03 -1.869202236041983269e+02
3.878782999999999959e+01 4.674000000000000000e+03 4.710547084450452530e+03 -3.654708445045253029e+01
3.880454000000000292e+01 4.694000000000000000e+03 4.718885343073915465e+03 -2.488534307391546463e+01
3.882124999999999915e+01 4.530000000000000000e+03 4.728006135647953670e+03 -1.980061356479536698e+02
3.883796000000000248e+01 4.509000000000000000e+03 4.738009401973547938e+03 -2.290094019735479378e+02
3.885468000000000188e+01 4.664000000000000000e+03 4.748998524545735563e+03 -8.499852454573556315e+01
3.887138999999999811e+01 4.700000000000000000e+03 4.761078927644348369e+03 -6.107892764434836863e+01
3.888810000000000144e+01 4.621000000000000000e+03 4.774402040420509366e+03 -1.534020404205093655e+02
3.890480999999999767e+01 4.653000000000000000e+03 4.789114516893392647e+03 -1.361145168933926470e+02
3.892152000000000100e+01 4.686000000000000000e+03 4.805412777087743962e+03 -1.194127770877439616e+02
3.893822999999999723e+01 4.618000000000000000e+03 4.823520305465384808e+03 -2.055203054653848085e+02
3.895494000000000057e+01 4.652000000000000000e+03 4.843703255997015731e+03 -1.917032559970157308e+02
3.897164999999999679e+01 4.685000000000000000e+03 4.866282599189267785e+03 -1.812825991892677848e+02
3.898837000000000330e+01 4.769000000000000000e+03 4.891669593026904295e+03 -1.226695930269042947e+02
3.900507999999999953e+01 4.712000000000000000e+03 4.920341285150574549e+03 -2.083412851505745493e+02
3.902179000000000286e+01 4.953000000000000000e+03 4.952979640544149333e+03 2.035945585066656349e-02
3.903849999999999909e+01 5.037000000000000000e+03 4.990559076127798107e+03 4.644092387220189266e+01
3.905521000000000242e+01 5.244000000000000000e+03 5.034581693918785277e+03 2.094183060812147232e+02
3.907191999999999865e+01 5.466000000000000000e+03 5.087518173456775912e+03 3.784818265432240878e+02
3.908863000000000198e+01 5.655000000000000000e+03 5.153573980114251754e+03 5.014260198857482465e+02
3.910533999999999821e+01 6.104000000000000000e+03 5.239943038546759453e+03 8.640569614532405467e+02
3.912205999999999761e+01 6.623000000000000000e+03 5.358776921983853754e+03 1.264223078016146246e+03
3.913877000000000095e+01 7.274000000000000000e+03 5.529436623536847947e+03 1.744563376463152053e+03
3.915547999999999718e+01 7.952000000000000000e+03 5.781792553051488539e+03 2.170207446948511461e+03
3.917219000000000051e+01 9.227000000000000000e+03 6.159129567847247017e+03 3.067870432152752983e+03
3.918889999999999674e+01 1.057500000000000000e+04 6.718974472038704334e+03 3.856025527961295666e+03
3.920561000000000007e+01 1.224100000000000000e+04 7.531805221811671800e+03 4.709194778188328200e+03
3.922232000000000340e+01 1.395700000000000000e+04 8.674568823855126539e+03 5.282431176144873461e+03
3.923902999999999963e+01 1.556500000000000000e+04 1.021857335024799249e+04 5.346426649752007506e+03
3.925574999999999903e+01 1.717000000000000000e+04 1.221380412199919920e+04 4.956195878000800803e+03
3.927246000000000237e+01 1.904500000000000000e+04 1.466355472916368853e+04 4.381445270836311465e+03
3.928916999999999859e+01 2.112500000000000000e+04 1.751293577476786959e+04 3.612064225232130411e+03
3.930588000000000193e+01 2.341000000000000000e+04 2.063105607637947469e+04 2.778943923620525311e+03
3.932258999999999816e+01 2.628100000000000000e+04 2.380862951569934739e+04 2.472370484300652606e+03
3.933930000000000149e+01 2.842300000000000000e+04 2.676985623928497444e+04 1.653143760715025564e+03
3.935600999999999772e+01 3.008300000000000000e+04 2.920897491655340127e+04 8.740250834465987282e+02
3.937272000000000105e+01 3.051400000000000000e+04 3.085953303614389733e+04 -3.455330361438973341e+02
3.938944000000000045e+01 3.044700000000000000e+04 3.158071025884481060e+04 -1.133710258844810596e+03
3.940614999999999668e+01 2.917400000000000000e+04 3.140183668932169894e+04 -2.227836689321698941e+03
3.942286000000000001e+01 2.861700000000000000e+04 3.047857155013424926e+04 -1.861571550134249264e+03
3.943957000000000335e+01 2.674300000000000000e+04 2.899039094212147756e+04 -2.247390942121477565e+03
3.945627999999999957e+01 2.527000000000000000e+04 2.707372681447782452e+04 -1.803726814477824519e+03
3.947299000000000291e+01 2.267300000000000000e+04 2.482086986979842186e+04 -2.147869869798421860e+03
3.948969999999999914e+01 2.076400000000000000e+04 2.232088820876848331e+04 -1.556888208768483310e+03
3.950641000000000247e+01 1.801300000000000000e+04 1.969596793007819724e+04 -1.682967930078197242e+03
3.952313000000000187e+01 1.552600000000000000e+04 1.709403758222518809e+04 -1.568037582225188089e+03
3.953983999999999810e+01 1.346100000000000000e+04 1.465836046413853546e+04 -1.197360464138535463e+03
3.955655000000000143e+01 1.148100000000000000e+04 1.248855998855251164e+04 -1.007559988552511641e+03
3.957325999999999766e+01 1.015700000000000000e+04 1.064110391314533263e+04 -4.841039131453326263e+02
3.958997000000000099e+01 8.956000000000000000e+03 9.133385345420476369e+03 -1.773853454204763693e+02
3.960667999999999722e+01 7.798000000000000000e+03 7.952044446687699747e+03 -1.540444466876997467e+02
3.962339000000000055e+01 6.990000000000000000e+03 7.061954980878688730e+03 -7.195498087868872972e+01
3.964009999999999678e+01 6.339000000000000000e+03 6.415011241828230595e+03 -7.601124182823059527e+01
3.965682000000000329e+01 5.981000000000000000e+03 5.958747306042112541e+03 2.225269395788745896e+01
3.967352999999999952e+01 5.654000000000000000e+03 5.644378482756966150e+03 9.621517243033849809e+00
3.969024000000000285e+01 5.336000000000000000e+03 5.429683871286889371e+03 -9.368387128688937082e+01
3.970694999999999908e+01 5.261000000000000000e+03 5.282073554338683607e+03 -2.107355433868360706e+01
3.972366000000000241e+01 5.155000000000000000e+03 5.178057200817975172e+03 -2.305720081797517196e+01
3.974036999999999864e+01 5.143000000000000000e+03 5.101790872387256968e+03 4.120912761274303193e+01
3.975708000000000197e+01 5.031000000000000000e+03 5.043172808085862926e+03 -1.217280808586292551e+01
3.977380000000000138e+01 4.952000000000000000e+03 4.996012620552663066e+03 -4.401262055266306561e+01
3.979050999999999760e+01 4.836000000000000000e+03 4.956701976139624094e+03 -1.207019761396240938e+02
3.980722000000000094e+01 4.957000000000000000e+03 4.923039510089168289e+03 3.396048991083171131e+01
3.982392999999999716e+01 4.706000000000000000e+03 4.893704200207495887e+03 -1.877042002074958873e+02
3.984064000000000050e+01 4.863000000000000000e+03 4.867845711956809282e+03 -4.845711956809282128e+00
3.985734999999999673e+01 4.783000000000000000e+03 4.844875368864531993e+03 -6.187536886453199259e+01
3.987406000000000006e+01 4.782000000000000000e+03 4.824355798398916704e+03 -4.235579839891670417e+01
3.989077000000000339e+01 4.855000000000000000e+03 4.805943757967590500e+03 4.905624203240950010e+01
3.990749000000000279e+01 4.663000000000000000e+03 4.789350540720678509e+03 -1.263505407206785094e+02
3.992419999999999902e+01 4.638000000000000000e+03 4.774363629201997355e+03 -1.363636292019973553e+02
3.994091000000000236e+01 4.721000000000000000e+03 4.760776883041419751e+03 -3.977688304141975095e+01
3.995761999999999858e+01 4.651000000000000000e+03 4.748423993805610735e+03 -9.742399380561073485e+01
3.997433000000000192e+01 4.727000000000000000e+03 4.737162748190470666e+03 -1.016274819047066558e+01
3.999103999999999814e+01 4.614000000000000000e+03 4.726870918940519005e+03 -1.128709189405190045e+02
4.000775000000000148e+01 4.577000000000000000e+03 4.717442984424495990e+03 -1.404429844244959895e+02
4.002445999999999771e+01 4.605000000000000000e+03 4.708787469536961908e+03 -1.037874695369619076e+02
4.004117999999999711e+01 4.689000000000000000e+03 4.700820198033949964e+03 -1.182019803394996416e+01
4.005789000000000044e+01 4.640000000000000000e+03 4.693481143368852827e+03 -5.348114336885282682e+01
4.007459999999999667e+01 4.484000000000000000e+03 4.686704416229027629e+03 -2.027044162290276290e+02
4.009131000000000000e+01 4.603000000000000000e+03 4.680436452963905140e+03 -7.743645296390513977e+01
4.010802000000000334e+01 4.564000000000000000e+03 4.674630019008807722e+03 -1.106300190088077215e+02
4.012472999999999956e+01 4.462000000000000000e+03 4.669243343122460828e+03 -2.072433431224608285e+02
4.014144000000000290e+01 4.544000000000000000e+03 4.664239387942119720e+03 -1.202393879421197198e+02
4.015814999999999912e+01 4.568000000000000000e+03 4.659585233167028491e+03 -9.158523316702849115e+01
4.017486999999999853e+01 4.568000000000000000e+03 4.655249049365557767e+03 -8.724904936555776658e+01
4.019158000000000186e+01 4.529000000000000000e+03 4.651209833090036227e+03 -1.222098330900362271e+02
4.020828999999999809e+01 4.708000000000000000e+03 4.647441489889266450e+03 6.055851011073355039e+01
4.022500000000000142e+01 4.499000000000000000e+03 4.643923055573851343e+03 -1.449230555738513431e+02
4.024170999999999765e+01 4.540000000000000000e+03 4.640635731753876826e+03 -1.006357317538768257e+02
4.025842000000000098e+01 4.479000000000000000e+03 4.637562647819432641e+03 -1.585626478194326410e+02
4.027512999999999721e+01 4.410000000000000000e+03 4.634688657230542958e+03 -2.246886572305429581e+02
4.029184000000000054e+01 4.456000000000000000e+03 4.632000163578831234e+03 -1.760001635788312342e+02
4.030855999999999995e+01 4.615000000000000000e+03 4.629483517225513424e+03 -1.448351722551342391e+01
4.032527000000000328e+01 4.560000000000000000e+03 4.627130807128294691e+03 -6.713080712829469121e+01
4.034197999999999951e+01 4.496000000000000000e+03 4.624930736151006386e+03 -1.289307361510063856e+02
4.035869000000000284e+01 4.538000000000000000e+03 4.622874653586413842e+03 -8.487465358641384228e+01
4.037539999999999907e+01 4.475000000000000000e+03 4.620956483249075973e+03 -1.459564832490759727e+02
4.039211000000000240e+01 4.507000000000000000e+03 4.619166491253376080e+03 -1.121664912533760798e+02
4.040881999999999863e+01 4.498000000000000000e+03 4.617500529575993824e+03 -1.195005295759938235e+02
4.042553000000000196e+01 4.587000000000000000e+03 4.615953869119962292e+03 -2.895386911996229173e+01
4.044225000000000136e+01 4.511000000000000000e+03 4.614521962218957015e+03 -1.035219622189570146e+02
4.045895999999999759e+01 4.415000000000000000e+03 4.613203916377348833e+03 -1.982039163773488326e+02
4.047567000000000093e+01 4.370000000000000000e+03 4.611997615463928014e+03 -2.419976154639280139e+02
4.049237999999999715e+01 4.558000000000000000e+03 4.610903745529518346e+03 -5.290374552951834630e+01
4.050909000000000049e+01 4.542000000000000000e+03 4.609926791179095744e+03 -6.792679117909574416e+01
4.052579999999999671e+01 4.712000000000000000e+03 4.609073774854560725e+03 1.029262251454392754e+02
4.054251000000000005e+01 4.552000000000000000e+03 4.608362834506699983e+03 -5.636283450669998274e+01
4.055922000000000338e+01 4.560000000000000000e+03 4.607798818241856679e+03 -4.779881824185667938e+01
4.057594000000000278e+01 4.556000000000000000e+03 4.607492640531851066e+03 -5.149264053185106604e+01
4.059264999999999901e+01 4.704000000000000000e+03 4.607511121214583000e+03 9.648887878541700047e+01
4.060936000000000234e+01 4.549000000000000000e+03 4.608001347569859718e+03 -5.900134756985971762e+01
4.062606999999999857e+01 4.715000000000000000e+03 4.609180224734523108e+03 1.058197752654768919e+02
4.064278000000000191e+01 4.631000000000000000e+03 4.611344659349136236e+03 1.965534065086376359e+01
4.065948999999999813e+01 4.615000000000000000e+03 4.614854397058485119e+03 1.456029415148805128e-01
4.067620000000000147e+01 4.654000000000000000e+03 4.620165958796793348e+03 3.383404120320665243e+01
4.069290999999999769e+01 4.767000000000000000e+03 4.627697551016944999e+03 1.393024489830550010e+02
4.070962999999999710e+01 4.769000000000000000e+03 4.637822815284412172e+03 1.311771847155878277e+02
4.072634000000000043e+01 4.802000000000000000e+03 4.650747612091482551e+03 1.512523879085174485e+02
4.074304999999999666e+01 4.765000000000000000e+03 4.666465049416659895e+03 9.853495058334010537e+01
4.075975999999999999e+01 4.797000000000000000e+03 4.684666026589757166e+03 1.123339734102428338e+02
4.077647000000000332e+01 4.604000000000000000e+03 4.704703246111556837e+03 -1.007032461115568367e+02
4.079317999999999955e+01 4.618000000000000000e+03 4.725517994442736381e+03 -1.075179944427363807e+02
4.080989000000000289e+01 4.638000000000000000e+03 4.746109545034794792e+03 -1.081095450347947917e+02
4.082661000000000229e+01 4.848000000000000000e+03 4.765311301629139962e+03 8.268869837086003827e+01
4.084331999999999852e+01 4.741000000000000000e+03 4.782387677084799179e+03 -4.138767708479917928e+01
4.086003000000000185e+01 4.809000000000000000e+03 4.797006121882950538e+03 1.199387811704946216e+01
4.087673999999999808e+01 4.805000000000000000e+03 4.808770348869229565e+03 -3.770348869229565025e+00
4.089345000000000141e+01 4.735000000000000000e+03 4.816777781714670709e+03 -8.177778171467070933e+01
4.091015999999999764e+01 4.789000000000000000e+03 4.819856370841313037e+03 -3.085637084131303709e+01
4.092687000000000097e+01 4.837000000000000000e+03 4.816883126070934850e+03 2.011687392906515015e+01
4.094357999999999720e+01 4.766000000000000000e+03 4.807737648794806773e+03 -4.173764879480677337e+01
4.096029999999999660e+01 4.947000000000000000e+03 4.793525920848727765e+03 1.534740791512722353e+02
4.097700999999999993e+01 4.822000000000000000e+03 4.776060399454099752e+03 4.593960054590024811e+01
4.099372000000000327e+01 4.819000000000000000e+03 4.756967217628121944e+03 6.203278237187805644e+01
4.101042999999999950e+01 4.725000000000000000e+03 4.737289455525725316e+03 -1.228945552572531597e+01
4.102714000000000283e+01 4.739000000000000000e+03 4.717563318478301881e+03 2.143668152169811947e+01
4.104384999999999906e+01 4.768000000000000000e+03 4.698162478381246729e+03 6.983752161875327147e+01
4.106056000000000239e+01 4.699000000000000000e+03 4.679578780290899886e+03 1.942121970910011441e+01
4.107726999999999862e+01 4.602000000000000000e+03 4.662412675496031625e+03 -6.041267549603162479e+01
4.109398999999999802e+01 4.650000000000000000e+03 4.647169443243809837e+03 2.830556756190162560e+00
4.111070000000000135e+01 4.739000000000000000e+03 4.634166409765644858e+03 1.048335902343551425e+02
4.112740999999999758e+01 4.501000000000000000e+03 4.623475472554076987e+03 -1.224754725540769869e+02
4.114412000000000091e+01 4.435000000000000000e+03 4.615006818998405834e+03 -1.800068189984058336e+02
4.116082999999999714e+01 4.415000000000000000e+03 4.608545796816159964e+03 -1.935457968161599638e+02
4.117754000000000048e+01 4.599000000000000000e+03 4.603796908427912058e+03 -4.796908427912057959e+00
4.119424999999999670e+01 4.574000000000000000e+03 4.600428646840600777e+03 -2.642864684060077707e+01
4.121096000000000004e+01 4.539000000000000000e+03 4.598115493969327872e+03 -5.911549396932787204e+01
4.122767999999999944e+01 4.544000000000000000e+03 4.596569291634327783e+03 -5.256929163432778296e+01
4.124439000000000277e+01 4.549000000000000000e+03 4.595560246079096942e+03 -4.656024607909694168e+01
4.126109999999999900e+01 4.588000000000000000e+03 4.594915330052176614e+03 -6.915330052176614117e+00
4.127781000000000233e+01 4.511000000000000000e+03 4.594515923331126032e+03 -8.351592333112603228e+01
4.129451999999999856e+01 4.530000000000000000e+03 4.594285384182153393e+03 -6.428538418215339334e+01
4.131123000000000189e+01 4.522000000000000000e+03 4.594177040116592252e+03 -7.217704011659225216e+01
4.132793999999999812e+01 4.402000000000000000e+03 4.594164024016617077e+03 -1.921640240166170770e+02
4.134465000000000146e+01 4.443000000000000000e+03 4.594231915735823350e+03 -1.512319157358233497e+02
4.136137000000000086e+01 4.458000000000000000e+03 4.594374248573822115e+03 -1.363742485738221148e+02
4.137807999999999709e+01 4.554000000000000000e+03 4.594589866039907065e+03 -4.058986603990706499e+01
4.139479000000000042e+01 4.444000000000000000e+03 4.594883203649813368e+03 -1.508832036498133675e+02
4.141149999999999665e+01 4.532000000000000000e+03 4.595265868253293775e+03 -6.326586825329377461e+01
4.142820999999999998e+01 4.428000000000000000e+03 4.595761258238253504e+03 -1.677612582382535038e+02
4.144492000000000331e+01 4.461000000000000000e+03 4.596412779977968057e+03 -1.354127799779680572e+02
4.146162999999999954e+01 4.506000000000000000e+03 4.597296738296097828e+03 -9.129673829609782842e+01
4.147834000000000287e+01 4.533000000000000000e+03 4.598540147621383767e+03 -6.554014762138376682e+01
4.149506000000000228e+01 4.549000000000000000e+03 4.600342980052460916e+03 -5.134298005246091634e+01
4.151176999999999850e+01 4.559000000000000000e+03 4.602992435729574026e+03 -4.399243572957402648e+01
4.152848000000000184e+01 4.394000000000000000e+03 4.606876389805590406e+03 -2.128763898055904065e+02
4.154518999999999807e+01 4.543000000000000000e+03 4.612462411069944210e+03 -6.946241106994420988e+01
4.156190000000000140e+01 4.525000000000000000e+03 4.620244846903447979e+03 -9.524484690344797855e+01
4.157860999999999763e+01 4.527000000000000000e+03 4.630649019439215408e+03 -1.036490194392154081e+02
4.159532000000000096e+01 4.614000000000000000e+03 4.643901254863832946e+03 -2.990125486383294628e+01
4.161202999999999719e+01 4.674000000000000000e+03 4.659887678230466918e+03 1.411232176953308226e+01
4.162874999999999659e+01 4.607000000000000000e+03 4.678045519904243520e+03 -7.104551990424351970e+01
4.164545999999999992e+01 4.617000000000000000e+03 4.697252022403387855e+03 -8.025202240338785487e+01
4.166217000000000326e+01 4.610000000000000000e+03 4.715912371158698988e+03 -1.059123711586989884e+02
4.167887999999999948e+01 4.622000000000000000e+03 4.732083437251292708e+03 -1.100834372512927075e+02
4.169559000000000282e+01 4.562000000000000000e+03 4.743881630692640101e+03 -1.818816306926401012e+02
4.171229999999999905e+01 4.692000000000000000e+03 4.750103343509448678e+03 -5.810334350944867765e+01
4.172901000000000238e+01 4.677000000000000000e+03 4.750734232032162254e+03 -7.373423203216225374e+01
4.174571999999999861e+01 4.765000000000000000e+03 4.746827165017647530e+03 1.817283498235246952e+01
4.176243999999999801e+01 4.807000000000000000e+03 4.739769416895879658e+03 6.723058310412034189e+01
4.177915000000000134e+01 4.728000000000000000e+03 4.730622910109899749e+03 -2.622910109899748932e+00
4.179585999999999757e+01 4.773000000000000000e+03 4.719892647987196142e+03 5.310735201280385809e+01
4.181257000000000090e+01 4.799000000000000000e+03 4.707760595611120152e+03 9.123940438887984783e+01
4.182927999999999713e+01 4.789000000000000000e+03 4.694487147323166937e+03 9.451285267683306301e+01
4.184599000000000046e+01 4.860000000000000000e+03 4.680667432611549884e+03 1.793325673884501157e+02
4.186269999999999669e+01 4.780000000000000000e+03 4.667124710565477471e+03 1.128752894345225286e+02
4.187941000000000003e+01 4.896000000000000000e+03 4.654628445160750744e+03 2.413715548392492565e+02
4.189612999999999943e+01 4.869000000000000000e+03 4.643717598158743385e+03 2.252824018412566147e+02
4.191284000000000276e+01 4.787000000000000000e+03 4.634698639554496367e+03 1.523013604455036329e+02
4.192954999999999899e+01 5.016000000000000000e+03 4.627635081065653139e+03 3.883649189343468606e+02
4.194626000000000232e+01 4.818000000000000000e+03 4.622417749307553095e+03 1.955822506924469053e+02
4.196296999999999855e+01 4.882000000000000000e+03 4.618811092004163584e+03 2.631889079958364164e+02
4.197968000000000188e+01 4.786000000000000000e+03 4.616513589052113275e+03 1.694864109478867249e+02
4.199638999999999811e+01 4.913000000000000000e+03 4.615214380964510383e+03 2.977856190354896171e+02
4.201310999999999751e+01 4.914000000000000000e+03 4.614635038694874311e+03 2.993649613051256893e+02
4.202982000000000085e+01 4.997000000000000000e+03 4.614552941060195735e+03 3.824470589398042648e+02
4.204652999999999707e+01 4.748000000000000000e+03 4.614804199325207264e+03 1.331958006747927357e+02
4.206324000000000041e+01 4.846000000000000000e+03 4.615278369762202601e+03 2.307216302377973989e+02
4.207994999999999663e+01 4.894000000000000000e+03 4.615905755151498852e+03 2.780942448485011482e+02
4.209665999999999997e+01 4.728000000000000000e+03 4.616644878987170159e+03 1.113551210128298408e+02
4.211337000000000330e+01 4.784000000000000000e+03 4.617472205592061982e+03 1.665277944079380177e+02
4.213007999999999953e+01 4.648000000000000000e+03 4.618374856967092455e+03 2.962514303290754469e+01
4.214679999999999893e+01 4.697000000000000000e+03 4.619346598542408174e+03 7.765340145759182633e+01
4.216351000000000226e+01 4.827000000000000000e+03 4.620382802497520061e+03 2.066171975024799394e+02
4.218021999999999849e+01 4.712000000000000000e+03 4.621482501508704445e+03 9.051749849129555514e+01
4.219693000000000183e+01 4.613000000000000000e+03 4.622645373357736389e+03 -9.645373357736389153e+00
4.221363999999999805e+01 4.664000000000000000e+03 4.623871947628467751e+03 4.012805237153224880e+01
4.223035000000000139e+01 4.708000000000000000e+03 4.625163438048552962e+03 8.283656195144703815e+01
4.224705999999999761e+01 4.656000000000000000e+03 4.626521666814182936e+03 2.947833318581706408e+01
4.226377000000000095e+01 4.624000000000000000e+03 4.627949036594924110e+03 -3.949036594924109522e+00
4.228049000000000035e+01 4.667000000000000000e+03 4.629449450659736613e+03 3.755054934026338742e+01
4.229719999999999658e+01 4.632000000000000000e+03 4.631024702197167244e+03 9.752978028327561333e-01
4.231390999999999991e+01 4.634000000000000000e+03 4.632679895345743716e+03 1.320104654256283538e+00
4.233062000000000324e+01 4.670000000000000000e+03 4.634419959921339796e+03 3.558004007866020402e+01
4.234732999999999947e+01 4.719000000000000000e+03 4.636250606369861089e+03 8.274939363013891125e+01
4.236404000000000281e+01 4.678000000000000000e+03 4.638178429122350281e+03 3.982157087764971948e+01
4.238074999999999903e+01 4.622000000000000000e+03 4.640211038550431113e+03 -1.821103855043111253e+01
4.239746000000000237e+01 4.645000000000000000e+03 4.642357228335842592e+03 2.642771664157407940e+00
4.241418000000000177e+01 4.670000000000000000e+03 4.644628586217098928e+03 2.537141378290107241e+01
4.243088999999999800e+01 4.736000000000000000e+03 4.647034263271178133e+03 8.896573672882186656e+01
4.244760000000000133e+01 4.684000000000000000e+03 4.649589483047163412e+03 3.441051695283658773e+01
4.246430999999999756e+01 4.717000000000000000e+03 4.652310717035865309e+03 6.468928296413469070e+01
4.248102000000000089e+01 4.831000000000000000e+03 4.655217837337846504e+03 1.757821626621534961e+02
4.249772999999999712e+01 4.695000000000000000e+03 4.658335580606758413e+03 3.666441939324158739e+01
4.251444000000000045e+01 4.699000000000000000e+03 4.661696350877144141e+03 3.730364912285585888e+01
4.253114999999999668e+01 4.822000000000000000e+03 4.665345796943754067e+03 1.566542030562459331e+02
4.254787000000000319e+01 4.902000000000000000e+03 4.669356368742634004e+03 2.326436312573659961e+02
4.256457999999999942e+01 4.855000000000000000e+03 4.673838524765238617e+03 1.811614752347613830e+02
4.258129000000000275e+01 4.966000000000000000e+03 4.678992533868022292e+03 2.870074661319777078e+02
4.259799999999999898e+01 5.145000000000000000e+03 4.685160947236001448e+03 4.598390527639985521e+02
4.261471000000000231e+01 5.198000000000000000e+03 4.692922867891616079e+03 5.050771321083839211e+02
4.263141999999999854e+01 5.465000000000000000e+03 4.703213895353809676e+03 7.617861046461903243e+02
4.264813000000000187e+01 5.529000000000000000e+03 4.717454638464868367e+03 8.115453615351316330e+02
4.266483999999999810e+01 5.509000000000000000e+03 4.737642768676514606e+03 7.713572313234853937e+02
4.268155999999999750e+01 5.434000000000000000e+03 4.766357103999967876e+03 6.676428960000321240e+02
4.269827000000000083e+01 5.459000000000000000e+03 4.806475639297039379e+03 6.525243607029606210e+02
4.271497999999999706e+01 5.651000000000000000e+03 4.860812735949410126e+03 7.901872640505898744e+02
4.273169000000000040e+01 5.686000000000000000e+03 4.931344798453821568e+03 7.546552015461784322e+02
4.274839999999999662e+01 5.699000000000000000e+03 5.018365181699056848e+03 6.806348183009431523e+02
4.276510999999999996e+01 5.663000000000000000e+03 5.119665081818910039e+03 5.433349181810899609e+02
4.278182000000000329e+01 5.737000000000000000e+03 5.229967748645704887e+03 5.070322513542951128e+02
4.279852999999999952e+01 5.556000000000000000e+03 5.340818382411071980e+03 2.151816175889280203e+02
4.281524999999999892e+01 5.631000000000000000e+03 5.441270285470683120e+03 1.897297145293168796e+02
4.283196000000000225e+01 5.558000000000000000e+03 5.519552296033167295e+03 3.844770396683270519e+01
4.284866999999999848e+01 5.583000000000000000e+03 5.566969107376755346e+03 1.603089262324465381e+01
4.286538000000000181e+01 5.332000000000000000e+03 5.581466207296010907e+03 -2.494662072960109072e+02
4.288208999999999804e+01 5.535000000000000000e+03 5.568395194873878609e+03 -3.339519487387860863e+01
4.289880000000000138e+01 5.226000000000000000e+03 5.536678596212575940e+03 -3.106785962125759397e+02
4.291550999999999760e+01 5.183000000000000000e+03 5.493916648616032035e+03 -3.109166486160320346e+02
4.293222000000000094e+01 5.113000000000000000e+03 5.444022682240003633e+03 -3.310226822400036326e+02
4.294894000000000034e+01 5.253000000000000000e+03 5.387714467609817802e+03 -1.347144676098178024e+02
4.296564999999999657e+01 5.144000000000000000e+03 5.325021780457165733e+03 -1.810217804571657325e+02
4.298235999999999990e+01 5.047000000000000000e+03 5.257596201694989759e+03 -2.105962016949897588e+02
4.299907000000000323e+01 4.971000000000000000e+03 5.189419910112287653e+03 -2.184199101122876527e+02
4.301577999999999946e+01 4.855000000000000000e+03 5.125282020745507907e+03 -2.702820207455079071e+02
4.303249000000000279e+01 4.929000000000000000e+03 5.069192390497412816e+03 -1.401923904974128163e+02
4.304919999999999902e+01 4.960000000000000000e+03 5.023780689779391651e+03 -6.378068977939165052e+01
4.306591999999999842e+01 4.774000000000000000e+03 4.990288915838835237e+03 -2.162889158388352371e+02
4.308263000000000176e+01 4.767000000000000000e+03 4.968831831978481205e+03 -2.018318319784812047e+02
4.309933999999999799e+01 4.770000000000000000e+03 4.958554239256020082e+03 -1.885542392560200824e+02
4.311605000000000132e+01 4.749000000000000000e+03 4.958075812265796230e+03 -2.090758122657962303e+02
4.313275999999999755e+01 4.874000000000000000e+03 4.965843158966342344e+03 -9.184315896634234377e+01
4.314947000000000088e+01 4.759000000000000000e+03 4.980442281864112374e+03 -2.214422818641123740e+02
4.316617999999999711e+01 4.960000000000000000e+03 5.000796911576287130e+03 -4.079691157628712972e+01
4.318289000000000044e+01 5.001000000000000000e+03 5.026250377009808290e+03 -2.525037700980828959e+01
4.319960999999999984e+01 5.137000000000000000e+03 5.056584014103207664e+03 8.041598589679233555e+01
4.321632000000000318e+01 5.060000000000000000e+03 5.091904651194930011e+03 -3.190465119493001112e+01
4.323302999999999940e+01 5.199000000000000000e+03 5.132726197118510754e+03 6.627380288148924592e+01
4.324974000000000274e+01 5.256000000000000000e+03 5.179927577626103812e+03 7.607242237389618822e+01
4.326644999999999897e+01 5.355000000000000000e+03 5.234909158438534178e+03 1.200908415614658225e+02
4.328316000000000230e+01 5.317000000000000000e+03 5.299939803479950569e+03 1.706019652004943055e+01
4.329986999999999853e+01 5.636000000000000000e+03 5.378874662684451323e+03 2.571253373155486770e+02
4.331658000000000186e+01 5.737000000000000000e+03 5.478496269798830326e+03 2.585037302011696738e+02
4.333330000000000126e+01 5.924000000000000000e+03 5.610895426938140190e+03 3.131045730618598100e+02
4.335000999999999749e+01 5.983000000000000000e+03 5.796669113559434663e+03 1.863308864405653367e+02
4.336672000000000082e+01 6.264000000000000000e+03 6.070168979574457808e+03 1.938310204255421922e+02
4.338342999999999705e+01 6.359000000000000000e+03 6.484646891831172979e+03 -1.256468918311729794e+02
4.340014000000000038e+01 6.962000000000000000e+03 7.116735158715595389e+03 -1.547351587155953894e+02
4.341684999999999661e+01 7.182000000000000000e+03 8.066978094708187200e+03 -8.849780947081872000e+02
4.343355999999999995e+01 8.109000000000000000e+03 9.452884664304765465e+03 -1.343884664304765465e+03
4.345027000000000328e+01 9.261000000000000000e+03 1.139149652001460709e+04 -2.130496520014607086e+03
4.346699000000000268e+01 1.116200000000000000e+04 1.397276410956120162e+04 -2.810764109561201622e+03
4.348369999999999891e+01 1.434100000000000000e+04 1.721727031194697338e+04 -2.876270311946973379e+03
4.350041000000000224e+01 1.926000000000000000e+04 2.105017740310838417e+04 -1.790177403108384169e+03
4.351711999999999847e+01 2.573300000000000000e+04 2.526961115364215220e+04 4.633888463578477968e+02
4.353383000000000180e+01 3.129600000000000000e+04 2.954031386415483576e+04 1.755686135845164245e+03
4.355053999999999803e+01 3.589800000000000000e+04 3.341556855633598752e+04 2.482431443664012477e+03
4.356725000000000136e+01 3.795200000000000000e+04 3.641083742202475696e+04 1.541162577975243039e+03
4.358395999999999759e+01 3.880400000000000000e+04 3.814833182970644702e+04 6.556681702935529756e+02
4.360067999999999699e+01 3.883900000000000000e+04 3.852446102675967995e+04 3.145389732403200469e+02
4.361739000000000033e+01 3.820600000000000000e+04 3.775520494609856542e+04 4.507950539014345850e+02
4.363409999999999656e+01 3.794200000000000000e+04 3.622321157320494967e+04 1.718788426795050327e+03
4.365080999999999989e+01 3.672200000000000000e+04 3.426201491998338315e+04 2.459985080016616848e+03
4.366752000000000322e+01 3.457100000000000000e+04 3.204379404450865331e+04 2.527205955491346685e+03
4.368422999999999945e+01 3.107600000000000000e+04 2.958945222239819850e+04 1.486547777601801499e+03
4.370094000000000278e+01 2.713000000000000000e+04 2.686283099150537601e+04 2.671690084946239949e+02
4.371764999999999901e+01 2.363700000000000000e+04 2.388782242801949906e+04 -2.508224280194990570e+02
4.373436999999999841e+01 2.052800000000000000e+04 2.079459349063300033e+04 -2.665934906330003287e+02
4.375108000000000175e+01 1.774100000000000000e+04 1.777530728197652206e+04 -3.430728197652206291e+01
4.376778999999999797e+01 1.554700000000000000e+04 1.499842198073763939e+04 5.485780192623606126e+02
4.378450000000000131e+01 1.300400000000000000e+04 1.258106003600059557e+04 4.229399639994044264e+02
4.380120999999999754e+01 1.072800000000000000e+04 1.058282255356867245e+04 1.451774464313275530e+02
4.381792000000000087e+01 9.178000000000000000e+03 9.010883125929738526e+03 1.671168740702614741e+02
4.383462999999999710e+01 7.712000000000000000e+03 7.832891025003377763e+03 -1.208910250033777629e+02
4.385134000000000043e+01 7.079000000000000000e+03 6.987284561487519568e+03 9.171543851248043211e+01
4.386805999999999983e+01 6.454000000000000000e+03 6.401414283315314606e+03 5.258571668468539428e+01
4.388477000000000317e+01 6.019000000000000000e+03 6.005636892216781234e+03 1.336310778321876569e+01
4.390147999999999939e+01 5.747000000000000000e+03 5.739641549780908463e+03 7.358450219091537292e+00
4.391819000000000273e+01 5.635000000000000000e+03 5.558861827558904224e+03 7.613817244109577587e+01
4.393489999999999895e+01 5.454000000000000000e+03 5.431475336950607016e+03 2.252466304939298425e+01
4.395161000000000229e+01 5.271000000000000000e+03 5.337183551399943099e+03 -6.618355139994309866e+01
4.396831999999999852e+01 5.263000000000000000e+03 5.263658763765520234e+03 -6.587637655202343012e-01
4.398503000000000185e+01 5.222000000000000000e+03 5.203714370971505559e+03 1.828562902849444072e+01
4.400175000000000125e+01 5.028000000000000000e+03 5.153195142719667274e+03 -1.251951427196672739e+02
4.401845999999999748e+01 5.046000000000000000e+03 5.109743940792369358e+03 -6.374394079236935795e+01
4.403517000000000081e+01 4.953000000000000000e+03 5.071832333657961499e+03 -1.188323336579614988e+02
4.405187999999999704e+01 4.983000000000000000e+03 5.038457518909056489e+03 -5.545751890905648906e+01
4.406859000000000037e+01 4.962000000000000000e+03 5.008891344035675502e+03 -4.689134403567550180e+01
4.408529999999999660e+01 4.952000000000000000e+03 4.982570138834842510e+03 -3.057013883484250982e+01
4.410200999999999993e+01 4.819000000000000000e+03 4.959041221614046663e+03 -1.400412216140466626e+02
4.411872999999999934e+01 4.873000000000000000e+03 4.937919527857409776e+03 -6.491952785740977561e+01
4.413544000000000267e+01 4.929000000000000000e+03 4.918918621819177133e+03 1.008137818082286685e+01
4.415214999999999890e+01 4.848000000000000000e+03 4.901762694894846391e+03 -5.376269489484639053e+01
4.416886000000000223e+01 4.741000000000000000e+03 4.886229111161020228e+03 -1.452291111610202279e+02
4.418556999999999846e+01 4.834000000000000000e+03 4.872127980679309076e+03 -3.812798067930907564e+01
4.420228000000000179e+01 4.699000000000000000e+03 4.859296550921716516e+03 -1.602965509217165163e+02
4.421898999999999802e+01 4.866000000000000000e+03 4.847594665169354812e+03 1.840533483064518805e+01
4.423570000000000135e+01 4.706000000000000000e+03 4.836901117154843632e+03 -1.309011171548436323e+02
4.425242000000000075e+01 4.683000000000000000e+03 4.827105052271762361e+03 -1.441050522717623608e+02
4.426912999999999698e+01 4.742000000000000000e+03 4.818126406767219123e+03 -7.612640676721912314e+01
4.428584000000000032e+01 4.753000000000000000e+03 4.809878811005735770e+03 -5.687881100573576987e+01
4.430254999999999654e+01 4.635000000000000000e+03 4.802291827404023024e+03 -1.672918274040230244e+02
4.431925999999999988e+01 4.704000000000000000e+03 4.795303420955136062e+03 -9.130342095513606182e+01
4.433597000000000321e+01 4.929000000000000000e+03 4.788858797898862576e+03 1.401412021011374236e+02
4.435267999999999944e+01 4.739000000000000000e+03 4.782909420393665641e+03 -4.390942039366564131e+01
4.436939000000000277e+01 4.780000000000000000e+03 4.777412176747777266e+03 2.587823252222733572e+00
4.438611000000000217e+01 4.742000000000000000e+03 4.772325753172794066e+03 -3.032575317279406590e+01
4.440281999999999840e+01 4.721000000000000000e+03 4.767621955223391524e+03 -4.662195522339152376e+01
4.441953000000000173e+01 4.862000000000000000e+03 4.763266976042510578e+03 9.873302395748942217e+01
4.443623999999999796e+01 4.685000000000000000e+03 4.759233351115604819e+03 -7.423335111560481892e+01
4.445295000000000130e+01 4.846000000000000000e+03 4.755496422234379679e+03 9.050357776562032086e+01
4.446965999999999752e+01 4.742000000000000000e+03 4.752034016317698843e+03 -1.003401631769884261e+01
4.448637000000000086e+01 4.740000000000000000e+03 4.748826168943752236e+03 -8.826168943752236373e+00
4.450307999999999709e+01 4.789000000000000000e+03 4.745854886140557028e+03 4.314511385944297217e+01
4.451979999999999649e+01 4.702000000000000000e+03 4.743102355811130110e+03 -4.110235581113010994e+01
4.453650999999999982e+01 4.706000000000000000e+03 4.740557223358526244e+03 -3.455722335852624383e+01
4.455322000000000315e+01 4.723000000000000000e+03 4.738204575634030334e+03 -1.520457563403033419e+01
4.456992999999999938e+01 4.593000000000000000e+03 4.736032517641654522e+03 -1.430325176416545219e+02
4.458664000000000271e+01 4.732000000000000000e+03 4.734030352492920429e+03 -2.030352492920428631e+00
4.460334999999999894e+01 4.617000000000000000e+03 4.732188490387744423e+03 -1.151884903877444231e+02
4.462006000000000228e+01 4.685000000000000000e+03 4.730498374823960148e+03 -4.549837482396014821e+01
4.463676999999999850e+01 4.654000000000000000e+03 4.728952425493758710e+03 -7.495242549375871022e+01
4.465348999999999791e+01 4.618000000000000000e+03 4.727543195048961934e+03 -1.095431950489619339e+02
4.467020000000000124e+01 4.617000000000000000e+03 4.726266635175272313e+03 -1.092666351752723131e+02
4.468690999999999747e+01 4.764000000000000000e+03 4.725117041385788070e+03 3.888295861421192967e+01
4.470362000000000080e+01 4.724000000000000000e+03 4.724090522500255247e+03 -9.052250025524699595e-02
4.472032999999999703e+01 4.797000000000000000e+03 4.723184169163692786e+03 7.381583083630721376e+01
4.473704000000000036e+01 4.822000000000000000e+03 4.722396156263452212e+03 9.960384373654778756e+01
4.475374999999999659e+01 4.732000000000000000e+03 4.721725939580754130e+03 1.027406041924587043e+01
4.477045999999999992e+01 4.684000000000000000e+03 4.721174647622428893e+03 -3.717464762242889265e+01
4.478717999999999932e+01 4.783000000000000000e+03 4.720745672292016025e+03 6.225432770798397542e+01
4.480389000000000266e+01 4.857000000000000000e+03 4.720447306942537580e+03 1.365526930574624203e+02
4.482059999999999889e+01 4.837000000000000000e+03 4.720294605028522710e+03 1.167053949714772898e+02
4.483731000000000222e+01 4.796000000000000000e+03 4.720317010737840974e+03 7.568298926215902611e+01
4.485401999999999845e+01 4.869000000000000000e+03 4.720569687016750322e+03 1.484303129832496779e+02
4.487073000000000178e+01 4.823000000000000000e+03 4.721152357318181203e+03 1.018476426818187974e+02
4.488743999999999801e+01 4.954000000000000000e+03 4.722236443994147521e+03 2.317635560058524788e+02
4.490415000000000134e+01 4.795000000000000000e+03 4.724098332237137583e+03 7.090166776286241657e+01
4.492087000000000074e+01 5.075000000000000000e+03 4.727152841416527735e+03 3.478471585834722646e+02
4.493757999999999697e+01 4.915000000000000000e+03 4.731958277757020369e+03 1.830417222429796311e+02
4.495429000000000030e+01 4.923000000000000000e+03 4.739198995503174046e+03 1.838010044968259535e+02
4.497099999999999653e+01 4.888000000000000000e+03 4.749588490473105594e+03 1.384115095268944060e+02
4.498770999999999987e+01 4.900000000000000000e+03 4.763708700352053711e+03 1.362912996479462890e+02
4.500442000000000320e+01 4.956000000000000000e+03 4.781793193373241593e+03 1.742068066267584072e+02
4.502112999999999943e+01 4.865000000000000000e+03 4.803500367481075045e+03 6.149963251892495464e+01
4.503784000000000276e+01 4.850000000000000000e+03 4.827735640698402676e+03 2.226435930159732379e+01
4.505456000000000216e+01 4.925000000000000000e+03 4.852593493615270745e+03 7.240650638472925493e+01
4.507126999999999839e+01 4.817000000000000000e+03 4.875399300372611833e+03 -5.839930037261183315e+01
4.508798000000000172e+01 4.772000000000000000e+03 4.893217817609002850e+03 -1.212178176090028501e+02
4.510468999999999795e+01 4.796000000000000000e+03 4.903678452357447895e+03 -1.076784523574478953e+02
4.512140000000000128e+01 4.697000000000000000e+03 4.906096836682161666e+03 -2.090968366821616655e+02
4.513810999999999751e+01 4.734000000000000000e+03 4.901858315513302841e+03 -1.678583155133028413e+02
4.515482000000000085e+01 4.811000000000000000e+03 4.893478646871188175e+03 -8.247864687118817528e+01
4.517152999999999707e+01 4.758000000000000000e+03 4.883196879599788190e+03 -1.251968795997881898e+02
4.518824999999999648e+01 4.810000000000000000e+03 4.872172392853550264e+03 -6.217239285355026368e+01
4.520495999999999981e+01 4.735000000000000000e+03 4.860476264672537582e+03 -1.254762646725375816e+02
4.522167000000000314e+01 4.766000000000000000e+03 4.847567367823688073e+03 -8.156736782368807326e+01
4.523837999999999937e+01 4.883000000000000000e+03 4.833123747779020960e+03 4.987625222097904043e+01
4.525509000000000270e+01 5.089000000000000000e+03 4.817577633599868932e+03 2.714223664001310681e+02
4.527179999999999893e+01 4.945000000000000000e+03 4.801959638624732179e+03 1.430403613752678211e+02
4.528851000000000226e+01 5.081000000000000000e+03 4.787384225049930137e+03 2.936157749500698628e+02
4.530523000000000167e+01 5.131000000000000000e+03 4.774711062088092149e+03 3.562889379119078512e+02
4.532193999999999789e+01 5.196000000000000000e+03 4.764487757006779248e+03 4.315122429932207524e+02
4.533865000000000123e+01 5.262000000000000000e+03 4.756920526858180892e+03 5.050794731418191077e+02
4.535535999999999746e+01 5.209000000000000000e+03 4.751968888643799801e+03 4.570311113562001992e+02
4.537207000000000079e+01 5.260000000000000000e+03 4.749443809553754363e+03 5.105561904462456368e+02
4.538877999999999702e+01 5.232000000000000000e+03 4.749147733805670214e+03 4.828522661943297862e+02
4.540549000000000035e+01 5.415000000000000000e+03 4.751026782983431076e+03 6.639732170165689240e+02
4.542219999999999658e+01 5.245000000000000000e+03 4.755314698679949288e+03 4.896853013200507121e+02
4.543892000000000309e+01 5.257000000000000000e+03 4.762678567877063870e+03 4.943214321229361303e+02
4.545562999999999931e+01 5.227000000000000000e+03 4.774182670408276863e+03 4.528173295917231371e+02
4.547234000000000265e+01 5.080000000000000000e+03 4.791431685186715185e+03 2.885683148132848146e+02
4.548904999999999887e+01 5.123000000000000000e+03 4.816330734168724121e+03 3.066692658312758795e+02
4.550576000000000221e+01 5.010000000000000000e+03 4.850822525000416135e+03 1.591774749995838647e+02
4.552246999999999844e+01 5.179000000000000000e+03 4.896469418663457873e+03 2.825305813365421272e+02
4.553918000000000177e+01 5.310000000000000000e+03 4.953983914816268225e+03 3.560160851837317750e+02
4.555588999999999800e+01 5.182000000000000000e+03 5.022815916779405597e+03 1.591840832205944025e+02
4.557260999999999740e+01 5.157000000000000000e+03 5.100930898181132761e+03 5.606910181886723876e+01
4.558932000000000073e+01 5.259000000000000000e+03 5.184569201859336317e+03 7.443079814066368272e+01
4.560602999999999696e+01 5.356000000000000000e+03 5.268845996634426228e+03 8.715400336557377159e+01
4.562274000000000029e+01 5.214000000000000000e+03 5.348860905627963803e+03 -1.348609056279638025e+02
4.563944999999999652e+01 5.189000000000000000e+03 5.420745250881245738e+03 -2.317452508812457381e+02
4.565615999999999985e+01 5.310000000000000000e+03 5.486802273121859798e+03 -1.768022731218597983e+02
4.567287000000000319e+01 5.414000000000000000e+03 5.547616339379970668e+03 -1.336163393799706682e+02
4.568957999999999942e+01 5.504000000000000000e+03 5.602364825845831547e+03 -9.836482584583154676e+01
4.570629999999999882e+01 5.558000000000000000e+03 5.645706670273781128e+03 -8.770667027378112834e+01
4.572301000000000215e+01 5.607000000000000000e+03 5.668767413314222722e+03 -6.176741331422272197e+01
4.573971999999999838e+01 5.580000000000000000e+03 5.663008765573715209e+03 -8.300876557371520903e+01
4.575643000000000171e+01 5.529000000000000000e+03 5.627640340584141995e+03 -9.864034058414199535e+01
4.577313999999999794e+01 5.568000000000000000e+03 5.568489074055039964e+03 -4.890740550399641506e-01
4.578985000000000127e+01 5.532000000000000000e+03 5.496389257048062973e+03 3.561074295193702710e+01
4.580655999999999750e+01 5.362000000000000000e+03 5.421002778716364446e+03 -5.900277871636444615e+01
4.582327000000000083e+01 5.471000000000000000e+03 5.347664220581238624e+03 1.233357794187613763e+02
4.583999000000000024e+01 5.364000000000000000e+03 5.277232534983706500e+03 8.676746501629349950e+01
4.585669999999999646e+01 5.413000000000000000e+03 5.208237951203961529e+03 2.047620487960384708e+02
4.587340999999999980e+01 5.186000000000000000e+03 5.139518286193906533e+03 4.648171380609346670e+01
4.589012000000000313e+01 5.059000000000000000e+03 5.072117205199817363e+03 -1.311720519981736288e+01
4.590682999999999936e+01 5.213000000000000000e+03 5.008610215724778755e+03 2.043897842752212455e+02
4.592354000000000269e+01 5.153000000000000000e+03 4.951569541198749903e+03 2.014304588012500972e+02
4.594024999999999892e+01 5.126000000000000000e+03 4.902743421673028934e+03 2.232565783269710664e+02
4.595696000000000225e+01 4.923000000000000000e+03 4.862914628522244129e+03 6.008537147775587073e+01
4.597368000000000166e+01 4.936000000000000000e+03 4.831956492635040377e+03 1.040435073649596234e+02
4.599038999999999788e+01 4.880000000000000000e+03 4.809060532961732861e+03 7.093946703826713929e+01
4.600710000000000122e+01 4.945000000000000000e+03 4.792877765550326330e+03 1.521222344496736696e+02
4.602380999999999744e+01 4.735000000000000000e+03 4.781894979719398179e+03 -4.689497971939817944e+01
4.604052000000000078e+01 4.748000000000000000e+03 4.774674310440331283e+03 -2.667431044033128273e+01
4.605722999999999701e+01 4.789000000000000000e+03 4.770019012796357856e+03 1.898098720364214387e+01
4.607394000000000034e+01 4.762000000000000000e+03 4.767033858171894281e+03 -5.033858171894280531e+00
4.609064999999999657e+01 4.824000000000000000e+03 4.765106262636610154e+03 5.889373736338984600e+01
4.610737000000000307e+01 4.863000000000000000e+03 4.763846172108070277e+03 9.915382789192972268e+01
4.612407999999999930e+01 4.791000000000000000e+03 4.763020927472937728e+03 2.797907252706227155e+01
4.614079000000000264e+01 4.909000000000000000e+03 4.762493527488039945e+03 1.465064725119600553e+02
4.615749999999999886e+01 4.989000000000000000e+03 4.762184990187804942e+03 2.268150098121950577e+02
4.617421000000000220e+01 4.889000000000000000e+03 4.762047822904263739e+03 1.269521770957362605e+02
4.619091999999999842e+01 4.919000000000000000e+03 4.762051472703777108e+03 1.569485272962228919e+02
4.620763000000000176e+01 4.884000000000000000e+03 4.762174660259549455e+03 1.218253397404505449e+02
4.622433999999999799e+01 4.740000000000000000e+03 4.762401534253524915e+03 -2.240153425352491467e+01
4.624105999999999739e+01 4.924000000000000000e+03 4.762719986861119651e+03 1.612800131388803493e+02
4.625777000000000072e+01 4.889000000000000000e+03 4.763119880542431929e+03 1.258801194575680711e+02
4.627447999999999695e+01 4.943000000000000000e+03 4.763593718286118019e+03 1.794062817138819810e+02
4.629119000000000028e+01 4.869000000000000000e+03 4.764135755330462416e+03 1.048642446695375838e+02
4.630789999999999651e+01 4.767000000000000000e+03 4.764742314552312564e+03 2.257685447687435953e+00
4.632460999999999984e+01 4.753000000000000000e+03 4.765412431985633702e+03 -1.241243198563370242e+01
4.634132000000000318e+01 4.772000000000000000e+03 4.766149325569755092e+03 5.850674430244907853e+00
4.635804000000000258e+01 4.828000000000000000e+03 4.766963671636101026e+03 6.103632836389897420e+01
4.637474999999999881e+01 4.900000000000000000e+03 4.767876162441851193e+03 1.321238375581488071e+02
4.639146000000000214e+01 4.848000000000000000e+03 4.768926906676327235e+03 7.907309332367276511e+01
4.640816999999999837e+01 4.715000000000000000e+03 4.770181259170264639e+03 -5.518125917026463867e+01
4.642488000000000170e+01 4.672000000000000000e+03 4.771736931815839853e+03 -9.973693181583985279e+01
4.644158999999999793e+01 4.704000000000000000e+03 4.773725327112121704e+03 -6.972532711212170398e+01
4.645830000000000126e+01 4.703000000000000000e+03 4.776301986517244586e+03 -7.330198651724458614e+01
4.647500999999999749e+01 4.655000000000000000e+03 4.779621346065900980e+03 -1.246213460659009797e+02
4.649172999999999689e+01 4.687000000000000000e+03 4.783797759325315383e+03 -9.679775932531538274e+01
4.650844000000000023e+01 4.768000000000000000e+03 4.788842586122067587e+03 -2.084258612206758698e+01
4.652514999999999645e+01 4.630000000000000000e+03 4.794628280977384748e+03 -1.646282809773847475e+02
4.654185999999999979e+01 4.732000000000000000e+03 4.800843693801395602e+03 -6.884369380139560235e+01
4.655857000000000312e+01 4.689000000000000000e+03 4.806989914232009141e+03 -1.179899142320091414e+02
4.657527999999999935e+01 4.948000000000000000e+03 4.812424055293421588e+03 1.355759447065784116e+02
4.659199000000000268e+01 4.769000000000000000e+03 4.816495411661055186e+03 -4.749541166105518641e+01
4.660869999999999891e+01 4.829000000000000000e+03 4.818793897377804569e+03 1.020610262219543074e+01
4.662541999999999831e+01 4.807000000000000000e+03 4.819380137569308317e+03 -1.238013756930831732e+01
4.664213000000000164e+01 4.882000000000000000e+03 4.818748381498316121e+03 6.325161850168387900e+01
4.665883999999999787e+01 4.834000000000000000e+03 4.817518401771269964e+03 1.648159822873003577e+01
4.667555000000000121e+01 4.885000000000000000e+03 4.816138727480007219e+03 6.886127251999278087e+01
4.669225999999999743e+01 4.854000000000000000e+03 4.814771876303891986e+03 3.922812369610801397e+01
4.670897000000000077e+01 4.858000000000000000e+03 4.813328246502827824e+03 4.467175349717217614e+01
4.672567999999999699e+01 4.794000000000000000e+03 4.811610733447316306e+03 -1.761073344731630641e+01
4.674239000000000033e+01 4.937000000000000000e+03 4.809512916118576868e+03 1.274870838814231320e+02
4.675910999999999973e+01 4.766000000000000000e+03 4.807128025711216651e+03 -4.112802571121665096e+01
4.677582000000000306e+01 4.769000000000000000e+03 4.804693217427887248e+03 -3.569321742788724805e+01
4.679252999999999929e+01 4.809000000000000000e+03 4.802454273950178504e+03 6.545726049821496417e+00
4.680924000000000262e+01 4.889000000000000000e+03 4.800598833084211037e+03 8.840116691578896280e+01
4.682594999999999885e+01 4.873000000000000000e+03 4.799236265345280117e+03 7.376373465471988311e+01
4.684266000000000219e+01 4.854000000000000000e+03 4.798399862643057531e+03 5.560013735694246861e+01
4.685936999999999841e+01 4.771000000000000000e+03 4.798059367292884417e+03 -2.705936729288441711e+01
4.687608000000000175e+01 4.838000000000000000e+03 4.798141745862651078e+03 3.985825413734892209e+01
4.689280000000000115e+01 4.822000000000000000e+03 4.798555390196995177e+03 2.344460980300482333e+01
4.690950999999999738e+01 4.759000000000000000e+03 4.799209319709301781e+03 -4.020931970930178068e+01
4.692622000000000071e+01 4.834000000000000000e+03 4.800027569492541261e+03 3.397243050745873916e+01
4.694292999999999694e+01 4.719000000000000000e+03 4.800953180975831856e+03 -8.195318097583185590e+01
4.695964000000000027e+01 4.859000000000000000e+03 4.801947408218137753e+03 5.705259178186224744e+01
4.697634999999999650e+01 4.724000000000000000e+03 4.802985861698440203e+03 -7.898586169844020333e+01
4.699305999999999983e+01 4.753000000000000000e+03 4.804054067168072834e+03 -5.105406716807283374e+01
4.700977000000000317e+01 4.877000000000000000e+03 4.805143727576333731e+03 7.185627242366626888e+01
4.702649000000000257e+01 4.751000000000000000e+03 4.806250760056690524e+03 -5.525076005669052392e+01
4.704319999999999879e+01 4.736000000000000000e+03 4.807371011641320365e+03 -7.137101164132036502e+01
4.705991000000000213e+01 4.826000000000000000e+03 4.808503324305872411e+03 1.749667569412758894e+01
4.707661999999999836e+01 4.765000000000000000e+03 4.809646422478243949e+03 -4.464642247824394872e+01
4.709333000000000169e+01 4.818000000000000000e+03 4.810800252054988960e+03 7.199747945011040429e+00
4.711003999999999792e+01 4.752000000000000000e+03 4.811962259348722000e+03 -5.996225934872200014e+01
4.712675000000000125e+01 4.847000000000000000e+03 4.813132665578789783e+03 3.386733442121021653e+01
4.714345999999999748e+01 4.724000000000000000e+03 4.814310929335650144e+03 -9.031092933565014391e+01
4.716017999999999688e+01 4.762000000000000000e+03 4.815497300050501508e+03 -5.349730005050150794e+01
4.717689000000000021e+01 4.795000000000000000e+03 4.816689960121782860e+03 -2.168996012178286037e+01
4.719360000000000355e+01 4.771000000000000000e+03 4.817881653140920207e+03 -4.688165314092020708e+01
4.721030999999999977e+01 4.867000000000000000e+03 4.819087352888648638e+03 4.791264711135136167e+01
4.722702000000000311e+01 4.748000000000000000e+03 4.820299134433644213e+03 -7.229913443364421255e+01
4.724372999999999934e+01 4.720000000000000000e+03 4.821519550897075533e+03 -1.015195508970755327e+02
4.726044000000000267e+01 4.625000000000000000e+03 4.822742829251250441e+03 -1.977428292512504413e+02
4.727714999999999890e+01 4.683000000000000000e+03 4.823971555206519042e+03 -1.409715552065190423e+02
4.729386999999999830e+01 4.780000000000000000e+03 4.825203477998760718e+03 -4.520347799876071804e+01
4.731058000000000163e+01 4.787000000000000000e+03 4.826442624335459186e+03 -3.944262433545918611e+01
4.732728999999999786e+01 4.695000000000000000e+03 4.827686755168767377e+03 -1.326867551687673767e+02
4.734400000000000119e+01 4.827000000000000000e+03 4.828935742832028154e+03 -1.935742832028154226e+00
4.736070999999999742e+01 4.767000000000000000e+03 4.830189470149387489e+03 -6.318947014938748907e+01
4.737742000000000075e+01 4.635000000000000000e+03 4.831447829132124753e+03 -1.964478291321247525e+02
4.739412999999999698e+01 4.878000000000000000e+03 4.832710719870903631e+03 4.528928012909636891e+01
4.741085000000000349e+01 4.781000000000000000e+03 4.833978809327624731e+03 -5.297880932762473094e+01
4.742755999999999972e+01 4.912000000000000000e+03 4.835250494155287925e+03 7.674950584471207549e+01
4.744427000000000305e+01 4.904000000000000000e+03 4.836526450637885318e+03 6.747354936211468157e+01
4.746097999999999928e+01 4.819000000000000000e+03 4.837806602974378620e+03 -1.880660297437862027e+01
4.747769000000000261e+01 4.721000000000000000e+03 4.839090879863175360e+03 -1.180908798631753598e+02
4.749439999999999884e+01 4.642000000000000000e+03 4.840379214046889501e+03 -1.983792140468895013e+02
4.751111000000000217e+01 4.716000000000000000e+03 4.841671541914630325e+03 -1.256715419146303248e+02
4.752781999999999840e+01 4.659000000000000000e+03 4.842967803153449495e+03 -1.839678031534494949e+02
4.754453999999999780e+01 4.885000000000000000e+03 4.844268719650737694e+03 4.073128034926230612e+01
4.756125000000000114e+01 4.705000000000000000e+03 4.845572680659502112e+03 -1.405726806595021117e+02
4.757795999999999736e+01 4.662000000000000000e+03 4.846880410968857177e+03 -1.848804109688571771e+02
4.759467000000000070e+01 4.801000000000000000e+03 4.848191860732023088e+03 -4.719186073202308762e+01
4.761137999999999693e+01 4.655000000000000000e+03 4.849506982183713262e+03 -1.945069821837132622e+02
4.762809000000000026e+01 4.735000000000000000e+03 4.850825729472122475e+03 -1.158257294721224753e+02
4.764479999999999649e+01 4.752000000000000000e+03 4.852148058508807480e+03 -1.001480585088074804e+02
4.766150999999999982e+01 4.750000000000000000e+03 4.853473926834296435e+03 -1.034739268342964351e+02
4.767822999999999922e+01 4.699000000000000000e+03 4.854804090088511657e+03 -1.558040900885116571e+02
4.769494000000000256e+01 4.763000000000000000e+03 4.856136917596692001e+03 -9.313691759669200110e+01
4.771164999999999878e+01 4.634000000000000000e+03 4.857473165620383952e+03 -2.234731656203839520e+02
4.772836000000000212e+01 4.604000000000000000e+03 4.858812797126148325e+03 -2.548127971261483253e+02
4.774506999999999834e+01 4.730000000000000000e+03 4.860155776215518927e+03 -1.301557762155189266e+02
4.776178000000000168e+01 4.608000000000000000e+03 4.861502068053240691e+03 -2.535020680532406914e+02
4.777848999999999791e+01 4.756000000000000000e+03 4.862851638802311754e+03 -1.068516388023117543e+02
4.779520000000000124e+01 4.828000000000000000e+03 4.864204455565200988e+03 -3.620445556520098762e+01
4.781192000000000064e+01 4.575000000000000000e+03 4.865561298795139010e+03 -2.905612987951390096e+02
4.782862999999999687e+01 4.706000000000000000e+03 4.866920514285301579e+03 -1.609205142853015786e+02
4.784534000000000020e+01 4.710000000000000000e+03 4.868282882207777220e+03 -1.582828822077772202e+02
4.786205000000000354e+01 4.699000000000000000e+03 4.869648372938954708e+03 -1.706483729389547079e+02
4.787875999999999976e+01 4.720000000000000000e+03 4.871016957574403023e+03 -1.510169575744030226e+02
4.789547000000000310e+01 4.680000000000000000e+03 4.872388607896711619e+03 -1.923886078967116191e+02
4.791217999999999932e+01 4.632000000000000000e+03 4.873763296346547577e+03 -2.417632963465475768e+02
4.792889000000000266e+01 4.689000000000000000e+03 4.875140995996718630e+03 -1.861409959967186296e+02
4.794561000000000206e+01 4.753000000000000000e+03 4.876522507679967930e+03 -1.235225076799679300e+02
4.796231999999999829e+01 4.754000000000000000e+03 4.877900459828870225e+03 -1.239004598288702255e+02
4.797903000000000162e+01 4.707000000000000000e+03 4.879287069512421112e+03 -1.722870695124211124e+02
4.799573999999999785e+01 4.598000000000000000e+03 4.880676588329158221e+03 -2.826765883291582213e+02
4.801245000000000118e+01 4.767000000000000000e+03 4.882068992218373751e+03 -1.150689922183737508e+02
4.802915999999999741e+01 4.777000000000000000e+03 4.883464257649062347e+03 -1.064642576490623469e+02
4.804587000000000074e+01 4.665000000000000000e+03 4.884862361610625157e+03 -2.198623616106251575e+02
4.806257999999999697e+01 4.671000000000000000e+03 4.886263281605545671e+03 -2.152632816055456715e+02
4.807930000000000348e+01 4.732000000000000000e+03 4.887664829833523072e+03 -1.556648298335230720e+02
4.809600999999999971e+01 4.678000000000000000e+03 4.889071334040173497e+03 -2.110713340401734968e+02
4.811272000000000304e+01 4.716000000000000000e+03 4.890480589683151265e+03 -1.744805896831512655e+02
4.812942999999999927e+01 4.805000000000000000e+03 4.891892576284686584e+03 -8.689257628468658368e+01
4.814614000000000260e+01 4.853000000000000000e+03 4.893307273872639598e+03 -4.030727387263959827e+01
4.816284999999999883e+01 4.638000000000000000e+03 4.894724662984846873e+03 -2.567246629848468729e+02
4.817956000000000216e+01 4.944000000000000000e+03 4.896144724675512407e+03 4.785527532448759302e+01
4.819626999999999839e+01 4.890000000000000000e+03 4.897567440523666846e+03 -7.567440523666846275e+00
4.821298999999999779e+01 4.837000000000000000e+03 4.898993646423110476e+03 -6.199364642311047646e+01
4.822970000000000113e+01 4.746000000000000000e+03 4.900421619040279438e+03 -1.544216190402794382e+02
4.824640999999999735e+01 4.940000000000000000e+03 4.901852193808842458e+03 3.814780619115754234e+01
4.826312000000000069e+01 4.711000000000000000e+03 4.903285354536928935e+03 -1.922853545369289350e+02
4.827982999999999691e+01 4.899000000000000000e+03 4.904721085634446354e+03 -5.721085634446353652e+00
4.829654000000000025e+01 4.628000000000000000e+03 4.906159372136276943e+03 -2.781593721362769429e+02
4.831324999999999648e+01 4.852000000000000000e+03 4.907600199728536609e+03 -5.560019972853660875e+01
4.832995999999999981e+01 4.931000000000000000e+03 4.909043554778085308e+03 2.195644522191469150e+01
4.834667999999999921e+01 4.948000000000000000e+03 4.910490290387939240e+03 3.750970961206076026e+01
4.836339000000000254e+01 4.795000000000000000e+03 4.911938663838395769e+03 -1.169386638383957688e+02
4.838009999999999877e+01 5.018000000000000000e+03 4.913389528273823998e+03 1.046104717261760015e+02
4.839681000000000211e+01 5.003000000000000000e+03 4.914842873154132576e+03 8.815712684586742398e+01
4.841351999999999833e+01 5.077000000000000000e+03 4.916298688826361285e+03 1.607013111736387145e+02
4.843023000000000167e+01 5.184000000000000000e+03 4.917756966580386688e+03 2.662430334196133117e+02
4.844693999999999789e+01 5.137000000000000000e+03 4.919217698710436707e+03 2.177823012895632928e+02
4.846365000000000123e+01 5.117000000000000000e+03 4.920680878583129925e+03 1.963191214168700753e+02
4.848037000000000063e+01 5.252000000000000000e+03 4.922147378535776625e+03 3.298526214642233754e+02
4.849707999999999686e+01 5.109000000000000000e+03 4.923615440124894121e+03 1.853845598751058787e+02
4.851379000000000019e+01 5.106000000000000000e+03 4.925085936781520104e+03 1.809140632184798960e+02
4.853050000000000352e+01 5.110000000000000000e+03 4.926558866997720543e+03 1.834411330022794573e+02
4.854720999999999975e+01 5.157000000000000000e+03 4.928034230801874401e+03 2.289657691981255994e+02
4.856392000000000309e+01 5.091000000000000000e+03 4.929512029883007017e+03 1.614879701169929831e+02
4.858062999999999931e+01 5.063000000000000000e+03 4.930992267728551269e+03 1.320077322714487309e+02
4.859734999999999872e+01 5.037000000000000000e+03 4.932475837812525242e+03 1.045241621874747580e+02
4.861406000000000205e+01 4.920000000000000000e+03 4.933960973093317079e+03 -1.396097309331707947e+01
4.863076999999999828e+01 4.995000000000000000e+03 4.935448570011538322e+03 5.955142998846167757e+01
4.864748000000000161e+01 4.874000000000000000e+03 4.936938640956140262e+03 -6.293864095614026155e+01
4.866418999999999784e+01 4.883000000000000000e+03 4.938431201068734481e+03 -5.543120106873448094e+01
4.868090000000000117e+01 4.981000000000000000e+03 4.939926268504304971e+03 4.107373149569502857e+01
4.869760999999999740e+01 4.931000000000000000e+03 4.941423864722502003e+03 -1.042386472250200313e+01
4.871432000000000073e+01 4.861000000000000000e+03 4.942924014813675058e+03 -8.192401481367505767e+01
4.873104000000000013e+01 4.842000000000000000e+03 4.944427647945773970e+03 -1.024276479457739697e+02
4.874775000000000347e+01 4.813000000000000000e+03 4.945932999025770187e+03 -1.329329990257701866e+02
4.876445999999999970e+01 4.825000000000000000e+03 4.947441004944217639e+03 -1.224410049442176387e+02
4.878117000000000303e+01 4.830000000000000000e+03 4.948951709454579031e+03 -1.189517094545790314e+02
4.879787999999999926e+01 4.848000000000000000e+03 4.950465162287125167e+03 -1.024651622871251675e+02
4.881459000000000259e+01 4.863000000000000000e+03 4.951981419814150286e+03 -8.898141981415028567e+01
4.883129999999999882e+01 4.905000000000000000e+03 4.953500545804382455e+03 -4.850054580438245466e+01
4.884801000000000215e+01 4.790000000000000000e+03 4.955022612280570684e+03 -1.650226122805706837e+02
4.886473000000000155e+01 4.837000000000000000e+03 4.956548614098947837e+03 -1.195486140989478372e+02
4.888143999999999778e+01 4.905000000000000000e+03 4.958076817548347208e+03 -5.307681754834720778e+01
4.889815000000000111e+01 5.007000000000000000e+03 4.959608237629460746e+03 4.739176237053925433e+01
4.891485999999999734e+01 5.008000000000000000e+03 4.961142990667864069e+03 4.685700933213593089e+01
4.893157000000000068e+01 4.794000000000000000e+03 4.962681207770608125e+03 -1.686812077706081254e+02
4.894827999999999690e+01 4.799000000000000000e+03 4.964223036776004847e+03 -1.652230367760048466e+02
4.896499000000000024e+01 4.893000000000000000e+03 4.965768644511342245e+03 -7.276864451134224510e+01
4.898169999999999646e+01 5.004000000000000000e+03 4.967318219415376007e+03 3.668178058462399349e+01
4.899842000000000297e+01 4.685000000000000000e+03 4.968872905728090700e+03 -2.838729057280907000e+02
4.901512999999999920e+01 4.891000000000000000e+03 4.970431085253533638e+03 -7.943108525353363802e+01
4.903184000000000253e+01 4.859000000000000000e+03 4.971993960356131538e+03 -1.129939603561315380e+02
4.904854999999999876e+01 4.849000000000000000e+03 4.973561842212733609e+03 -1.245618422127336089e+02
4.906526000000000209e+01 4.769000000000000000e+03 4.975135085214729770e+03 -2.061350852147297701e+02
4.908196999999999832e+01 4.959000000000000000e+03 4.976714093899943691e+03 -1.771409389994369121e+01
4.909868000000000166e+01 4.871000000000000000e+03 4.978267453574019783e+03 -1.072674535740197825e+02
4.911538999999999788e+01 4.821000000000000000e+03 4.979859620340494985e+03 -1.588596203404949847e+02
4.913210999999999729e+01 4.796000000000000000e+03 4.981460116683817432e+03 -1.854601166838174322e+02
4.914882000000000062e+01 4.821000000000000000e+03 4.983067734601519987e+03 -1.620677346015199873e+02
4.916552999999999685e+01 4.791000000000000000e+03 4.984684247306167890e+03 -1.936842473061678902e+02
4.918224000000000018e+01 4.821000000000000000e+03 4.986310606521157752e+03 -1.653106065211577516e+02
4.919895000000000351e+01 4.754000000000000000e+03 4.987947923703393826e+03 -2.339479237033938261e+02
4.921565999999999974e+01 4.769000000000000000e+03 4.989580649661887946e+03 -2.205806496618879464e+02
4.923237000000000307e+01 4.872000000000000000e+03 4.991244115891556248e+03 -1.192441158915562482e+02
4.924907999999999930e+01 4.739000000000000000e+03 4.992923198759489424e+03 -2.539231987594894235e+02
4.926579999999999870e+01 4.886000000000000000e+03 4.994621086483765794e+03 -1.086210864837657937e+02
4.928251000000000204e+01 4.728000000000000000e+03 4.996338346542852378e+03 -2.683383465428523778e+02
4.929921999999999827e+01 4.810000000000000000e+03 4.998079126062796604e+03 -1.880791260627966039e+02
4.931593000000000160e+01 4.778000000000000000e+03 4.999847256557914079e+03 -2.218472565579140792e+02
4.933263999999999783e+01 4.782000000000000000e+03 5.001647502670771246e+03 -2.196475026707712459e+02
4.934935000000000116e+01 4.829000000000000000e+03 5.003485979387139196e+03 -1.744859793871391958e+02
4.936605999999999739e+01 4.775000000000000000e+03 5.005370964616263336e+03 -2.303709646162633362e+02
4.938277000000000072e+01 4.765000000000000000e+03 5.007314577383458527e+03 -2.423145773834585270e+02
4.939949000000000012e+01 4.940000000000000000e+03 5.009337491366686663e+03 -6.933749136668666324e+01
4.941620000000000346e+01 4.776000000000000000e+03 5.011470970316757302e+03 -2.354709703167573025e+02
4.943290999999999968e+01 4.741000000000000000e+03 5.013776918980903247e+03 -2.727769189809032468e+02
4.944962000000000302e+01 4.731000000000000000e+03 5.016364755656189118e+03 -2.853647556561891179e+02
4.946632999999999925e+01 4.810000000000000000e+03 5.019425039802469655e+03 -2.094250398024696551e+02
4.948304000000000258e+01 4.758000000000000000e+03 5.023270825619339121e+03 -2.652708256193391207e+02
4.949974999999999881e+01 4.709000000000000000e+03 5.028378196101240064e+03 -3.193781961012400643e+02
4.951646000000000214e+01 4.810000000000000000e+03 5.035405251470203439e+03 -2.254052514702034387e+02
4.953318000000000154e+01 4.843000000000000000e+03 5.045166023553289961e+03 -2.021660235532899605e+02
4.954988999999999777e+01 4.993000000000000000e+03 5.058490389079322995e+03 -6.549038907932299480e+01
4.956660000000000110e+01 4.950000000000000000e+03 5.076048384793873993e+03 -1.260483847938739927e+02
4.958330999999999733e+01 5.033000000000000000e+03 5.098048112847694028e+03 -6.504811284769402846e+01
4.960002000000000066e+01 5.006000000000000000e+03 5.123951122961274450e+03 -1.179511229612744501e+02
4.961672999999999689e+01 5.062000000000000000e+03 5.152253463241875579e+03 -9.025346324187557912e+01
4.963344000000000023e+01 5.216000000000000000e+03 5.180409881260143266e+03 3.559011873985673446e+01
4.965015999999999963e+01 5.272000000000000000e+03 5.205023712248899756e+03 6.697628775110024435e+01
4.966687000000000296e+01 5.266000000000000000e+03 5.222470185620943994e+03 4.352981437905600615e+01
4.968357999999999919e+01 5.206000000000000000e+03 5.230372100954728921e+03 -2.437210095472892135e+01
4.970029000000000252e+01 5.478000000000000000e+03 5.228967218702873652e+03 2.490327812971263484e+02
4.971699999999999875e+01 5.355000000000000000e+03 5.221089034507323049e+03 1.339109654926769508e+02
4.973371000000000208e+01 5.200000000000000000e+03 5.210459449548359771e+03 -1.045944954835977114e+01
4.975041999999999831e+01 5.200000000000000000e+03 5.199952625011631426e+03 4.737498836857412243e-02
4.976713000000000164e+01 5.183000000000000000e+03 5.190823525401350707e+03 -7.823525401350707398e+00
4.978385000000000105e+01 5.351000000000000000e+03 5.182689421166508509e+03 1.683105788334914905e+02
4.980055999999999727e+01 5.205000000000000000e+03 5.174083670935612645e+03 3.091632906438735517e+01
4.981727000000000061e+01 5.046000000000000000e+03 5.163481148883032802e+03 -1.174811488830328017e+02
4.983397999999999683e+01 5.118000000000000000e+03 5.149132190098018327e+03 -3.113219009801832726e+01
4.985069000000000017e+01 5.117000000000000000e+03 5.134367963472981501e+03 -1.736796347298150067e+01
4.986740000000000350e+01 5.122000000000000000e+03 5.119314611403449817e+03 2.685388596550183138e+00
4.988410999999999973e+01 5.049000000000000000e+03 5.105296751511852563e+03 -5.629675151185256254e+01
4.990082000000000306e+01 5.111000000000000000e+03 5.093262364203434117e+03 1.773763579656588263e+01
4.991754000000000246e+01 4.980000000000000000e+03 5.083714564885745858e+03 -1.037145648857458582e+02
4.993424999999999869e+01 4.898000000000000000e+03 5.076764992170144978e+03 -1.787649921701449784e+02
4.995096000000000203e+01 4.874000000000000000e+03 5.071524318757773472e+03 -1.975243187577734716e+02
4.996766999999999825e+01 4.811000000000000000e+03 5.068948578103289947e+03 -2.579485781032899467e+02
4.998438000000000159e+01 4.989000000000000000e+03 5.067930845810659775e+03 -7.893084581065977545e+01
5.000108999999999781e+01 4.928000000000000000e+03 5.068091376782449515e+03 -1.400913767824495153e+02
5.001780000000000115e+01 4.873000000000000000e+03 5.069146950689892037e+03 -1.961469506898920372e+02
5.003450999999999738e+01 5.094000000000000000e+03 5.070907339585169211e+03 2.309266041483078880e+01
5.005122999999999678e+01 5.033000000000000000e+03 5.073242848554285047e+03 -4.024284855428504670e+01
5.006794000000000011e+01 5.095000000000000000e+03 5.076033210934515409e+03 1.896678906548459054e+01
5.008465000000000344e+01 5.178000000000000000e+03 5.079135581443435512e+03 9.886441855656448752e+01
5.010135999999999967e+01 5.115000000000000000e+03 5.082353213133264944e+03 3.264678686673505581e+01
5.011807000000000301e+01 5.283000000000000000e+03 5.085432093065806839e+03 1.975679069341931609e+02
5.013477999999999923e+01 5.183000000000000000e+03 5.088091759345686114e+03 9.490824065431388590e+01
5.015149000000000257e+01 5.317000000000000000e+03 5.090110618724372216e+03 2.268893812756277839e+02
5.016819999999999879e+01 5.206000000000000000e+03 5.091440334732310475e+03 1.145596652676895246e+02
5.018491999999999820e+01 5.118000000000000000e+03 5.092243163109822490e+03 2.575683689017751021e+01
5.020163000000000153e+01 5.217000000000000000e+03 5.092879598409405844e+03 1.241204015905941560e+02
5.021833999999999776e+01 5.064000000000000000e+03 5.093409987094240932e+03 -2.940998709424093249e+01
5.023505000000000109e+01 5.061000000000000000e+03 5.094053914827828521e+03 -3.305391482782852108e+01
5.025175999999999732e+01 5.098000000000000000e+03 5.094816316171154540e+03 3.183683828845460084e+00
5.026847000000000065e+01 5.026000000000000000e+03 5.095602920811841614e+03 -6.960292081184161361e+01
5.028517999999999688e+01 5.009000000000000000e+03 5.096285935357870585e+03 -8.728593535787058499e+01
5.030189000000000021e+01 5.135000000000000000e+03 5.096791115062321296e+03 3.820888493767870386e+01
5.031860999999999962e+01 4.979000000000000000e+03 5.097143664432586775e+03 -1.181436644325867746e+02
5.033532000000000295e+01 5.007000000000000000e+03 5.097436484741265303e+03 -9.043648474126530346e+01
5.035202999999999918e+01 4.947000000000000000e+03 5.097821456035942902e+03 -1.508214560359429015e+02
5.036874000000000251e+01 4.940000000000000000e+03 5.098284757603813887e+03 -1.582847576038138868e+02
5.038544999999999874e+01 4.730000000000000000e+03 5.098923258191206514e+03 -3.689232581912065143e+02
5.040216000000000207e+01 4.924000000000000000e+03 5.099754332721579885e+03 -1.757543327215798854e+02
5.041886999999999830e+01 4.850000000000000000e+03 5.100768625530279678e+03 -2.507686255302796781e+02
5.043558000000000163e+01 4.899000000000000000e+03 5.101939058227730129e+03 -2.029390582277301291e+02
5.045230000000000103e+01 4.940000000000000000e+03 5.103231736233292395e+03 -1.632317362332923949e+02
5.046900999999999726e+01 4.946000000000000000e+03 5.104611114536161040e+03 -1.586111145361610397e+02
5.048572000000000060e+01 4.839000000000000000e+03 5.106049671146577566e+03 -2.670496711465775661e+02
5.050242999999999682e+01 4.971000000000000000e+03 5.107526577766074297e+03 -1.365265777660742970e+02
5.051914000000000016e+01 4.798000000000000000e+03 5.109027895488187824e+03 -3.110278954881878235e+02
5.053585000000000349e+01 4.805000000000000000e+03 5.110544986673359745e+03 -3.055449866733597446e+02
5.055255999999999972e+01 4.877000000000000000e+03 5.112072790954125594e+03 -2.350727909541255940e+02
5.056927000000000305e+01 4.917000000000000000e+03 5.113608429582140161e+03 -1.966084295821401611e+02
5.058599000000000245e+01 5.004000000000000000e+03 5.115151180053422650e+03 -1.111511800534226495e+02
5.060269999999999868e+01 4.978000000000000000e+03 5.116698211953544160e+03 -1.386982119535441598e+02
5.061941000000000201e+01 4.792000000000000000e+03 5.118249813827613252e+03 -3.262498138276132522e+02
5.063611999999999824e+01 5.057000000000000000e+03 5.119805548096567691e+03 -6.280554809656769066e+01
5.065283000000000158e+01 4.872000000000000000e+03 5.121482959997503713e+03 -2.494829599975037127e+02
5.066953999999999780e+01 5.021000000000000000e+03 5.123046719070242034e+03 -1.020467190702420339e+02
5.068625000000000114e+01 4.921000000000000000e+03 5.124613880433061240e+03 -2.036138804330612402e+02
5.070297000000000054e+01 4.912000000000000000e+03 5.126185257574372372e+03 -2.141852575743723719e+02
5.071967999999999677e+01 5.019000000000000000e+03 5.127758886717274436e+03 -1.087588867172744358e+02
5.073639000000000010e+01 5.083000000000000000e+03 5.129338052904723554e+03 -4.633805290472355409e+01
5.075310000000000343e+01 5.144000000000000000e+03 5.130917978987269635e+03 1.308202101273036533e+01
5.076980999999999966e+01 5.159000000000000000e+03 5.132501072315783858e+03 2.649892768421614164e+01
5.078652000000000299e+01 5.071000000000000000e+03 5.134087397363202399e+03 -6.308739736320239899e+01
5.080322999999999922e+01 5.215000000000000000e+03 5.135739441007155619e+03 7.926055899284438055e+01
5.081994000000000256e+01 5.152000000000000000e+03 5.137332891211083734e+03 1.466710878891626635e+01
5.083666000000000196e+01 5.108000000000000000e+03 5.138930920357286595e+03 -3.093092035728659539e+01
5.085336999999999819e+01 5.302000000000000000e+03 5.140531810552052775e+03 1.614681894479472248e+02
5.087008000000000152e+01 5.203000000000000000e+03 5.142136745301778319e+03 6.086325469822168088e+01
5.088678999999999775e+01 5.191000000000000000e+03 5.143745992477242908e+03 4.725400752275709237e+01
5.090350000000000108e+01 5.118000000000000000e+03 5.145361136026866916e+03 -2.736113602686691593e+01
5.092020999999999731e+01 5.220000000000000000e+03 5.146979997756918237e+03 7.302000224308176257e+01
5.093692000000000064e+01 5.262000000000000000e+03 5.148604255789139643e+03 1.133957442108603573e+02
5.095362999999999687e+01 5.247000000000000000e+03 5.150234380487144335e+03 9.676561951285566465e+01
5.097035000000000338e+01 5.220000000000000000e+03 5.151871888115844740e+03 6.812811188415525976e+01
5.098705999999999960e+01 5.313000000000000000e+03 5.153515427883941811e+03 1.594845721160581888e+02
5.100377000000000294e+01 5.342000000000000000e+03 5.155166667557532492e+03 1.868333324424675084e+02
5.102047999999999917e+01 5.298000000000000000e+03 5.156826392037795813e+03 1.411736079622041871e+02
5.103719000000000250e+01 5.407000000000000000e+03 5.158495494833945486e+03 2.485045051660545141e+02
5.105389999999999873e+01 5.504000000000000000e+03 5.160174994783270449e+03 3.438250052167295507e+02
5.107061000000000206e+01 5.622000000000000000e+03 5.161866055932141535e+03 4.601339440678584651e+02
5.108731999999999829e+01 5.875000000000000000e+03 5.163570011253083976e+03 7.114299887469160240e+02
5.110403999999999769e+01 5.819000000000000000e+03 5.165289424085285646e+03 6.537105759147143544e+02
5.112075000000000102e+01 5.995000000000000000e+03 5.167024000610193070e+03 8.279759993898069297e+02
5.113745999999999725e+01 5.894000000000000000e+03 5.168776799933880284e+03 7.252232000661197162e+02
5.115417000000000058e+01 5.834000000000000000e+03 5.170550180972776616e+03 6.634498190272233842e+02
5.117087999999999681e+01 5.772000000000000000e+03 5.172346888221265544e+03 5.996531117787344556e+02
5.118759000000000015e+01 5.747000000000000000e+03 5.174170127954847885e+03 5.728298720451521149e+02
5.120430000000000348e+01 5.806000000000000000e+03 5.176212465713447273e+03 6.297875342865527273e+02
5.122100999999999971e+01 5.634000000000000000e+03 5.178101750742763215e+03 4.558982492572367846e+02
5.123772999999999911e+01 5.589000000000000000e+03 5.180032201163508034e+03 4.089677988364919656e+02
5.125444000000000244e+01 5.703000000000000000e+03 5.182007779394738463e+03 5.209922206052615365e+02
5.127114999999999867e+01 5.572000000000000000e+03 5.184037149890300498e+03 3.879628501096995024e+02
5.128786000000000200e+01 5.498000000000000000e+03 5.186129415860680638e+03 3.118705841393193623e+02
5.130456999999999823e+01 5.710000000000000000e+03 5.188295730619323876e+03 5.217042693806761235e+02
5.132128000000000156e+01 5.850000000000000000e+03 5.190550044758475451e+03 6.594499552415245489e+02
5.133798999999999779e+01 6.044000000000000000e+03 5.192910451774363537e+03 8.510895482256364630e+02
5.135470000000000113e+01 6.285000000000000000e+03 5.195394699026255694e+03 1.089605300973744306e+03
5.137142000000000053e+01 6.408000000000000000e+03 5.198156519840795227e+03 1.209843480159204773e+03
5.138812999999999676e+01 6.499000000000000000e+03 5.201046374762145206e+03 1.297953625237854794e+03
5.140484000000000009e+01 6.815000000000000000e+03 5.204273069921389833e+03 1.610726930078610167e+03
5.142155000000000342e+01 6.901000000000000000e+03 5.208030960852434873e+03 1.692969039147565127e+03
5.143825999999999965e+01 6.852000000000000000e+03 5.212668276500622596e+03 1.639331723499377404e+03
5.145497000000000298e+01 6.676000000000000000e+03 5.218783814687577433e+03 1.457216185312422567e+03
5.147167999999999921e+01 6.828000000000000000e+03 5.227339959687967166e+03 1.600660040312032834e+03
5.148839000000000254e+01 6.707000000000000000e+03 5.239780712467141711e+03 1.467219287532858289e+03
5.150511000000000195e+01 6.523000000000000000e+03 5.258045673228473788e+03 1.264954326771526212e+03
5.152181999999999817e+01 6.542000000000000000e+03 5.284395671542414675e+03 1.257604328457585325e+03
5.153853000000000151e+01 6.534000000000000000e+03 5.321086703733210015e+03 1.212913296266789985e+03
5.155523999999999774e+01 6.417000000000000000e+03 5.369690218617813116e+03 1.047309781382186884e+03
5.157195000000000107e+01 6.169000000000000000e+03 5.430300723420140457e+03 7.386992765798595428e+02
5.158865999999999730e+01 6.234000000000000000e+03 5.500766641208148030e+03 7.332333587918519697e+02
5.160537000000000063e+01 6.084000000000000000e+03 5.576166613651137595e+03 5.078333863488624047e+02
5.162207999999999686e+01 6.032000000000000000e+03 5.648725606538146167e+03 3.832743934618538333e+02
5.163880000000000337e+01 5.897000000000000000e+03 5.708583818212064216e+03 1.884161817879357841e+02
5.165550999999999959e+01 5.854000000000000000e+03 5.746051424614460302e+03 1.079485753855396979e+02
5.167222000000000293e+01 5.762000000000000000e+03 5.756119587429552666e+03 5.880412570447333565e+00
5.168892999999999915e+01 5.621000000000000000e+03 5.741710099493549933e+03 -1.207100994935499330e+02
5.170564000000000249e+01 5.501000000000000000e+03 5.712196905366929968e+03 -2.111969053669299683e+02
5.172234999999999872e+01 5.312000000000000000e+03 5.678128853010579405e+03 -3.661288530105794052e+02
5.173906000000000205e+01 5.366000000000000000e+03 5.646993847716805249e+03 -2.809938477168052486e+02
5.175576999999999828e+01 5.303000000000000000e+03 5.621630864338412721e+03 -3.186308643384127208e+02
5.177248999999999768e+01 5.157000000000000000e+03 5.600338279545174373e+03 -4.433382795451743732e+02
5.178920000000000101e+01 5.248000000000000000e+03 5.578368342200835286e+03 -3.303683422008352863e+02
5.180590999999999724e+01 5.280000000000000000e+03 5.550741611970685881e+03 -2.707416119706858808e+02
5.182262000000000057e+01 5.125000000000000000e+03 5.515441295186721618e+03 -3.904412951867216179e+02
5.183932999999999680e+01 5.159000000000000000e+03 5.474291034666893211e+03 -3.152910346668932107e+02
5.185604000000000013e+01 5.172000000000000000e+03 5.431182053384356550e+03 -2.591820533843565499e+02
5.187275000000000347e+01 5.124000000000000000e+03 5.390000026011559385e+03 -2.660000260115593846e+02
5.188947000000000287e+01 5.065000000000000000e+03 5.353600584536813585e+03 -2.886005845368135851e+02
5.190617999999999910e+01 4.840000000000000000e+03 5.323713034760677147e+03 -4.837130347606771466e+02
5.192289000000000243e+01 4.993000000000000000e+03 5.300756466325571637e+03 -3.077564663255716368e+02
5.193959999999999866e+01 5.050000000000000000e+03 5.284241480143483386e+03 -2.342414801434833862e+02
5.195631000000000199e+01 4.977000000000000000e+03 5.273092063025905190e+03 -2.960920630259051904e+02
5.197301999999999822e+01 4.891000000000000000e+03 5.266020292204895668e+03 -3.750202922048956680e+02
5.198973000000000155e+01 4.792000000000000000e+03 5.261790433775500787e+03 -4.697904337755007873e+02
5.200643999999999778e+01 4.984000000000000000e+03 5.259460997258859607e+03 -2.754609972588596065e+02
5.202315999999999718e+01 4.914000000000000000e+03 5.258322179873748610e+03 -3.443221798737486097e+02
5.203987000000000052e+01 4.911000000000000000e+03 5.257904382028349573e+03 -3.469043820283495734e+02
5.205657999999999674e+01 5.129000000000000000e+03 5.257925910180018036e+03 -1.289259101800180360e+02
5.207329000000000008e+01 5.040000000000000000e+03 5.258224893083971438e+03 -2.182248930839714376e+02
5.209000000000000341e+01 5.123000000000000000e+03 5.258710369793978316e+03 -1.357103697939783160e+02
5.210670999999999964e+01 5.067000000000000000e+03 5.259318264651494246e+03 -1.923182646514942462e+02
5.212342000000000297e+01 4.882000000000000000e+03 5.260042406422848217e+03 -3.780424064228482166e+02
5.214012999999999920e+01 5.148000000000000000e+03 5.260850145947346391e+03 -1.128501459473463910e+02
5.215684999999999860e+01 4.961000000000000000e+03 5.261727640788257304e+03 -3.007276407882573039e+02
5.217356000000000193e+01 5.047000000000000000e+03 5.262662864803546654e+03 -2.156628648035466540e+02
5.219026999999999816e+01 4.884000000000000000e+03 5.263647580798342460e+03 -3.796475807983424602e+02
5.220698000000000150e+01 5.029000000000000000e+03 5.264674643553473288e+03 -2.356746435534732882e+02
5.222368999999999772e+01 4.908000000000000000e+03 5.265738127628833354e+03 -3.577381276288333538e+02
5.224040000000000106e+01 4.924000000000000000e+03 5.266833072977840857e+03 -3.428330729778408568e+02
5.225710999999999729e+01 4.828000000000000000e+03 5.267955298693338591e+03 -4.399552986933385910e+02
5.227382000000000062e+01 4.905000000000000000e+03 5.269101260081139117e+03 -3.641012600811391167e+02
5.229054000000000002e+01 4.995000000000000000e+03 5.270268640136321665e+03 -2.752686401363216646e+02
5.230725000000000335e+01 4.889000000000000000e+03 5.271453454712354869e+03 -3.824534547123548691e+02
5.232395999999999958e+01 5.070000000000000000e+03 5.272654171985313951e+03 -2.026541719853139512e+02
5.234067000000000291e+01 5.026000000000000000e+03 5.273868871843228590e+03 -2.478688718432285896e+02
5.235737999999999914e+01 5.035000000000000000e+03 5.275095890721902833e+03 -2.400958907219028333e+02
5.237409000000000248e+01 4.889000000000000000e+03 5.276333782773637722e+03 -3.873337827736377221e+02
5.239079999999999870e+01 4.802000000000000000e+03 5.277581287926888763e+03 -4.755812879268887627e+02
5.240751000000000204e+01 4.789000000000000000e+03 5.278837305500113871e+03 -4.898373055001138709e+02
5.242423000000000144e+01 5.040000000000000000e+03 5.280101630582057624e+03 -2.401016305820576235e+02
5.244093999999999767e+01 4.792000000000000000e+03 5.281371906571968793e+03 -4.893719065719687933e+02
5.245765000000000100e+01 4.874000000000000000e+03 5.282648147808388785e+03 -4.086481478083887851e+02
5.247435999999999723e+01 4.914000000000000000e+03 5.283929706083620658e+03 -3.699297060836206583e+02
5.249107000000000056e+01 4.893000000000000000e+03 5.285216014073267615e+03 -3.922160140732676155e+02
5.250777999999999679e+01 5.002000000000000000e+03 5.286506576518950169e+03 -2.845065765189501690e+02
5.252449000000000012e+01 4.950000000000000000e+03 5.287800962906242603e+03 -3.378009629062426029e+02
5.254120000000000346e+01 4.860000000000000000e+03 5.289098801427822764e+03 -4.290988014278227638e+02
5.255792000000000286e+01 4.949000000000000000e+03 5.290411944603145457e+03 -3.414119446031454572e+02
5.257462999999999909e+01 4.940000000000000000e+03 5.291715846449389574e+03 -3.517158464493895735e+02
5.259134000000000242e+01 5.155000000000000000e+03 5.293022393319352886e+03 -1.380223933193528865e+02
5.260804999999999865e+01 4.973000000000000000e+03 5.294331408549152002e+03 -3.213314085491520018e+02
5.262476000000000198e+01 5.075000000000000000e+03 5.295642758676002813e+03 -2.206427586760028134e+02
5.264146999999999821e+01 4.969000000000000000e+03 5.296956352776318454e+03 -3.279563527763184538e+02
5.265818000000000154e+01 4.982000000000000000e+03 5.298272142569700009e+03 -3.162721425697000086e+02
5.267488999999999777e+01 4.922000000000000000e+03 5.299590123317236248e+03 -3.775901233172362481e+02
5.269160999999999717e+01 4.986000000000000000e+03 5.300911126325712758e+03 -3.149111263257127575e+02
5.270832000000000050e+01 4.873000000000000000e+03 5.302239678358142555e+03 -4.292396783581425552e+02
5.272502999999999673e+01 4.993000000000000000e+03 5.303564704914932008e+03 -3.105647049149320083e+02
5.274174000000000007e+01 5.030000000000000000e+03 5.304892389030343111e+03 -2.748923890303431108e+02
5.275845000000000340e+01 4.817000000000000000e+03 5.306222990709547958e+03 -4.892229907095479575e+02
5.277515999999999963e+01 4.911000000000000000e+03 5.307556841140260076e+03 -3.965568411402600759e+02
5.279187000000000296e+01 5.013000000000000000e+03 5.308894352898898433e+03 -2.958943528988984326e+02
5.280857999999999919e+01 5.175000000000000000e+03 5.310236032727407292e+03 -1.352360327274072915e+02
5.282529999999999859e+01 4.987000000000000000e+03 5.311583304865283026e+03 -3.245833048652830257e+02
5.284201000000000192e+01 5.030000000000000000e+03 5.312935305169714411e+03 -2.829353051697144110e+02
5.285871999999999815e+01 5.064000000000000000e+03 5.314292209973880745e+03 -2.502922099738807447e+02
5.287543000000000148e+01 5.066000000000000000e+03 5.315658177201942635e+03 -2.496581772019426353e+02
5.289213999999999771e+01 5.130000000000000000e+03 5.317032984758212478e+03 -1.870329847582124785e+02
5.290885000000000105e+01 5.166000000000000000e+03 5.318418228236187133e+03 -1.524182282361871330e+02
5.292555999999999727e+01 5.060000000000000000e+03 5.319815851766375090e+03 -2.598158517663750899e+02
5.294227999999999668e+01 5.061000000000000000e+03 5.321229096154655053e+03 -2.602290961546550534e+02
5.295899000000000001e+01 4.888000000000000000e+03 5.322659261876160599e+03 -4.346592618761605991e+02
5.297570000000000334e+01 5.115000000000000000e+03 5.324110233103458995e+03 -2.091102331034589952e+02
5.299240999999999957e+01 5.124000000000000000e+03 5.325588880510534182e+03 -2.015888805105341817e+02
5.300912000000000290e+01 5.107000000000000000e+03 5.327102091337216734e+03 -2.201020913372167342e+02
5.302582999999999913e+01 5.065000000000000000e+03 5.328662245690246891e+03 -2.636622456902468912e+02
5.304254000000000246e+01 5.183000000000000000e+03 5.330290785245137158e+03 -1.472907852451371582e+02
5.305924999999999869e+01 5.123000000000000000e+03 5.332026305930038689e+03 -2.090263059300386885e+02
5.307596999999999809e+01 5.301000000000000000e+03 5.333939385280702481e+03 -3.293938528070248140e+01
5.309268000000000143e+01 5.221000000000000000e+03 5.336148266252756912e+03 -1.151482662527569119e+02
5.310938999999999766e+01 5.352000000000000000e+03 5.338851487086838461e+03 1.314851291316153947e+01
5.312610000000000099e+01 5.375000000000000000e+03 5.342348846516310914e+03 3.265115348368908599e+01
5.314280999999999722e+01 5.433000000000000000e+03 5.347054591995827650e+03 8.594540800417235005e+01
5.315952000000000055e+01 5.657000000000000000e+03 5.353477500719036470e+03 3.035224992809635296e+02
5.317622999999999678e+01 5.521000000000000000e+03 5.362150012508018335e+03 1.588499874919816648e+02
5.319294000000000011e+01 5.725000000000000000e+03 5.373498209517078067e+03 3.515017904829219333e+02
5.320965999999999951e+01 5.761000000000000000e+03 5.387675737439198201e+03 3.733242625608017988e+02
5.322637000000000285e+01 5.817000000000000000e+03 5.404345338426182934e+03 4.126546615738170658e+02
5.324307999999999907e+01 5.679000000000000000e+03 5.422588728239242300e+03 2.564112717607576997e+02
5.325979000000000241e+01 5.645000000000000000e+03 5.440816463549961554e+03 2.041835364500384458e+02
5.327649999999999864e+01 5.581000000000000000e+03 5.456861842374569278e+03 1.241381576254307220e+02
5.329321000000000197e+01 5.720000000000000000e+03 5.468371323224755542e+03 2.516286767752444575e+02
5.330991999999999820e+01 5.637000000000000000e+03 5.473669641785802014e+03 1.633303582141979859e+02
5.332663000000000153e+01 5.616000000000000000e+03 5.472748017247144162e+03 1.432519827528558380e+02
5.334335000000000093e+01 5.550000000000000000e+03 5.467378396841711037e+03 8.262160315828896273e+01
5.336005999999999716e+01 5.597000000000000000e+03 5.460110248461143783e+03 1.368897515388562169e+02
5.337677000000000049e+01 5.456000000000000000e+03 5.453093312000134574e+03 2.906687999865425809e+00
5.339347999999999672e+01 5.287000000000000000e+03 5.447508254600758846e+03 -1.605082546007588462e+02
5.341019000000000005e+01 5.253000000000000000e+03 5.443445581626538115e+03 -1.904455816265381145e+02
5.342690000000000339e+01 5.281000000000000000e+03 5.440062298638692482e+03 -1.590622986386924822e+02
5.344360999999999962e+01 5.250000000000000000e+03 5.436042956555044839e+03 -1.860429565550448388e+02
5.346032000000000295e+01 5.244000000000000000e+03 5.430341981103067155e+03 -1.863419811030671553e+02
5.347704000000000235e+01 5.146000000000000000e+03 5.422777927284346333e+03 -2.767779272843463332e+02
5.349374999999999858e+01 5.055000000000000000e+03 5.414004299523840018e+03 -3.590042995238400181e+02
5.351046000000000191e+01 5.104000000000000000e+03 5.404975047419638940e+03 -3.009750474196389405e+02
5.352716999999999814e+01 5.086000000000000000e+03 5.396552491517351882e+03 -3.105524915173518821e+02
5.354388000000000147e+01 5.103000000000000000e+03 5.389341658052182538e+03 -2.863416580521825381e+02
5.356058999999999770e+01 4.896000000000000000e+03 5.383657574272028796e+03 -4.876575742720287963e+02
5.357730000000000103e+01 4.977000000000000000e+03 5.379549987909424999e+03 -4.025499879094249991e+02
5.359400999999999726e+01 4.980000000000000000e+03 5.376868440296344488e+03 -3.968684402963444882e+02
5.361072999999999666e+01 4.897000000000000000e+03 5.375348427926825934e+03 -4.783484279268259343e+02
5.362744000000000000e+01 4.931000000000000000e+03 5.374696849977140118e+03 -4.436968499771401184e+02
5.364415000000000333e+01 4.977000000000000000e+03 5.374645607527309039e+03 -3.976456075273090391e+02
5.366085999999999956e+01 4.915000000000000000e+03 5.374984837277944280e+03 -4.599848372779442798e+02
5.367757000000000289e+01 4.908000000000000000e+03 5.375566481875853242e+03 -4.675664818758532419e+02
5.369427999999999912e+01 4.975000000000000000e+03 5.376294859755134894e+03 -4.012948597551348939e+02
5.371099000000000245e+01 4.923000000000000000e+03 5.377137113689849684e+03 -4.541371136898496843e+02
5.372769999999999868e+01 4.882000000000000000e+03 5.378010566505229690e+03 -4.960105665052296899e+02
5.374441999999999808e+01 5.119000000000000000e+03 5.378921789838739642e+03 -2.599217898387396417e+02
5.376113000000000142e+01 4.984000000000000000e+03 5.379858967344261146e+03 -3.958589673442611456e+02
5.377783999999999764e+01 5.032000000000000000e+03 5.380816108232178522e+03 -3.488161082321785216e+02
5.379455000000000098e+01 5.071000000000000000e+03 5.381788884703241820e+03 -3.107888847032418198e+02
5.381125999999999721e+01 5.063000000000000000e+03 5.382774171508335712e+03 -3.197741715083357121e+02
5.382797000000000054e+01 5.082000000000000000e+03 5.383769561526990401e+03 -3.017695615269904010e+02
5.384467999999999677e+01 4.996000000000000000e+03 5.384773124258513235e+03 -3.887731242585132350e+02
5.386139000000000010e+01 5.030000000000000000e+03 5.385783275101856816e+03 -3.557832751018568160e+02
5.387810999999999950e+01 5.029000000000000000e+03 5.386812479515036102e+03 -3.578124795150361024e+02
5.389482000000000284e+01 5.062000000000000000e+03 5.387832136270604678e+03 -3.258321362706046784e+02
5.391152999999999906e+01 5.090000000000000000e+03 5.388855020509865426e+03 -2.988550205098654260e+02
5.392824000000000240e+01 4.973000000000000000e+03 5.389880337214037354e+03 -4.168803372140373540e+02
5.394494999999999862e+01 4.961000000000000000e+03 5.390907407156969384e+03 -4.299074071569693842e+02
5.396166000000000196e+01 5.137000000000000000e+03 5.391935647306469946e+03 -2.549356473064699458e+02
5.397836999999999819e+01 5.125000000000000000e+03 5.392964555020856096e+03 -2.679645550208560962e+02
5.399508999999999759e+01 5.062000000000000000e+03 5.393994311092357748e+03 -3.319943110923577478e+02
5.401180000000000092e+01 5.170000000000000000e+03 5.395023305578125473e+03 -2.250233055781254734e+02
5.402850999999999715e+01 5.178000000000000000e+03 5.396051824822638991e+03 -2.180518248226389915e+02
5.404522000000000048e+01 5.304000000000000000e+03 5.397079580669784264e+03 -9.307958066978426359e+01
5.406192999999999671e+01 5.394000000000000000e+03 5.398106320414907714e+03 -4.106320414907713712e+00
5.407864000000000004e+01 5.591000000000000000e+03 5.399131821883090197e+03 1.918681781169098031e+02
5.409535000000000338e+01 5.612000000000000000e+03 5.400155889306254721e+03 2.118441106937452787e+02
5.411205999999999960e+01 5.660000000000000000e+03 5.401178349854796579e+03 2.588216501452034208e+02
5.412877999999999901e+01 5.948000000000000000e+03 5.402199660985938863e+03 5.458003390140611373e+02
5.414549000000000234e+01 5.897000000000000000e+03 5.403218465678280154e+03 4.937815343217198460e+02
5.416219999999999857e+01 5.918000000000000000e+03 5.404250294097590995e+03 5.137497059024090049e+02
5.417891000000000190e+01 5.957000000000000000e+03 5.405265044024340568e+03 5.517349559756594317e+02
5.419561999999999813e+01 5.784000000000000000e+03 5.406277579211839111e+03 3.777224207881608891e+02
5.421233000000000146e+01 5.870000000000000000e+03 5.407287816208657205e+03 4.627121837913427953e+02
5.422903999999999769e+01 5.839000000000000000e+03 5.408295681162858273e+03 4.307043188371417273e+02
5.424575000000000102e+01 5.841000000000000000e+03 5.409301108837918946e+03 4.316988911620810541e+02
5.426247000000000043e+01 5.748000000000000000e+03 5.410304641203919346e+03 3.376953587960806544e+02
5.427917999999999665e+01 5.743000000000000000e+03 5.411305027396279911e+03 3.316949726037200890e+02
5.429588999999999999e+01 5.710000000000000000e+03 5.412302824314548161e+03 2.976971756854518389e+02
5.431260000000000332e+01 5.639000000000000000e+03 5.413297993741729442e+03 2.257020062582705577e+02
5.432930999999999955e+01 5.668000000000000000e+03 5.414298478294951565e+03 2.537015217050484353e+02
5.434602000000000288e+01 5.681000000000000000e+03 5.415288342246717548e+03 2.657116577532824522e+02
5.436272999999999911e+01 5.475000000000000000e+03 5.416275494901317870e+03 5.872450509868212976e+01
5.437944000000000244e+01 5.635000000000000000e+03 5.417259917155159201e+03 2.177400828448407992e+02
5.439616000000000184e+01 5.699000000000000000e+03 5.418242180539374203e+03 2.807578194606257966e+02
5.441286999999999807e+01 5.675000000000000000e+03 5.419221098714359869e+03 2.557789012856401314e+02
5.442958000000000141e+01 5.604000000000000000e+03 5.420197252145020684e+03 1.838027478549793159e+02
5.444628999999999763e+01 5.610000000000000000e+03 5.421170636361645848e+03 1.888293636383541525e+02
5.446300000000000097e+01 5.593000000000000000e+03 5.422141250112716989e+03 1.708587498872830110e+02
5.447970999999999719e+01 5.545000000000000000e+03 5.423109095240227362e+03 1.218909047597726385e+02
5.449642000000000053e+01 5.522000000000000000e+03 5.424074176576177706e+03 9.792582342382229399e+01
5.451312999999999676e+01 5.477000000000000000e+03 5.425036501858311567e+03 5.196349814168843295e+01
5.452985000000000326e+01 5.404000000000000000e+03 5.425996655098808333e+03 -2.199665509880833270e+01
5.454655999999999949e+01 5.394000000000000000e+03 5.426953501161946406e+03 -3.295350116194640577e+01
5.456327000000000282e+01 5.432000000000000000e+03 5.427907631242632306e+03 4.092368757367694343e+00
5.457997999999999905e+01 5.336000000000000000e+03 5.428859064192898586e+03 -9.285906419289858604e+01
5.459669000000000239e+01 5.415000000000000000e+03 5.429807821588383376e+03 -1.480782158838337637e+01
5.461339999999999861e+01 5.183000000000000000e+03 5.430753927732738703e+03 -2.477539277327387026e+02
5.463011000000000195e+01 5.293000000000000000e+03 5.431697409674072333e+03 -1.386974096740723326e+02
5.464681999999999817e+01 5.335000000000000000e+03 5.432638297233064804e+03 -9.763829723306480446e+01
5.466353999999999758e+01 5.259000000000000000e+03 5.433577183817863443e+03 -1.745771838178634425e+02
5.468025000000000091e+01 5.076000000000000000e+03 5.434512981872350792e+03 -3.585129818723507924e+02
5.469695999999999714e+01 5.148000000000000000e+03 5.435446292116296718e+03 -2.874462921162967177e+02
5.471367000000000047e+01 5.073000000000000000e+03 5.436377155968658371e+03 -3.633771559686583714e+02
5.473037999999999670e+01 5.238000000000000000e+03 5.437305617929881919e+03 -1.993056179298819188e+02
5.474709000000000003e+01 5.072000000000000000e+03 5.438231725677403119e+03 -3.662317256774031193e+02
5.476380000000000337e+01 5.085000000000000000e+03 5.439155530172892213e+03 -3.541555301728922132e+02
5.478050999999999959e+01 4.977000000000000000e+03 5.440077085781509595e+03 -4.630770857815095951e+02
5.479722999999999900e+01 5.063000000000000000e+03 5.440996999948126359e+03 -3.779969999481263585e+02
5.481394000000000233e+01 4.983000000000000000e+03 5.441914233909402355e+03 -4.589142339094023555e+02
5.483064999999999856e+01 5.083000000000000000e+03 5.442829403924503822e+03 -3.598294039245038221e+02
5.484736000000000189e+01 5.080000000000000000e+03 5.443742579426829252e+03 -3.637425794268292520e+02
5.486406999999999812e+01 5.036000000000000000e+03 5.444653834049766374e+03 -4.086538340497663739e+02
5.488078000000000145e+01 5.053000000000000000e+03 5.445563245831134736e+03 -3.925632458311347364e+02
5.489748999999999768e+01 5.075000000000000000e+03 5.446470897434916878e+03 -3.714708974349168784e+02
5.491420000000000101e+01 5.125000000000000000e+03 5.447376876391416772e+03 -3.223768763914167721e+02
5.493092000000000041e+01 5.123000000000000000e+03 5.448281816135663576e+03 -3.252818161356635756e+02
5.494762999999999664e+01 5.013000000000000000e+03 5.449184732318586612e+03 -4.361847323185866117e+02
5.496433999999999997e+01 4.962000000000000000e+03 5.450086270414682986e+03 -4.880862704146829856e+02
5.498105000000000331e+01 5.003000000000000000e+03 5.450986540244084608e+03 -4.479865402440846083e+02
5.499775999999999954e+01 5.013000000000000000e+03 5.451885658023362339e+03 -4.388856580233623390e+02
5.501447000000000287e+01 5.149000000000000000e+03 5.452783746750183127e+03 -3.037837467501831270e+02
5.503117999999999910e+01 5.025000000000000000e+03 5.453680936619468412e+03 -4.286809366194684117e+02
5.504789000000000243e+01 5.156000000000000000e+03 5.454577365473777718e+03 -2.985773654737777179e+02
5.506461000000000183e+01 5.142000000000000000e+03 5.455473715231724782e+03 -3.134737152317247819e+02
5.508131999999999806e+01 5.000000000000000000e+03 5.456369068426041849e+03 -4.563690684260418493e+02
5.509803000000000139e+01 5.090000000000000000e+03 5.457264125203988442e+03 -3.672641252039884421e+02
5.511473999999999762e+01 5.108000000000000000e+03 5.458159059307889038e+03 -3.501590593078890379e+02
5.513145000000000095e+01 5.321000000000000000e+03 5.459054055013405559e+03 -1.380540550134055593e+02
5.514815999999999718e+01 5.289000000000000000e+03 5.459949307862899332e+03 -1.709493078628993317e+02
5.516487000000000052e+01 5.243000000000000000e+03 5.460845025463163438e+03 -2.178450254631634380e+02
5.518158999999999992e+01 5.498000000000000000e+03 5.461741965052158776e+03 3.625803494784122449e+01
5.519830000000000325e+01 5.537000000000000000e+03 5.462639288276128354e+03 7.436071172387164552e+01
5.521500999999999948e+01 5.463000000000000000e+03 5.463537780695046422e+03 -5.377806950464218971e-01
5.523172000000000281e+01 5.710000000000000000e+03 5.464437707690280149e+03 2.455622923097198509e+02
5.524842999999999904e+01 5.728000000000000000e+03 5.465339351917345994e+03 2.626606480826540064e+02
5.526514000000000237e+01 5.511000000000000000e+03 5.466243014656225569e+03 4.475698534377443139e+01
5.528184999999999860e+01 5.524000000000000000e+03 5.467149017291489145e+03 5.685098270851085545e+01
5.529856000000000193e+01 5.462000000000000000e+03 5.468057702936849637e+03 -6.057702936849636899e+00
5.531528000000000134e+01 5.503000000000000000e+03 5.468969984833182934e+03 3.403001516681706562e+01
5.533198999999999756e+01 5.490000000000000000e+03 5.469885164045729653e+03 2.011483595427034743e+01
5.534870000000000090e+01 5.452000000000000000e+03 5.470804205017691856e+03 -1.880420501769185648e+01
5.536540999999999713e+01 5.544000000000000000e+03 5.471727557556774627e+03 7.227244244322537270e+01
5.538212000000000046e+01 5.387000000000000000e+03 5.472655704150728525e+03 -8.565570415072852484e+01
5.539882999999999669e+01 5.523000000000000000e+03 5.473589162893547837e+03 4.941083710645216343e+01
5.541554000000000002e+01 5.449000000000000000e+03 5.474528490730734120e+03 -2.552849073073412001e+01
5.543225000000000335e+01 5.493000000000000000e+03 5.475474287064603232e+03 1.752571293539676844e+01
5.544897000000000276e+01 5.445000000000000000e+03 5.476427770296804738e+03 -3.142777029680473788e+01
5.546567999999999898e+01 5.419000000000000000e+03 5.477388497074814950e+03 -5.838849707481494988e+01
5.548239000000000232e+01 5.344000000000000000e+03 5.478357788256063031e+03 -1.343577882560630314e+02
5.549909999999999854e+01 5.263000000000000000e+03 5.479336458163436873e+03 -2.163364581634368733e+02
5.551581000000000188e+01 5.402000000000000000e+03 5.480325388926259620e+03 -7.832538892625962035e+01
5.553251999999999811e+01 5.478000000000000000e+03 5.481325537528029599e+03 -3.325537528029599343e+00
5.554923000000000144e+01 5.497000000000000000e+03 5.482337943743483265e+03 1.466205625651673472e+01
5.556593999999999767e+01 5.581000000000000000e+03 5.483363739097118014e+03 9.763626090288198611e+01
5.558265999999999707e+01 5.698000000000000000e+03 5.484404784270866003e+03 2.135952157291339972e+02
5.559937000000000040e+01 5.604000000000000000e+03 5.485461181490807576e+03 1.185388185091924242e+02
5.561607999999999663e+01 5.460000000000000000e+03 5.486535022198857405e+03 -2.653502219885740487e+01
5.563278999999999996e+01 5.496000000000000000e+03 5.487627921052819147e+03 8.372078947180852992e+00
5.564950000000000330e+01 5.491000000000000000e+03 5.488741651079041731e+03 2.258348920958269446e+00
5.566620999999999952e+01 5.715000000000000000e+03 5.489878163180575939e+03 2.251218368194240611e+02
5.568292000000000286e+01 5.727000000000000000e+03 5.491039608559670341e+03 2.359603914403296585e+02
5.569962999999999909e+01 5.823000000000000000e+03 5.492228364567887184e+03 3.307716354321128165e+02
5.571634999999999849e+01 6.076000000000000000e+03 5.493447803458812814e+03 5.825521965411871861e+02
5.573306000000000182e+01 6.338000000000000000e+03 5.494699392255603925e+03 8.433006077443960748e+02
5.574976999999999805e+01 6.473000000000000000e+03 5.495987106508026955e+03 9.770128934919730455e+02
5.576648000000000138e+01 7.029000000000000000e+03 5.497314580006266624e+03 1.531685419993733376e+03
5.578318999999999761e+01 7.567000000000000000e+03 5.498685880216303303e+03 2.068314119783696697e+03
5.579990000000000094e+01 8.329000000000000000e+03 5.500105573435488623e+03 2.828894426564511377e+03
5.581660999999999717e+01 9.122000000000000000e+03 5.501578801812836900e+03 3.620421198187163100e+03
5.583332000000000050e+01 9.604000000000000000e+03 5.503111374781380619e+03 4.100888625218619381e+03
5.585003999999999991e+01 1.003700000000000000e+04 5.504710855882847682e+03 4.532289144117152318e+03
5.586675000000000324e+01 1.030600000000000000e+04 5.506382828556838831e+03 4.799617171443161169e+03
5.588345999999999947e+01 1.004600000000000000e+04 5.508136786483856667e+03 4.537863213516143333e+03
5.590017000000000280e+01 9.887000000000000000e+03 5.509982541640364616e+03 4.377017458359635384e+03
5.591687999999999903e+01 9.946000000000000000e+03 5.511931391941657239e+03 4.434068608058342761e+03
5.593359000000000236e+01 9.296000000000000000e+03 5.513988655377723262e+03 3.782011344622276738e+03
5.595029999999999859e+01 9.135000000000000000e+03 5.516185055864813876e+03 3.618814944135186124e+03
5.596701000000000192e+01 8.921000000000000000e+03 5.518530537324967554e+03 3.402469462675032446e+03
5.598373000000000133e+01 8.763000000000000000e+03 5.521047485664566011e+03 3.241952514335433989e+03
5.600043999999999755e+01 8.388000000000000000e+03 5.523757505682020565e+03 2.864242494317979435e+03
5.601715000000000089e+01 8.191000000000000000e+03 5.526691325624136880e+03 2.664308674375863120e+03
5.603385999999999711e+01 7.949000000000000000e+03 5.529884115400889641e+03 2.419115884599110359e+03
5.605057000000000045e+01 7.808000000000000000e+03 5.533374628396993103e+03 2.274625371603006897e+03
5.606727999999999668e+01 7.329000000000000000e+03 5.537224730557450130e+03 1.791775269442549870e+03
5.608399000000000001e+01 7.041000000000000000e+03 5.541500175060266884e+03 1.499499824939733116e+03
5.610070000000000334e+01 6.653000000000000000e+03 5.546298313075822989e+03 1.106701686924177011e+03
5.611742000000000274e+01 6.370000000000000000e+03 5.551770158446281130e+03 8.182298415537188703e+02
5.613412999999999897e+01 6.069000000000000000e+03 5.558152080653255325e+03 5.108479193467446748e+02
5.615084000000000231e+01 5.935000000000000000e+03 5.565870117096649665e+03 3.691298829033503353e+02
5.616754999999999853e+01 5.713000000000000000e+03 5.575675147261531492e+03 1.373248527384685076e+02
5.618426000000000187e+01 5.647000000000000000e+03 5.588879045336751915e+03 5.812095466324808513e+01
5.620096999999999809e+01 5.649000000000000000e+03 5.607678869799859058e+03 4.132113020014094218e+01
5.621768000000000143e+01 5.588000000000000000e+03 5.635534170739524598e+03 -4.753417073952459759e+01
5.623440000000000083e+01 5.634000000000000000e+03 5.677515505791639953e+03 -4.351550579163995280e+01
5.625110999999999706e+01 5.809000000000000000e+03 5.740253063350453886e+03 6.874693664954611450e+01
5.626782000000000039e+01 5.820000000000000000e+03 5.831612488545501037e+03 -1.161248854550103715e+01
5.628452999999999662e+01 5.820000000000000000e+03 5.959385385333458544e+03 -1.393853853334585438e+02
5.630123999999999995e+01 5.867000000000000000e+03 6.129291196513316208e+03 -2.622911965133162084e+02
5.631795000000000329e+01 6.173000000000000000e+03 6.342429660774446347e+03 -1.694296607744463472e+02
5.633465999999999951e+01 6.245000000000000000e+03 6.592771370592445237e+03 -3.477713705924452370e+02
5.635137000000000285e+01 6.141000000000000000e+03 6.865333075268178618e+03 -7.243330752681786180e+02
5.636809000000000225e+01 6.209000000000000000e+03 7.135701233878737185e+03 -9.267012338787371846e+02
5.638479999999999848e+01 6.624000000000000000e+03 7.370737122938140601e+03 -7.467371229381406010e+02
5.640151000000000181e+01 6.501000000000000000e+03 7.535204044108373637e+03 -1.034204044108373637e+03
5.641821999999999804e+01 6.427000000000000000e+03 7.603488581666882965e+03 -1.176488581666882965e+03
5.643493000000000137e+01 6.508000000000000000e+03 7.574168680243536073e+03 -1.066168680243536073e+03
5.645163999999999760e+01 6.722000000000000000e+03 7.472627000407577725e+03 -7.506270004075777251e+02
5.646835000000000093e+01 6.882000000000000000e+03 7.337407494372784640e+03 -4.554074943727846403e+02
5.648505999999999716e+01 6.946000000000000000e+03 7.203489748187492296e+03 -2.574897481874922960e+02
5.650177999999999656e+01 7.366000000000000000e+03 7.092945109558104377e+03 2.730548904418956226e+02
5.651848999999999990e+01 7.834000000000000000e+03 7.012461760439033242e+03 8.215382395609667583e+02
5.653520000000000323e+01 8.198000000000000000e+03 6.953773718034844933e+03 1.244226281965155067e+03
5.655190999999999946e+01 8.384000000000000000e+03 6.898148427632329003e+03 1.485851572367670997e+03
5.656862000000000279e+01 8.380000000000000000e+03 6.824949317434941804e+03 1.555050682565058196e+03
5.658532999999999902e+01 8.350000000000000000e+03 6.722467014989473682e+03 1.627532985010526318e+03
5.660204000000000235e+01 8.352000000000000000e+03 6.593414813846307879e+03 1.758585186153692121e+03
5.661874999999999858e+01 8.142000000000000000e+03 6.451108930170694293e+03 1.690891069829305707e+03
5.663546999999999798e+01 7.949000000000000000e+03 6.312200774355657813e+03 1.636799225644342187e+03
5.665218000000000131e+01 7.854000000000000000e+03 6.192707127545309049e+03 1.661292872454690951e+03
5.666888999999999754e+01 7.652000000000000000e+03 6.106247947669749010e+03 1.545752052330250990e+03
5.668560000000000088e+01 7.532000000000000000e+03 6.064385938492342575e+03 1.467614061507657425e+03
5.670230999999999710e+01 7.540000000000000000e+03 6.076817467973097337e+03 1.463182532026902663e+03
5.671902000000000044e+01 7.388000000000000000e+03 6.151415938704123619e+03 1.236584061295876381e+03
5.673572999999999666e+01 7.358000000000000000e+03 6.293543822294353049e+03 1.064456177705646951e+03
5.675244000000000000e+01 7.314000000000000000e+03 6.504363995636607797e+03 8.096360043633922032e+02
5.676915999999999940e+01 7.004000000000000000e+03 6.778572192794625153e+03 2.254278072053748474e+02
5.678587000000000273e+01 7.031000000000000000e+03 7.101202109963215662e+03 -7.020210996321566199e+01
5.680257999999999896e+01 7.174000000000000000e+03 7.446893946367296849e+03 -2.728939463672968486e+02
5.681929000000000229e+01 7.148000000000000000e+03 7.779054065540440206e+03 -6.310540655404402060e+02
5.683599999999999852e+01 7.550000000000000000e+03 8.052886045806500988e+03 -5.028860458065009880e+02
5.685271000000000186e+01 7.605000000000000000e+03 8.224960045112546140e+03 -6.199600451125461404e+02
5.686941999999999808e+01 7.879000000000000000e+03 8.270867448067983787e+03 -3.918674480679837870e+02
5.688613000000000142e+01 7.973000000000000000e+03 8.200233880435387618e+03 -2.272338804353876185e+02
5.690285000000000082e+01 8.143000000000000000e+03 8.052393344259322475e+03 9.060665574067752459e+01
5.691955999999999705e+01 8.219000000000000000e+03 7.876145959843579476e+03 3.428540401564205240e+02
5.693627000000000038e+01 7.863000000000000000e+03 7.710666250735492213e+03 1.523337492645077873e+02
5.695297999999999661e+01 7.745000000000000000e+03 7.578383933122974668e+03 1.666160668770253324e+02
5.696968999999999994e+01 7.547000000000000000e+03 7.480096259599821678e+03 6.690374040017832158e+01
5.698640000000000327e+01 7.451000000000000000e+03 7.402179243829723418e+03 4.882075617027658154e+01
5.700310999999999950e+01 7.039000000000000000e+03 7.319565735471298467e+03 -2.805657354712984670e+02
5.701982000000000284e+01 7.165000000000000000e+03 7.208208073705452080e+03 -4.320807370545207959e+01
5.703654000000000224e+01 6.994000000000000000e+03 7.057512513366719759e+03 -6.351251336671975878e+01
5.705324999999999847e+01 6.944000000000000000e+03 6.874407206606994805e+03 6.959279339300519496e+01
5.706996000000000180e+01 6.783000000000000000e+03 6.675673256027296702e+03 1.073267439727032979e+02
5.708666999999999803e+01 6.883000000000000000e+03 6.479327541890665998e+03 4.036724581093340021e+02
5.710338000000000136e+01 6.592000000000000000e+03 6.299840929411860088e+03 2.921590705881399117e+02
5.712008999999999759e+01 6.163000000000000000e+03 6.146825863756555009e+03 1.617413624344499112e+01
5.713680000000000092e+01 6.284000000000000000e+03 6.025583176584038483e+03 2.584168234159615167e+02
5.715350999999999715e+01 6.166000000000000000e+03 5.936125049215865147e+03 2.298749507841348532e+02
5.717022999999999655e+01 5.967000000000000000e+03 5.877232972029870325e+03 8.976702797012967494e+01
5.718693999999999988e+01 5.776000000000000000e+03 5.846675839521290072e+03 -7.067583952129007230e+01
5.720365000000000322e+01 5.757000000000000000e+03 5.843392287646656769e+03 -8.639228764665676863e+01
5.722035999999999945e+01 5.832000000000000000e+03 5.869294464803334449e+03 -3.729446480333444924e+01
5.723707000000000278e+01 5.717000000000000000e+03 5.930293500291751116e+03 -2.132935002917511156e+02
5.725377999999999901e+01 5.736000000000000000e+03 6.036528801726714846e+03 -3.005288017267148462e+02
5.727049000000000234e+01 6.155000000000000000e+03 6.201432284240167974e+03 -4.643228424016797362e+01
5.728719999999999857e+01 6.142000000000000000e+03 6.439324952713849598e+03 -2.973249527138495978e+02
5.730391999999999797e+01 6.409000000000000000e+03 6.761720102409890387e+03 -3.527201024098903872e+02
5.732063000000000130e+01 6.900000000000000000e+03 7.171533043219403226e+03 -2.715330432194032255e+02
5.733733999999999753e+01 7.416000000000000000e+03 7.659232710504738861e+03 -2.432327105047388613e+02
5.735405000000000086e+01 8.180000000000000000e+03 8.198310284588533250e+03 -1.831028458853324992e+01
5.737075999999999709e+01 8.932000000000000000e+03 8.743770083993480512e+03 1.882299160065194883e+02
5.738747000000000043e+01 9.454000000000000000e+03 9.233755731837221902e+03 2.202442681627780985e+02
5.740417999999999665e+01 9.711000000000000000e+03 9.598011849304370116e+03 1.129881506956298836e+02
5.742090000000000316e+01 9.980000000000000000e+03 9.778732187453537335e+03 2.012678125464626646e+02
5.743760999999999939e+01 9.846000000000000000e+03 9.759094906351652753e+03 8.690509364834724693e+01
5.745432000000000272e+01 9.734000000000000000e+03 9.576889844294266368e+03 1.571101557057336322e+02
5.747102999999999895e+01 9.381000000000000000e+03 9.304416783766178924e+03 7.658321623382107646e+01
5.748774000000000228e+01 9.133000000000000000e+03 9.015322977420553798e+03 1.176770225794462021e+02
5.750444999999999851e+01 8.879000000000000000e+03 8.762276960557923303e+03 1.167230394420766970e+02
5.752116000000000184e+01 8.660000000000000000e+03 8.568683434650927666e+03 9.131656534907233436e+01
5.753786999999999807e+01 8.503000000000000000e+03 8.428216473591555769e+03 7.478352640844423149e+01
5.755458999999999747e+01 8.387000000000000000e+03 8.309965044129839953e+03 7.703495587016004720e+01
5.757130000000000081e+01 8.202000000000000000e+03 8.171586214536074294e+03 3.041378546392570570e+01
5.758800999999999704e+01 7.875000000000000000e+03 7.979066153632444184e+03 -1.040661536324441840e+02
5.760472000000000037e+01 7.543000000000000000e+03 7.723671731377458855e+03 -1.806717313774588547e+02
5.762142999999999660e+01 7.276000000000000000e+03 7.421752741429577327e+03 -1.457527414295773269e+02
5.763813999999999993e+01 6.886000000000000000e+03 7.101332802662061113e+03 -2.153328026620611126e+02
5.765485000000000326e+01 6.717000000000000000e+03 6.789806019718114840e+03 -7.280601971811483963e+01
5.767155999999999949e+01 6.522000000000000000e+03 6.508205297519472879e+03 1.379470248052712122e+01
5.768827999999999889e+01 6.137000000000000000e+03 6.269358147986045878e+03 -1.323581479860458785e+02
5.770499000000000223e+01 5.893000000000000000e+03 6.078523446751286428e+03 -1.855234467512864285e+02
5.772169999999999845e+01 5.605000000000000000e+03 5.933854151907488813e+03 -3.288541519074888129e+02
5.773841000000000179e+01 5.515000000000000000e+03 5.829171892959806428e+03 -3.141718929598064278e+02
5.775511999999999802e+01 5.454000000000000000e+03 5.756197295481539186e+03 -3.021972954815391859e+02
5.777183000000000135e+01 5.428000000000000000e+03 5.706541540581939444e+03 -2.785415405819394437e+02
5.778853999999999758e+01 5.467000000000000000e+03 5.672971605594590073e+03 -2.059716055945900735e+02
5.780525000000000091e+01 5.347000000000000000e+03 5.649938275276991590e+03 -3.029382752769915896e+02
5.782197000000000031e+01 5.254000000000000000e+03 5.633553488380062845e+03 -3.795534883800628450e+02
5.783867999999999654e+01 5.225000000000000000e+03 5.621322025579761430e+03 -3.963220255797614300e+02
5.785538999999999987e+01 5.301000000000000000e+03 5.611699123163316472e+03 -3.106991231633164716e+02
5.787210000000000321e+01 5.228000000000000000e+03 5.603787145465157664e+03 -3.757871454651576641e+02
5.788880999999999943e+01 5.207000000000000000e+03 5.597068827455476821e+03 -3.900688274554768213e+02
5.790552000000000277e+01 5.195000000000000000e+03 5.591219178186125646e+03 -3.962191781861256459e+02
5.792222999999999900e+01 5.243000000000000000e+03 5.586094106657275006e+03 -3.430941066572750060e+02
5.793894000000000233e+01 5.171000000000000000e+03 5.581546429179456936e+03 -4.105464291794569363e+02
5.795566000000000173e+01 5.308000000000000000e+03 5.577483019882974986e+03 -2.694830198829749861e+02
5.797236999999999796e+01 5.231000000000000000e+03 5.573838606514383173e+03 -3.428386065143831729e+02
5.798908000000000129e+01 5.178000000000000000e+03 5.570554221724199124e+03 -3.925542217241991239e+02
5.800578999999999752e+01 5.132000000000000000e+03 5.567583355523555838e+03 -4.355833555235558379e+02
5.802250000000000085e+01 5.233000000000000000e+03 5.564887100539881430e+03 -3.318871005398814304e+02
5.803920999999999708e+01 5.287000000000000000e+03 5.562421116785400045e+03 -2.754211167854000450e+02
5.805592000000000041e+01 5.131000000000000000e+03 5.560180569282559190e+03 -4.291805692825591905e+02
5.807262999999999664e+01 5.169000000000000000e+03 5.558130082713307274e+03 -3.891300827133072744e+02
5.808935000000000315e+01 5.132000000000000000e+03 5.556248164059775263e+03 -4.242481640597752630e+02
5.810605999999999938e+01 5.197000000000000000e+03 5.554519493828285704e+03 -3.575194938282857038e+02
5.812277000000000271e+01 5.285000000000000000e+03 5.552927745766952285e+03 -2.679277457669522846e+02
5.813947999999999894e+01 5.105000000000000000e+03 5.551459817513587041e+03 -4.464598175135870406e+02
5.815619000000000227e+01 5.232000000000000000e+03 5.550104362749544634e+03 -3.181043627495446344e+02
5.817289999999999850e+01 5.174000000000000000e+03 5.548851551473114341e+03 -3.748515514731143412e+02
5.818961000000000183e+01 5.288000000000000000e+03 5.547692874234510782e+03 -2.596928742345107821e+02
5.820631999999999806e+01 5.280000000000000000e+03 5.546620982823810664e+03 -2.666209828238106638e+02
5.822303999999999746e+01 5.161000000000000000e+03 5.545628991319826127e+03 -3.846289913198261274e+02
5.823975000000000080e+01 5.243000000000000000e+03 5.544712698672184160e+03 -3.017126986721841604e+02
5.825645999999999702e+01 5.190000000000000000e+03 5.543866954663454635e+03 -3.538669546634546350e+02
5.827317000000000036e+01 5.274000000000000000e+03 5.543088019134220303e+03 -2.690880191342203034e+02
5.828987999999999658e+01 5.255000000000000000e+03 5.542372907058615056e+03 -2.873729070586150556e+02
5.830658999999999992e+01 5.271000000000000000e+03 5.541719370059188805e+03 -2.707193700591888046e+02
5.832330000000000325e+01 5.147000000000000000e+03 5.541125898525712728e+03 -3.941258985257127279e+02
5.834000999999999948e+01 5.185000000000000000e+03 5.540591747090121316e+03 -3.555917470901213164e+02
5.835672999999999888e+01 5.305000000000000000e+03 5.540116723497587373e+03 -2.351167234975873725e+02
5.837344000000000221e+01 5.400000000000000000e+03 5.539702388615926793e+03 -1.397023886159267931e+02
5.839014999999999844e+01 5.300000000000000000e+03 5.539350525343656955e+03 -2.393505253436569546e+02
5.840686000000000178e+01 5.333000000000000000e+03 5.539064634383300472e+03 -2.060646343833004721e+02
5.842356999999999800e+01 5.263000000000000000e+03 5.538850266839320284e+03 -2.758502668393202839e+02
5.844028000000000134e+01 5.287000000000000000e+03 5.538716306001794692e+03 -2.517163060017946918e+02
5.845698999999999756e+01 5.440000000000000000e+03 5.538677541332467626e+03 -9.867754133246762649e+01
5.847370999999999697e+01 5.292000000000000000e+03 5.538759748379387929e+03 -2.467597483793879292e+02
5.849042000000000030e+01 5.283000000000000000e+03 5.539008552558803785e+03 -2.560085525588037854e+02
5.850712999999999653e+01 5.241000000000000000e+03 5.539505142037412952e+03 -2.985051420374129520e+02
5.852383999999999986e+01 5.362000000000000000e+03 5.540390003391663413e+03 -1.783900033916634129e+02
5.854055000000000319e+01 5.192000000000000000e+03 5.541895567998676597e+03 -3.498955679986765972e+02
5.855725999999999942e+01 5.415000000000000000e+03 5.544384043621264937e+03 -1.293840436212649365e+02
5.857397000000000276e+01 5.440000000000000000e+03 5.548380125704577949e+03 -1.083801257045779494e+02
5.859067999999999898e+01 5.356000000000000000e+03 5.554580146513566433e+03 -1.985801465135664330e+02
5.860739999999999839e+01 5.463000000000000000e+03 5.563819910626559249e+03 -1.008199106265592491e+02
5.862411000000000172e+01 5.329000000000000000e+03 5.576941613875907933e+03 -2.479416138759079331e+02
5.864081999999999795e+01 5.505000000000000000e+03 5.594638482184630448e+03 -8.963848218463044759e+01
5.865753000000000128e+01 5.354000000000000000e+03 5.617187906301493967e+03 -2.631879063014939675e+02
5.867423999999999751e+01 5.262000000000000000e+03 5.644197742115394249e+03 -3.821977421153942487e+02
5.869095000000000084e+01 5.521000000000000000e+03 5.674399579736082160e+03 -1.533995797360821598e+02
5.870765999999999707e+01 5.529000000000000000e+03 5.705544498007938273e+03 -1.765444980079382731e+02
5.872437000000000040e+01 5.596000000000000000e+03 5.734448221685419412e+03 -1.384482216854194121e+02
5.874108999999999980e+01 5.502000000000000000e+03 5.757334518885224497e+03 -2.553345188852244974e+02
5.875780000000000314e+01 5.623000000000000000e+03 5.770688739101276951e+03 -1.476887391012769513e+02
5.877450999999999937e+01 5.639000000000000000e+03 5.772825254162637975e+03 -1.338252541626379752e+02
5.879122000000000270e+01 5.829000000000000000e+03 5.764904340452581891e+03 6.409565954741810856e+01
5.880792999999999893e+01 5.924000000000000000e+03 5.750434012827241531e+03 1.735659871727584687e+02
5.882464000000000226e+01 6.095000000000000000e+03 5.733590565448470443e+03 3.614094345515295572e+02
5.884134999999999849e+01 6.097000000000000000e+03 5.717781526927788036e+03 3.792184730722119639e+02
5.885806000000000182e+01 5.965000000000000000e+03 5.704976704109979437e+03 2.600232958900205631e+02
5.887478000000000122e+01 5.892000000000000000e+03 5.695540386505818788e+03 1.964596134941812124e+02
5.889148999999999745e+01 6.022000000000000000e+03 5.688379227930116940e+03 3.336207720698830599e+02
5.890820000000000078e+01 5.855000000000000000e+03 5.681364186290987163e+03 1.736358137090128366e+02
5.892490999999999701e+01 5.676000000000000000e+03 5.672237124587848484e+03 3.762875412151515775e+00
5.894162000000000035e+01 5.835000000000000000e+03 5.659674843185421196e+03 1.753251568145788042e+02
5.895832999999999657e+01 5.716000000000000000e+03 5.643823482779395817e+03 7.217651722060418251e+01
5.897503999999999991e+01 5.631000000000000000e+03 5.625916556762431355e+03 5.083443237568644690e+00
5.899175000000000324e+01 5.631000000000000000e+03 5.607522717396323969e+03 2.347728260367603070e+01
5.900847000000000264e+01 5.665000000000000000e+03 5.590027190920628527e+03 7.497280907937147276e+01
5.902517999999999887e+01 5.552000000000000000e+03 5.574466808460330867e+03 -2.246680846033086709e+01
5.904189000000000220e+01 5.396000000000000000e+03 5.561411042302554051e+03 -1.654110423025540513e+02
5.905859999999999843e+01 5.489000000000000000e+03 5.551028120625013798e+03 -6.202812062501379842e+01
5.907531000000000176e+01 5.379000000000000000e+03 5.543156794180979887e+03 -1.641567941809798867e+02
5.909201999999999799e+01 5.316000000000000000e+03 5.537425665470278545e+03 -2.214256654702785454e+02
5.910873000000000133e+01 5.348000000000000000e+03 5.533375719131772712e+03 -1.853757191317727120e+02
5.912543999999999755e+01 5.325000000000000000e+03 5.530557642222410323e+03 -2.055576422224103226e+02
5.914215999999999696e+01 5.293000000000000000e+03 5.528589777886625598e+03 -2.355897778866255976e+02
5.915887000000000029e+01 5.194000000000000000e+03 5.527184750828379947e+03 -3.331847508283799471e+02
5.917557999999999652e+01 5.144000000000000000e+03 5.526139228540243494e+03 -3.821392285402434936e+02
5.919228999999999985e+01 5.167000000000000000e+03 5.525322169248240243e+03 -3.583221692482402432e+02
5.920900000000000318e+01 5.159000000000000000e+03 5.524653332564417724e+03 -3.656533325644177239e+02
5.922570999999999941e+01 5.209000000000000000e+03 5.524085600788458578e+03 -3.150856007884585779e+02
5.924242000000000274e+01 5.339000000000000000e+03 5.523591882133624495e+03 -1.845918821336244946e+02
5.925912999999999897e+01 5.264000000000000000e+03 5.523156521413925475e+03 -2.591565214139254749e+02
5.927584999999999837e+01 5.286000000000000000e+03 5.522769962164969002e+03 -2.367699621649690016e+02
5.929256000000000171e+01 5.257000000000000000e+03 5.522426816293799675e+03 -2.654268162937996749e+02
5.930926999999999794e+01 5.176000000000000000e+03 5.522123011535351907e+03 -3.461230115353519068e+02
5.932598000000000127e+01 5.308000000000000000e+03 5.521856004775080692e+03 -2.138560047750806916e+02
5.934268999999999750e+01 5.294000000000000000e+03 5.521624173649266595e+03 -2.276241736492665950e+02
5.935940000000000083e+01 5.196000000000000000e+03 5.521426635543098200e+03 -3.254266355430982003e+02
5.937610999999999706e+01 5.360000000000000000e+03 5.521263156987900402e+03 -1.612631569879004019e+02
5.939282000000000039e+01 5.372000000000000000e+03 5.521134112086431742e+03 -1.491341120864317418e+02
5.940953999999999979e+01 5.276000000000000000e+03 5.521040427373814055e+03 -2.450404273738140546e+02
5.942625000000000313e+01 5.536000000000000000e+03 5.520983800170407449e+03 1.501619982959255140e+01
5.944295999999999935e+01 5.617000000000000000e+03 5.520966399446218929e+03 9.603360055378107063e+01
5.945967000000000269e+01 5.648000000000000000e+03 5.520991175235835726e+03 1.270088247641642738e+02
5.947637999999999892e+01 5.669000000000000000e+03 5.521061883775663773e+03 1.479381162243362269e+02
5.949309000000000225e+01 5.700000000000000000e+03 5.521183215654258674e+03 1.788167843457413255e+02
5.950979999999999848e+01 5.842000000000000000e+03 5.521360975361877536e+03 3.206390246381224642e+02
5.952651999999999788e+01 5.891000000000000000e+03 5.521602509636413743e+03 3.693974903635862574e+02
5.954323000000000121e+01 5.981000000000000000e+03 5.521911310921297627e+03 4.590886890787023731e+02
5.955993999999999744e+01 6.066000000000000000e+03 5.522309440041619382e+03 5.436905599583806179e+02
5.957665000000000077e+01 6.352000000000000000e+03 5.522807091905026937e+03 8.291929080949730633e+02
5.959335999999999700e+01 6.355000000000000000e+03 5.523426338969170502e+03 8.315736610308294985e+02
5.961007000000000033e+01 6.308000000000000000e+03 5.524201263421203294e+03 7.837987365787967065e+02
5.962677999999999656e+01 6.224000000000000000e+03 5.525188122897384346e+03 6.988118771026156537e+02
5.964348999999999990e+01 6.186000000000000000e+03 5.526483573485517809e+03 6.595164265144821911e+02
5.966020999999999930e+01 6.079000000000000000e+03 5.528256274729483266e+03 5.507437252705167339e+02
5.967692000000000263e+01 5.966000000000000000e+03 5.530788618052506536e+03 4.352113819474934644e+02
5.969362999999999886e+01 5.934000000000000000e+03 5.534542689846911344e+03 3.994573101530886561e+02
5.971034000000000219e+01 6.120000000000000000e+03 5.540239740213600271e+03 5.797602597863997289e+02
5.972704999999999842e+01 5.990000000000000000e+03 5.548907739677838435e+03 4.410922603221615645e+02
5.974376000000000175e+01 5.920000000000000000e+03 5.561913200125849471e+03 3.580867998741505289e+02
5.976046999999999798e+01 6.075000000000000000e+03 5.580892452883035730e+03 4.941075471169642697e+02
5.977718000000000131e+01 5.873000000000000000e+03 5.607556737474556940e+03 2.654432625254430604e+02
5.979390000000000072e+01 5.837000000000000000e+03 5.643374484627912352e+03 1.936255153720876478e+02
5.981060999999999694e+01 5.782000000000000000e+03 5.689019051402608056e+03 9.298094859739194362e+01
5.982732000000000028e+01 5.763000000000000000e+03 5.743999896212241765e+03 1.900010378775823483e+01
5.984402999999999651e+01 5.943000000000000000e+03 5.806166116882140159e+03 1.368338831178598411e+02
5.986073999999999984e+01 5.950000000000000000e+03 5.871487522139905195e+03 7.851247786009480478e+01
5.987745000000000317e+01 6.025000000000000000e+03 5.934071161377750286e+03 9.092883862224971381e+01
5.989415999999999940e+01 6.077000000000000000e+03 5.986612933927566701e+03 9.038706607243329927e+01
5.991087000000000273e+01 6.105000000000000000e+03 6.021758605649249148e+03 8.324139435075085203e+01
5.992759000000000214e+01 6.190000000000000000e+03 6.034693652005931654e+03 1.553063479940683465e+02
5.994429999999999836e+01 6.139000000000000000e+03 6.025732134154334744e+03 1.132678658456652556e+02
5.996101000000000170e+01 6.072000000000000000e+03 6.000503264561039032e+03 7.149673543896096817e+01
5.997771999999999792e+01 6.108000000000000000e+03 5.967192472905631803e+03 1.408075270943681971e+02
5.999443000000000126e+01 5.737000000000000000e+03 5.933414325468893367e+03 -1.964143254688933666e+02
6.001113999999999749e+01 5.770000000000000000e+03 5.904391454973501823e+03 -1.343914549735018227e+02
6.002785000000000082e+01 5.743000000000000000e+03 5.882316727410575368e+03 -1.393167274105753677e+02
6.004455999999999705e+01 5.705000000000000000e+03 5.866359063703884203e+03 -1.613590637038842033e+02
6.006127999999999645e+01 5.572000000000000000e+03 5.853187947641376013e+03 -2.811879476413760131e+02
6.007798999999999978e+01 5.717000000000000000e+03 5.838264829331816145e+03 -1.212648293318161450e+02
6.009470000000000312e+01 5.700000000000000000e+03 5.817786956152640414e+03 -1.177869561526404141e+02
6.011140999999999934e+01 5.606000000000000000e+03 5.790503169366186739e+03 -1.845031693661867394e+02
6.012812000000000268e+01 5.568000000000000000e+03 5.757977203457555333e+03 -1.899772034575553334e+02
6.014482999999999890e+01 5.654000000000000000e+03 5.723428518748864917e+03 -6.942851874886491714e+01
6.016154000000000224e+01 5.552000000000000000e+03 5.690452522541447252e+03 -1.384525225414472516e+02
6.017824999999999847e+01 5.504000000000000000e+03 5.662321964505413234e+03 -1.583219645054132343e+02
6.019496999999999787e+01 5.480000000000000000e+03 5.641689476704064873e+03 -1.616894767040648730e+02
6.021168000000000120e+01 5.475000000000000000e+03 5.630489255450924247e+03 -1.554892554509242473e+02
6.022838999999999743e+01 5.636000000000000000e+03 5.629768457710975781e+03 6.231542289024218917e+00
6.024510000000000076e+01 5.734000000000000000e+03 5.639678319461312640e+03 9.432168053868736024e+01
6.026180999999999699e+01 5.665000000000000000e+03 5.659410138240972628e+03 5.589861759027371590e+00
6.027852000000000032e+01 5.767000000000000000e+03 5.687160189695096051e+03 7.983981030490394915e+01
6.029522999999999655e+01 5.836000000000000000e+03 5.720124453760814504e+03 1.158755462391854962e+02
6.031193999999999988e+01 5.931000000000000000e+03 5.754548676789330784e+03 1.764513232106692158e+02
6.032865999999999929e+01 6.229000000000000000e+03 5.785920188551494903e+03 4.430798114485050974e+02
6.034537000000000262e+01 5.966000000000000000e+03 5.809413635156934106e+03 1.565863648430658941e+02
6.036207999999999885e+01 5.921000000000000000e+03 5.821184586172377749e+03 9.981541382762225112e+01
6.037879000000000218e+01 5.941000000000000000e+03 5.819894743390578697e+03 1.211052566094213034e+02
6.039549999999999841e+01 5.933000000000000000e+03 5.807511794441026723e+03 1.254882055589732772e+02
6.041221000000000174e+01 5.781000000000000000e+03 5.788321790615112150e+03 -7.321790615112149680e+00
6.042891999999999797e+01 5.746000000000000000e+03 5.767036760640632565e+03 -2.103676064063256490e+01
6.044563000000000130e+01 5.817000000000000000e+03 5.747373292002464950e+03 6.962670799753504980e+01
6.046235000000000070e+01 5.883000000000000000e+03 5.731413434557285655e+03 1.515865654427143454e+02
6.047905999999999693e+01 5.711000000000000000e+03 5.719492796139333223e+03 -8.492796139333222527e+00
6.049577000000000027e+01 5.660000000000000000e+03 5.710291755928618841e+03 -5.029175592861884070e+01
6.051247999999999649e+01 5.537000000000000000e+03 5.701372412168292612e+03 -1.643724121682926125e+02
6.052918999999999983e+01 5.462000000000000000e+03 5.690116294878953340e+03 -2.281162948789533402e+02
6.054590000000000316e+01 5.443000000000000000e+03 5.674891100583782645e+03 -2.318911005837826451e+02
6.056260999999999939e+01 5.349000000000000000e+03 5.655692987361685482e+03 -3.066929873616854820e+02
6.057932000000000272e+01 5.467000000000000000e+03 5.633869415760646007e+03 -1.668694157606460067e+02
6.059604000000000212e+01 5.405000000000000000e+03 5.611072139351128499e+03 -2.060721393511284987e+02
6.061274999999999835e+01 5.349000000000000000e+03 5.589049690050970639e+03 -2.400496900509706393e+02
6.062946000000000168e+01 5.292000000000000000e+03 5.569067036621246189e+03 -2.770670366212461886e+02
6.064616999999999791e+01 5.257000000000000000e+03 5.551927455247769103e+03 -2.949274552477691032e+02
6.066288000000000125e+01 5.157000000000000000e+03 5.537960143159591098e+03 -3.809601431595910981e+02
6.067958999999999747e+01 5.318000000000000000e+03 5.527090460219741544e+03 -2.090904602197415443e+02
6.069630000000000081e+01 5.225000000000000000e+03 5.518959670465763338e+03 -2.939596704657633381e+02
6.071302000000000021e+01 5.291000000000000000e+03 5.513058062671604603e+03 -2.220580626716046027e+02
6.072973000000000354e+01 5.269000000000000000e+03 5.508856946321339819e+03 -2.398569463213398194e+02
6.074643999999999977e+01 5.254000000000000000e+03 5.505870210421108823e+03 -2.518702104211088226e+02
6.076315000000000310e+01 5.229000000000000000e+03 5.503710614169528526e+03 -2.747106141695285260e+02
6.077985999999999933e+01 5.405000000000000000e+03 5.502123907163999320e+03 -9.712390716399931989e+01
6.079657000000000266e+01 5.382000000000000000e+03 5.500855808526264809e+03 -1.188558085262648092e+02
6.081327999999999889e+01 5.221000000000000000e+03 5.499811795111846550e+03 -2.788117951118465498e+02
6.082999000000000223e+01 5.159000000000000000e+03 5.498915551833249992e+03 -3.399155518332499923e+02
6.084671000000000163e+01 5.305000000000000000e+03 5.498121190723602012e+03 -1.931211907236020124e+02
6.086341999999999786e+01 5.351000000000000000e+03 5.497402718124675630e+03 -1.464027181246756300e+02
6.088013000000000119e+01 5.398000000000000000e+03 5.496743257016194548e+03 -9.874325701619454776e+01
6.089683999999999742e+01 5.466000000000000000e+03 5.496132284946857908e+03 -3.013228494685790793e+01
6.091355000000000075e+01 5.417000000000000000e+03 5.495562529842211916e+03 -7.856252984221191582e+01
6.093025999999999698e+01 5.487000000000000000e+03 5.495064960181120114e+03 -8.064960181120113702e+00
6.094697000000000031e+01 5.568000000000000000e+03 5.494564435455029525e+03 7.343556454497047525e+01
6.096367999999999654e+01 5.415000000000000000e+03 5.494090440254806708e+03 -7.909044025480670825e+01
6.098040000000000305e+01 5.511000000000000000e+03 5.493641468853267725e+03 1.735853114673227537e+01
6.099710999999999927e+01 5.339000000000000000e+03 5.493215649554989795e+03 -1.542156495549897954e+02
6.101382000000000261e+01 5.357000000000000000e+03 5.492810665837395391e+03 -1.358106658373953906e+02
6.103052999999999884e+01 5.372000000000000000e+03 5.492424779770510213e+03 -1.204247797705102130e+02
6.104724000000000217e+01 5.309000000000000000e+03 5.492056506564219490e+03 -1.830565065642194895e+02
6.106394999999999840e+01 5.536000000000000000e+03 5.491704574925750421e+03 4.429542507424957876e+01
6.108066000000000173e+01 5.420000000000000000e+03 5.491367894880120730e+03 -7.136789488012072979e+01
6.109736999999999796e+01 5.410000000000000000e+03 5.491104998700804572e+03 -8.110499870080457185e+01
6.111408999999999736e+01 5.391000000000000000e+03 5.490815541701527764e+03 -9.981554170152776351e+01
6.113080000000000069e+01 5.366000000000000000e+03 5.490520817525924031e+03 -1.245208175259240306e+02
6.114750999999999692e+01 5.319000000000000000e+03 5.490237482074246145e+03 -1.712374820742461452e+02
6.116422000000000025e+01 5.447000000000000000e+03 5.489965892439474374e+03 -4.296589243947437353e+01
6.118092999999999648e+01 5.358000000000000000e+03 5.489705626758738617e+03 -1.317056267587386174e+02
6.119763999999999982e+01 5.352000000000000000e+03 5.489456331326493455e+03 -1.374563313264934550e+02
6.121435000000000315e+01 5.300000000000000000e+03 5.489217713111285775e+03 -1.892177131112857751e+02
6.123105999999999938e+01 5.269000000000000000e+03 5.488989533429265975e+03 -2.199895334292659754e+02
6.124777999999999878e+01 5.350000000000000000e+03 5.488771475206300238e+03 -1.387714752063002379e+02
6.126449000000000211e+01 5.195000000000000000e+03 5.488563653979967967e+03 -2.935636539799679667e+02
6.128119999999999834e+01 5.208000000000000000e+03 5.488397306261550511e+03 -2.803973062615505114e+02
6.129791000000000167e+01 5.259000000000000000e+03 5.488209585780745329e+03 -2.292095857807453285e+02
6.131461999999999790e+01 5.268000000000000000e+03 5.488031765738605827e+03 -2.200317657386058272e+02
6.133133000000000123e+01 5.238000000000000000e+03 5.487863845835242500e+03 -2.498638458352425005e+02
6.134803999999999746e+01 5.286000000000000000e+03 5.487776417270882121e+03 -2.017764172708821206e+02
6.136475000000000080e+01 5.335000000000000000e+03 5.487628798593958891e+03 -1.526287985939588907e+02
6.138147000000000020e+01 5.188000000000000000e+03 5.487491179253343034e+03 -2.994911792533430344e+02
6.139818000000000353e+01 5.136000000000000000e+03 5.487363836810543944e+03 -3.513638368105439440e+02
6.141488999999999976e+01 5.310000000000000000e+03 5.487246824484912395e+03 -1.772468244849123948e+02
6.143160000000000309e+01 5.466000000000000000e+03 5.487140305891998651e+03 -2.114030589199865062e+01
6.144830999999999932e+01 5.343000000000000000e+03 5.487044469307245890e+03 -1.440444693072458904e+02
6.146502000000000265e+01 5.347000000000000000e+03 5.486959527440633792e+03 -1.399595274406337921e+02
6.148172999999999888e+01 5.359000000000000000e+03 5.486885717376351749e+03 -1.278857173763517494e+02
6.149844000000000221e+01 5.374000000000000000e+03 5.486823300668161210e+03 -1.128233006681612096e+02
6.151516000000000162e+01 5.279000000000000000e+03 5.486772536777731148e+03 -2.077725367777311476e+02
6.153186999999999784e+01 5.251000000000000000e+03 5.486771133858550456e+03 -2.357711338585504564e+02
6.154858000000000118e+01 5.388000000000000000e+03 5.486744925088712080e+03 -9.874492508871207974e+01
6.156528999999999741e+01 5.325000000000000000e+03 5.486731409463654018e+03 -1.617314094636540176e+02
6.158200000000000074e+01 5.362000000000000000e+03 5.486730977407696628e+03 -1.247309774076966278e+02
6.159870999999999697e+01 5.415000000000000000e+03 5.486744047390321612e+03 -7.174404739032161160e+01
6.161542000000000030e+01 5.412000000000000000e+03 5.486771067014364235e+03 -7.477106701436423464e+01
6.163212999999999653e+01 5.571000000000000000e+03 5.486812514251668290e+03 8.418748574833171006e+01
6.164885000000000304e+01 5.460000000000000000e+03 5.486868937153964907e+03 -2.686893715396490734e+01
6.166555999999999926e+01 5.564000000000000000e+03 5.486940811547892736e+03 7.705918845210726431e+01
6.168227000000000260e+01 5.560000000000000000e+03 5.487028744741282026e+03 7.297125525871797436e+01
6.169897999999999882e+01 5.601000000000000000e+03 5.487133351743100320e+03 1.138666482568996798e+02
6.171569000000000216e+01 5.652000000000000000e+03 5.487255286576380058e+03 1.647447134236199418e+02
6.173239999999999839e+01 5.651000000000000000e+03 5.487395244572510819e+03 1.636047554274891809e+02
6.174911000000000172e+01 5.621000000000000000e+03 5.487553964886119502e+03 1.334460351138804981e+02
6.176583000000000112e+01 5.728000000000000000e+03 5.487812643332837979e+03 2.401873566671620210e+02
6.178253999999999735e+01 5.757000000000000000e+03 5.488011742392943233e+03 2.689882576070567666e+02
6.179925000000000068e+01 5.730000000000000000e+03 5.488232117109595492e+03 2.417678828904045076e+02
6.181595999999999691e+01 5.768000000000000000e+03 5.488474712234020444e+03 2.795252877659795558e+02
6.183267000000000024e+01 5.762000000000000000e+03 5.488740532932334645e+03 2.732594670676653550e+02
6.184937999999999647e+01 5.831000000000000000e+03 5.489030649085897494e+03 3.419693509141025061e+02
6.186608999999999980e+01 5.518000000000000000e+03 5.489346199994704875e+03 2.865380000529512472e+01
6.188280000000000314e+01 5.819000000000000000e+03 5.489688399524423403e+03 3.293116004755765971e+02
6.189952000000000254e+01 5.620000000000000000e+03 5.490058771889523086e+03 1.299412281104769136e+02
6.191622999999999877e+01 5.608000000000000000e+03 5.490458255224461936e+03 1.175417447755380635e+02
6.193294000000000210e+01 5.528000000000000000e+03 5.490888536212406507e+03 3.711146378759349318e+01
6.194964999999999833e+01 5.507000000000000000e+03 5.491393656913885934e+03 1.560634308611406595e+01
6.196636000000000166e+01 5.547000000000000000e+03 5.491890594498274368e+03 5.510940550172563235e+01
6.198306999999999789e+01 5.435000000000000000e+03 5.492423389788138593e+03 -5.742338978813859285e+01
6.199978000000000122e+01 5.417000000000000000e+03 5.492993971396424058e+03 -7.599397139642405818e+01
6.201648999999999745e+01 5.514000000000000000e+03 5.493604406640135494e+03 2.039559335986450606e+01
6.203320999999999685e+01 5.430000000000000000e+03 5.494257317224684812e+03 -6.425731722468481166e+01
6.204992000000000019e+01 5.567000000000000000e+03 5.494954305828433462e+03 7.204569417156653799e+01
6.206663000000000352e+01 5.404000000000000000e+03 5.495698311875387844e+03 -9.169831187538784434e+01
6.208333999999999975e+01 5.511000000000000000e+03 5.496492092930649051e+03 1.450790706935094931e+01
6.210005000000000308e+01 5.577000000000000000e+03 5.497338620913993509e+03 7.966137908600649098e+01
6.211675999999999931e+01 5.494000000000000000e+03 5.498241102870812938e+03 -4.241102870812937908e+00
6.213347000000000264e+01 5.419000000000000000e+03 5.499203004404598687e+03 -8.020300440459868696e+01
6.215017999999999887e+01 5.493000000000000000e+03 5.500228076427504675e+03 -7.228076427504674939e+00
6.216689999999999827e+01 5.522000000000000000e+03 5.501321061043993723e+03 2.067893895600627729e+01
6.218361000000000161e+01 5.383000000000000000e+03 5.502485074875005921e+03 -1.194850748750059211e+02
6.220031999999999783e+01 5.532000000000000000e+03 5.503725575657192167e+03 2.827442434280783345e+01
6.221703000000000117e+01 5.612000000000000000e+03 5.505047857100687906e+03 1.069521428993120935e+02
6.223373999999999739e+01 5.480000000000000000e+03 5.506457780032684241e+03 -2.645778003268424072e+01
6.225045000000000073e+01 5.355000000000000000e+03 5.507961924026519227e+03 -1.529619240265192275e+02
6.226715999999999696e+01 5.404000000000000000e+03 5.509567825764247573e+03 -1.055678257642475728e+02
6.228387000000000029e+01 5.505000000000000000e+03 5.511284347228740444e+03 -6.284347228740443825e+00
6.230058999999999969e+01 5.557000000000000000e+03 5.513123357247915919e+03 4.387664275208408071e+01
6.231730000000000302e+01 5.497000000000000000e+03 5.515096005558738398e+03 -1.809600555873839767e+01
6.233400999999999925e+01 5.376000000000000000e+03 5.517263760264365374e+03 -1.412637602643653736e+02
6.235072000000000259e+01 5.414000000000000000e+03 5.519561154777291449e+03 -1.055611547772914491e+02
6.236742999999999881e+01 5.339000000000000000e+03 5.522058082889826437e+03 -1.830580828898264372e+02
6.238414000000000215e+01 5.423000000000000000e+03 5.524786475918071119e+03 -1.017864759180711189e+02
6.240084999999999837e+01 5.301000000000000000e+03 5.527782582067850853e+03 -2.267825820678508535e+02
6.241756000000000171e+01 5.510000000000000000e+03 5.531084408552834248e+03 -2.108440855283424753e+01
6.243428000000000111e+01 5.404000000000000000e+03 5.534729806893249588e+03 -1.307298068932495880e+02
6.245098999999999734e+01 5.511000000000000000e+03 5.538742105529761830e+03 -2.774210552976182953e+01
6.246770000000000067e+01 5.480000000000000000e+03 5.543137460000194551e+03 -6.313746000019455096e+01
6.248440999999999690e+01 5.391000000000000000e+03 5.547911687390678708e+03 -1.569116873906787077e+02
6.250112000000000023e+01 5.497000000000000000e+03 5.553039830891514612e+03 -5.603983089151461172e+01
6.251782999999999646e+01 5.475000000000000000e+03 5.558499552799986304e+03 -8.349955279998630431e+01
6.253453999999999979e+01 5.526000000000000000e+03 5.564183865319841971e+03 -3.818386531984197063e+01
6.255125000000000313e+01 5.697000000000000000e+03 5.570051943874727840e+03 1.269480561252721600e+02
6.256797000000000253e+01 5.487000000000000000e+03 5.576068111954910819e+03 -8.906811195491081889e+01
6.258467999999999876e+01 5.506000000000000000e+03 5.582245325598240015e+03 -7.624532559824001510e+01
6.260139000000000209e+01 5.533000000000000000e+03 5.588684815895874635e+03 -5.568481589587463532e+01
6.261809999999999832e+01 5.606000000000000000e+03 5.595544280451123086e+03 1.045571954887691390e+01
6.263481000000000165e+01 5.399000000000000000e+03 5.603004045191673868e+03 -2.040040451916738675e+02
6.265151999999999788e+01 5.488000000000000000e+03 5.611147868681034197e+03 -1.231478686810341969e+02
6.266823000000000121e+01 5.667000000000000000e+03 5.620307370481671569e+03 4.669262951832843100e+01
6.268493999999999744e+01 5.659000000000000000e+03 5.630521918202553934e+03 2.847808179744606605e+01
6.270165999999999684e+01 5.699000000000000000e+03 5.641909300988134419e+03 5.709069901186558127e+01
6.271837000000000018e+01 5.720000000000000000e+03 5.654559781105022921e+03 6.544021889497707889e+01
6.273508000000000351e+01 5.757000000000000000e+03 5.668599102763566407e+03 8.840089723643359321e+01
6.275178999999999974e+01 5.691000000000000000e+03 5.684195024173548518e+03 6.804975826451482135e+00
6.276850000000000307e+01 5.718000000000000000e+03 5.701618683224802226e+03 1.638131677519777440e+01
6.278520999999999930e+01 5.850000000000000000e+03 5.721198182762946089e+03 1.288018172370539105e+02
6.280192000000000263e+01 5.771000000000000000e+03 5.743425046496956384e+03 2.757495350304361637e+01
6.281864000000000203e+01 5.900000000000000000e+03 5.769166888581473358e+03 1.308331114185266415e+02
6.283534999999999826e+01 6.049000000000000000e+03 5.799510303632849173e+03 2.494896963671508274e+02
6.285206000000000159e+01 6.043000000000000000e+03 5.836358532789666242e+03 2.066414672103337580e+02
6.286876999999999782e+01 6.107000000000000000e+03 5.882854566252152836e+03 2.241454337478471643e+02
6.288548000000000116e+01 6.376000000000000000e+03 5.944215682862050926e+03 4.317843171379490741e+02
6.290218999999999738e+01 6.279000000000000000e+03 6.028894687138121299e+03 2.501053128618787014e+02
6.291890000000000072e+01 6.502000000000000000e+03 6.150047896436864903e+03 3.519521035631350969e+02
6.293560999999999694e+01 6.647000000000000000e+03 6.327114096532836811e+03 3.198859034671631889e+02
6.295233000000000345e+01 6.813000000000000000e+03 6.587271710948729378e+03 2.257282890512706217e+02
6.296903999999999968e+01 7.366000000000000000e+03 6.964987298194555478e+03 4.010127018054445216e+02
6.298575000000000301e+01 7.901000000000000000e+03 7.501370819586121797e+03 3.996291804138782027e+02
6.300245999999999924e+01 8.736000000000000000e+03 8.239327112194150686e+03 4.966728878058493137e+02
6.301917000000000257e+01 1.008000000000000000e+04 9.216442354373695707e+03 8.635576456263042928e+02
6.303587999999999880e+01 1.183800000000000000e+04 1.045521708844640671e+04 1.382782911553593294e+03
6.305259000000000214e+01 1.384100000000000000e+04 1.195226239521157186e+04 1.888737604788428143e+03
6.306929999999999836e+01 1.563200000000000000e+04 1.366865911290264557e+04 1.963340887097354425e+03
6.308601999999999776e+01 1.742200000000000000e+04 1.552475992109077197e+04 1.897240078909228032e+03
6.310273000000000110e+01 1.916500000000000000e+04 1.739391815412740470e+04 1.771081845872595295e+03
6.311943999999999733e+01 2.007800000000000000e+04 1.911442615548973845e+04 9.635738445102615515e+02
6.313615000000000066e+01 2.122000000000000000e+04 2.050071024982263407e+04 7.192897501773659314e+02
6.315285999999999689e+01 2.160000000000000000e+04 2.138297743776080461e+04 2.170225622391953948e+02
6.316957000000000022e+01 2.157500000000000000e+04 2.166701231469999038e+04 -9.201231469999038382e+01
6.318627999999999645e+01 2.074600000000000000e+04 2.138260509823044413e+04 -6.366050982304441277e+02
6.320298999999999978e+01 2.003800000000000000e+04 2.067512214579394276e+04 -6.371221457939427637e+02
6.321970999999999918e+01 1.919800000000000000e+04 1.974330215071486600e+04 -5.453021507148660021e+02
6.323642000000000252e+01 1.854100000000000000e+04 1.877558519498122041e+04 -2.345851949812204111e+02
6.325312999999999874e+01 1.767100000000000000e+04 1.790690596316713345e+04 -2.359059631671334500e+02
6.326984000000000208e+01 1.727800000000000000e+04 1.720533806869780892e+04 7.266193130219107843e+01
6.328654999999999831e+01 1.665400000000000000e+04 1.666894079692709056e+04 -1.494079692709055962e+01
6.330326000000000164e+01 1.590200000000000000e+04 1.623405718969054215e+04 -3.320571896905421454e+02
6.331996999999999787e+01 1.576200000000000000e+04 1.579672322292241552e+04 -3.472322292241551622e+01
6.333668000000000120e+01 1.490700000000000000e+04 1.525030513250170043e+04 -3.433051325017004274e+02
6.335340000000000060e+01 1.387100000000000000e+04 1.452837399624357749e+04 -6.573739962435774942e+02
6.337010999999999683e+01 1.287000000000000000e+04 1.362956814526960079e+04 -7.595681452696007909e+02
6.338682000000000016e+01 1.181400000000000000e+04 1.260343685430728146e+04 -7.894368543072814646e+02
6.340353000000000350e+01 1.083700000000000000e+04 1.152258739344762216e+04 -6.855873934476221621e+02
6.342023999999999972e+01 9.962000000000000000e+03 1.045894036481428702e+04 -4.969403648142870225e+02
6.343695000000000306e+01 9.046000000000000000e+03 9.471544425145160858e+03 -4.255444251451608579e+02
6.345365999999999929e+01 8.225000000000000000e+03 8.601682132989697493e+03 -3.766821329896974930e+02
6.347037000000000262e+01 7.617000000000000000e+03 7.871559478585069883e+03 -2.545594785850698827e+02
6.348709000000000202e+01 7.169000000000000000e+03 7.285403208641326273e+03 -1.164032086413262732e+02
6.350379999999999825e+01 6.726000000000000000e+03 6.834429780498072432e+03 -1.084297804980724322e+02
6.352051000000000158e+01 6.590000000000000000e+03 6.499699475542120126e+03 9.030052445787987381e+01
6.353721999999999781e+01 6.189000000000000000e+03 6.258616314786200746e+03 -6.961631478620074631e+01
6.355393000000000114e+01 6.031000000000000000e+03 6.088622202233963435e+03 -5.762220223396343499e+01
6.357063999999999737e+01 6.014000000000000000e+03 5.969866740869863861e+03 4.413325913013613899e+01
6.358735000000000070e+01 5.840000000000000000e+03 5.886480289860643097e+03 -4.648028986064309720e+01
6.360405999999999693e+01 5.784000000000000000e+03 5.826638557644809225e+03 -4.263855764480922517e+01
6.362078000000000344e+01 5.631000000000000000e+03 5.782152675845684826e+03 -1.511526758456848256e+02
6.363748999999999967e+01 5.712000000000000000e+03 5.747683548199996039e+03 -3.568354819999603933e+01
6.365420000000000300e+01 5.630000000000000000e+03 5.719614269669521491e+03 -8.961426966952149087e+01
6.367090999999999923e+01 5.483000000000000000e+03 5.696238847106730645e+03 -2.132388471067306455e+02
6.368762000000000256e+01 5.475000000000000000e+03 5.676106052482867199e+03 -2.011060524828671987e+02
6.370432999999999879e+01 5.681000000000000000e+03 5.658439976373433637e+03 2.256002362656636251e+01
6.372104000000000212e+01 5.555000000000000000e+03 5.642744500837177839e+03 -8.774450083717783855e+01
6.373774999999999835e+01 5.429000000000000000e+03 5.628682618857922535e+03 -1.996826188579225345e+02
6.375446999999999775e+01 5.453000000000000000e+03 5.616002163665319131e+03 -1.630021636653191308e+02
6.377118000000000109e+01 5.457000000000000000e+03 5.604529172535257203e+03 -1.475291725352572030e+02
6.378788999999999731e+01 5.503000000000000000e+03 5.594103181414833671e+03 -9.110318141483367071e+01
6.380460000000000065e+01 5.467000000000000000e+03 5.584597572091181974e+03 -1.175975720911819735e+02
6.382130999999999688e+01 5.513000000000000000e+03 5.575806230712843899e+03 -6.280623071284389880e+01
6.383802000000000021e+01 5.556000000000000000e+03 5.567836397014692011e+03 -1.183639701469201100e+01
6.385473000000000354e+01 5.565000000000000000e+03 5.560509701865535135e+03 4.490298134464865143e+00
6.387143999999999977e+01 5.562000000000000000e+03 5.553757975165822245e+03 8.242024834177755110e+00
6.388815999999999917e+01 5.680000000000000000e+03 5.547518347697367062e+03 1.324816523026329378e+02
6.390487000000000251e+01 5.487000000000000000e+03 5.541746501016828915e+03 -5.474650101682891545e+01
6.392157999999999873e+01 5.381000000000000000e+03 5.536393200417228400e+03 -1.553932004172283996e+02
6.393829000000000207e+01 5.511000000000000000e+03 5.531418562245541580e+03 -2.041856224554157961e+01
6.395499999999999829e+01 5.333000000000000000e+03 5.526787398066398964e+03 -1.937873980663989641e+02
6.397171000000000163e+01 5.465000000000000000e+03 5.522468564910385794e+03 -5.746856491038579406e+01
6.398841999999999786e+01 5.603000000000000000e+03 5.518434418218897918e+03 8.456558178110208246e+01
6.400513999999999726e+01 5.403000000000000000e+03 5.514658164115930958e+03 -1.116581641159309584e+02
6.402185000000000059e+01 5.431000000000000000e+03 5.511122344041621545e+03 -8.012234404162154533e+01
6.403856000000000392e+01 5.574000000000000000e+03 5.507804968676925455e+03 6.619503132307454507e+01
6.405526999999999305e+01 5.517000000000000000e+03 5.504688405327154214e+03 1.231159467284578568e+01
6.407197999999999638e+01 5.494000000000000000e+03 5.501756798478230849e+03 -7.756798478230848559e+00
6.408868999999999971e+01 5.443000000000000000e+03 5.498995858514982501e+03 -5.599585851498250122e+01
6.410540000000000305e+01 5.444000000000000000e+03 5.496392679246930129e+03 -5.239267924693012901e+01
6.412211000000000638e+01 5.454000000000000000e+03 5.493935579832625990e+03 -3.993557983262599009e+01
6.413882999999999868e+01 5.275000000000000000e+03 5.491612616681789405e+03 -2.166126166817894045e+02
6.415554000000000201e+01 5.262000000000000000e+03 5.489416939437537621e+03 -2.274169394375376214e+02
6.417225000000000534e+01 5.342000000000000000e+03 5.487338359038503768e+03 -1.453383590385037678e+02
6.418895999999999447e+01 5.359000000000000000e+03 5.485368887471366179e+03 -1.263688874713661789e+02
6.420566999999999780e+01 5.318000000000000000e+03 5.483501228502638696e+03 -1.655012285026386962e+02
6.422238000000000113e+01 5.368000000000000000e+03 5.481728706905275430e+03 -1.137287069052754305e+02
6.423909000000000447e+01 5.270000000000000000e+03 5.480045206016214252e+03 -2.100452060162142516e+02
6.425579999999999359e+01 5.381000000000000000e+03 5.478445112520579642e+03 -9.744511252057964157e+01
6.427252000000000010e+01 5.447000000000000000e+03 5.476922379241691488e+03 -2.992237924169148755e+01
6.428923000000000343e+01 5.223000000000000000e+03 5.475474077443617716e+03 -2.524740774436177162e+02
6.430594000000000676e+01 5.230000000000000000e+03 5.474094898057821410e+03 -2.440948980578214105e+02
6.432264999999999588e+01 5.241000000000000000e+03 5.472780803467829173e+03 -2.317808034678291733e+02
6.433935999999999922e+01 5.372000000000000000e+03 5.471528063073240446e+03 -9.952806307324044610e+01
6.435607000000000255e+01 5.348000000000000000e+03 5.470333225736139866e+03 -1.223332257361398661e+02
6.437278000000000588e+01 5.299000000000000000e+03 5.469193095080622697e+03 -1.701930950806226974e+02
6.438948999999999501e+01 5.251000000000000000e+03 5.468104707312195387e+03 -2.171047073121953872e+02
6.440621000000000151e+01 5.145000000000000000e+03 5.467064703395243669e+03 -3.220647033952436686e+02
6.442292000000000485e+01 5.206000000000000000e+03 5.466071769626527384e+03 -2.600717696265273844e+02
6.443962999999999397e+01 5.259000000000000000e+03 5.465122891634175176e+03 -2.061228916341751756e+02
6.445633999999999730e+01 5.294000000000000000e+03 5.464215855228655528e+03 -1.702158552286555278e+02
6.447305000000000064e+01 5.270000000000000000e+03 5.463348596734237617e+03 -1.933485967342376171e+02
6.448976000000000397e+01 5.378000000000000000e+03 5.462519190970437194e+03 -8.451919097043719376e+01
6.450646999999999309e+01 5.284000000000000000e+03 5.461725840345213328e+03 -1.777258403452133280e+02
6.452317999999999643e+01 5.232000000000000000e+03 5.460966864944036388e+03 -2.289668649440363879e+02
6.453990000000000293e+01 5.166000000000000000e+03 5.460240268462408494e+03 -2.942402684624084941e+02
6.455661000000000627e+01 5.155000000000000000e+03 5.459545448519974343e+03 -3.045454485199743431e+02
6.457331999999999539e+01 5.184000000000000000e+03 5.458880583081175246e+03 -2.748805830811752458e+02
6.459002999999999872e+01 5.087000000000000000e+03 5.458244380447344156e+03 -3.712443804473441560e+02
6.460674000000000206e+01 5.344000000000000000e+03 5.457635628770605763e+03 -1.136356287706057628e+02
6.462345000000000539e+01 5.201000000000000000e+03 5.457053190329294921e+03 -2.560531903292949210e+02
6.464015999999999451e+01 5.298000000000000000e+03 5.456495996283252680e+03 -1.584959962832526799e+02
6.465686999999999784e+01 5.404000000000000000e+03 5.455963041863807121e+03 -5.196304186380712054e+01
6.467359000000000435e+01 5.267000000000000000e+03 5.455453083749245707e+03 -1.884530837492457067e+02
6.469029999999999347e+01 5.135000000000000000e+03 5.454965841994706352e+03 -3.199658419947063521e+02
6.470700999999999681e+01 4.997000000000000000e+03 5.454500167103919011e+03 -4.575001671039190114e+02
6.472372000000000014e+01 5.249000000000000000e+03 5.454055269886815040e+03 -2.050552698868150401e+02
6.474043000000000347e+01 5.276000000000000000e+03 5.453630406416850747e+03 -1.776304064168507466e+02
6.475714000000000681e+01 5.300000000000000000e+03 5.453275803975063354e+03 -1.532758039750633543e+02
6.477384999999999593e+01 5.173000000000000000e+03 5.452889218597087165e+03 -2.798892185970871651e+02
6.479055999999999926e+01 5.386000000000000000e+03 5.452520680934628217e+03 -6.652068093462821707e+01
6.480728000000000577e+01 5.248000000000000000e+03 5.452169396126433639e+03 -2.041693961264336394e+02
6.482398999999999489e+01 5.180000000000000000e+03 5.451835226969351424e+03 -2.718352269693514245e+02
6.484069999999999823e+01 5.294000000000000000e+03 5.451517431860083889e+03 -1.575174318600838888e+02
6.485741000000000156e+01 5.185000000000000000e+03 5.451215513415051646e+03 -2.662155134150516460e+02
6.487412000000000489e+01 5.241000000000000000e+03 5.450929001519688427e+03 -2.099290015196884269e+02
6.489082999999999402e+01 5.226000000000000000e+03 5.450657451766669510e+03 -2.246574517666695101e+02
6.490753999999999735e+01 5.215000000000000000e+03 5.450400444008361774e+03 -2.354004440083617737e+02
6.492425000000000068e+01 5.345000000000000000e+03 5.450157581014807874e+03 -1.051575810148078745e+02
6.494096999999999298e+01 5.289000000000000000e+03 5.449928354180096903e+03 -1.609283541800969033e+02
6.495767999999999631e+01 5.292000000000000000e+03 5.449739670942487464e+03 -1.577396709424874643e+02
6.497438999999999965e+01 5.344000000000000000e+03 5.449537223678407827e+03 -1.055372236784078268e+02
6.499110000000000298e+01 5.316000000000000000e+03 5.449336240403595184e+03 -1.333362404035951840e+02
6.500781000000000631e+01 5.163000000000000000e+03 5.449159078836049048e+03 -2.861590788360490478e+02
6.502451999999999543e+01 5.284000000000000000e+03 5.448994096778420499e+03 -1.649940967784204986e+02
6.504122999999999877e+01 5.261000000000000000e+03 5.448841027241466691e+03 -1.878410272414666906e+02
6.505795000000000528e+01 5.288000000000000000e+03 5.448699537217630677e+03 -1.606995372176306773e+02
6.507465999999999440e+01 5.283000000000000000e+03 5.448569558502342261e+03 -1.655695585023422609e+02
6.509136999999999773e+01 5.281000000000000000e+03 5.448450779544192301e+03 -1.674507795441923008e+02
6.510808000000000106e+01 5.329000000000000000e+03 5.448342990170141093e+03 -1.193429901701410927e+02
6.512479000000000440e+01 5.270000000000000000e+03 5.448245992969264080e+03 -1.782459929692640799e+02
6.514149999999999352e+01 5.232000000000000000e+03 5.448159602808063937e+03 -2.161596028080639371e+02
6.515820999999999685e+01 5.249000000000000000e+03 5.448077671366097093e+03 -1.990776713660970927e+02
6.517492000000000019e+01 5.206000000000000000e+03 5.448012018703338072e+03 -2.420120187033380716e+02
6.519164000000000669e+01 5.420000000000000000e+03 5.447956456622661790e+03 -2.795645662266178988e+01
6.520834999999999582e+01 5.484000000000000000e+03 5.447910911452750042e+03 3.608908854724995763e+01
6.522505999999999915e+01 5.331000000000000000e+03 5.447875217328790313e+03 -1.168752173287903133e+02
6.524177000000000248e+01 5.242000000000000000e+03 5.447849254809890226e+03 -2.058492548098902262e+02
6.525848000000000582e+01 5.305000000000000000e+03 5.447832914406362761e+03 -1.428329144063627609e+02
6.527518999999999494e+01 5.361000000000000000e+03 5.447826096383941149e+03 -8.682609638394114882e+01
6.529189999999999827e+01 5.266000000000000000e+03 5.447828710599605984e+03 -1.818287105996059836e+02
6.530861000000000161e+01 5.241000000000000000e+03 5.447840676368676213e+03 -2.068406763686762133e+02
6.532532999999999390e+01 5.294000000000000000e+03 5.447861937843174019e+03 -1.538619378431740188e+02
6.534203999999999724e+01 5.421000000000000000e+03 5.447892407520068446e+03 -2.689240752006844559e+01
6.535875000000000057e+01 5.333000000000000000e+03 5.447932042554634791e+03 -1.149320425546347906e+02
6.537546000000000390e+01 5.285000000000000000e+03 5.447980799394458700e+03 -1.629807993944586997e+02
6.539216999999999302e+01 5.299000000000000000e+03 5.448038643749818220e+03 -1.490386437498182204e+02
6.540887999999999636e+01 5.260000000000000000e+03 5.448105550651070189e+03 -1.881055506510701889e+02
6.542558999999999969e+01 5.210000000000000000e+03 5.448181504540104470e+03 -2.381815045401044699e+02
6.544230000000000302e+01 5.222000000000000000e+03 5.448266499397106600e+03 -2.262664993971065996e+02
6.545901999999999532e+01 5.416000000000000000e+03 5.448360597891748512e+03 -3.236059789174851176e+01
6.547572999999999865e+01 5.322000000000000000e+03 5.448463701062095424e+03 -1.264637010620954243e+02
6.549244000000000199e+01 5.334000000000000000e+03 5.448575886219604399e+03 -1.145758862196043992e+02
6.550915000000000532e+01 5.292000000000000000e+03 5.448697187537611171e+03 -1.566971875376111711e+02
6.552585999999999444e+01 5.336000000000000000e+03 5.448827649955435845e+03 -1.128276499554358452e+02
6.554256999999999778e+01 5.341000000000000000e+03 5.448967329559968675e+03 -1.079673295599686753e+02
6.555928000000000111e+01 5.354000000000000000e+03 5.449116294020177520e+03 -9.511629402017752000e+01
6.557599000000000444e+01 5.308000000000000000e+03 5.449274623078736113e+03 -1.412746230787361128e+02
6.559270999999999674e+01 5.210000000000000000e+03 5.449442512367923882e+03 -2.394425123679238823e+02
6.560942000000000007e+01 5.437000000000000000e+03 5.449619866737888515e+03 -1.261986673788851476e+01
6.562613000000000341e+01 5.408000000000000000e+03 5.449806903329798843e+03 -4.180690332979884261e+01
6.564284000000000674e+01 5.364000000000000000e+03 5.450003756429133318e+03 -8.600375642913331831e+01
6.565954999999999586e+01 5.324000000000000000e+03 5.450210575900866388e+03 -1.262105759008663881e+02
6.567625999999999920e+01 5.292000000000000000e+03 5.450427528148961756e+03 -1.584275281489617555e+02
6.569297000000000253e+01 5.304000000000000000e+03 5.450654797182918628e+03 -1.466547971829186281e+02
6.570968000000000586e+01 5.265000000000000000e+03 5.450892585802752365e+03 -1.858925858027523645e+02
6.572639999999999816e+01 5.367000000000000000e+03 5.451141268911395855e+03 -8.414126891139585496e+01
6.574311000000000149e+01 5.318000000000000000e+03 5.451400793646219427e+03 -1.334007936462194266e+02
6.575982000000000482e+01 5.371000000000000000e+03 5.451671573189419178e+03 -8.067157318941917765e+01
6.577652999999999395e+01 5.380000000000000000e+03 5.451953900230951149e+03 -7.195390023095114884e+01
6.579323999999999728e+01 5.419000000000000000e+03 5.452248094476651204e+03 -3.324809447665120388e+01
6.580995000000000061e+01 5.500000000000000000e+03 5.452554504889332748e+03 4.744549511066725245e+01
6.582666000000000395e+01 5.365000000000000000e+03 5.452873512187807137e+03 -8.787351218780713680e+01
6.584336999999999307e+01 5.398000000000000000e+03 5.453205531636854175e+03 -5.520553163685417530e+01
6.586008999999999958e+01 5.191000000000000000e+03 5.453611286794008265e+03 -2.626112867940082651e+02
6.587680000000000291e+01 5.344000000000000000e+03 5.453971064483078408e+03 -1.099710644830784076e+02
6.589351000000000624e+01 5.383000000000000000e+03 5.454345343488860635e+03 -7.134534348886063526e+01
6.591021999999999537e+01 5.408000000000000000e+03 5.454734712502514412e+03 -4.673471250251441234e+01
6.592692999999999870e+01 5.442000000000000000e+03 5.455139814639996075e+03 -1.313981463999607513e+01
6.594364000000000203e+01 5.451000000000000000e+03 5.455561353023313131e+03 -4.561353023313131416e+00
6.596035000000000537e+01 5.254000000000000000e+03 5.456000097086169262e+03 -2.020000970861692622e+02
6.597705999999999449e+01 5.332000000000000000e+03 5.456456889713302189e+03 -1.244568897133021892e+02
6.599378000000000100e+01 5.442000000000000000e+03 5.456932945939463025e+03 -1.493294593946302484e+01
6.601049000000000433e+01 5.388000000000000000e+03 5.457428712059799182e+03 -6.942871205979918159e+01
6.602719999999999345e+01 5.482000000000000000e+03 5.457945583566880487e+03 2.405441643311951339e+01
6.604390999999999678e+01 5.427000000000000000e+03 5.458484790299363340e+03 -3.148479029936333973e+01
6.606062000000000012e+01 5.518000000000000000e+03 5.459079475244001515e+03 5.892052475599848549e+01
6.607733000000000345e+01 5.654000000000000000e+03 5.459667738111888866e+03 1.943322618881111339e+02
6.609404000000000678e+01 5.714000000000000000e+03 5.460282855254959941e+03 2.537171447450400592e+02
6.611075999999999908e+01 5.743000000000000000e+03 5.460927064161467570e+03 2.820729358385324304e+02
6.612747000000000241e+01 5.665000000000000000e+03 5.461601645283325524e+03 2.033983547166744756e+02
6.614418000000000575e+01 5.772000000000000000e+03 5.462309260464986437e+03 3.096907395350135630e+02
6.616088999999999487e+01 5.852000000000000000e+03 5.463027875671467882e+03 3.889721243285321179e+02
6.617759999999999820e+01 5.920000000000000000e+03 5.463809659323964297e+03 4.561903406760357029e+02
6.619431000000000154e+01 5.743000000000000000e+03 5.464633106318668979e+03 2.783668936813310211e+02
6.621102000000000487e+01 5.918000000000000000e+03 5.465501839504364398e+03 4.524981604956356023e+02
6.622772999999999399e+01 5.755000000000000000e+03 5.466419954177015825e+03 2.885800458229841752e+02
6.624445000000000050e+01 5.881000000000000000e+03 5.467392694458079859e+03 4.136073055419201410e+02
6.626116000000000383e+01 5.862000000000000000e+03 5.468424188552269698e+03 3.935758114477303025e+02
6.627786999999999296e+01 5.863000000000000000e+03 5.469521051038082987e+03 3.934789489619170126e+02
6.629457999999999629e+01 6.014000000000000000e+03 5.470690240556667050e+03 5.433097594433329505e+02
6.631128999999999962e+01 6.188000000000000000e+03 5.471939826561255359e+03 7.160601734387446413e+02
6.632800000000000296e+01 6.156000000000000000e+03 5.473266262979257590e+03 6.827337370207424101e+02
6.634471000000000629e+01 5.996000000000000000e+03 5.474706999816473399e+03 5.212930001835266012e+02
6.636141999999999541e+01 6.141000000000000000e+03 5.476262940576818437e+03 6.647370594231815630e+02
6.637814000000000192e+01 6.083000000000000000e+03 5.477953176089563385e+03 6.050468239104366148e+02
6.639485000000000525e+01 6.029000000000000000e+03 5.479800278825665373e+03 5.491997211743346270e+02
6.641155999999999437e+01 5.866000000000000000e+03 5.481840807825388765e+03 3.841591921746112348e+02
6.642826999999999771e+01 6.042000000000000000e+03 5.484129094549155525e+03 5.578709054508444751e+02
6.644498000000000104e+01 5.894000000000000000e+03 5.486751098157968954e+03 4.072489018420310458e+02
6.646169000000000437e+01 5.913000000000000000e+03 5.489844814202070665e+03 4.231551857979293345e+02
6.647839999999999350e+01 5.880000000000000000e+03 5.493630707051808713e+03 3.863692929481912870e+02
6.649510999999999683e+01 5.795000000000000000e+03 5.498453944992507786e+03 2.965460550074922139e+02
6.651183000000000334e+01 5.845000000000000000e+03 5.504842462286033879e+03 3.401575377139661214e+02
6.652854000000000667e+01 5.912000000000000000e+03 5.513551393444299720e+03 3.984486065557002803e+02
6.654524999999999579e+01 5.676000000000000000e+03 5.525641801998650408e+03 1.503581980013495922e+02
6.656195999999999913e+01 5.866000000000000000e+03 5.542500840405949020e+03 3.234991595940509796e+02
6.657867000000000246e+01 5.776000000000000000e+03 5.565831612652041258e+03 2.101683873479587419e+02
6.659538000000000579e+01 5.619000000000000000e+03 5.597549572090784750e+03 2.145042790921525011e+01
6.661208999999999492e+01 5.733000000000000000e+03 5.639655573785906199e+03 9.334442621409380081e+01
6.662879999999999825e+01 5.735000000000000000e+03 5.693855367517272498e+03 4.114463248272750207e+01
6.664552000000000476e+01 5.618000000000000000e+03 5.761287531000225499e+03 -1.432875310002254992e+02
6.666222999999999388e+01 5.744000000000000000e+03 5.841926739087746682e+03 -9.792673908774668234e+01
6.667893999999999721e+01 5.793000000000000000e+03 5.934449756977877769e+03 -1.414497569778777688e+02
6.669565000000000055e+01 5.889000000000000000e+03 6.035817745490823654e+03 -1.468177454908236541e+02
6.671236000000000388e+01 5.985000000000000000e+03 6.141211812320162608e+03 -1.562118123201626076e+02
6.672906999999999300e+01 6.190000000000000000e+03 6.244127952686423669e+03 -5.412795268642366864e+01
6.674577999999999633e+01 6.350000000000000000e+03 6.336743701421038168e+03 1.325629857896183239e+01
6.676248999999999967e+01 6.313000000000000000e+03 6.410778363421353788e+03 -9.777836342135378800e+01
6.677921000000000618e+01 6.453000000000000000e+03 6.459216636576258679e+03 -6.216636576258679270e+00
6.679591999999999530e+01 6.476000000000000000e+03 6.478437301322891472e+03 -2.437301322891471500e+00
6.681262999999999863e+01 6.309000000000000000e+03 6.470050633584729439e+03 -1.610506335847294395e+02
6.682934000000000196e+01 6.434000000000000000e+03 6.440381048866342098e+03 -6.381048866342098336e+00
6.684605000000000530e+01 6.449000000000000000e+03 6.398295835562432330e+03 5.070416443756766967e+01
6.686275999999999442e+01 6.389000000000000000e+03 6.352730205953621407e+03 3.626979404637859261e+01
6.687946999999999775e+01 6.354000000000000000e+03 6.311033905795278770e+03 4.296609420472123020e+01
6.689618000000000109e+01 6.232000000000000000e+03 6.278188380597599462e+03 -4.618838059759946191e+01
6.691289999999999338e+01 6.211000000000000000e+03 6.256551259578436657e+03 -4.555125957843665674e+01
6.692960999999999672e+01 6.145000000000000000e+03 6.246000462566249553e+03 -1.010004625662495528e+02
6.694632000000000005e+01 6.233000000000000000e+03 6.244326864506226229e+03 -1.132686450622622942e+01
6.696303000000000338e+01 6.263000000000000000e+03 6.248257052354549160e+03 1.474294764545084035e+01
6.697974000000000672e+01 6.371000000000000000e+03 6.254831657480734066e+03 1.161683425192659342e+02
6.699644999999999584e+01 6.412000000000000000e+03 6.262659469340498617e+03 1.493405306595013826e+02
6.701315999999999917e+01 6.488000000000000000e+03 6.272231611133775004e+03 2.157683888662249956e+02
6.702987000000000251e+01 6.436000000000000000e+03 6.285161501925471384e+03 1.508384980745286157e+02
6.704658999999999480e+01 6.474000000000000000e+03 6.303086109893046341e+03 1.709138901069536587e+02
6.706329999999999814e+01 6.550000000000000000e+03 6.326821378318850293e+03 2.231786216811497070e+02
6.708001000000000147e+01 6.728000000000000000e+03 6.356097633962222062e+03 3.719023660377779379e+02
6.709672000000000480e+01 6.651000000000000000e+03 6.389576416680624789e+03 2.614235833193752114e+02
6.711342999999999392e+01 6.670000000000000000e+03 6.425348503901544973e+03 2.446514960984550271e+02
6.713013999999999726e+01 6.460000000000000000e+03 6.461934754484335826e+03 -1.934754484335826419e+00
6.714685000000000059e+01 6.658000000000000000e+03 6.499437550105451919e+03 1.585624498945480809e+02
6.716356000000000392e+01 6.545000000000000000e+03 6.539939066960550917e+03 5.060933039449082571e+00
6.718027999999999622e+01 6.324000000000000000e+03 6.586614967136956693e+03 -2.626149671369566931e+02
6.719698999999999955e+01 6.404000000000000000e+03 6.641932075317015915e+03 -2.379320753170159151e+02
6.721370000000000289e+01 6.352000000000000000e+03 6.706357273936028832e+03 -3.543572739360288324e+02
6.723041000000000622e+01 6.367000000000000000e+03 6.777501279351105040e+03 -4.105012793511050404e+02
6.724711999999999534e+01 6.432000000000000000e+03 6.850047728645225106e+03 -4.180477286452251064e+02
6.726382999999999868e+01 6.574000000000000000e+03 6.916258246974025496e+03 -3.422582469740254965e+02
6.728054000000000201e+01 6.581000000000000000e+03 6.967299589158466006e+03 -3.862995891584660058e+02
6.729725999999999431e+01 6.700000000000000000e+03 6.995630122625086187e+03 -2.956301226250861873e+02
6.731396999999999764e+01 6.853000000000000000e+03 6.997858019779653659e+03 -1.448580197796536595e+02
6.733068000000000097e+01 6.850000000000000000e+03 6.976735818613437004e+03 -1.267358186134370044e+02
6.734739000000000431e+01 7.056000000000000000e+03 6.940601943862181542e+03 1.153980561378184575e+02
6.736409999999999343e+01 7.171000000000000000e+03 6.900912862088690417e+03 2.700871379113095827e+02
6.738080999999999676e+01 7.198000000000000000e+03 6.869253310458731903e+03 3.287466895412680969e+02
6.739752000000000010e+01 7.418000000000000000e+03 6.854987655726768025e+03 5.630123442732319745e+02
6.741423000000000343e+01 7.351000000000000000e+03 6.863775996226613643e+03 4.872240037733863574e+02
6.743094999999999573e+01 7.326000000000000000e+03 6.896794471446839452e+03 4.292055285531605477e+02
6.744765999999999906e+01 7.397000000000000000e+03 6.950412102607439010e+03 4.465878973925609898e+02
6.746437000000000239e+01 7.458000000000000000e+03 7.016759967302516998e+03 4.412400326974830023e+02
6.748108000000000573e+01 7.109000000000000000e+03 7.084916093755588918e+03 2.408390624441108230e+01
6.749778999999999485e+01 7.420000000000000000e+03 7.142818393643086893e+03 2.771816063569131074e+02
6.751449999999999818e+01 7.378000000000000000e+03 7.179269594876014708e+03 1.987304051239852924e+02
6.753121000000000151e+01 7.303000000000000000e+03 7.185648419176337484e+03 1.173515808236625162e+02
6.754792000000000485e+01 7.255000000000000000e+03 7.157518693479864851e+03 9.748130652013514919e+01
6.756463999999999714e+01 6.989000000000000000e+03 7.096000491442100611e+03 -1.070004914421006106e+02
6.758135000000000048e+01 6.875000000000000000e+03 7.008060621466029261e+03 -1.330606214660292608e+02
6.759806000000000381e+01 7.060000000000000000e+03 6.904383378184508729e+03 1.556166218154912713e+02
6.761476999999999293e+01 6.861000000000000000e+03 6.796550132890268287e+03 6.444986710973171284e+01
6.763147999999999627e+01 6.737000000000000000e+03 6.694553720102307125e+03 4.244627989769287524e+01
6.764818999999999960e+01 6.606000000000000000e+03 6.605443650354883175e+03 5.563496451168248313e-01
6.766490000000000293e+01 6.763000000000000000e+03 6.532860300843734876e+03 2.301396991562651237e+02
6.768161000000000627e+01 6.647000000000000000e+03 6.477133641727579743e+03 1.698663582724202570e+02
6.769832999999999856e+01 6.402000000000000000e+03 6.435799613695422522e+03 -3.379961369542252214e+01
6.771504000000000190e+01 6.201000000000000000e+03 6.404718299495105384e+03 -2.037182994951053843e+02
6.773175000000000523e+01 6.231000000000000000e+03 6.379505779353161415e+03 -1.485057793531614152e+02
6.774845999999999435e+01 6.200000000000000000e+03 6.357466425328269906e+03 -1.574664253282699065e+02
6.776516999999999769e+01 6.173000000000000000e+03 6.338811114278025343e+03 -1.658111142780253431e+02
6.778188000000000102e+01 6.103000000000000000e+03 6.326566627129182052e+03 -2.235666271291820522e+02
6.779859000000000435e+01 5.960000000000000000e+03 6.325315951984564890e+03 -3.653159519845648902e+02
6.781529999999999347e+01 5.873000000000000000e+03 6.339626340898470517e+03 -4.666263408984705165e+02
6.783201999999999998e+01 6.140000000000000000e+03 6.372768204992903520e+03 -2.327682049929035202e+02
6.784873000000000332e+01 5.831000000000000000e+03 6.425783288220633040e+03 -5.947832882206330396e+02
6.786544000000000665e+01 5.952000000000000000e+03 6.497045506790937907e+03 -5.450455067909379068e+02
6.788214999999999577e+01 5.943000000000000000e+03 6.581983753759483079e+03 -6.389837537594830792e+02
6.789885999999999910e+01 5.942000000000000000e+03 6.673209118233346999e+03 -7.312091182333469987e+02
6.791557000000000244e+01 5.914000000000000000e+03 6.761015777628958858e+03 -8.470157776289588583e+02
6.793228000000000577e+01 6.020000000000000000e+03 6.834460332604587165e+03 -8.144603326045871654e+02
6.794898999999999489e+01 6.041000000000000000e+03 6.883314105040282811e+03 -8.423141050402828114e+02
6.796571000000000140e+01 6.154000000000000000e+03 6.900784710955766968e+03 -7.467847109557669683e+02
6.798242000000000473e+01 6.219000000000000000e+03 6.885821747571519154e+03 -6.668217475715191540e+02
6.799912999999999386e+01 6.469000000000000000e+03 6.843457007857101416e+03 -3.744570078571014164e+02
6.801583999999999719e+01 6.601000000000000000e+03 6.782662486324503334e+03 -1.816624863245033339e+02
6.803255000000000052e+01 6.690000000000000000e+03 6.713413436860315414e+03 -2.341343686031541438e+01
6.804926000000000386e+01 6.982000000000000000e+03 6.644350836163002896e+03 3.376491638369971042e+02
6.806596999999999298e+01 7.259000000000000000e+03 6.581506481287145107e+03 6.774935187128548932e+02
6.808267999999999631e+01 6.992000000000000000e+03 6.527743937110348270e+03 4.642560628896517301e+02
6.809940000000000282e+01 7.207000000000000000e+03 6.482671619620432466e+03 7.243283803795675340e+02
6.811611000000000615e+01 7.413000000000000000e+03 6.443124894939332080e+03 9.698751050606679200e+02
6.813281999999999528e+01 7.377000000000000000e+03 6.403962235455939663e+03 9.730377645440603374e+02
6.814952999999999861e+01 7.341000000000000000e+03 6.359773591666420543e+03 9.812264083335794567e+02
6.816624000000000194e+01 7.287000000000000000e+03 6.306715782971426052e+03 9.802842170285739485e+02
6.818295000000000528e+01 7.197000000000000000e+03 6.243753081343285885e+03 9.532469186567141151e+02
6.819965999999999440e+01 7.370000000000000000e+03 6.172615422499059605e+03 1.197384577500940395e+03
6.821636999999999773e+01 7.330000000000000000e+03 6.096798559207685685e+03 1.233201440792314315e+03
6.823309000000000424e+01 7.253000000000000000e+03 6.020415094972051520e+03 1.232584905027948480e+03
6.824979999999999336e+01 7.315000000000000000e+03 5.947650133949373412e+03 1.367349866050626588e+03
6.826650999999999669e+01 7.276000000000000000e+03 5.882107934525233759e+03 1.393892065474766241e+03
6.828322000000000003e+01 7.129000000000000000e+03 5.826813841026437331e+03 1.302186158973562669e+03
6.829993000000000336e+01 6.996000000000000000e+03 5.784088705414404103e+03 1.211911294585595897e+03
6.831664000000000669e+01 6.900000000000000000e+03 5.755544638809208664e+03 1.144455361190791336e+03
6.833334999999999582e+01 6.866000000000000000e+03 5.742132114981766790e+03 1.123867885018233210e+03
6.835007000000000232e+01 6.567000000000000000e+03 5.744206169358059014e+03 8.227938306419409855e+02
6.836678000000000566e+01 6.741000000000000000e+03 5.761544786011791984e+03 9.794552139882080155e+02
6.838348999999999478e+01 6.649000000000000000e+03 5.793337162600011652e+03 8.556628373999883479e+02
6.840019999999999811e+01 6.543000000000000000e+03 5.838118831855706958e+03 7.048811681442930421e+02
6.841691000000000145e+01 6.669000000000000000e+03 5.893676699875198210e+03 7.753233001248017899e+02
6.843362000000000478e+01 6.623000000000000000e+03 5.956974700298098469e+03 6.660252997019015311e+02
6.845032999999999390e+01 6.447000000000000000e+03 6.024132108876034181e+03 4.228678911239658191e+02
6.846703999999999724e+01 6.382000000000000000e+03 6.090483911250990786e+03 2.915160887490092136e+02
6.848376000000000374e+01 6.346000000000000000e+03 6.150810899465392140e+03 1.951891005346078600e+02
6.850047000000000708e+01 6.337000000000000000e+03 6.199661075528323636e+03 1.373389244716763642e+02
6.851717999999999620e+01 6.183000000000000000e+03 6.232459136192802362e+03 -4.945913619280236162e+01
6.853388999999999953e+01 6.087000000000000000e+03 6.246582671186908556e+03 -1.595826711869085557e+02
6.855060000000000286e+01 5.911000000000000000e+03 6.242363422846818139e+03 -3.313634228468181391e+02
6.856731000000000620e+01 6.002000000000000000e+03 6.223030404945907321e+03 -2.210304049459073212e+02
6.858401999999999532e+01 5.805000000000000000e+03 6.193587574342250264e+03 -3.885875743422502637e+02
6.860072999999999865e+01 5.988000000000000000e+03 6.159364235627975177e+03 -1.713642356279751766e+02
6.861745000000000516e+01 5.876000000000000000e+03 6.124899953814994660e+03 -2.488999538149946602e+02
6.863415999999999428e+01 5.997000000000000000e+03 6.093435105833646958e+03 -9.643510583364695776e+01
6.865086999999999762e+01 5.814000000000000000e+03 6.066550766031832609e+03 -2.525507660318326089e+02
6.866758000000000095e+01 5.813000000000000000e+03 6.044253576603910915e+03 -2.312535766039109149e+02
6.868429000000000428e+01 5.856000000000000000e+03 6.025172162623855002e+03 -1.691721626238550016e+02
6.870099999999999341e+01 5.795000000000000000e+03 6.007051104490449688e+03 -2.120511044904496885e+02
6.871770999999999674e+01 6.002000000000000000e+03 5.987547180549002405e+03 1.445281945099759469e+01
6.873442000000000007e+01 5.908000000000000000e+03 5.965141359724811991e+03 -5.714135972481199133e+01
6.875114000000000658e+01 5.887000000000000000e+03 5.939719340049385210e+03 -5.271934004938520957e+01
6.876784999999999570e+01 5.748000000000000000e+03 5.912591644655382879e+03 -1.645916446553828791e+02
6.878455999999999904e+01 5.978000000000000000e+03 5.885857711520459816e+03 9.214228847954018420e+01
6.880127000000000237e+01 5.757000000000000000e+03 5.861828688290373975e+03 -1.048286882903739752e+02
6.881798000000000570e+01 5.902000000000000000e+03 5.842536351187890432e+03 5.946364881210956810e+01
6.883468999999999482e+01 5.736000000000000000e+03 5.829424601887360950e+03 -9.342460188736095006e+01
6.885139999999999816e+01 5.904000000000000000e+03 5.823162147596618524e+03 8.083785240338147560e+01
6.886811000000000149e+01 5.858000000000000000e+03 5.823545427284445395e+03 3.445457271555460466e+01
6.888482999999999379e+01 5.886000000000000000e+03 5.829500497603110489e+03 5.649950239688951115e+01
6.890153999999999712e+01 5.980000000000000000e+03 5.839157674477086402e+03 1.408423255229135975e+02
6.891825000000000045e+01 5.941000000000000000e+03 5.850068375321447093e+03 9.093162467855290743e+01
6.893496000000000379e+01 5.918000000000000000e+03 5.859517833832361248e+03 5.848216616763875209e+01
6.895166999999999291e+01 5.990000000000000000e+03 5.865020779703761946e+03 1.249792202962380543e+02
6.896837999999999624e+01 5.889000000000000000e+03 5.864921665397278957e+03 2.407833460272104276e+01
6.898508999999999958e+01 5.882000000000000000e+03 5.858840526505188791e+03 2.315947349481120909e+01
6.900180000000000291e+01 5.858000000000000000e+03 5.847669416349277526e+03 1.033058365072247398e+01
6.901851999999999521e+01 5.775000000000000000e+03 5.833107699682777820e+03 -5.810769968277782027e+01
6.903522999999999854e+01 5.839000000000000000e+03 5.817103534514571038e+03 2.189646548542896198e+01
6.905194000000000187e+01 5.808000000000000000e+03 5.801337567815213333e+03 6.662432184786666767e+00
6.906865000000000521e+01 5.686000000000000000e+03 5.786993754641135638e+03 -1.009937546411356379e+02
6.908535999999999433e+01 5.687000000000000000e+03 5.774632869517306972e+03 -8.763286951730697183e+01
6.910206999999999766e+01 5.622000000000000000e+03 5.764170807841879650e+03 -1.421708078418796504e+02
6.911878000000000100e+01 5.617000000000000000e+03 5.754948288902757668e+03 -1.379482889027576675e+02
6.913549000000000433e+01 5.826000000000000000e+03 5.745916092878606833e+03 8.008390712139316747e+01
6.915220999999999663e+01 5.621000000000000000e+03 5.735941763655256182e+03 -1.149417636552561817e+02
6.916891999999999996e+01 5.713000000000000000e+03 5.724205765512665494e+03 -1.120576551266549359e+01
6.918563000000000329e+01 5.534000000000000000e+03 5.710428172448567238e+03 -1.764281724485672385e+02
6.920234000000000663e+01 5.726000000000000000e+03 5.694908080745675761e+03 3.109191925432423886e+01
6.921904999999999575e+01 5.647000000000000000e+03 5.678335731488564306e+03 -3.133573148856430635e+01
6.923575999999999908e+01 5.583000000000000000e+03 5.661572352020147264e+03 -7.857235202014726383e+01
6.925247000000000241e+01 5.599000000000000000e+03 5.645498558135542226e+03 -4.649855813554222550e+01
6.926918000000000575e+01 5.596000000000000000e+03 5.630938941193628125e+03 -3.493894119362812489e+01
6.928589999999999804e+01 5.629000000000000000e+03 5.618628107703703790e+03 1.037189229629620968e+01
6.930261000000000138e+01 5.577000000000000000e+03 5.609241070088934976e+03 -3.224107008893497550e+01
6.931932000000000471e+01 5.797000000000000000e+03 5.603373708809569507e+03 1.936262911904304929e+02
6.933602999999999383e+01 5.734000000000000000e+03 5.601615670317253716e+03 1.323843296827462837e+02
6.935273999999999717e+01 5.949000000000000000e+03 5.604587595331518969e+03 3.444124046684810310e+02
6.936945000000000050e+01 5.909000000000000000e+03 5.612972201404888438e+03 2.960277985951115625e+02
6.938616000000000383e+01 6.174000000000000000e+03 5.626678897084037999e+03 5.473211029159620011e+02
6.940286999999999296e+01 6.364000000000000000e+03 5.648130741973179283e+03 7.158692580268207166e+02
6.941958999999999946e+01 6.438000000000000000e+03 5.677167606479628375e+03 7.608323935203716246e+02
6.943630000000000280e+01 6.606000000000000000e+03 5.714560976800675235e+03 8.914390231993247653e+02
6.945301000000000613e+01 6.634000000000000000e+03 5.759528630220602281e+03 8.744713697793977190e+02
6.946971999999999525e+01 6.619000000000000000e+03 5.811851172012020470e+03 8.071488279879795300e+02
6.948642999999999859e+01 6.650000000000000000e+03 5.870179012124973269e+03 7.798209878750267308e+02
6.950314000000000192e+01 6.510000000000000000e+03 5.932348118473214527e+03 5.776518815267854734e+02
6.951985000000000525e+01 6.312000000000000000e+03 5.995382681508855967e+03 3.166173184911440330e+02
6.953656999999999755e+01 6.315000000000000000e+03 6.055623879227057841e+03 2.593761207729421585e+02
6.955328000000000088e+01 6.329000000000000000e+03 6.108816777774052753e+03 2.201832222259472474e+02
6.956999000000000422e+01 6.279000000000000000e+03 6.150358216091251961e+03 1.286417839087480388e+02
6.958669999999999334e+01 6.288000000000000000e+03 6.177710076917013794e+03 1.102899230829862063e+02
6.960340999999999667e+01 6.424000000000000000e+03 6.188765209693984616e+03 2.352347903060153840e+02
6.962012000000000000e+01 6.220000000000000000e+03 6.184258304503257023e+03 3.574169549674297741e+01
6.963683000000000334e+01 6.185000000000000000e+03 6.167126834838963077e+03 1.787316516103692265e+01
6.965354000000000667e+01 6.311000000000000000e+03 6.141773071306814927e+03 1.692269286931850729e+02
6.967025999999999897e+01 6.121000000000000000e+03 6.112098918511788725e+03 8.901081488211275428e+00
6.968697000000000230e+01 5.980000000000000000e+03 6.082009446072951505e+03 -1.020094460729515049e+02
6.970368000000000563e+01 5.871000000000000000e+03 6.054026217880226795e+03 -1.830262178802267954e+02
6.972038999999999476e+01 5.871000000000000000e+03 6.029383327855217431e+03 -1.583833278552174306e+02
6.973709999999999809e+01 5.770000000000000000e+03 6.008003386329208297e+03 -2.380033863292082970e+02
6.975381000000000142e+01 5.786000000000000000e+03 5.988659381827405014e+03 -2.026593818274050136e+02
6.977052000000000476e+01 5.612000000000000000e+03 5.969351380962376425e+03 -3.573513809623764246e+02
6.978722999999999388e+01 5.690000000000000000e+03 5.947917530100427030e+03 -2.579175301004270295e+02
6.980395000000000039e+01 5.632000000000000000e+03 5.922728704521286090e+03 -2.907287045212860903e+02
6.982066000000000372e+01 5.409000000000000000e+03 5.893249645408515789e+03 -4.842496454085157893e+02
6.983737000000000705e+01 5.553000000000000000e+03 5.859986096176418869e+03 -3.069860961764188687e+02
6.985407999999999618e+01 5.494000000000000000e+03 5.824197067793927090e+03 -3.301970677939270900e+02
6.987078999999999951e+01 5.397000000000000000e+03 5.787448713162939384e+03 -3.904487131629393843e+02
6.988750000000000284e+01 5.351000000000000000e+03 5.751296072108382759e+03 -4.002960721083827593e+02
6.990421000000000618e+01 5.431000000000000000e+03 5.717120632183076850e+03 -2.861206321830768502e+02
6.992091999999999530e+01 5.319000000000000000e+03 5.685942395517869954e+03 -3.669423955178699543e+02
6.993764000000000181e+01 5.417000000000000000e+03 5.658482917801020449e+03 -2.414829178010204487e+02
6.995435000000000514e+01 5.287000000000000000e+03 5.635131522723647322e+03 -3.481315227236473220e+02
6.997105999999999426e+01 5.534000000000000000e+03 5.615897449280540968e+03 -8.189744928054096818e+01
6.998776999999999759e+01 5.358000000000000000e+03 5.600540329899374228e+03 -2.425403298993742283e+02
7.000448000000000093e+01 5.363000000000000000e+03 5.588633923953917474e+03 -2.256339239539174741e+02
7.002119000000000426e+01 5.374000000000000000e+03 5.579650844438529020e+03 -2.056508444385290204e+02
7.003789999999999338e+01 5.369000000000000000e+03 5.573037338771838222e+03 -2.040373387718382219e+02
7.005460999999999672e+01 5.435000000000000000e+03 5.568269850403561577e+03 -1.332698504035615770e+02
7.007133000000000322e+01 5.388000000000000000e+03 5.564888939623851911e+03 -1.768889396238519112e+02
7.008804000000000656e+01 5.373000000000000000e+03 5.562522898757189978e+03 -1.895228987571899779e+02
7.010474999999999568e+01 5.414000000000000000e+03 5.560877430976008327e+03 -1.468774309760083270e+02
7.012145999999999901e+01 5.436000000000000000e+03 5.559747615637135823e+03 -1.237476156371358229e+02
7.013817000000000235e+01 5.365000000000000000e+03 5.558959110817336295e+03 -1.939591108173362954e+02
7.015488000000000568e+01 5.501000000000000000e+03 5.558412543828017078e+03 -5.741254382801707834e+01
7.017158999999999480e+01 5.386000000000000000e+03 5.558040092911843203e+03 -1.720400929118432032e+02
7.018829999999999814e+01 5.465000000000000000e+03 5.557795907611996881e+03 -9.279590761199688131e+01
7.020502000000000464e+01 5.444000000000000000e+03 5.557650461547621489e+03 -1.136504615476214894e+02
7.022172999999999377e+01 5.321000000000000000e+03 5.557585037825001564e+03 -2.365850378250015638e+02
7.023843999999999710e+01 5.406000000000000000e+03 5.557587315693659548e+03 -1.515873156936595478e+02
7.025515000000000043e+01 5.550000000000000000e+03 5.557649255699186142e+03 -7.649255699186142010e+00
7.027186000000000377e+01 5.512000000000000000e+03 5.557765444640107489e+03 -4.576544464010748925e+01
7.028857000000000710e+01 5.453000000000000000e+03 5.557932181201662388e+03 -1.049321812016623880e+02
7.030527999999999622e+01 5.459000000000000000e+03 5.558146949356327241e+03 -9.914694935632724082e+01
7.032198999999999955e+01 5.469000000000000000e+03 5.558408122831447145e+03 -8.940812283144714456e+01
7.033871000000000606e+01 5.501000000000000000e+03 5.558715001103762916e+03 -5.771500110376291559e+01
7.035541999999999518e+01 5.382000000000000000e+03 5.559066965420199267e+03 -1.770669654201992671e+02
7.037212999999999852e+01 5.517000000000000000e+03 5.559465920778493455e+03 -4.246592077849345515e+01
7.038884000000000185e+01 5.229000000000000000e+03 5.559910091503717922e+03 -3.309100915037179220e+02
7.040555000000000518e+01 5.380000000000000000e+03 5.560402449284142676e+03 -1.804024492841426763e+02
7.042225999999999431e+01 5.408000000000000000e+03 5.560945292786288519e+03 -1.529452927862885190e+02
7.043896999999999764e+01 5.609000000000000000e+03 5.561541723730002559e+03 4.745827626999744098e+01
7.045568000000000097e+01 5.432000000000000000e+03 5.562195833654114722e+03 -1.301958336541147219e+02
7.047239999999999327e+01 5.355000000000000000e+03 5.562913476614186038e+03 -2.079134766141860382e+02
7.048910999999999660e+01 5.455000000000000000e+03 5.563701077588254520e+03 -1.087010775882545204e+02
7.050581999999999994e+01 5.506000000000000000e+03 5.564569171768216620e+03 -5.856917176821661997e+01
7.052253000000000327e+01 5.425000000000000000e+03 5.565532381203419391e+03 -1.405323812034193907e+02
7.053924000000000660e+01 5.525000000000000000e+03 5.566612568379380718e+03 -4.161256837938071840e+01
7.055594999999999573e+01 5.466000000000000000e+03 5.567843252501121242e+03 -1.018432525011212419e+02
7.057265999999999906e+01 5.553000000000000000e+03 5.569276451560975147e+03 -1.627645156097514700e+01
7.058938000000000557e+01 5.481000000000000000e+03 5.570993958635169292e+03 -8.999395863516929239e+01
7.060608999999999469e+01 5.452000000000000000e+03 5.573117388247761482e+03 -1.211173882477614825e+02
7.062279999999999802e+01 5.345000000000000000e+03 5.575833216986528896e+03 -2.308332169865288961e+02
7.063951000000000136e+01 5.332000000000000000e+03 5.579412374875556452e+03 -2.474123748755564520e+02
7.065622000000000469e+01 5.259000000000000000e+03 5.584237613523941945e+03 -3.252376135239419455e+02
7.067292999999999381e+01 5.544000000000000000e+03 5.590829507400835610e+03 -4.682950740083560959e+01
7.068963999999999714e+01 5.540000000000000000e+03 5.599866297415925146e+03 -5.986629741592514620e+01
7.070635000000000048e+01 5.535000000000000000e+03 5.612189554025328107e+03 -7.718955402532810695e+01
7.072307000000000698e+01 5.342000000000000000e+03 5.628797517081608021e+03 -2.867975170816080208e+02
7.073977999999999611e+01 5.502000000000000000e+03 5.650751680720230070e+03 -1.487516807202300697e+02
7.075648999999999944e+01 5.560000000000000000e+03 5.679144290056538921e+03 -1.191442900565389209e+02
7.077320000000000277e+01 5.443000000000000000e+03 5.714930148673435724e+03 -2.719301486734357240e+02
7.078991000000000611e+01 5.486000000000000000e+03 5.758770512222879915e+03 -2.727705122228799155e+02
7.080661999999999523e+01 5.421000000000000000e+03 5.810852895178814833e+03 -3.898528951788148333e+02
7.082332999999999856e+01 5.488000000000000000e+03 5.870720616175141913e+03 -3.827206161751419131e+02
7.084004000000000190e+01 5.438000000000000000e+03 5.937140095516065230e+03 -4.991400955160652302e+02
7.085675999999999419e+01 5.484000000000000000e+03 6.008072434814234839e+03 -5.240724348142348390e+02
7.087346999999999753e+01 5.529000000000000000e+03 6.080503152286008117e+03 -5.515031522860081168e+02
7.089018000000000086e+01 5.562000000000000000e+03 6.150785114138952849e+03 -5.887851141389528493e+02
7.090689000000000419e+01 5.558000000000000000e+03 6.214666588418913307e+03 -6.566665884189133067e+02
7.092359999999999332e+01 5.524000000000000000e+03 6.267726857028701488e+03 -7.437268570287014882e+02
7.094030999999999665e+01 5.486000000000000000e+03 6.306013378522364292e+03 -8.200133785223642917e+02
7.095701999999999998e+01 5.694000000000000000e+03 6.327015603431280397e+03 -6.330156034312803968e+02
7.097373000000000332e+01 5.857000000000000000e+03 6.330436450312465240e+03 -4.734364503124652401e+02
7.099044999999999561e+01 5.801000000000000000e+03 6.318358479349089976e+03 -5.173584793490899756e+02
7.100715999999999894e+01 5.992000000000000000e+03 6.294638399048058091e+03 -3.026383990480580906e+02
7.102387000000000228e+01 6.137000000000000000e+03 6.263790751928296231e+03 -1.267907519282962312e+02
7.104058000000000561e+01 6.328000000000000000e+03 6.230046656443890242e+03 9.795334355610975763e+01
7.105728999999999473e+01 6.451000000000000000e+03 6.196733269579001899e+03 2.542667304209981012e+02
7.107399999999999807e+01 6.736000000000000000e+03 6.165963217769858602e+03 5.700367822301413980e+02
7.109071000000000140e+01 7.002000000000000000e+03 6.138528763789428922e+03 8.634712362105710781e+02
7.110742000000000473e+01 7.178000000000000000e+03 6.113953788526128847e+03 1.064046211473871153e+03
7.112413999999999703e+01 7.320000000000000000e+03 6.090708141330882427e+03 1.229291858669117573e+03
7.114085000000000036e+01 7.455000000000000000e+03 6.066709699590939636e+03 1.388290300409060364e+03
7.115756000000000370e+01 7.345000000000000000e+03 6.039892578585843694e+03 1.305107421414156306e+03
7.117427000000000703e+01 7.195000000000000000e+03 6.008898523145077888e+03 1.186101476854922112e+03
7.119097999999999615e+01 7.141000000000000000e+03 5.973460024856497512e+03 1.167539975143502488e+03
7.120768999999999949e+01 6.880000000000000000e+03 5.934311166211419732e+03 9.456888337885802684e+02
7.122440000000000282e+01 6.688000000000000000e+03 5.892827217317341820e+03 7.951727826826581804e+02
7.124111000000000615e+01 6.627000000000000000e+03 5.850629292300275665e+03 7.763707076997243348e+02
7.125782999999999845e+01 6.565000000000000000e+03 5.809280133870895952e+03 7.557198661291040480e+02
7.127454000000000178e+01 6.519000000000000000e+03 5.770217505422734575e+03 7.487824945772654246e+02
7.129125000000000512e+01 6.589000000000000000e+03 5.734509346753668979e+03 8.544906532463310214e+02
7.130795999999999424e+01 6.635000000000000000e+03 5.702902731868142837e+03 9.320972681318571631e+02
7.132466999999999757e+01 6.759000000000000000e+03 5.675785684098627826e+03 1.083214315901372174e+03
7.134138000000000090e+01 6.623000000000000000e+03 5.653212475228319818e+03 9.697875247716801823e+02
7.135809000000000424e+01 6.637000000000000000e+03 5.634958939511179778e+03 1.002041060488820222e+03
7.137479999999999336e+01 6.610000000000000000e+03 5.620601865515520331e+03 9.893981344844796695e+02
7.139151999999999987e+01 6.479000000000000000e+03 5.609594367808034804e+03 8.694056321919651964e+02
7.140823000000000320e+01 6.273000000000000000e+03 5.601366151520605854e+03 6.716338484793941461e+02
7.142494000000000653e+01 6.100000000000000000e+03 5.595344473084130186e+03 5.046555269158698138e+02
7.144164999999999566e+01 6.137000000000000000e+03 5.591022597171735470e+03 5.459774028282645304e+02
7.145835999999999899e+01 5.846000000000000000e+03 5.587973916388761609e+03 2.580260836112383913e+02
7.147507000000000232e+01 5.798000000000000000e+03 5.585858077305180814e+03 2.121419226948191863e+02
7.149178000000000566e+01 5.720000000000000000e+03 5.584416196565426617e+03 1.355838034345733831e+02
7.150848999999999478e+01 5.739000000000000000e+03 5.583459787586521088e+03 1.555402124134789119e+02
7.152521000000000129e+01 5.816000000000000000e+03 5.582856953593566686e+03 2.331430464064333137e+02
7.154192000000000462e+01 5.502000000000000000e+03 5.582520340053843938e+03 -8.052034005384393822e+01
7.155862999999999374e+01 5.512000000000000000e+03 5.582393840847083993e+03 -7.039384084708399314e+01
7.157533999999999708e+01 5.409000000000000000e+03 5.582444534900267172e+03 -1.734445349002671719e+02
7.159205000000000041e+01 5.594000000000000000e+03 5.582657560225951784e+03 1.134243977404821635e+01
7.160876000000000374e+01 5.480000000000000000e+03 5.583032151944593352e+03 -1.030321519445933518e+02
7.162547000000000708e+01 5.604000000000000000e+03 5.583581551776396736e+03 2.041844822360326361e+01
7.164218999999999937e+01 5.531000000000000000e+03 5.584336175879920120e+03 -5.333617587992011977e+01
7.165890000000000271e+01 5.436000000000000000e+03 5.585347647926521859e+03 -1.493476479265218586e+02
7.167561000000000604e+01 5.536000000000000000e+03 5.586701624152365184e+03 -5.070162415236518427e+01
7.169231999999999516e+01 5.471000000000000000e+03 5.588528702150315439e+03 -1.175287021503154392e+02
7.170902999999999849e+01 5.493000000000000000e+03 5.591025932651580661e+03 -9.802593265158066060e+01
7.172574000000000183e+01 5.327000000000000000e+03 5.594478279570510495e+03 -2.674782795705104945e+02
7.174245000000000516e+01 5.354000000000000000e+03 5.599284699249408732e+03 -2.452846992494087317e+02
7.175915999999999428e+01 5.430000000000000000e+03 5.605983214509866229e+03 -1.759832145098662295e+02
7.177588000000000079e+01 5.406000000000000000e+03 5.615276539075850451e+03 -2.092765390758504509e+02
7.179259000000000412e+01 5.393000000000000000e+03 5.628014273180720011e+03 -2.350142731807200107e+02
7.180929999999999325e+01 5.487000000000000000e+03 5.645209268124930531e+03 -1.582092681249305315e+02
7.182600999999999658e+01 5.474000000000000000e+03 5.667970575711337005e+03 -1.939705757113370055e+02
7.184271999999999991e+01 5.539000000000000000e+03 5.697424168429000929e+03 -1.584241684290009289e+02
7.185943000000000325e+01 5.591000000000000000e+03 5.734590391606037883e+03 -1.435903916060378833e+02
7.187614000000000658e+01 5.410000000000000000e+03 5.780228709991183678e+03 -3.702287099911836776e+02
7.189284999999999570e+01 5.610000000000000000e+03 5.834664174276138510e+03 -2.246641742761385103e+02
7.190957000000000221e+01 5.579000000000000000e+03 5.897657894589123316e+03 -3.186578945891233161e+02
7.192628000000000554e+01 5.606000000000000000e+03 5.968109713525385814e+03 -3.621097135253858141e+02
7.194298999999999467e+01 5.802000000000000000e+03 6.044199053107496184e+03 -2.421990531074961837e+02
7.195969999999999800e+01 5.830000000000000000e+03 6.123218826642703789e+03 -2.932188266427037888e+02
7.197641000000000133e+01 5.544000000000000000e+03 6.201666956067129831e+03 -6.576669560671298314e+02
7.199312000000000467e+01 5.786000000000000000e+03 6.275391750423464146e+03 -4.893917504234641456e+02
7.200982999999999379e+01 5.867000000000000000e+03 6.339874527209514781e+03 -4.728745272095147811e+02
7.202653999999999712e+01 5.842000000000000000e+03 6.390738935172659694e+03 -5.487389351726596942e+02
7.204326000000000363e+01 5.888000000000000000e+03 6.424549721113152373e+03 -5.365497211131523727e+02
7.205997000000000696e+01 5.952000000000000000e+03 6.439630727729046157e+03 -4.876307277290461570e+02
7.207667999999999608e+01 6.163000000000000000e+03 6.436737440497880016e+03 -2.737374404978800158e+02
7.209338999999999942e+01 6.265000000000000000e+03 6.418782404238903837e+03 -1.537824042389038368e+02
7.211010000000000275e+01 6.657000000000000000e+03 6.390019828474905808e+03 2.669801715250941925e+02
7.212681000000000608e+01 6.618000000000000000e+03 6.355011246854191995e+03 2.629887531458080048e+02
7.214351999999999521e+01 6.764000000000000000e+03 6.317806168450119003e+03 4.461938315498809970e+02
7.216022999999999854e+01 6.927000000000000000e+03 6.281450226849266073e+03 6.455497731507339267e+02
7.217695000000000505e+01 7.009000000000000000e+03 6.247730411637032375e+03 7.612695883629676246e+02
7.219365999999999417e+01 6.907000000000000000e+03 6.217192545439384958e+03 6.898074545606150423e+02
7.221036999999999750e+01 6.854000000000000000e+03 6.189109817777587523e+03 6.648901822224124771e+02
7.222708000000000084e+01 6.811000000000000000e+03 6.161835109523555730e+03 6.491648904764442705e+02
7.224379000000000417e+01 6.841000000000000000e+03 6.133260544530807238e+03 7.077394554691927624e+02
7.226049999999999329e+01 6.577000000000000000e+03 6.101457268788884903e+03 4.755427312111150968e+02
7.227720999999999663e+01 6.494000000000000000e+03 6.065269543959067050e+03 4.287304560409329497e+02
7.229391999999999996e+01 6.316000000000000000e+03 6.024598945637742872e+03 2.914010543622571277e+02
7.231064000000000647e+01 6.227000000000000000e+03 5.980259022341441778e+03 2.467409776585582222e+02
7.232734999999999559e+01 6.423000000000000000e+03 5.933725965199750135e+03 4.892740348002498649e+02
7.234405999999999892e+01 6.211000000000000000e+03 5.886613673168716559e+03 3.243863268312834407e+02
7.236077000000000226e+01 6.237000000000000000e+03 5.840522426421044656e+03 3.964775735789553437e+02
7.237748000000000559e+01 6.334000000000000000e+03 5.796859041224435714e+03 5.371409587755642860e+02
7.239418999999999471e+01 6.046000000000000000e+03 5.756744493601167051e+03 2.892555063988329493e+02
7.241089999999999804e+01 6.141000000000000000e+03 5.720961283084130628e+03 4.200387169158693723e+02
7.242761000000000138e+01 6.071000000000000000e+03 5.689936670398114074e+03 3.810633296018859255e+02
7.244432999999999367e+01 6.090000000000000000e+03 5.663747676927601788e+03 4.262523230723982124e+02
7.246103999999999701e+01 5.936000000000000000e+03 5.642231336305353580e+03 2.937686636946464205e+02
7.247775000000000034e+01 5.801000000000000000e+03 5.624962583059088502e+03 1.760374169409114984e+02
7.249446000000000367e+01 5.683000000000000000e+03 5.611399416648029728e+03 7.160058335197027191e+01
7.251117000000000701e+01 5.789000000000000000e+03 5.600941203392874741e+03 1.880587966071252595e+02
7.252787999999999613e+01 5.582000000000000000e+03 5.592991005679965383e+03 -1.099100567996538302e+01
7.254458999999999946e+01 5.413000000000000000e+03 5.587000293164109280e+03 -1.740002931641092800e+02
7.256130000000000280e+01 5.603000000000000000e+03 5.582495497965321192e+03 2.050450203467880783e+01
7.257801999999999509e+01 5.606000000000000000e+03 5.579087013268758710e+03 2.691298673124128982e+01
7.259472999999999843e+01 5.491000000000000000e+03 5.576475629920765641e+03 -8.547562992076564115e+01
7.261144000000000176e+01 5.482000000000000000e+03 5.574431993451365088e+03 -9.243199345136508782e+01
7.262815000000000509e+01 5.469000000000000000e+03 5.572792915179809825e+03 -1.037929151798098246e+02
7.264485999999999422e+01 5.511000000000000000e+03 5.571450170164819610e+03 -6.045017016481961036e+01
7.266156999999999755e+01 5.509000000000000000e+03 5.570321993290514001e+03 -6.132199329051400127e+01
7.267828000000000088e+01 5.516000000000000000e+03 5.569368026233570163e+03 -5.336802623357016273e+01
7.269499000000000422e+01 5.536000000000000000e+03 5.568565132711194565e+03 -3.256513271119456476e+01
7.271170999999999651e+01 5.600000000000000000e+03 5.567905522835691045e+03 3.209447716430895525e+01
7.272841999999999985e+01 5.494000000000000000e+03 5.567394082471956608e+03 -7.339408247195660806e+01
7.274513000000000318e+01 5.444000000000000000e+03 5.567042725279302431e+03 -1.230427252793024309e+02
7.276184000000000651e+01 5.530000000000000000e+03 5.566869107799237099e+03 -3.686910779923709924e+01
7.277854999999999563e+01 5.560000000000000000e+03 5.566893130188641408e+03 -6.893130188641407585e+00
7.279525999999999897e+01 5.374000000000000000e+03 5.567133501269125190e+03 -1.931335012691251904e+02
7.281197000000000230e+01 5.431000000000000000e+03 5.567603894435561415e+03 -1.366038944355614149e+02
7.282868999999999460e+01 5.502000000000000000e+03 5.568309380476812294e+03 -6.630938047681229364e+01
7.284539999999999793e+01 5.686000000000000000e+03 5.569240709847196740e+03 1.167592901528032598e+02
7.286211000000000126e+01 5.609000000000000000e+03 5.570373641008540289e+03 3.862635899145971052e+01
7.287882000000000460e+01 5.641000000000000000e+03 5.571667532166069577e+03 6.933246783393042278e+01
7.289552999999999372e+01 5.686000000000000000e+03 5.573056299966089682e+03 1.129437000339103179e+02
7.291223999999999705e+01 5.635000000000000000e+03 5.574462616975039055e+03 6.053738302496094548e+01
7.292895000000000039e+01 5.766000000000000000e+03 5.575791983159990195e+03 1.902080168400098046e+02
7.294566000000000372e+01 5.640000000000000000e+03 5.576940376464670408e+03 6.305962353532959241e+01
7.296237999999999602e+01 5.688000000000000000e+03 5.577804431802467661e+03 1.101955681975323387e+02
7.297908999999999935e+01 5.723000000000000000e+03 5.578295083479139066e+03 1.447049165208609338e+02
7.299580000000000268e+01 5.613000000000000000e+03 5.578360038839510707e+03 3.463996116048929252e+01
7.301251000000000602e+01 5.706000000000000000e+03 5.577940300041916089e+03 1.280596999580839110e+02
7.302921999999999514e+01 5.498000000000000000e+03 5.577198105279745505e+03 -7.919810527974550496e+01
7.304592999999999847e+01 5.643000000000000000e+03 5.576163794332848738e+03 6.683620566715126188e+01
7.306264000000000181e+01 5.552000000000000000e+03 5.574940016772613490e+03 -2.294001677261348959e+01
7.307935000000000514e+01 5.575000000000000000e+03 5.573624827891719178e+03 1.375172108280821703e+00
7.309606999999999744e+01 5.561000000000000000e+03 5.572297287896372836e+03 -1.129728789637283626e+01
7.311278000000000077e+01 5.662000000000000000e+03 5.571013284730929627e+03 9.098671526907037332e+01
7.312949000000000410e+01 5.621000000000000000e+03 5.569800574041480104e+03 5.119942595851989608e+01
7.314619999999999322e+01 5.586000000000000000e+03 5.568651082183831022e+03 1.734891781616897788e+01
7.316290999999999656e+01 5.507000000000000000e+03 5.567540868159096135e+03 -6.054086815909613506e+01
7.317961999999999989e+01 5.476000000000000000e+03 5.566427039098831301e+03 -9.042703909883130109e+01
7.319633000000000322e+01 5.607000000000000000e+03 5.565233089780936098e+03 4.176691021906390233e+01
7.321304000000000656e+01 5.441000000000000000e+03 5.563982799191528102e+03 -1.229827991915281018e+02
7.322975999999999885e+01 5.443000000000000000e+03 5.562629751164906338e+03 -1.196297511649063381e+02
7.324647000000000219e+01 5.416000000000000000e+03 5.561185086537290772e+03 -1.451850865372907720e+02
7.326318000000000552e+01 5.393000000000000000e+03 5.559669180860209963e+03 -1.666691808602099627e+02
7.327988999999999464e+01 5.482000000000000000e+03 5.558201305068728288e+03 -7.620130506872828846e+01
7.329659999999999798e+01 5.467000000000000000e+03 5.556654315853241314e+03 -8.965431585324131447e+01
7.331331000000000131e+01 5.326000000000000000e+03 5.555145471740525863e+03 -2.291454717405258634e+02
7.333002000000000464e+01 5.508000000000000000e+03 5.553705095542749405e+03 -4.570509554274940456e+01
7.334672999999999377e+01 5.273000000000000000e+03 5.552356841033260025e+03 -2.793568410332600251e+02
7.336345000000000027e+01 5.406000000000000000e+03 5.551081527975506106e+03 -1.450815279755061056e+02
7.338016000000000361e+01 5.340000000000000000e+03 5.549956371003969252e+03 -2.099563710039692523e+02
7.339687000000000694e+01 5.449000000000000000e+03 5.548949988228973780e+03 -9.994998822897377977e+01
7.341357999999999606e+01 5.395000000000000000e+03 5.548055527753762362e+03 -1.530555277537623624e+02
7.343028999999999940e+01 5.445000000000000000e+03 5.547263255315314382e+03 -1.022632553153143817e+02
7.344700000000000273e+01 5.329000000000000000e+03 5.546560686423708830e+03 -2.175606864237088303e+02
7.346371000000000606e+01 5.338000000000000000e+03 5.545934225542941931e+03 -2.079342255429419311e+02
7.348041999999999518e+01 5.417000000000000000e+03 5.545371606501680617e+03 -1.283716065016806169e+02
7.349714000000000169e+01 5.304000000000000000e+03 5.544858283169335664e+03 -2.408582831693356638e+02
7.351385000000000502e+01 5.345000000000000000e+03 5.544695064245012873e+03 -1.996950642450128726e+02
7.353055999999999415e+01 5.428000000000000000e+03 5.544197809818508176e+03 -1.161978098185081762e+02
7.354726999999999748e+01 5.389000000000000000e+03 5.543767486998036475e+03 -1.547674869980364747e+02
7.356398000000000081e+01 5.359000000000000000e+03 5.543379269250100151e+03 -1.843792692501001511e+02
7.358069000000000415e+01 5.494000000000000000e+03 5.543015108533705643e+03 -4.901510853370564291e+01
7.359739999999999327e+01 5.427000000000000000e+03 5.542676485187228536e+03 -1.156764851872285362e+02
7.361410999999999660e+01 5.407000000000000000e+03 5.542369160596497750e+03 -1.353691605964977498e+02
7.363083000000000311e+01 5.559000000000000000e+03 5.542103037189946008e+03 1.689696281005399214e+01
7.364754000000000644e+01 5.597000000000000000e+03 5.541893979308431881e+03 5.510602069156811922e+01
7.366424999999999557e+01 5.391000000000000000e+03 5.541764361743534209e+03 -1.507643617435342094e+02
7.368095999999999890e+01 5.346000000000000000e+03 5.541745453982790423e+03 -1.957454539827904227e+02
7.369767000000000223e+01 5.407000000000000000e+03 5.541878938479060707e+03 -1.348789384790607073e+02
7.371438000000000557e+01 5.484000000000000000e+03 5.542187177632332350e+03 -5.818717763233235019e+01
7.373108999999999469e+01 5.559000000000000000e+03 5.542798104317183061e+03 1.620189568281693937e+01
7.374779999999999802e+01 5.412000000000000000e+03 5.543898248439092640e+03 -1.318982484390926402e+02
7.376452000000000453e+01 5.425000000000000000e+03 5.545293365191536395e+03 -1.202933651915363953e+02
7.378122999999999365e+01 5.565000000000000000e+03 5.547140962627658155e+03 1.785903737234184518e+01
7.379793999999999699e+01 5.532000000000000000e+03 5.549666007358081515e+03 -1.766600735808151512e+01
7.381465000000000032e+01 5.617000000000000000e+03 5.552868265524654817e+03 6.413173447534518345e+01
7.383136000000000365e+01 5.607000000000000000e+03 5.556791288602571512e+03 5.020871139742848754e+01
7.384807000000000698e+01 5.759000000000000000e+03 5.561440097264648102e+03 1.975599027353518977e+02
7.386477999999999611e+01 5.691000000000000000e+03 5.566770100064109101e+03 1.242298999358908986e+02
7.388150000000000261e+01 5.587000000000000000e+03 5.572682443846400020e+03 1.431755615359998046e+01
7.389821000000000595e+01 5.826000000000000000e+03 5.579005219372093052e+03 2.469947806279069482e+02
7.391491999999999507e+01 5.733000000000000000e+03 5.585515372416086393e+03 1.474846275839136069e+02
7.393162999999999840e+01 5.718000000000000000e+03 5.591930536588931318e+03 1.260694634110686820e+02
7.394834000000000174e+01 5.881000000000000000e+03 5.597924419140994360e+03 2.830755808590056404e+02
7.396505000000000507e+01 5.753000000000000000e+03 5.603110623033786396e+03 1.498893769662136037e+02
7.398175999999999419e+01 5.644000000000000000e+03 5.607227828556813620e+03 3.677217144318638020e+01
7.399846999999999753e+01 5.723000000000000000e+03 5.609969942919102323e+03 1.130300570808976772e+02
7.401519000000000403e+01 5.541000000000000000e+03 5.611195678638950994e+03 -7.019567863895099435e+01
7.403189999999999316e+01 5.659000000000000000e+03 5.610930012588134559e+03 4.806998741186544066e+01
7.404860999999999649e+01 5.564000000000000000e+03 5.609363691009135437e+03 -4.536369100913543662e+01
7.406531999999999982e+01 5.512000000000000000e+03 5.606798618495027767e+03 -9.479861849502776749e+01
7.408203000000000316e+01 5.603000000000000000e+03 5.603578607496238874e+03 -5.786074962388738641e-01
7.409874000000000649e+01 5.654000000000000000e+03 5.600027524929301762e+03 5.397247507069823769e+01
7.411544999999999561e+01 5.538000000000000000e+03 5.596408142360581223e+03 -5.840814236058122333e+01
7.413215999999999894e+01 5.509000000000000000e+03 5.592899804026718812e+03 -8.389980402671881166e+01
7.414888000000000545e+01 5.585000000000000000e+03 5.589587503114385981e+03 -4.587503114385981462e+00
7.416558999999999457e+01 5.836000000000000000e+03 5.586471095799568502e+03 2.495289042004314979e+02
7.418229999999999791e+01 5.560000000000000000e+03 5.583386428212512328e+03 -2.338642821251232817e+01
7.419901000000000124e+01 5.607000000000000000e+03 5.580358144997935597e+03 2.664185500206440338e+01
7.421572000000000457e+01 5.559000000000000000e+03 5.577158176954662849e+03 -1.815817695466284931e+01
7.423242999999999370e+01 5.582000000000000000e+03 5.573669533043167576e+03 8.330466956832424330e+00
7.424913999999999703e+01 5.426000000000000000e+03 5.569839587228353594e+03 -1.438395872283535937e+02
7.426585000000000036e+01 5.390000000000000000e+03 5.565689026771898170e+03 -1.756890267718981704e+02
7.428257000000000687e+01 5.367000000000000000e+03 5.561294611198513849e+03 -1.942946111985138486e+02
7.429927999999999599e+01 5.496000000000000000e+03 5.556774879842224436e+03 -6.077487984222443629e+01
7.431598999999999933e+01 5.346000000000000000e+03 5.552251645218564590e+03 -2.062516452185645903e+02
7.433270000000000266e+01 5.360000000000000000e+03 5.547844854122502511e+03 -1.878448541225025110e+02
7.434941000000000599e+01 5.502000000000000000e+03 5.543660270047979793e+03 -4.166027004797979316e+01
7.436611999999999512e+01 5.364000000000000000e+03 5.539783261275552832e+03 -1.757832612755528316e+02
7.438282999999999845e+01 5.426000000000000000e+03 5.536232949345105226e+03 -1.102329493451052258e+02
7.439954000000000178e+01 5.359000000000000000e+03 5.533129270933392945e+03 -1.741292709333929452e+02
7.441625999999999408e+01 5.435000000000000000e+03 5.530439309730446439e+03 -9.543930973044643906e+01
7.443296999999999741e+01 5.308000000000000000e+03 5.528161349211671222e+03 -2.201613492116712223e+02
7.444968000000000075e+01 5.373000000000000000e+03 5.526254417422337610e+03 -1.532544174223376103e+02
7.446639000000000408e+01 5.369000000000000000e+03 5.524685135440156955e+03 -1.556851354401569552e+02
7.448309999999999320e+01 5.446000000000000000e+03 5.523408266746702793e+03 -7.740826674670279317e+01
7.449980999999999653e+01 5.388000000000000000e+03 5.522377221037074378e+03 -1.343772210370743778e+02
7.451651999999999987e+01 5.477000000000000000e+03 5.521547721140894282e+03 -4.454772114089428214e+01
7.453323000000000320e+01 5.436000000000000000e+03 5.520880264507432003e+03 -8.488026450743200257e+01
7.454994999999999550e+01 5.351000000000000000e+03 5.520341154882222327e+03 -1.693411548822223267e+02
7.456665999999999883e+01 5.301000000000000000e+03 5.519904096262743224e+03 -2.189040962627432236e+02
7.458337000000000216e+01 5.313000000000000000e+03 5.519547985162905206e+03 -2.065479851629052064e+02
7.460008000000000550e+01 5.212000000000000000e+03 5.519257543133211584e+03 -3.072575431332115841e+02
7.461678999999999462e+01 5.334000000000000000e+03 5.519022054748339542e+03 -1.850220547483395421e+02
7.463349999999999795e+01 5.381000000000000000e+03 5.518834438766228232e+03 -1.378344387662282315e+02
7.465021000000000129e+01 5.372000000000000000e+03 5.518690401085714257e+03 -1.466904010857142566e+02
7.466692000000000462e+01 5.408000000000000000e+03 5.518587724300788068e+03 -1.105877243007880679e+02
7.468363999999999692e+01 5.344000000000000000e+03 5.518528773542851923e+03 -1.745287735428519227e+02
7.470035000000000025e+01 5.383000000000000000e+03 5.518507871549688389e+03 -1.355078715496883888e+02
7.471706000000000358e+01 5.463000000000000000e+03 5.518529265582034895e+03 -5.552926558203489549e+01
7.473377000000000692e+01 5.494000000000000000e+03 5.518594805130531313e+03 -2.459480513053131290e+01
7.475047999999999604e+01 5.496000000000000000e+03 5.518663755794127610e+03 -2.266375579412760999e+01
7.476718999999999937e+01 5.426000000000000000e+03 5.518825325596410948e+03 -9.282532559641094849e+01
7.478390000000000271e+01 5.434000000000000000e+03 5.519039402024827723e+03 -8.503940202482772293e+01
7.480061000000000604e+01 5.393000000000000000e+03 5.519309605734697470e+03 -1.263096057346974703e+02
7.481732999999999834e+01 5.397000000000000000e+03 5.519640200516170808e+03 -1.226402005161708075e+02
7.483404000000000167e+01 5.358000000000000000e+03 5.520035296520931297e+03 -1.620352965209312970e+02
7.485075000000000500e+01 5.298000000000000000e+03 5.520520517024169749e+03 -2.225205170241697488e+02
7.486745999999999412e+01 5.243000000000000000e+03 5.521060632092054220e+03 -2.780606320920542203e+02
7.488416999999999746e+01 5.499000000000000000e+03 5.521682130279651574e+03 -2.268213027965157380e+01
7.490088000000000079e+01 5.355000000000000000e+03 5.522391844621776727e+03 -1.673918446217767269e+02
7.491759000000000412e+01 5.444000000000000000e+03 5.523197369915673335e+03 -7.919736991567333462e+01
7.493430999999999642e+01 5.396000000000000000e+03 5.524107738082710966e+03 -1.281077380827109664e+02
7.495101999999999975e+01 5.429000000000000000e+03 5.525108494691964552e+03 -9.610849469196455175e+01
7.496773000000000309e+01 5.255000000000000000e+03 5.526256422130361898e+03 -2.712564221303618979e+02
7.498444000000000642e+01 5.268000000000000000e+03 5.527540434213923618e+03 -2.595404342139236178e+02
7.500114999999999554e+01 5.315000000000000000e+03 5.528973883243503224e+03 -2.139738832435032236e+02
7.501785999999999888e+01 5.437000000000000000e+03 5.530571940863472264e+03 -9.357194086347226403e+01
7.503457000000000221e+01 5.301000000000000000e+03 5.532352032085484097e+03 -2.313520320854840975e+02
7.505128000000000554e+01 5.392000000000000000e+03 5.534334485249311911e+03 -1.423344852493119106e+02
7.506799999999999784e+01 5.286000000000000000e+03 5.536544938259677110e+03 -2.505449382596771102e+02
7.508471000000000117e+01 5.313000000000000000e+03 5.539021344002465412e+03 -2.260213440024654119e+02
7.510142000000000451e+01 5.463000000000000000e+03 5.541781261409871149e+03 -7.878126140987114923e+01
7.511812999999999363e+01 5.380000000000000000e+03 5.544885569396370556e+03 -1.648855693963705562e+02
7.513483999999999696e+01 5.456000000000000000e+03 5.548403171280130664e+03 -9.240317128013066394e+01
7.515155000000000030e+01 5.408000000000000000e+03 5.552431879898584157e+03 -1.444318798985841568e+02
7.516826000000000363e+01 5.570000000000000000e+03 5.557113725271933617e+03 1.288627472806638252e+01
7.518497000000000696e+01 5.370000000000000000e+03 5.562638368789397646e+03 -1.926383687893976457e+02
7.520168999999999926e+01 5.403000000000000000e+03 5.569355737517042144e+03 -1.663557375170421437e+02
7.521840000000000259e+01 5.568000000000000000e+03 5.577688334816934912e+03 -9.688334816934911942e+00
7.523511000000000593e+01 5.485000000000000000e+03 5.588288532564836714e+03 -1.032885325648367143e+02
7.525181999999999505e+01 5.596000000000000000e+03 5.602075375544875897e+03 -6.075375544875896594e+00
7.526852999999999838e+01 5.451000000000000000e+03 5.620321583603618819e+03 -1.693215836036188193e+02
7.528524000000000171e+01 5.507000000000000000e+03 5.644744051102286903e+03 -1.377440511022869032e+02
7.530195000000000505e+01 5.545000000000000000e+03 5.677591735675634482e+03 -1.325917356756344816e+02
7.531865999999999417e+01 5.585000000000000000e+03 5.721715872540316013e+03 -1.367158725403160133e+02
7.533538000000000068e+01 5.584000000000000000e+03 5.780642636416087953e+03 -1.966426364160879530e+02
7.535209000000000401e+01 5.765000000000000000e+03 5.858393911188523816e+03 -9.339391118852381624e+01
7.536879999999999313e+01 5.799000000000000000e+03 5.959577439587352274e+03 -1.605774395873522735e+02
7.538550999999999647e+01 5.876000000000000000e+03 6.089020493501338024e+03 -2.130204935013380236e+02
7.540221999999999980e+01 5.872000000000000000e+03 6.251492810576642114e+03 -3.794928105766421140e+02
7.541893000000000313e+01 6.066000000000000000e+03 6.451180509862188956e+03 -3.851805098621889556e+02
7.543564000000000647e+01 5.984000000000000000e+03 6.691180541671612445e+03 -7.071805416716124455e+02
7.545234999999999559e+01 5.953000000000000000e+03 6.972835312302156126e+03 -1.019835312302156126e+03
7.546907000000000210e+01 6.357000000000000000e+03 7.295426209047203884e+03 -9.384262090472038835e+02
7.548578000000000543e+01 6.384000000000000000e+03 7.654834076896446277e+03 -1.270834076896446277e+03
7.550248999999999455e+01 6.685000000000000000e+03 8.044385055524739073e+03 -1.359385055524739073e+03
7.551919999999999789e+01 7.166000000000000000e+03 8.453988677660669055e+03 -1.287988677660669055e+03
7.553591000000000122e+01 7.636000000000000000e+03 8.870443916422207622e+03 -1.234443916422207622e+03
7.555262000000000455e+01 8.289000000000000000e+03 9.277818014096388652e+03 -9.888180140963886515e+02
7.556932999999999367e+01 9.031000000000000000e+03 9.658137810983565942e+03 -6.271378109835659416e+02
7.558603999999999701e+01 1.001900000000000000e+04 9.992556298151841474e+03 2.644370184815852554e+01
7.560276000000000352e+01 1.073000000000000000e+04 1.026337505229573435e+04 4.666249477042656508e+02
7.561947000000000685e+01 1.130700000000000000e+04 1.045608651048779939e+04 8.509134895122006128e+02
7.563617999999999597e+01 1.171200000000000000e+04 1.056327731017644328e+04 1.148722689823556721e+03
7.565288999999999930e+01 1.181800000000000000e+04 1.058587302558470037e+04 1.232126974415299628e+03
7.566960000000000264e+01 1.176000000000000000e+04 1.053316889363212613e+04 1.226831106367873872e+03
7.568631000000000597e+01 1.134200000000000000e+04 1.042051536138660958e+04 9.214846386133904161e+02
7.570301999999999509e+01 1.118700000000000000e+04 1.026591068372419977e+04 9.210893162758002291e+02
7.571972999999999843e+01 1.081200000000000000e+04 1.008691120350063466e+04 7.250887964993653441e+02
7.573645000000000493e+01 1.014700000000000000e+04 9.898280462680428172e+03 2.487195373195718275e+02
7.575315999999999406e+01 9.700000000000000000e+03 9.711165170735706852e+03 -1.116517073570685170e+01
7.576986999999999739e+01 9.535000000000000000e+03 9.531809066017496662e+03 3.190933982503338484e+00
7.578658000000000072e+01 9.500000000000000000e+03 9.361931994133130502e+03 1.380680058668694983e+02
7.580329000000000406e+01 9.330000000000000000e+03 9.199059087220206493e+03 1.309409127797935071e+02
7.581999999999999318e+01 9.512000000000000000e+03 9.037531372667954201e+03 4.744686273320457985e+02
7.583670999999999651e+01 9.419000000000000000e+03 8.870370315670297714e+03 5.486296843297022860e+02
7.585341999999999985e+01 9.399000000000000000e+03 8.691142666505616944e+03 7.078573334943830559e+02
7.587014000000000635e+01 9.158000000000000000e+03 8.495888693160930416e+03 6.621113068390695844e+02
7.588684999999999548e+01 9.103000000000000000e+03 8.284520972735062969e+03 8.184790272649370308e+02
7.590355999999999881e+01 8.858000000000000000e+03 8.059880781804477010e+03 7.981192181955229898e+02
7.592027000000000214e+01 8.290000000000000000e+03 7.827150244756450775e+03 4.628497552435492253e+02
7.593698000000000548e+01 8.130000000000000000e+03 7.592534315524352678e+03 5.374656844756473220e+02
7.595368999999999460e+01 7.918000000000000000e+03 7.362303674838603911e+03 5.556963251613960892e+02
7.597039999999999793e+01 7.415000000000000000e+03 7.142157915933241384e+03 2.728420840667586162e+02
7.598711000000000126e+01 7.170000000000000000e+03 6.936819016237031974e+03 2.331809837629680260e+02
7.600382999999999356e+01 6.942000000000000000e+03 6.749665727160662755e+03 1.923342728393372454e+02
7.602053999999999689e+01 6.430000000000000000e+03 6.583008059316784056e+03 -1.530080593167840561e+02
7.603725000000000023e+01 6.484000000000000000e+03 6.437486887811806810e+03 4.651311218819319038e+01
7.605396000000000356e+01 6.234000000000000000e+03 6.312532222680670202e+03 -7.853222268067020195e+01
7.607067000000000689e+01 6.095000000000000000e+03 6.206598511058051372e+03 -1.115985110580513719e+02
7.608737999999999602e+01 5.995000000000000000e+03 6.117514942904033887e+03 -1.225149429040338873e+02
7.610408999999999935e+01 5.876000000000000000e+03 6.042887097743727281e+03 -1.668870977437272813e+02
7.612081000000000586e+01 5.850000000000000000e+03 5.980393483280733562e+03 -1.303934832807335624e+02
7.613751999999999498e+01 5.810000000000000000e+03 5.928115251523006009e+03 -1.181152515230060089e+02
7.615422999999999831e+01 5.712000000000000000e+03 5.884357831935570175e+03 -1.723578319355701751e+02
7.617094000000000165e+01 5.588000000000000000e+03 5.847762934296775711e+03 -2.597629342967757111e+02
7.618765000000000498e+01 5.571000000000000000e+03 5.817196313140649181e+03 -2.461963131406491812e+02
7.620435999999999410e+01 5.730000000000000000e+03 5.791678170175947344e+03 -6.167817017594734352e+01
7.622106999999999744e+01 5.765000000000000000e+03 5.770321802949769335e+03 -5.321802949769335100e+00
7.623778000000000077e+01 5.856000000000000000e+03 5.752281195901276988e+03 1.037188040987230124e+02
7.625449999999999307e+01 5.868000000000000000e+03 5.736703855475026103e+03 1.312961445249738972e+02
7.627120999999999640e+01 5.730000000000000000e+03 5.722752469634523550e+03 7.247530365476450243e+00
7.628791999999999973e+01 5.673000000000000000e+03 5.709571748897898033e+03 -3.657174889789803274e+01
7.630463000000000306e+01 5.724000000000000000e+03 5.696388774196906525e+03 2.761122580309347541e+01
7.632134000000000640e+01 5.771000000000000000e+03 5.682591211502537590e+03 8.840878849746241031e+01
7.633804999999999552e+01 5.652000000000000000e+03 5.667806356860165579e+03 -1.580635686016557884e+01
7.635475999999999885e+01 5.624000000000000000e+03 5.651932758925207054e+03 -2.793275892520705384e+01
7.637147000000000219e+01 5.655000000000000000e+03 5.635110486717575441e+03 1.988951328242455929e+01
7.638818999999999448e+01 5.618000000000000000e+03 5.617638454987730256e+03 3.615450122697438928e-01
7.640489999999999782e+01 5.601000000000000000e+03 5.599935049980512304e+03 1.064950019487696409e+00
7.642161000000000115e+01 5.535000000000000000e+03 5.582407136233304300e+03 -4.740713623330429982e+01
7.643832000000000448e+01 5.533000000000000000e+03 5.565443873697907293e+03 -3.244387369790729281e+01
7.645502999999999361e+01 5.604000000000000000e+03 5.549375055610784329e+03 5.462494438921567053e+01
7.647173999999999694e+01 5.591000000000000000e+03 5.534451320352512994e+03 5.654867964748700615e+01
7.648845000000000027e+01 5.613000000000000000e+03 5.520833402344297610e+03 9.216659765570238960e+01
7.650516000000000361e+01 5.607000000000000000e+03 5.508590013395969436e+03 9.840998660403056419e+01
7.652187999999999590e+01 5.609000000000000000e+03 5.497698548235851376e+03 1.113014517641486236e+02
7.653858999999999924e+01 5.502000000000000000e+03 5.488085890101985569e+03 1.391410989801443066e+01
7.655530000000000257e+01 5.521000000000000000e+03 5.479612050485576219e+03 4.138794951442378078e+01
7.657201000000000590e+01 5.515000000000000000e+03 5.472122638317507153e+03 4.287736168249284674e+01
7.658871999999999503e+01 5.561000000000000000e+03 5.465464813006563418e+03 9.553518699343658227e+01
7.660542999999999836e+01 5.537000000000000000e+03 5.459502573697041043e+03 7.749742630295895651e+01
7.662214000000000169e+01 5.390000000000000000e+03 5.454123402421722858e+03 -6.412340242172285798e+01
7.663885000000000502e+01 5.480000000000000000e+03 5.449238815542888005e+03 3.076118445711199456e+01
7.665556999999999732e+01 5.385000000000000000e+03 5.444779690367318835e+03 -5.977969036731883534e+01
7.667228000000000065e+01 5.296000000000000000e+03 5.440703935658575574e+03 -1.447039356585755741e+02
7.668899000000000399e+01 5.400000000000000000e+03 5.436977767875316204e+03 -3.697776787531620357e+01
7.670569999999999311e+01 5.429000000000000000e+03 5.433583886879482634e+03 -4.583886879482633958e+00
7.672240999999999644e+01 5.405000000000000000e+03 5.430516212067737797e+03 -2.551621206773779704e+01
7.673911999999999978e+01 5.456000000000000000e+03 5.427777974444446954e+03 2.822202555555304571e+01
7.675583000000000311e+01 5.278000000000000000e+03 5.425380669575465618e+03 -1.473806695754656175e+02
7.677254000000000644e+01 5.367000000000000000e+03 5.423343958720008231e+03 -5.634395872000823147e+01
7.678925999999999874e+01 5.412000000000000000e+03 5.421695476175542353e+03 -9.695476175542353303e+00
7.680597000000000207e+01 5.417000000000000000e+03 5.420475567732610216e+03 -3.475567732610215899e+00
7.682268000000000541e+01 5.245000000000000000e+03 5.419732127689312620e+03 -1.747321276893126196e+02
7.683938999999999453e+01 5.463000000000000000e+03 5.419524700796666366e+03 4.347529920333363407e+01
7.685609999999999786e+01 5.505000000000000000e+03 5.419921777643091445e+03 8.507822235690855450e+01
7.687281000000000120e+01 5.437000000000000000e+03 5.420997211701093875e+03 1.600278829890612542e+01
7.688952000000000453e+01 5.459000000000000000e+03 5.422824402348049261e+03 3.617559765195073851e+01
7.690622999999999365e+01 5.497000000000000000e+03 5.425468309428580142e+03 7.153169057141985832e+01
7.692295000000000016e+01 5.450000000000000000e+03 5.428978096814500532e+03 2.102190318549946824e+01
7.693966000000000349e+01 5.515000000000000000e+03 5.433367559801720745e+03 8.163244019827925513e+01
7.695637000000000683e+01 5.501000000000000000e+03 5.438617236088409300e+03 6.238276391159070045e+01
7.697307999999999595e+01 5.465000000000000000e+03 5.444657537714118007e+03 2.034246228588199301e+01
7.698978999999999928e+01 5.418000000000000000e+03 5.451364223189402765e+03 -3.336422318940276455e+01
7.700650000000000261e+01 5.525000000000000000e+03 5.458555580420501428e+03 6.644441957949857169e+01
7.702321000000000595e+01 5.345000000000000000e+03 5.465993628154813450e+03 -1.209936281548134502e+02
7.703991999999999507e+01 5.455000000000000000e+03 5.473389539364437951e+03 -1.838953936443795101e+01
7.705664000000000158e+01 5.515000000000000000e+03 5.480417870338184912e+03 3.458212966181508818e+01
7.707335000000000491e+01 5.380000000000000000e+03 5.486716786025843248e+03 -1.067167860258432484e+02
7.709005999999999403e+01 5.446000000000000000e+03 5.491940581170282712e+03 -4.594058117028271226e+01
7.710676999999999737e+01 5.522000000000000000e+03 5.495782306347939084e+03 2.621769365206091607e+01
7.712348000000000070e+01 5.434000000000000000e+03 5.498027540680431230e+03 -6.402754068043122970e+01
7.714019000000000403e+01 5.364000000000000000e+03 5.498598988139572612e+03 -1.345989881395726115e+02
7.715689999999999316e+01 5.542000000000000000e+03 5.497575537731294389e+03 4.442446226870561077e+01
7.717361999999999966e+01 5.583000000000000000e+03 5.495121304598141251e+03 8.787869540185874939e+01
7.719033000000000300e+01 5.599000000000000000e+03 5.491645824863464441e+03 1.073541751365355594e+02
7.720704000000000633e+01 5.469000000000000000e+03 5.487432620799774668e+03 -1.843262079977466783e+01
7.722374999999999545e+01 5.535000000000000000e+03 5.482797644615268837e+03 5.220235538473116321e+01
7.724045999999999879e+01 5.580000000000000000e+03 5.478003528592849761e+03 1.019964714071502385e+02
7.725717000000000212e+01 5.598000000000000000e+03 5.473240047686811522e+03 1.247599523131884780e+02
7.727388000000000545e+01 5.570000000000000000e+03 5.468615261043629289e+03 1.013847389563707111e+02
7.729058999999999457e+01 5.402000000000000000e+03 5.464155311344248730e+03 -6.215531134424873017e+01
7.730731000000000108e+01 5.409000000000000000e+03 5.459810657061470920e+03 -5.081065706147091987e+01
7.732402000000000442e+01 5.507000000000000000e+03 5.455485745643006339e+03 5.151425435699366062e+01
7.734072999999999354e+01 5.400000000000000000e+03 5.451053514724456363e+03 -5.105351472445636318e+01
7.735743999999999687e+01 5.477000000000000000e+03 5.446401610883061949e+03 3.059838911693805130e+01
7.737415000000000020e+01 5.538000000000000000e+03 5.441460966345103770e+03 9.653903365489622956e+01
7.739086000000000354e+01 5.413000000000000000e+03 5.436194744652348163e+03 -2.319474465234816307e+01
7.740757000000000687e+01 5.422000000000000000e+03 5.430701706294942596e+03 -8.701706294942596287e+00
7.742427999999999599e+01 5.485000000000000000e+03 5.425039226636699823e+03 5.996077336330017715e+01
7.744100000000000250e+01 5.485000000000000000e+03 5.419307642528783617e+03 6.569235747121638269e+01
7.745771000000000583e+01 5.425000000000000000e+03 5.413621519288660238e+03 1.137848071133976191e+01
7.747441999999999496e+01 5.295000000000000000e+03 5.408078560756057414e+03 -1.130785607560574135e+02
7.749112999999999829e+01 5.379000000000000000e+03 5.402767031217524163e+03 -2.376703121752416337e+01
7.750784000000000162e+01 5.467000000000000000e+03 5.397758826967874484e+03 6.924117303212551633e+01
7.752455000000000496e+01 5.470000000000000000e+03 5.393108120417940881e+03 7.689187958205911855e+01
7.754125999999999408e+01 5.288000000000000000e+03 5.388851662657921224e+03 -1.008516626579212243e+02
7.755796999999999741e+01 5.485000000000000000e+03 5.385010029508723164e+03 9.998997049127683567e+01
7.757469000000000392e+01 5.432000000000000000e+03 5.381587197855705199e+03 5.041280214429480111e+01
7.759139999999999304e+01 5.388000000000000000e+03 5.378580015481435112e+03 9.419984518564888276e+00
7.760810999999999638e+01 5.393000000000000000e+03 5.375967739982052990e+03 1.703226001794701006e+01
7.762481999999999971e+01 5.545000000000000000e+03 5.373722772150645142e+03 1.712772278493548583e+02
7.764153000000000304e+01 5.315000000000000000e+03 5.371811102615285563e+03 -5.681110261528556293e+01
7.765824000000000638e+01 5.428000000000000000e+03 5.370194858263127571e+03 5.780514173687242874e+01
7.767494999999999550e+01 5.380000000000000000e+03 5.368834411376162279e+03 1.116558862383772066e+01
7.769165999999999883e+01 5.370000000000000000e+03 5.367689903120025519e+03 2.310096879974480544e+00
7.770838000000000534e+01 5.321000000000000000e+03 5.366721736431965837e+03 -4.572173643196583726e+01
7.772508999999999446e+01 5.253000000000000000e+03 5.365893557665055596e+03 -1.128935576650555959e+02
7.774179999999999779e+01 5.277000000000000000e+03 5.365169592073333661e+03 -8.816959207333366066e+01
7.775851000000000113e+01 5.435000000000000000e+03 5.364517899221954394e+03 7.048210077804560569e+01
7.777522000000000446e+01 5.201000000000000000e+03 5.363910498942476806e+03 -1.629104989424768064e+02
7.779192999999999358e+01 5.318000000000000000e+03 5.363323687530602001e+03 -4.532368753060200106e+01
7.780863999999999692e+01 5.423000000000000000e+03 5.362737780698174902e+03 6.026221930182509823e+01
7.782535000000000025e+01 5.327000000000000000e+03 5.362136566835507438e+03 -3.513656683550743764e+01
7.784207000000000676e+01 5.375000000000000000e+03 5.361506634466772084e+03 1.349336553322791588e+01
7.785877999999999588e+01 5.411000000000000000e+03 5.360839289913098582e+03 5.016071008690141753e+01
7.787548999999999921e+01 5.410000000000000000e+03 5.360129311263871386e+03 4.987068873612861353e+01
7.789220000000000255e+01 5.374000000000000000e+03 5.359377430642791296e+03 1.462256935720870388e+01
7.790891000000000588e+01 5.304000000000000000e+03 5.358590130616315946e+03 -5.459013061631594610e+01
7.792561999999999500e+01 5.360000000000000000e+03 5.357778532703219753e+03 2.221467296780247125e+00
7.794232999999999834e+01 5.320000000000000000e+03 5.356956312659779542e+03 -3.695631265977954172e+01
7.795904000000000167e+01 5.329000000000000000e+03 5.356137403692437147e+03 -2.713740369243714667e+01
7.797575999999999397e+01 5.336000000000000000e+03 5.355401731431522421e+03 -1.940173143152242119e+01
7.799246999999999730e+01 5.337000000000000000e+03 5.354624013649338849e+03 -1.762401364933884906e+01
7.800918000000000063e+01 5.434000000000000000e+03 5.353877596793254270e+03 8.012240320674573013e+01
7.802589000000000397e+01 5.359000000000000000e+03 5.353165046525041362e+03 5.834953474958638253e+00
7.804259999999999309e+01 5.418000000000000000e+03 5.352485541814743556e+03 6.551445818525644427e+01
7.805930999999999642e+01 5.341000000000000000e+03 5.351835376448368152e+03 -1.083537644836815161e+01
7.807601999999999975e+01 5.406000000000000000e+03 5.351208828094216187e+03 5.479117190578381269e+01
7.809273000000000309e+01 5.384000000000000000e+03 5.350599391335475957e+03 3.340060866452404298e+01
7.810944999999999538e+01 5.450000000000000000e+03 5.350000851499973578e+03 9.999914850002642197e+01
7.812615999999999872e+01 5.370000000000000000e+03 5.349409967857524862e+03 2.059003214247513824e+01
7.814287000000000205e+01 5.406000000000000000e+03 5.348825010144331827e+03 5.717498985566817282e+01
7.815958000000000538e+01 5.333000000000000000e+03 5.348247137211174959e+03 -1.524713721117495879e+01
7.817628999999999451e+01 5.409000000000000000e+03 5.347679440018518108e+03 6.132055998148189246e+01
7.819299999999999784e+01 5.308000000000000000e+03 5.347126173935936094e+03 -3.912617393593609449e+01
7.820971000000000117e+01 5.370000000000000000e+03 5.346592094241893392e+03 2.340790575810660812e+01
7.822642999999999347e+01 5.428000000000000000e+03 5.346117732815858290e+03 8.188226718414171046e+01
7.824313999999999680e+01 5.354000000000000000e+03 5.345636278510293778e+03 8.363721489706222201e+00
7.825985000000000014e+01 5.351000000000000000e+03 5.345187240888966699e+03 5.812759111033301451e+00
7.827656000000000347e+01 5.459000000000000000e+03 5.344714592238238765e+03 1.142854077617612347e+02
7.829327000000000680e+01 5.367000000000000000e+03 5.344339934382437605e+03 2.266006561756239535e+01
7.830997999999999593e+01 5.338000000000000000e+03 5.344005537469523006e+03 -6.005537469523005711e+00
7.832668999999999926e+01 5.380000000000000000e+03 5.343712795675131019e+03 3.628720432486898062e+01
7.834340000000000259e+01 5.275000000000000000e+03 5.343462804027105449e+03 -6.846280402710544877e+01
7.836011999999999489e+01 5.564000000000000000e+03 5.343256578814398381e+03 2.207434211856016191e+02
7.837682999999999822e+01 5.367000000000000000e+03 5.343095938187857428e+03 2.390406181214257231e+01
7.839354000000000156e+01 5.422000000000000000e+03 5.342983245264609650e+03 7.901675473539035011e+01
7.841025000000000489e+01 5.372000000000000000e+03 5.342922472530081905e+03 2.907752746991809545e+01
7.842695999999999401e+01 5.368000000000000000e+03 5.342919654792028268e+03 2.508034520797173172e+01
7.844366999999999734e+01 5.325000000000000000e+03 5.342983503908517378e+03 -1.798350390851737757e+01
7.846038000000000068e+01 5.296000000000000000e+03 5.343126016055362925e+03 -4.712601605536292482e+01
7.847709000000000401e+01 5.378000000000000000e+03 5.343331483961445883e+03 3.466851603855411668e+01
7.849380999999999631e+01 5.434000000000000000e+03 5.343683481519205998e+03 9.031651848079400224e+01
7.851051999999999964e+01 5.390000000000000000e+03 5.344174420479326727e+03 4.582557952067327278e+01
7.852723000000000297e+01 5.434000000000000000e+03 5.344833301206688702e+03 8.916669879331129778e+01
7.854394000000000631e+01 5.332000000000000000e+03 5.345692640802565620e+03 -1.369264080256562011e+01
7.856064999999999543e+01 5.343000000000000000e+03 5.346787472097689715e+03 -3.787472097689715156e+00
7.857735999999999876e+01 5.402000000000000000e+03 5.348153526277320452e+03 5.384647372267954779e+01
7.859407000000000210e+01 5.469000000000000000e+03 5.349824760162123312e+03 1.191752398378766884e+02
7.861078000000000543e+01 5.218000000000000000e+03 5.351830299920441576e+03 -1.338302999204415755e+02
7.862749999999999773e+01 5.259000000000000000e+03 5.354192494317981073e+03 -9.519249431798107253e+01
7.864421000000000106e+01 5.290000000000000000e+03 5.356917436700893631e+03 -6.691743670089363150e+01
7.866092000000000439e+01 5.332000000000000000e+03 5.360000029865504985e+03 -2.800002986550498463e+01
7.867762999999999352e+01 5.343000000000000000e+03 5.363415744725771219e+03 -2.041574472577121924e+01
7.869433999999999685e+01 5.303000000000000000e+03 5.367120049749228201e+03 -6.412004974922820111e+01
7.871105000000000018e+01 5.420000000000000000e+03 5.371047730120410051e+03 4.895226987958994869e+01
7.872776000000000352e+01 5.263000000000000000e+03 5.375113531056648753e+03 -1.121135310566487533e+02
7.874447000000000685e+01 5.422000000000000000e+03 5.379214176148010665e+03 4.278582385198933480e+01
7.876118999999999915e+01 5.390000000000000000e+03 5.383234259043721977e+03 6.765740956278023077e+00
7.877790000000000248e+01 5.383000000000000000e+03 5.387042217068623359e+03 -4.042217068623358500e+00
7.879461000000000581e+01 5.535000000000000000e+03 5.390513429772960080e+03 1.444865702270399197e+02
7.881131999999999493e+01 5.308000000000000000e+03 5.393532997927703036e+03 -8.553299792770303611e+01
7.882802999999999827e+01 5.418000000000000000e+03 5.396014261849983086e+03 2.198573815001691401e+01
7.884474000000000160e+01 5.430000000000000000e+03 5.397915011456766479e+03 3.208498854323352134e+01
7.886145000000000493e+01 5.382000000000000000e+03 5.399247802558382318e+03 -1.724780255838231824e+01
7.887815999999999406e+01 5.497000000000000000e+03 5.400079254667882196e+03 9.692074533211780363e+01
7.889488000000000056e+01 5.473000000000000000e+03 5.400518371407029008e+03 7.248162859297099203e+01
7.891159000000000390e+01 5.334000000000000000e+03 5.400697895156694358e+03 -6.669789515669435787e+01
7.892829999999999302e+01 5.409000000000000000e+03 5.400758471648068735e+03 8.241528351931265206e+00
7.894500999999999635e+01 5.307000000000000000e+03 5.400834860990961715e+03 -9.383486099096171529e+01
7.896171999999999969e+01 5.458000000000000000e+03 5.401049356999355950e+03 5.695064300064404961e+01
7.897843000000000302e+01 5.324000000000000000e+03 5.401509748132728419e+03 -7.750974813272841857e+01
7.899514000000000635e+01 5.523000000000000000e+03 5.402311365449658297e+03 1.206886345503417033e+02
7.901184999999999548e+01 5.481000000000000000e+03 5.403543013622715080e+03 7.745698637728492031e+01
7.902857000000000198e+01 5.341000000000000000e+03 5.405298376631149040e+03 -6.429837663114903989e+01
7.904528000000000532e+01 5.354000000000000000e+03 5.407686332171979302e+03 -5.368633217197930207e+01
7.906198999999999444e+01 5.396000000000000000e+03 5.410856027872262530e+03 -1.485602787226252985e+01
7.907869999999999777e+01 5.491000000000000000e+03 5.415013596909029729e+03 7.598640309097027057e+01
7.909541000000000111e+01 5.454000000000000000e+03 5.420441170212556244e+03 3.355882978744375578e+01
7.911212000000000444e+01 5.359000000000000000e+03 5.427508622954364000e+03 -6.850862295436400018e+01
7.912882999999999356e+01 5.548000000000000000e+03 5.436677145984668641e+03 1.113228540153313588e+02
7.914553999999999689e+01 5.407000000000000000e+03 5.448495292506701844e+03 -4.149529250670184410e+01
7.916226000000000340e+01 5.503000000000000000e+03 5.463599000797666122e+03 3.940099920233387820e+01
7.917897000000000673e+01 5.390000000000000000e+03 5.482657661154576999e+03 -9.265766115457699925e+01
7.919567999999999586e+01 5.545000000000000000e+03 5.506405240260840401e+03 3.859475973915959912e+01
7.921238999999999919e+01 5.459000000000000000e+03 5.535575322664994019e+03 -7.657532266499401885e+01
7.922910000000000252e+01 5.659000000000000000e+03 5.570878681976836560e+03 8.812131802316343965e+01
7.924581000000000586e+01 5.640000000000000000e+03 5.612952728483329338e+03 2.704727151667066209e+01
7.926251999999999498e+01 5.688000000000000000e+03 5.662325747004760160e+03 2.567425299523983995e+01
7.927922999999999831e+01 5.627000000000000000e+03 5.719378483948091343e+03 -9.237848394809134334e+01
7.929595000000000482e+01 5.698000000000000000e+03 5.784360031228478874e+03 -8.636003122847887425e+01
7.931265999999999394e+01 5.749000000000000000e+03 5.857219139866660043e+03 -1.082191398666600435e+02
7.932936999999999728e+01 5.894000000000000000e+03 5.937847931632163636e+03 -4.384793163216363610e+01
7.934608000000000061e+01 5.724000000000000000e+03 6.025957975329486544e+03 -3.019579753294865441e+02
7.936279000000000394e+01 5.684000000000000000e+03 6.121153041969453625e+03 -4.371530419694536249e+02
7.937949999999999307e+01 5.952000000000000000e+03 6.222968292860277870e+03 -2.709682928602778702e+02
7.939620999999999640e+01 5.867000000000000000e+03 6.330910589392548900e+03 -4.639105893925488999e+02
7.941293000000000291e+01 5.947000000000000000e+03 6.444575940202792481e+03 -4.975759402027924807e+02
7.942964000000000624e+01 6.075000000000000000e+03 6.563443130514784571e+03 -4.884431305147845706e+02
7.944634999999999536e+01 6.263000000000000000e+03 6.687390170401741671e+03 -4.243901704017416705e+02
7.946305999999999869e+01 6.299000000000000000e+03 6.816551503059805327e+03 -5.175515030598053272e+02
7.947977000000000203e+01 6.413000000000000000e+03 6.951490555116912219e+03 -5.384905551169122191e+02
7.949648000000000536e+01 6.888000000000000000e+03 7.093182326536605615e+03 -2.051823265366056148e+02
7.951318999999999448e+01 7.108000000000000000e+03 7.242804388043641666e+03 -1.348043880436416657e+02
7.952989999999999782e+01 7.626000000000000000e+03 7.401347126155808837e+03 2.246528738441911628e+02
7.954662000000000432e+01 8.181000000000000000e+03 7.569248590656592569e+03 6.117514093434074312e+02
7.956332999999999345e+01 8.843000000000000000e+03 7.745568372123994777e+03 1.097431627876005223e+03
7.958003999999999678e+01 9.633000000000000000e+03 7.928307412715346800e+03 1.704692587284653200e+03
7.959675000000000011e+01 9.887000000000000000e+03 8.113886959172661591e+03 1.773113040827338409e+03
7.961346000000000345e+01 1.000000000000000000e+04 8.297268222788545245e+03 1.702731777211454755e+03
7.963017000000000678e+01 9.870000000000000000e+03 8.472113184747202467e+03 1.397886815252797533e+03
7.964687999999999590e+01 9.803000000000000000e+03 8.631106352342758328e+03 1.171893647657241672e+03
7.966358999999999924e+01 9.536000000000000000e+03 8.766493656455962991e+03 7.695063435440370085e+02
7.968031000000000574e+01 9.181000000000000000e+03 8.870944441450446902e+03 3.100555585495530977e+02
7.969701999999999487e+01 8.950000000000000000e+03 8.938367441357380812e+03 1.163255864261918759e+01
7.971372999999999820e+01 8.571000000000000000e+03 8.965362835734493274e+03 -3.943628357344932738e+02
7.973044000000000153e+01 8.726000000000000000e+03 8.951675345991377981e+03 -2.256753459913779807e+02
7.974715000000000487e+01 8.648000000000000000e+03 8.900322667397933401e+03 -2.523226673979334009e+02
7.976385999999999399e+01 8.758000000000000000e+03 8.816939966619178449e+03 -5.893996661917844904e+01
7.978056999999999732e+01 8.526000000000000000e+03 8.708691530045301988e+03 -1.826915300453019881e+02
7.979728000000000065e+01 8.875000000000000000e+03 8.583138041062971752e+03 2.918619589370282483e+02
7.981399999999999295e+01 8.991000000000000000e+03 8.447241254487325932e+03 5.437587455126740679e+02
7.983070999999999628e+01 8.855000000000000000e+03 8.307077701293152131e+03 5.479222987068478687e+02
7.984741999999999962e+01 8.770000000000000000e+03 8.166981460706818325e+03 6.030185392931816750e+02
7.986413000000000295e+01 8.330000000000000000e+03 8.029697397887496663e+03 3.003026021125033367e+02
7.988084000000000628e+01 8.290000000000000000e+03 7.896298089114996401e+03 3.937019108850035991e+02
7.989754999999999541e+01 7.795000000000000000e+03 7.766355356659949393e+03 2.864464334005060664e+01
7.991425999999999874e+01 7.687000000000000000e+03 7.638309596663075354e+03 4.869040333692464628e+01
7.993097000000000207e+01 7.307000000000000000e+03 7.510026825593846297e+03 -2.030268255938462971e+02
7.994768999999999437e+01 7.100000000000000000e+03 7.379375903599038793e+03 -2.793759035990387929e+02
7.996439999999999770e+01 7.019000000000000000e+03 7.245128458138269707e+03 -2.261284581382697070e+02
7.998111000000000104e+01 7.065000000000000000e+03 7.106830337538211097e+03 -4.183033753821109713e+01
7.999782000000000437e+01 6.831000000000000000e+03 6.965132576756039271e+03 -1.341325767560392705e+02
8.001452999999999349e+01 6.588000000000000000e+03 6.821492966198160502e+03 -2.334929661981605022e+02
8.003123999999999683e+01 6.493000000000000000e+03 6.677863162873140027e+03 -1.848631628731400269e+02
8.004795000000000016e+01 6.299000000000000000e+03 6.536404302475481018e+03 -2.374043024754810176e+02
8.006466000000000349e+01 6.233000000000000000e+03 6.399275550939508321e+03 -1.662755509395083209e+02
8.008137999999999579e+01 6.037000000000000000e+03 6.268410152327014657e+03 -2.314101523270146572e+02
8.009808999999999912e+01 6.031000000000000000e+03 6.145717194664024646e+03 -1.147171946640246460e+02
8.011480000000000246e+01 5.793000000000000000e+03 6.032529304876664355e+03 -2.395293048766643551e+02
8.013151000000000579e+01 5.599000000000000000e+03 5.929864302794213472e+03 -3.308643027942134722e+02
8.014821999999999491e+01 5.693000000000000000e+03 5.838316520765277346e+03 -1.453165207652773461e+02
8.016492999999999824e+01 5.736000000000000000e+03 5.758059696860183067e+03 -2.205969686018306675e+01
8.018164000000000158e+01 5.595000000000000000e+03 5.688880126551881403e+03 -9.388012655188140343e+01
8.019835000000000491e+01 5.471000000000000000e+03 5.630234843228908176e+03 -1.592348432289081757e+02
8.021506999999999721e+01 5.430000000000000000e+03 5.581300095875933948e+03 -1.513000958759339483e+02
8.023178000000000054e+01 5.515000000000000000e+03 5.541159075845802363e+03 -2.615907584580236289e+01
8.024849000000000387e+01 5.542000000000000000e+03 5.508731904868629499e+03 3.326809513137050089e+01
8.026519999999999300e+01 5.545000000000000000e+03 5.482935098127446508e+03 6.206490187255349156e+01
8.028190999999999633e+01 5.451000000000000000e+03 5.462732225994515829e+03 -1.173222599451582937e+01
8.029861999999999966e+01 5.523000000000000000e+03 5.447171315466497617e+03 7.582868453350238269e+01
8.031533000000000300e+01 5.583000000000000000e+03 5.435412125498914975e+03 1.475878745010850253e+02
8.033204000000000633e+01 5.653000000000000000e+03 5.426738829913871996e+03 2.262611700861280042e+02
8.034875999999999863e+01 5.497000000000000000e+03 5.420557554634076951e+03 7.644244536592304939e+01
8.036547000000000196e+01 5.512000000000000000e+03 5.416401139948711716e+03 9.559886005128828401e+01
8.038218000000000529e+01 5.596000000000000000e+03 5.413892741948203366e+03 1.821072580517966344e+02
8.039888999999999442e+01 5.576000000000000000e+03 5.412743723311047688e+03 1.632562766889523118e+02
8.041559999999999775e+01 5.573000000000000000e+03 5.412730151636027585e+03 1.602698483639724145e+02
8.043231000000000108e+01 5.450000000000000000e+03 5.413674360812001396e+03 3.632563918799860403e+01
8.044902000000000442e+01 5.379000000000000000e+03 5.415425340871332082e+03 -3.642534087133208232e+01
8.046573999999999671e+01 5.555000000000000000e+03 5.417859126466884845e+03 1.371408735331151547e+02
8.048245000000000005e+01 5.501000000000000000e+03 5.420843284492451858e+03 8.015671550754814234e+01
8.049916000000000338e+01 5.434000000000000000e+03 5.424251062067502971e+03 9.748937932497028669e+00
8.051587000000000671e+01 5.574000000000000000e+03 5.427948723274660551e+03 1.460512767253394486e+02
8.053257999999999583e+01 5.591000000000000000e+03 5.431795746705268357e+03 1.592042532947316431e+02
8.054928999999999917e+01 5.563000000000000000e+03 5.435646593710646812e+03 1.273534062893531882e+02
8.056600000000000250e+01 5.380000000000000000e+03 5.439355543079628660e+03 -5.935554307962866005e+01
8.058271000000000583e+01 5.496000000000000000e+03 5.442785249340807241e+03 5.321475065919275949e+01
8.059942999999999813e+01 5.347000000000000000e+03 5.445821341033110912e+03 -9.882134103311091167e+01
8.061614000000000146e+01 5.392000000000000000e+03 5.448382117297657715e+03 -5.638211729765771452e+01
8.063285000000000480e+01 5.533000000000000000e+03 5.450446919775674360e+03 8.255308022432564030e+01
8.064955999999999392e+01 5.510000000000000000e+03 5.452061115071841414e+03 5.793888492815858626e+01
8.066626999999999725e+01 5.577000000000000000e+03 5.453340438873942730e+03 1.236595611260572696e+02
8.068298000000000059e+01 5.439000000000000000e+03 5.454461715945524702e+03 -1.546171594552470197e+01
8.069969000000000392e+01 5.577000000000000000e+03 5.455650975241943343e+03 1.213490247580566574e+02
8.071639999999999304e+01 5.378000000000000000e+03 5.457139893003473844e+03 -7.913989300347384415e+01
8.073311999999999955e+01 5.470000000000000000e+03 5.459182625708026535e+03 1.081737429197346501e+01
8.074983000000000288e+01 5.360000000000000000e+03 5.462011298274474029e+03 -1.020112982744740293e+02
8.076654000000000622e+01 5.418000000000000000e+03 5.465834886720792383e+03 -4.783488672079238313e+01
8.078324999999999534e+01 5.371000000000000000e+03 5.470822343874360740e+03 -9.982234387436074030e+01
8.079995999999999867e+01 5.274000000000000000e+03 5.477092373317454076e+03 -2.030923733174540757e+02
8.081667000000000201e+01 5.443000000000000000e+03 5.484704033421791792e+03 -4.170403342179179162e+01
8.083338000000000534e+01 5.449000000000000000e+03 5.493650438780369768e+03 -4.465043878036976821e+01
8.085008999999999446e+01 5.471000000000000000e+03 5.503856691327146109e+03 -3.285669132714610896e+01
8.086681000000000097e+01 5.481000000000000000e+03 5.515189209756993478e+03 -3.418920975699347764e+01
8.088352000000000430e+01 5.481000000000000000e+03 5.527462229990262131e+03 -4.646222999026213074e+01
8.090022999999999342e+01 5.452000000000000000e+03 5.540367293852434159e+03 -8.836729385243415891e+01
8.091693999999999676e+01 5.651000000000000000e+03 5.553625798226962615e+03 9.737420177303738456e+01
8.093365000000000009e+01 5.474000000000000000e+03 5.566882237102138788e+03 -9.288223710213878803e+01
8.095036000000000342e+01 5.444000000000000000e+03 5.579738282597417310e+03 -1.357382825974173102e+02
8.096707000000000676e+01 5.541000000000000000e+03 5.591766081837482488e+03 -5.076608183748248848e+01
8.098377999999999588e+01 5.648000000000000000e+03 5.602515199831237624e+03 4.548480016876237642e+01
8.100050000000000239e+01 5.721000000000000000e+03 5.611567091087256813e+03 1.094329089127431871e+02
8.101721000000000572e+01 5.551000000000000000e+03 5.618546466447999592e+03 -6.754646644799959176e+01
8.103391999999999484e+01 5.535000000000000000e+03 5.623208657020657483e+03 -8.820865702065748337e+01
8.105062999999999818e+01 5.622000000000000000e+03 5.625461425846335260e+03 -3.461425846335259848e+00
8.106734000000000151e+01 5.626000000000000000e+03 5.625391132299031597e+03 6.088677009684033692e-01
8.108405000000000484e+01 5.690000000000000000e+03 5.623247534298381652e+03 6.675246570161834825e+01
8.110075999999999397e+01 5.650000000000000000e+03 5.619397590369495447e+03 3.060240963050455321e+01
8.111746999999999730e+01 5.597000000000000000e+03 5.614264920513888683e+03 -1.726492051388868276e+01
8.113419000000000381e+01 5.504000000000000000e+03 5.608268964918892380e+03 -1.042689649188923795e+02
8.115089999999999293e+01 5.733000000000000000e+03 5.601811971923702913e+03 1.311880280762970870e+02
8.116760999999999626e+01 5.621000000000000000e+03 5.595167283690457225e+03 2.583271630954277498e+01
8.118431999999999960e+01 5.609000000000000000e+03 5.588571277541621384e+03 2.042872245837861556e+01
8.120103000000000293e+01 5.751000000000000000e+03 5.582153426961053810e+03 1.688465730389461896e+02
8.121774000000000626e+01 5.782000000000000000e+03 5.575956031465580054e+03 2.060439685344199461e+02
8.123444999999999538e+01 5.565000000000000000e+03 5.569948250461530733e+03 -4.948250461530733446e+00
8.125115999999999872e+01 5.656000000000000000e+03 5.564050785643761628e+03 9.194921435623837169e+01
8.126788000000000523e+01 5.466000000000000000e+03 5.558166524768014824e+03 -9.216652476801482408e+01
8.128458999999999435e+01 5.599000000000000000e+03 5.552232794529040802e+03 4.676720547095919756e+01
8.130129999999999768e+01 5.345000000000000000e+03 5.546232846312258516e+03 -2.012328463122585163e+02
8.131801000000000101e+01 5.653000000000000000e+03 5.540227114497011826e+03 1.127728855029881743e+02
8.133472000000000435e+01 5.558000000000000000e+03 5.534347775103196000e+03 2.365222489680400031e+01
8.135142999999999347e+01 5.557000000000000000e+03 5.528781661835592786e+03 2.821833816440721421e+01
8.136813999999999680e+01 5.480000000000000000e+03 5.523746328924854424e+03 -4.374632892485442426e+01
8.138485000000000014e+01 5.745000000000000000e+03 5.519466372477628283e+03 2.255336275223717166e+02
8.140157000000000664e+01 5.740000000000000000e+03 5.516151575282545309e+03 2.238484247174546908e+02
8.141827999999999577e+01 5.670000000000000000e+03 5.513987709328664096e+03 1.560122906713359043e+02
8.143498999999999910e+01 5.683000000000000000e+03 5.513110777117778525e+03 1.698892228822214747e+02
8.145170000000000243e+01 5.656000000000000000e+03 5.513626026919679134e+03 1.423739730803208658e+02
8.146841000000000577e+01 5.722000000000000000e+03 5.515510933561067759e+03 2.064890664389322410e+02
8.148511999999999489e+01 5.708000000000000000e+03 5.518739264067483418e+03 1.892607359325165817e+02
8.150182999999999822e+01 5.718000000000000000e+03 5.523193779167791945e+03 1.948062208322080551e+02
8.151855000000000473e+01 5.627000000000000000e+03 5.528693987453304544e+03 9.830601254669545597e+01
8.153525999999999385e+01 5.635000000000000000e+03 5.534988894456177150e+03 1.000111055438228504e+02
8.155196999999999719e+01 5.584000000000000000e+03 5.541787224758241791e+03 4.221277524175820872e+01
8.156868000000000052e+01 5.572000000000000000e+03 5.548758931005935665e+03 2.324106899406433513e+01
8.158539000000000385e+01 5.670000000000000000e+03 5.555557236629699219e+03 1.144427633703007814e+02
8.160209999999999297e+01 5.506000000000000000e+03 5.561843638663169259e+03 -5.584363866316925851e+01
8.161880999999999631e+01 5.395000000000000000e+03 5.567318498703148180e+03 -1.723184987031481796e+02
8.163551999999999964e+01 5.692000000000000000e+03 5.571753156594964821e+03 1.202468434050351789e+02
8.165224000000000615e+01 5.594000000000000000e+03 5.575016866283670424e+03 1.898313371632957569e+01
8.166894999999999527e+01 5.693000000000000000e+03 5.577105968175547787e+03 1.158940318244522132e+02
8.168565999999999860e+01 5.773000000000000000e+03 5.578037560967484751e+03 1.949624390325152490e+02
8.170237000000000194e+01 5.734000000000000000e+03 5.577974700375092652e+03 1.560252996249073476e+02
8.171908000000000527e+01 5.718000000000000000e+03 5.577099865998806308e+03 1.409001340011936918e+02
8.173578999999999439e+01 5.656000000000000000e+03 5.575565711192270101e+03 8.043428880772989942e+01
8.175249999999999773e+01 5.666000000000000000e+03 5.573541462977129413e+03 9.245853702287058695e+01
8.176921000000000106e+01 5.681000000000000000e+03 5.571154278969204825e+03 1.098457210307951755e+02
8.178592999999999336e+01 5.582000000000000000e+03 5.568493173806003142e+03 1.350682619399685791e+01
8.180263999999999669e+01 5.639000000000000000e+03 5.565614727172641324e+03 7.338527282735867630e+01
8.181935000000000002e+01 5.579000000000000000e+03 5.562535993964419504e+03 1.646400603558049625e+01
8.183606000000000336e+01 5.545000000000000000e+03 5.559246253873207934e+03 -1.424625387320793379e+01
8.185277000000000669e+01 5.417000000000000000e+03 5.555324881940044179e+03 -1.383248819400441789e+02
8.186947999999999581e+01 5.607000000000000000e+03 5.551516446002323391e+03 5.548355399767660856e+01
8.188618999999999915e+01 5.533000000000000000e+03 5.547401063808502840e+03 -1.440106380850284040e+01
8.190290000000000248e+01 5.381000000000000000e+03 5.542974188113602395e+03 -1.619741881136023949e+02
8.191961999999999477e+01 5.507000000000000000e+03 5.538281770107050761e+03 -3.128177010705076100e+01
8.193632999999999811e+01 5.434000000000000000e+03 5.533339182890496886e+03 -9.933918289049688610e+01
8.195304000000000144e+01 5.539000000000000000e+03 5.528256841313287623e+03 1.074315868671237695e+01
8.196975000000000477e+01 5.394000000000000000e+03 5.523092923416878875e+03 -1.290929234168788753e+02
8.198645999999999390e+01 5.534000000000000000e+03 5.517949805757827562e+03 1.605019424217243795e+01
8.200316999999999723e+01 5.477000000000000000e+03 5.512911117023764746e+03 -3.591111702376474568e+01
8.201988000000000056e+01 5.489000000000000000e+03 5.508052927623557480e+03 -1.905292762355747982e+01
8.203659000000000390e+01 5.333000000000000000e+03 5.503445582757226475e+03 -1.704455827572264752e+02
8.205330999999999619e+01 5.460000000000000000e+03 5.499139090567618041e+03 -3.913909056761804095e+01
8.207001999999999953e+01 5.523000000000000000e+03 5.494988720751675828e+03 2.801127924832417193e+01
8.208673000000000286e+01 5.598000000000000000e+03 5.491434302188677975e+03 1.065656978113220248e+02
8.210344000000000619e+01 5.387000000000000000e+03 5.488299468708631139e+03 -1.012994687086311387e+02
8.212014999999999532e+01 5.474000000000000000e+03 5.485598058632084758e+03 -1.159805863208475785e+01
8.213685999999999865e+01 5.537000000000000000e+03 5.483331509939506759e+03 5.366849006049324089e+01
8.215357000000000198e+01 5.487000000000000000e+03 5.481489990759036118e+03 5.510009240963881894e+00
8.217028000000000532e+01 5.447000000000000000e+03 5.480054284600560095e+03 -3.305428460056009499e+01
8.218699999999999761e+01 5.559000000000000000e+03 5.478997535862373297e+03 8.000246413762670272e+01
8.220371000000000095e+01 5.510000000000000000e+03 5.478301995454782627e+03 3.169800454521737265e+01
8.222042000000000428e+01 5.522000000000000000e+03 5.477908896454662681e+03 4.409110354533731879e+01
8.223712999999999340e+01 5.446000000000000000e+03 5.477795597044176247e+03 -3.179559704417624744e+01
8.225383999999999673e+01 5.569000000000000000e+03 5.477927903597917975e+03 9.107209640208202472e+01
8.227055000000000007e+01 5.414000000000000000e+03 5.478273186165440165e+03 -6.427318616544016550e+01
8.228726000000000340e+01 5.508000000000000000e+03 5.478801092746790346e+03 2.919890725320965430e+01
8.230397000000000673e+01 5.485000000000000000e+03 5.479486815226563522e+03 5.513184773436478281e+00
8.232068999999999903e+01 5.553000000000000000e+03 5.480280640107682302e+03 7.271935989231769781e+01
8.233740000000000236e+01 5.473000000000000000e+03 5.481205436689217095e+03 -8.205436689217094681e+00
8.235411000000000570e+01 5.520000000000000000e+03 5.482217049612865594e+03 3.778295038713440590e+01
8.237081999999999482e+01 5.499000000000000000e+03 5.483302241917444917e+03 1.569775808255508309e+01
8.238752999999999815e+01 5.507000000000000000e+03 5.484447415088186972e+03 2.255258491181302816e+01
8.240424000000000149e+01 5.459000000000000000e+03 5.485641230611782703e+03 -2.664123061178270291e+01
8.242095000000000482e+01 5.343000000000000000e+03 5.486874345497747527e+03 -1.438743454977475267e+02
8.243765999999999394e+01 5.453000000000000000e+03 5.488139147692851111e+03 -3.513914769285111106e+01
8.245438000000000045e+01 5.359000000000000000e+03 5.489430280147706981e+03 -1.304302801477069806e+02
8.247109000000000378e+01 5.528000000000000000e+03 5.490741298803961399e+03 3.725870119603860076e+01
8.248779999999999291e+01 5.551000000000000000e+03 5.492104975827652197e+03 5.889502417234780296e+01
8.250450999999999624e+01 5.398000000000000000e+03 5.493446697037174999e+03 -9.544669703717499942e+01
8.252121999999999957e+01 5.542000000000000000e+03 5.494799771658963436e+03 4.720022834103656351e+01
8.253793000000000291e+01 5.473000000000000000e+03 5.496150945054537260e+03 -2.315094505453726015e+01
8.255464000000000624e+01 5.474000000000000000e+03 5.497521623386438478e+03 -2.352162338643847761e+01
8.257134999999999536e+01 5.484000000000000000e+03 5.498898147550659814e+03 -1.489814755065981444e+01
8.258807000000000187e+01 5.373000000000000000e+03 5.500282588757329904e+03 -1.272825887573299042e+02
8.260478000000000520e+01 5.465000000000000000e+03 5.501671482144557558e+03 -3.667148214455755806e+01
8.262148999999999432e+01 5.456000000000000000e+03 5.503065060530536357e+03 -4.706506053053635696e+01
8.263819999999999766e+01 5.327000000000000000e+03 5.504462828402835839e+03 -1.774628284028358394e+02
8.265491000000000099e+01 5.368000000000000000e+03 5.505864363088136088e+03 -1.378643630881360878e+02
8.267162000000000432e+01 5.422000000000000000e+03 5.507269296439007121e+03 -8.526929643900712108e+01
8.268832999999999345e+01 5.403000000000000000e+03 5.508677301661635283e+03 -1.056773016616352834e+02
8.270504999999999995e+01 5.500000000000000000e+03 5.510088928992366164e+03 -1.008892899236616358e+01
8.272176000000000329e+01 5.491000000000000000e+03 5.511502220298010798e+03 -2.050222029801079771e+01
8.273847000000000662e+01 5.436000000000000000e+03 5.512917770307079081e+03 -7.691777030707908125e+01
8.275517999999999574e+01 5.376000000000000000e+03 5.514335347700068269e+03 -1.383353477000682688e+02
8.277188999999999908e+01 5.332000000000000000e+03 5.515773820106369385e+03 -1.837738201063693850e+02
8.278860000000000241e+01 5.384000000000000000e+03 5.517193560324044483e+03 -1.331935603240444834e+02
8.280531000000000574e+01 5.421000000000000000e+03 5.518616086667611853e+03 -9.761608666761185304e+01
8.282201999999999487e+01 5.575000000000000000e+03 5.520039852771522419e+03 5.496014722847758094e+01
8.283874000000000137e+01 5.534000000000000000e+03 5.521465543433300809e+03 1.253445656669919117e+01
8.285545000000000471e+01 5.606000000000000000e+03 5.522891295420482493e+03 8.310870457951750723e+01
8.287215999999999383e+01 5.476000000000000000e+03 5.524317813431152899e+03 -4.831781343115289928e+01
8.288886999999999716e+01 5.578000000000000000e+03 5.525744959696121441e+03 5.225504030387855892e+01
8.290558000000000050e+01 5.555000000000000000e+03 5.527172606277403247e+03 2.782739372259675292e+01
8.292229000000000383e+01 5.527000000000000000e+03 5.528600635074310048e+03 -1.600635074310048367e+00
8.293899999999999295e+01 5.600000000000000000e+03 5.530028937913066329e+03 6.997106208693367080e+01
8.295570999999999628e+01 5.494000000000000000e+03 5.531457416717078559e+03 -3.745741671707855858e+01
8.297243000000000279e+01 5.615000000000000000e+03 5.532886838685050861e+03 8.211316131494913861e+01
8.298914000000000613e+01 5.541000000000000000e+03 5.534315416895869930e+03 6.684583104130069842e+00
8.300584999999999525e+01 5.621000000000000000e+03 5.535743940296184519e+03 8.525605970381548104e+01
8.302255999999999858e+01 5.549000000000000000e+03 5.537172354524802358e+03 1.182764547519764164e+01
8.303927000000000191e+01 5.657000000000000000e+03 5.538600617401830277e+03 1.183993825981697228e+02
8.305598000000000525e+01 5.498000000000000000e+03 5.540028699614564175e+03 -4.202869961456417514e+01
8.307268999999999437e+01 5.425000000000000000e+03 5.541456585506139163e+03 -1.164565855061391630e+02
8.308939999999999770e+01 5.561000000000000000e+03 5.542884273975269025e+03 1.811572602473097504e+01
8.310612000000000421e+01 5.481000000000000000e+03 5.544312633729379741e+03 -6.331263372937974054e+01
8.312282999999999333e+01 5.608000000000000000e+03 5.545739987428082713e+03 6.226001257191728655e+01
8.313953999999999667e+01 5.346000000000000000e+03 5.547167238646406076e+03 -2.011672386464060764e+02
8.315625000000000000e+01 5.571000000000000000e+03 5.548594456110232386e+03 2.240554388976761402e+01
8.317296000000000333e+01 5.587000000000000000e+03 5.550021729668344960e+03 3.697827033165503963e+01
8.318967000000000667e+01 5.555000000000000000e+03 5.551449172130116494e+03 3.550827869883505628e+00
8.320637999999999579e+01 5.537000000000000000e+03 5.552895480055414737e+03 -1.589548005541473685e+01
8.322308999999999912e+01 5.546000000000000000e+03 5.554323801609550173e+03 -8.323801609550173453e+00
8.323981000000000563e+01 5.499000000000000000e+03 5.555753646455599664e+03 -5.675364645559966448e+01
8.325651999999999475e+01 5.593000000000000000e+03 5.557183532463737720e+03 3.581646753626228019e+01
8.327322999999999809e+01 5.548000000000000000e+03 5.558614579018082622e+03 -1.061457901808262250e+01
8.328994000000000142e+01 5.493000000000000000e+03 5.560047090797396777e+03 -6.704709079739677691e+01
8.330665000000000475e+01 5.443000000000000000e+03 5.561481417318284002e+03 -1.184814173182840022e+02
8.332335999999999387e+01 5.522000000000000000e+03 5.562917958436816662e+03 -4.091795843681666156e+01
8.334006999999999721e+01 5.459000000000000000e+03 5.564357171114443190e+03 -1.053571711144431902e+02
8.335678000000000054e+01 5.492000000000000000e+03 5.565790712852864999e+03 -7.379071285286499915e+01
8.337350000000000705e+01 5.581000000000000000e+03 5.567237827664083852e+03 1.376217233591614786e+01
8.339020999999999617e+01 5.446000000000000000e+03 5.568688563911206074e+03 -1.226885639112060744e+02
8.340691999999999950e+01 5.560000000000000000e+03 5.570144591410419707e+03 -1.014459141041970724e+01
8.342363000000000284e+01 5.682000000000000000e+03 5.571606859781493768e+03 1.103931402185062325e+02
8.344034000000000617e+01 5.504000000000000000e+03 5.573076506989128575e+03 -6.907650698912857479e+01
8.345704999999999529e+01 5.499000000000000000e+03 5.574554924012809352e+03 -7.555492401280935155e+01
8.347375999999999863e+01 5.529000000000000000e+03 5.576043849498814780e+03 -4.704384949881477951e+01
8.349047000000000196e+01 5.534000000000000000e+03 5.577555367710144310e+03 -4.355536771014430997e+01
8.350718999999999426e+01 5.606000000000000000e+03 5.579073634914188005e+03 2.692636508581199450e+01
8.352389999999999759e+01 5.572000000000000000e+03 5.580610523863922936e+03 -8.610523863922935561e+00
8.354061000000000092e+01 5.579000000000000000e+03 5.582172189805443850e+03 -3.172189805443849764e+00
8.355732000000000426e+01 5.383000000000000000e+03 5.583765813565299140e+03 -2.007658135652991405e+02
8.357402999999999338e+01 5.532000000000000000e+03 5.585396544520592215e+03 -5.339654452059221512e+01
8.359073999999999671e+01 5.481000000000000000e+03 5.587087406160114369e+03 -1.060874061601143694e+02
8.360745000000000005e+01 5.471000000000000000e+03 5.588852233111122587e+03 -1.178522331111225867e+02
8.362416000000000338e+01 5.594000000000000000e+03 5.590716296356901694e+03 3.283703643098306202e+00
8.364087999999999568e+01 5.520000000000000000e+03 5.592714886853805183e+03 -7.271488685380518291e+01
8.365758999999999901e+01 5.475000000000000000e+03 5.594890973114981534e+03 -1.198909731149815343e+02
8.367430000000000234e+01 5.657000000000000000e+03 5.597305255569178371e+03 5.969474443082162907e+01
8.369101000000000568e+01 5.639000000000000000e+03 5.600034761533655001e+03 3.896523846634499932e+01
8.370771999999999480e+01 5.563000000000000000e+03 5.603177480412646219e+03 -4.017748041264621861e+01
8.372442999999999813e+01 5.702000000000000000e+03 5.606855842002943064e+03 9.514415799705693644e+01
8.374114000000000146e+01 5.734000000000000000e+03 5.611219872866364312e+03 1.227801271336356876e+02
8.375785999999999376e+01 5.783000000000000000e+03 5.616452645105212468e+03 1.665473548947875315e+02
8.377456999999999709e+01 5.930000000000000000e+03 5.622760032483787654e+03 3.072399675162123458e+02
8.379128000000000043e+01 5.812000000000000000e+03 5.630386248265704126e+03 1.816137517342958745e+02
8.380799000000000376e+01 5.908000000000000000e+03 5.639600489003489201e+03 2.683995109965107986e+02
8.382470000000000709e+01 5.971000000000000000e+03 5.650693312936426992e+03 3.203066870635730083e+02
8.384140999999999622e+01 5.853000000000000000e+03 5.663967141836199517e+03 1.890328581638004835e+02
8.385811999999999955e+01 5.979000000000000000e+03 5.679723111168877949e+03 2.992768888311220508e+02
8.387483000000000288e+01 5.995000000000000000e+03 5.698244344089843253e+03 2.967556559101567473e+02
8.389154999999999518e+01 6.133000000000000000e+03 5.719789929559398843e+03 4.132100704406011573e+02
8.390825999999999851e+01 5.943000000000000000e+03 5.744519463971741970e+03 1.984805360282580295e+02
8.392497000000000185e+01 6.094000000000000000e+03 5.772547123380209086e+03 3.214528766197909135e+02
8.394168000000000518e+01 6.158000000000000000e+03 5.803869668520785126e+03 3.541303314792148740e+02
8.395838999999999430e+01 6.113000000000000000e+03 5.838358481580431544e+03 2.746415184195684560e+02
8.397509999999999764e+01 6.142000000000000000e+03 5.875743725267700938e+03 2.662562747322990617e+02
8.399181000000000097e+01 6.080000000000000000e+03 5.915605427253758535e+03 1.643945727462414652e+02
8.400852000000000430e+01 5.962000000000000000e+03 5.957369413645547866e+03 4.630586354452134401e+00
8.402523999999999660e+01 6.054000000000000000e+03 6.000338768672609149e+03 5.366123132739085122e+01
8.404194999999999993e+01 6.180000000000000000e+03 6.043602351370226643e+03 1.363976486297733572e+02
8.405866000000000327e+01 6.131000000000000000e+03 6.086210011023134939e+03 4.478998897686506098e+01
8.407537000000000660e+01 6.163000000000000000e+03 6.127099208068610096e+03 3.590079193138990377e+01
8.409207999999999572e+01 6.054000000000000000e+03 6.165161587762194358e+03 -1.111615877621943582e+02
8.410878999999999905e+01 6.388000000000000000e+03 6.199299984789576229e+03 1.887000152104237714e+02
8.412550000000000239e+01 6.356000000000000000e+03 6.228506938015590094e+03 1.274930619844099056e+02
8.414221000000000572e+01 6.442000000000000000e+03 6.251955975777658750e+03 1.900440242223412497e+02
8.415892999999999802e+01 6.357000000000000000e+03 6.269107430753468179e+03 8.789256924653182068e+01
8.417564000000000135e+01 6.477000000000000000e+03 6.279743810711888727e+03 1.972561892881112726e+02
8.419235000000000468e+01 6.556000000000000000e+03 6.284055065095480131e+03 2.719449349045198687e+02
8.420905999999999381e+01 6.588000000000000000e+03 6.282555666585285508e+03 3.054443334147144924e+02
8.422576999999999714e+01 6.460000000000000000e+03 6.276008184587626602e+03 1.839918154123733984e+02
8.424248000000000047e+01 6.343000000000000000e+03 6.265310612477007453e+03 7.768938752299254702e+01
8.425919000000000381e+01 6.518000000000000000e+03 6.251387423094734913e+03 2.666125769052650867e+02
8.427589999999999293e+01 6.374000000000000000e+03 6.235101579942323951e+03 1.388984200576760486e+02
8.429261999999999944e+01 6.266000000000000000e+03 6.217181300583375560e+03 4.881869941662444035e+01
8.430933000000000277e+01 6.109000000000000000e+03 6.198225043183902926e+03 -8.922504318390292610e+01
8.432604000000000610e+01 6.110000000000000000e+03 6.178616887090983255e+03 -6.861688709098325489e+01
8.434274999999999523e+01 6.077000000000000000e+03 6.158567264001797412e+03 -8.156726400179741177e+01
8.435945999999999856e+01 6.052000000000000000e+03 6.138968119429191574e+03 -8.696811942919157445e+01
8.437617000000000189e+01 5.943000000000000000e+03 6.118025692271303342e+03 -1.750256922713033418e+02
8.439288000000000523e+01 5.917000000000000000e+03 6.096409068079080498e+03 -1.794090680790804981e+02
8.440958999999999435e+01 5.916000000000000000e+03 6.073922559848418132e+03 -1.579225598484181319e+02
8.442631000000000085e+01 5.926000000000000000e+03 6.050404028716949142e+03 -1.244040287169491421e+02
8.444302000000000419e+01 6.078000000000000000e+03 6.025831905066149375e+03 5.216809493385062524e+01
8.445972999999999331e+01 5.947000000000000000e+03 6.000263579564782958e+03 -5.326357956478295819e+01
8.447643999999999664e+01 6.034000000000000000e+03 5.973884815047669690e+03 6.011518495233030990e+01
8.449314999999999998e+01 5.749000000000000000e+03 5.946969709799656812e+03 -1.979697097996568118e+02
8.450986000000000331e+01 5.957000000000000000e+03 5.919847093085798406e+03 3.715290691420159419e+01
8.452657000000000664e+01 5.884000000000000000e+03 5.892869521543700102e+03 -8.869521543700102484e+00
8.454327999999999577e+01 5.893000000000000000e+03 5.866389020371692823e+03 2.661097962830717734e+01
8.456000000000000227e+01 5.769000000000000000e+03 5.840724257550539733e+03 -7.172425755053973262e+01
8.457671000000000561e+01 5.766000000000000000e+03 5.816208211026842037e+03 -5.020821102684203652e+01
8.459341999999999473e+01 5.714000000000000000e+03 5.793085488619376520e+03 -7.908548861937651964e+01
8.461012999999999806e+01 5.588000000000000000e+03 5.771566469806181885e+03 -1.835664698061818854e+02
8.462684000000000140e+01 5.588000000000000000e+03 5.751806155369908993e+03 -1.638061553699089927e+02
8.464355000000000473e+01 5.779000000000000000e+03 5.734353194586393329e+03 4.464680541360667121e+01
8.466025999999999385e+01 5.682000000000000000e+03 5.718346046092974575e+03 -3.634604609297457500e+01
8.467696999999999719e+01 5.711000000000000000e+03 5.704219340820694015e+03 6.780659179305985163e+00
8.469369000000000369e+01 5.672000000000000000e+03 5.691903809620822358e+03 -1.990380962082235783e+01
8.471040000000000703e+01 5.578000000000000000e+03 5.681312127834399689e+03 -1.033121278343996892e+02
8.472710999999999615e+01 5.666000000000000000e+03 5.672304233128671513e+03 -6.304233128671512532e+00
8.474381999999999948e+01 5.820000000000000000e+03 5.664727584207224027e+03 1.552724157927759734e+02
8.476053000000000281e+01 5.743000000000000000e+03 5.658418620195932817e+03 8.458137980406718270e+01
8.477724000000000615e+01 5.605000000000000000e+03 5.653211123950158253e+03 -4.821112395015825314e+01
8.479394999999999527e+01 5.650000000000000000e+03 5.648943187040536031e+03 1.056812959463968582e+00
8.481065999999999860e+01 5.463000000000000000e+03 5.645462571923318137e+03 -1.824625719233181371e+02
8.482738000000000511e+01 5.704000000000000000e+03 5.642628916316416507e+03 6.137108368358349253e+01
8.484408999999999423e+01 5.510000000000000000e+03 5.640322327968259742e+03 -1.303223279682597422e+02
8.486079999999999757e+01 5.525000000000000000e+03 5.638434222347946161e+03 -1.134342223479461609e+02
8.487751000000000090e+01 5.611000000000000000e+03 5.636874239163077618e+03 -2.587423916307761829e+01
8.489422000000000423e+01 5.706000000000000000e+03 5.635567432247888064e+03 7.043256775211193599e+01
8.491092999999999336e+01 5.565000000000000000e+03 5.634452822424133956e+03 -6.945282242413395579e+01
8.492763999999999669e+01 5.645000000000000000e+03 5.633481668077702125e+03 1.151833192229787528e+01
8.494436000000000320e+01 5.663000000000000000e+03 5.632615146766072939e+03 3.038485323392706050e+01
8.496107000000000653e+01 5.396000000000000000e+03 5.631824583243500456e+03 -2.358245832435004559e+02
8.497777999999999565e+01 5.591000000000000000e+03 5.631086720938115832e+03 -4.008672093811583181e+01
8.499448999999999899e+01 5.461000000000000000e+03 5.630384381165760715e+03 -1.693843811657607148e+02
8.501120000000000232e+01 5.615000000000000000e+03 5.629704679746136208e+03 -1.470467974613620754e+01
8.502791000000000565e+01 5.532000000000000000e+03 5.629038006326207324e+03 -9.703800632620732358e+01
8.504461999999999477e+01 5.389000000000000000e+03 5.628377205368225077e+03 -2.393772053682250771e+02
8.506132999999999811e+01 5.474000000000000000e+03 5.627712825817327939e+03 -1.537128258173279391e+02
8.507805000000000462e+01 5.521000000000000000e+03 5.627048691640477045e+03 -1.060486916404770454e+02
8.509475999999999374e+01 5.456000000000000000e+03 5.626378402923127396e+03 -1.703784029231273962e+02
8.511146999999999707e+01 5.567000000000000000e+03 5.625699189307347297e+03 -5.869918930734729656e+01
8.512818000000000040e+01 5.521000000000000000e+03 5.625009167745347440e+03 -1.040091677453474404e+02
8.514489000000000374e+01 5.450000000000000000e+03 5.624306807943543390e+03 -1.743068079435433901e+02
8.516160000000000707e+01 5.491000000000000000e+03 5.623590834875534711e+03 -1.325908348755347106e+02
8.517830999999999619e+01 5.403000000000000000e+03 5.622860160943625488e+03 -2.198601609436254876e+02
8.519501999999999953e+01 5.561000000000000000e+03 5.622113839054355594e+03 -6.111383905435559427e+01
8.521174000000000603e+01 5.546000000000000000e+03 5.621350568614017902e+03 -7.535056861401790229e+01
8.522844999999999516e+01 5.525000000000000000e+03 5.620570508862330826e+03 -9.557050886233082565e+01
8.524515999999999849e+01 5.474000000000000000e+03 5.619772524750489538e+03 -1.457725247504895378e+02
8.526187000000000182e+01 5.594000000000000000e+03 5.618955991243557946e+03 -2.495599124355794629e+01
8.527858000000000516e+01 5.551000000000000000e+03 5.618120333564836073e+03 -6.712033356483607349e+01
8.529528999999999428e+01 5.506000000000000000e+03 5.617262840723259615e+03 -1.112628407232596146e+02
8.531199999999999761e+01 5.617000000000000000e+03 5.616387393211846756e+03 6.126067881532435422e-01
8.532871000000000095e+01 5.539000000000000000e+03 5.615491342660852752e+03 -7.649134266085275158e+01
8.534542999999999324e+01 5.652000000000000000e+03 5.614573709461322323e+03 3.742629053867767652e+01
8.536213999999999658e+01 5.656000000000000000e+03 5.613635195892640695e+03 4.236480410735930491e+01
8.537884999999999991e+01 5.790000000000000000e+03 5.612674891168700015e+03 1.773251088312999855e+02
8.539556000000000324e+01 5.720000000000000000e+03 5.611692451797906870e+03 1.083075482020931304e+02
8.541227000000000658e+01 5.762000000000000000e+03 5.610687557275915424e+03 1.513124427240845762e+02
8.542897999999999570e+01 5.682000000000000000e+03 5.609659908477488898e+03 7.234009152251110208e+01
8.544568999999999903e+01 5.753000000000000000e+03 5.608609226227437830e+03 1.443907737725621701e+02
8.546240000000000236e+01 5.771000000000000000e+03 5.607535250027630354e+03 1.634647499723696455e+02
8.547911999999999466e+01 5.655000000000000000e+03 5.606437073028998384e+03 4.856292697100161604e+01
8.549582999999999799e+01 5.745000000000000000e+03 5.605315782306396613e+03 1.396842176936033866e+02
8.551254000000000133e+01 5.580000000000000000e+03 5.604170517332800046e+03 -2.417051733280004555e+01
8.552925000000000466e+01 5.591000000000000000e+03 5.603001082143756321e+03 -1.200108214375632087e+01
8.554595999999999378e+01 5.665000000000000000e+03 5.601804487593745762e+03 6.319551240625423816e+01
8.556266999999999712e+01 5.536000000000000000e+03 5.600586194912444626e+03 -6.458619491244462552e+01
8.557938000000000045e+01 5.559000000000000000e+03 5.599343226210811736e+03 -4.034322621081173565e+01
8.559609000000000378e+01 5.560000000000000000e+03 5.598075438463954015e+03 -3.807543846395401488e+01
8.561280999999999608e+01 5.553000000000000000e+03 5.596781919522182761e+03 -4.378191952218276128e+01
8.562951999999999941e+01 5.499000000000000000e+03 5.595464097207013765e+03 -9.646409720701376500e+01
8.564623000000000275e+01 5.501000000000000000e+03 5.594121097286469194e+03 -9.312109728646919393e+01
8.566294000000000608e+01 5.635000000000000000e+03 5.592750804843076367e+03 4.224919515692363348e+01
8.567964999999999520e+01 5.557000000000000000e+03 5.591357180235628221e+03 -3.435718023562822054e+01
8.569635999999999854e+01 5.558000000000000000e+03 5.589856421822139964e+03 -3.185642182213996421e+01
8.571307000000000187e+01 5.611000000000000000e+03 5.588412295966238162e+03 2.258770403376183822e+01
8.572978000000000520e+01 5.536000000000000000e+03 5.586942610477958624e+03 -5.094261047795862396e+01
8.574649999999999750e+01 5.375000000000000000e+03 5.585446418624124817e+03 -2.104464186241248171e+02
8.576321000000000083e+01 5.564000000000000000e+03 5.583925476233910558e+03 -1.992547623391055822e+01
8.577992000000000417e+01 5.390000000000000000e+03 5.582377382225688962e+03 -1.923773822256889616e+02
8.579662999999999329e+01 5.442000000000000000e+03 5.580805112371528594e+03 -1.388051123715285939e+02
8.581333999999999662e+01 5.381000000000000000e+03 5.579207165709324727e+03 -1.982071657093247268e+02
8.583004999999999995e+01 5.553000000000000000e+03 5.577583550412408840e+03 -2.458355041240884020e+01
8.584676000000000329e+01 5.556000000000000000e+03 5.575934285508676112e+03 -1.993428550867611193e+01
8.586347000000000662e+01 5.480000000000000000e+03 5.574259401100895957e+03 -9.425940110089595692e+01
8.588018999999999892e+01 5.393000000000000000e+03 5.572557913351060051e+03 -1.795579133510600514e+02
8.589690000000000225e+01 5.449000000000000000e+03 5.570830839170956096e+03 -1.218308391709560965e+02
8.591361000000000558e+01 5.477000000000000000e+03 5.569079382375466594e+03 -9.207938237546659366e+01
8.593031999999999471e+01 5.483000000000000000e+03 5.566996091353866177e+03 -8.399609135386617709e+01
8.594702999999999804e+01 5.289000000000000000e+03 5.565195598570671791e+03 -2.761955985706717911e+02
8.596374000000000137e+01 5.475000000000000000e+03 5.563369904670325923e+03 -8.836990467032592278e+01
8.598045000000000471e+01 5.532000000000000000e+03 5.561519127752078930e+03 -2.951912775207892992e+01
8.599716999999999700e+01 5.479000000000000000e+03 5.559642270755849495e+03 -8.064227075584949489e+01
8.601388000000000034e+01 5.347000000000000000e+03 5.557741727352279668e+03 -2.107417273522796677e+02
8.603059000000000367e+01 5.474000000000000000e+03 5.555816547684805300e+03 -8.181654768480530038e+01
8.604730000000000700e+01 5.667000000000000000e+03 5.553866914843212726e+03 1.131330851567872742e+02
8.606400999999999613e+01 5.537000000000000000e+03 5.551893031300116490e+03 -1.489303130011649046e+01
8.608071999999999946e+01 5.344000000000000000e+03 5.549895120818418945e+03 -2.058951208184189454e+02
8.609743000000000279e+01 5.386000000000000000e+03 5.547873430922141779e+03 -1.618734309221417789e+02
8.611414000000000613e+01 5.470000000000000000e+03 5.545828236164287773e+03 -7.582823616428777314e+01
8.613085999999999842e+01 5.414000000000000000e+03 5.543758399799215113e+03 -1.297583997992151126e+02
8.614757000000000176e+01 5.500000000000000000e+03 5.541667138154268287e+03 -4.166713815426828660e+01
8.616428000000000509e+01 5.484000000000000000e+03 5.539413670012389957e+03 -5.541367001238995726e+01
8.618098999999999421e+01 5.529000000000000000e+03 5.537278669243655713e+03 -8.278669243655713217e+00
8.619769999999999754e+01 5.481000000000000000e+03 5.535122160571557288e+03 -5.412216057155728777e+01
8.621441000000000088e+01 5.441000000000000000e+03 5.532944756023654918e+03 -9.194475602365491795e+01
8.623112000000000421e+01 5.338000000000000000e+03 5.530747189932811125e+03 -1.927471899328111249e+02
8.624782999999999333e+01 5.615000000000000000e+03 5.528530357480532984e+03 8.646964251946701552e+01
8.626454999999999984e+01 5.570000000000000000e+03 5.526294023141632351e+03 4.370597685836764867e+01
8.628126000000000317e+01 5.391000000000000000e+03 5.524042248865861438e+03 -1.330422488658614384e+02
8.629797000000000651e+01 5.468000000000000000e+03 5.521775454180069573e+03 -5.377545418006957334e+01
8.631467999999999563e+01 5.550000000000000000e+03 5.519495866088388539e+03 3.050413391161146137e+01
8.633138999999999896e+01 5.421000000000000000e+03 5.517206324150844011e+03 -9.620632415084401146e+01
8.634810000000000230e+01 5.412000000000000000e+03 5.514910449104578220e+03 -1.029104491045782197e+02
8.636481000000000563e+01 5.549000000000000000e+03 5.512612740952233253e+03 3.638725904776674724e+01
8.638151999999999475e+01 5.412000000000000000e+03 5.510319240787610397e+03 -9.831924078761039709e+01
8.639824000000000126e+01 5.461000000000000000e+03 5.508035815620168250e+03 -4.703581562016825046e+01
8.641495000000000459e+01 5.427000000000000000e+03 5.505774353888054065e+03 -7.877435388805406546e+01
8.643165999999999372e+01 5.415000000000000000e+03 5.503544806226429500e+03 -8.854480622642950038e+01
8.644836999999999705e+01 5.389000000000000000e+03 5.501361036402708123e+03 -1.123610364027081232e+02
8.646508000000000038e+01 5.463000000000000000e+03 5.499239844601795994e+03 -3.623984460179599409e+01
8.648179000000000372e+01 5.449000000000000000e+03 5.497201365421630726e+03 -4.820136542163072590e+01
8.649850000000000705e+01 5.529000000000000000e+03 5.495269454951743683e+03 3.373054504825631739e+01
8.651520999999999617e+01 5.596000000000000000e+03 5.493472048591229395e+03 1.025279514087706048e+02
8.653193000000000268e+01 5.621000000000000000e+03 5.491840550423255991e+03 1.291594495767440094e+02
8.654864000000000601e+01 5.563000000000000000e+03 5.490413878419921275e+03 7.258612158007872495e+01
8.656534999999999513e+01 5.504000000000000000e+03 5.489232718173798276e+03 1.476728182620172447e+01
8.658205999999999847e+01 5.547000000000000000e+03 5.488343572419948032e+03 5.865642758005196811e+01
8.659877000000000180e+01 5.609000000000000000e+03 5.487797610636645004e+03 1.212023893633549960e+02
8.661548000000000513e+01 5.565000000000000000e+03 5.487650377033001860e+03 7.734962296699814033e+01
8.663218999999999426e+01 5.571000000000000000e+03 5.487961297907353583e+03 8.303870209264641744e+01
8.664889999999999759e+01 5.604000000000000000e+03 5.488792954009837558e+03 1.152070459901624417e+02
8.666562000000000410e+01 5.622000000000000000e+03 5.490211114065089532e+03 1.317888859349104678e+02
8.668232999999999322e+01 5.570000000000000000e+03 5.492279672928912078e+03 7.772032707108792238e+01
8.669903999999999655e+01 5.551000000000000000e+03 5.495063980770907619e+03 5.593601922909238056e+01
8.671574999999999989e+01 5.496000000000000000e+03 5.498625716509721315e+03 -2.625716509721314651e+00
8.673246000000000322e+01 5.455000000000000000e+03 5.503020947332905962e+03 -4.802094733290596196e+01
8.674917000000000655e+01 5.413000000000000000e+03 5.508297019967737469e+03 -9.529701996773746941e+01
8.676587999999999568e+01 5.419000000000000000e+03 5.514488973866805281e+03 -9.548897386680528143e+01
8.678258999999999901e+01 5.417000000000000000e+03 5.521615584261648110e+03 -1.046155842616481095e+02
8.679931000000000552e+01 5.419000000000000000e+03 5.529680367257617036e+03 -1.106803672576170356e+02
8.681601999999999464e+01 5.506000000000000000e+03 5.538647872196771459e+03 -3.264787219677145913e+01
8.683272999999999797e+01 5.597000000000000000e+03 5.548469578758794341e+03 4.853042124120565859e+01
8.684944000000000131e+01 5.647000000000000000e+03 5.559057662075972985e+03 8.794233792402701511e+01
8.686615000000000464e+01 5.574000000000000000e+03 5.570312564085956183e+03 3.687435914043817320e+00
8.688285999999999376e+01 5.476000000000000000e+03 5.582089927186362729e+03 -1.060899271863627291e+02
8.689956999999999709e+01 5.587000000000000000e+03 5.594226254645756853e+03 -7.226254645756853279e+00
8.691628000000000043e+01 5.531000000000000000e+03 5.606535611418490589e+03 -7.553561141849058913e+01
8.693300000000000693e+01 5.551000000000000000e+03 5.618818539966230674e+03 -6.781853996623067360e+01
8.694970999999999606e+01 5.772000000000000000e+03 5.630833337231847509e+03 1.411666627681524915e+02
8.696641999999999939e+01 5.678000000000000000e+03 5.642340888524895490e+03 3.565911147510450974e+01
8.698313000000000272e+01 5.752000000000000000e+03 5.653077029199293065e+03 9.892297080070693482e+01
8.699984000000000606e+01 5.649000000000000000e+03 5.662764899535685799e+03 -1.376489953568579949e+01
8.701654999999999518e+01 5.692000000000000000e+03 5.671124512376694838e+03 2.087548762330516183e+01
8.703325999999999851e+01 5.724000000000000000e+03 5.677887893262054604e+03 4.611210673794539616e+01
8.704998000000000502e+01 5.751000000000000000e+03 5.682821944084495044e+03 6.817805591550495592e+01
8.706668999999999414e+01 5.699000000000000000e+03 5.685741371220488872e+03 1.325862877951112750e+01
8.708339999999999748e+01 5.882000000000000000e+03 5.686545670112968764e+03 1.954543298870312356e+02
8.710011000000000081e+01 5.860000000000000000e+03 5.685233200164116170e+03 1.747667998358838304e+02
8.711682000000000414e+01 5.708000000000000000e+03 5.681889179468751536e+03 2.611082053124846425e+01
8.713352999999999327e+01 5.635000000000000000e+03 5.676687928873095188e+03 -4.168792887309518846e+01
8.715023999999999660e+01 5.517000000000000000e+03 5.669869947098678495e+03 -1.528699470986784945e+02
8.716694999999999993e+01 5.643000000000000000e+03 5.661717726655890147e+03 -1.871772665589014650e+01
8.718367000000000644e+01 5.626000000000000000e+03 5.652526478967985895e+03 -2.652647896798589500e+01
8.720037999999999556e+01 5.571000000000000000e+03 5.642606771034726080e+03 -7.160677103472607996e+01
8.721708999999999889e+01 5.583000000000000000e+03 5.632235626020249583e+03 -4.923562602024958323e+01
8.723380000000000223e+01 5.617000000000000000e+03 5.621666585587376176e+03 -4.666585587376175681e+00
8.725051000000000556e+01 5.653000000000000000e+03 5.611116738521765001e+03 4.188326147823499923e+01
8.726721999999999468e+01 5.588000000000000000e+03 5.600742518853517140e+03 -1.274251885351714009e+01
8.728392999999999802e+01 5.639000000000000000e+03 5.590720473745569507e+03 4.827952625443049328e+01
8.730064000000000135e+01 5.574000000000000000e+03 5.581130169290017875e+03 -7.130169290017875028e+00
8.731735999999999365e+01 5.444000000000000000e+03 5.572038432555003055e+03 -1.280384325550030553e+02
8.733406999999999698e+01 5.593000000000000000e+03 5.563512213491943839e+03 2.948778650805616053e+01
8.735078000000000031e+01 5.724000000000000000e+03 5.555598530666402439e+03 1.684014693335975608e+02
8.736749000000000365e+01 5.594000000000000000e+03 5.548356961725209658e+03 4.564303827479034226e+01
8.738420000000000698e+01 5.616000000000000000e+03 5.541859368622985130e+03 7.414063137701486994e+01
8.740090999999999610e+01 5.554000000000000000e+03 5.536188930274588529e+03 1.781106972541147115e+01
8.741761999999999944e+01 5.615000000000000000e+03 5.531433883544629680e+03 8.356611645537032018e+01
8.743433000000000277e+01 5.534000000000000000e+03 5.527678507777794948e+03 6.321492222205051803e+00
8.745104999999999507e+01 5.447000000000000000e+03 5.524992786167093982e+03 -7.799278616709398193e+01
8.746775999999999840e+01 5.593000000000000000e+03 5.523430860943881271e+03 6.956913905611872906e+01
8.748447000000000173e+01 5.408000000000000000e+03 5.523016349821161384e+03 -1.150163498211613842e+02
8.750118000000000507e+01 5.416000000000000000e+03 5.523735806686641808e+03 -1.077358066866418085e+02
8.751788999999999419e+01 5.406000000000000000e+03 5.525578469462345311e+03 -1.195784694623453106e+02
8.753459999999999752e+01 5.559000000000000000e+03 5.528471645731984609e+03 3.052835426801539143e+01
8.755131000000000085e+01 5.522000000000000000e+03 5.532325259408459715e+03 -1.032525940845971490e+01
8.756802000000000419e+01 5.371000000000000000e+03 5.537024527674643650e+03 -1.660245276746436502e+02
8.758473999999999648e+01 5.488000000000000000e+03 5.542439705326098192e+03 -5.443970532609819202e+01
8.760144999999999982e+01 5.557000000000000000e+03 5.548422349647899864e+03 8.577650352100135933e+00
8.761816000000000315e+01 5.524000000000000000e+03 5.554837347688481714e+03 -3.083734768848171370e+01
8.763487000000000648e+01 5.577000000000000000e+03 5.561563455640194661e+03 1.543654435980533890e+01
8.765157999999999561e+01 5.577000000000000000e+03 5.568506793295882744e+03 8.493206704117255867e+00
8.766828999999999894e+01 5.503000000000000000e+03 5.575605137638828637e+03 -7.260513763882863714e+01
8.768500000000000227e+01 5.718000000000000000e+03 5.582824311885591669e+03 1.351756881144083309e+02
8.770171000000000561e+01 5.635000000000000000e+03 5.590147646778284070e+03 4.485235322171592998e+01
8.771842999999999790e+01 5.701000000000000000e+03 5.597566157056726297e+03 1.034338429432737030e+02
8.773514000000000124e+01 5.468000000000000000e+03 5.605046477689167659e+03 -1.370464776891676593e+02
8.775185000000000457e+01 5.644000000000000000e+03 5.612546161996521732e+03 3.145383800347826764e+01
8.776855999999999369e+01 5.483000000000000000e+03 5.619989023998837183e+03 -1.369890239988371832e+02
8.778526999999999703e+01 5.532000000000000000e+03 5.627267475369451859e+03 -9.526747536945185857e+01
8.780198000000000036e+01 5.626000000000000000e+03 5.634245543247682690e+03 -8.245543247682689980e+00
8.781869000000000369e+01 5.615000000000000000e+03 5.640767250802160561e+03 -2.576725080216056085e+01
8.783540000000000703e+01 5.674000000000000000e+03 5.646670374376685686e+03 2.732962562331431400e+01
8.785211999999999932e+01 5.618000000000000000e+03 5.651794865763207781e+03 -3.379486576320778113e+01
8.786883000000000266e+01 5.691000000000000000e+03 5.656040655913228875e+03 3.495934408677112515e+01
8.788554000000000599e+01 5.791000000000000000e+03 5.659327863208902272e+03 1.316721367910977278e+02
8.790224999999999511e+01 5.747000000000000000e+03 5.661643339285580623e+03 8.535666071441937675e+01
8.791895999999999844e+01 5.858000000000000000e+03 5.663030204989030608e+03 1.949697950109693920e+02
8.793567000000000178e+01 5.693000000000000000e+03 5.663576135005571814e+03 2.942386499442818604e+01
8.795238000000000511e+01 5.808000000000000000e+03 5.663394012773897884e+03 1.446059872261021155e+02
8.796908999999999423e+01 5.849000000000000000e+03 5.662599353341622191e+03 1.864006466583778092e+02
8.798581000000000074e+01 5.664000000000000000e+03 5.661287893209972935e+03 2.712106790027064562e+00
8.800252000000000407e+01 5.593000000000000000e+03 5.659521782311467177e+03 -6.652178231146717735e+01
8.801922999999999320e+01 5.628000000000000000e+03 5.657311768693233716e+03 -2.931176869323371648e+01
8.803593999999999653e+01 5.684000000000000000e+03 5.654622548802537494e+03 2.937745119746250566e+01
8.805264999999999986e+01 5.664000000000000000e+03 5.651363797307275490e+03 1.263620269272450969e+01
8.806936000000000320e+01 5.570000000000000000e+03 5.647406778270351424e+03 -7.740677827035142400e+01
8.808607000000000653e+01 5.621000000000000000e+03 5.642599216317062201e+03 -2.159921631706220069e+01
8.810277999999999565e+01 5.628000000000000000e+03 5.636781384467830321e+03 -8.781384467830321228e+00
8.811950000000000216e+01 5.642000000000000000e+03 5.629833887458788013e+03 1.216611254121198726e+01
8.813621000000000549e+01 5.618000000000000000e+03 5.621679276415239656e+03 -3.679276415239655762e+00
8.815291999999999462e+01 5.723000000000000000e+03 5.612300763013799042e+03 1.106992369862009582e+02
8.816962999999999795e+01 5.617000000000000000e+03 5.601757630443169546e+03 1.524236955683045380e+01
8.818634000000000128e+01 5.639000000000000000e+03 5.590176518654951906e+03 4.882348134504809423e+01
8.820305000000000462e+01 5.689000000000000000e+03 5.577738553488401521e+03 1.112614465115984785e+02
8.821975999999999374e+01 5.555000000000000000e+03 5.564663315715207318e+03 -9.663315715207318135e+00
8.823648000000000025e+01 5.523000000000000000e+03 5.551185629774073277e+03 -2.818562977407327708e+01
8.825319000000000358e+01 5.447000000000000000e+03 5.537574938677000318e+03 -9.057493867700031842e+01
8.826990000000000691e+01 5.471000000000000000e+03 5.524080988398069167e+03 -5.308098839806916658e+01
8.828660999999999603e+01 5.528000000000000000e+03 5.510952261489348530e+03 1.704773851065147028e+01
8.830331999999999937e+01 5.455000000000000000e+03 5.498424065793316913e+03 -4.342406579331691319e+01
8.832003000000000270e+01 5.455000000000000000e+03 5.486710074489531507e+03 -3.171007448953150742e+01
8.833674000000000603e+01 5.465000000000000000e+03 5.475995842100082882e+03 -1.099584210008288210e+01
8.835344999999999516e+01 5.504000000000000000e+03 5.466434489223331184e+03 3.756551077666881611e+01
8.837017000000000166e+01 5.439000000000000000e+03 5.458140683432729020e+03 -1.914068343272901984e+01
8.838688000000000500e+01 5.369000000000000000e+03 5.451210804312940127e+03 -8.221080431294012669e+01
8.840358999999999412e+01 5.497000000000000000e+03 5.445695416528474198e+03 5.130458347152580245e+01
8.842029999999999745e+01 5.442000000000000000e+03 5.441621731508952507e+03 3.782684910474927165e-01
8.843701000000000079e+01 5.474000000000000000e+03 5.438988258148496243e+03 3.501174185150375706e+01
8.845372000000000412e+01 5.636000000000000000e+03 5.437762941927789143e+03 1.982370580722108571e+02
8.847042999999999324e+01 5.482000000000000000e+03 5.437880506577825145e+03 4.411949342217485537e+01
8.848713999999999658e+01 5.313000000000000000e+03 5.439240481082950282e+03 -1.262404810829502821e+02
8.850386000000000308e+01 5.457000000000000000e+03 5.441708712793599261e+03 1.529128720640073880e+01
8.852057000000000642e+01 5.319000000000000000e+03 5.445112354333121402e+03 -1.261123543331214023e+02
8.853727999999999554e+01 5.572000000000000000e+03 5.449251733466070618e+03 1.227482665339293817e+02
8.855398999999999887e+01 5.427000000000000000e+03 5.453898415173673129e+03 -2.689841517367312917e+01
8.857070000000000221e+01 5.434000000000000000e+03 5.458799985192742497e+03 -2.479998519274249702e+01
8.858741000000000554e+01 5.457000000000000000e+03 5.463684220054321486e+03 -6.684220054321485804e+00
8.860411999999999466e+01 5.493000000000000000e+03 5.468264800579088842e+03 2.473519942091115809e+01
8.862082999999999799e+01 5.461000000000000000e+03 5.472249954973692184e+03 -1.124995497369218356e+01
8.863755000000000450e+01 5.371000000000000000e+03 5.475356827373025226e+03 -1.043568273730252258e+02
8.865425999999999362e+01 5.484000000000000000e+03 5.477321944519042518e+03 6.678055480957482359e+00
8.867096999999999696e+01 5.442000000000000000e+03 5.477933229669067259e+03 -3.593322966906725924e+01
8.868768000000000029e+01 5.503000000000000000e+03 5.477042306565859690e+03 2.595769343414031027e+01
8.870439000000000362e+01 5.488000000000000000e+03 5.474582075218492719e+03 1.341792478150728130e+01
8.872110000000000696e+01 5.477000000000000000e+03 5.470572570223138428e+03 6.427429776861572464e+00
8.873780999999999608e+01 5.395000000000000000e+03 5.465115173167403555e+03 -7.011517316740355454e+01
8.875451999999999941e+01 5.484000000000000000e+03 5.458376630858232602e+03 2.562336914176739811e+01
8.877124000000000592e+01 5.327000000000000000e+03 5.450562115823639942e+03 -1.235621158236399424e+02
8.878794999999999504e+01 5.356000000000000000e+03 5.441911459463558458e+03 -8.591145946355845808e+01
8.880465999999999838e+01 5.254000000000000000e+03 5.432650324182077384e+03 -1.786503241820773837e+02
8.882137000000000171e+01 5.426000000000000000e+03 5.422992212963405109e+03 3.007787036594891106e+00
8.883808000000000504e+01 5.318000000000000000e+03 5.413122562929478590e+03 -9.512256292947859038e+01
8.885478999999999417e+01 5.398000000000000000e+03 5.403191486979702859e+03 -5.191486979702858662e+00
8.887149999999999750e+01 5.301000000000000000e+03 5.393310357313977875e+03 -9.231035731397787458e+01
8.888821000000000083e+01 5.376000000000000000e+03 5.383552081335452385e+03 -7.552081335452385247e+00
8.890492999999999313e+01 5.373000000000000000e+03 5.373949493317313681e+03 -9.494933173136814730e-01
8.892163999999999646e+01 5.550000000000000000e+03 5.364526216567343909e+03 1.854737834326560915e+02
8.893834999999999980e+01 5.451000000000000000e+03 5.355273739870519421e+03 9.572626012948057905e+01
8.895506000000000313e+01 5.584000000000000000e+03 5.346188326915921607e+03 2.378116730840783930e+02
8.897177000000000646e+01 5.514000000000000000e+03 5.337279039541051134e+03 1.767209604589488663e+02
8.898847999999999558e+01 5.410000000000000000e+03 5.328578735041760410e+03 8.142126495823958976e+01
8.900518999999999892e+01 5.538000000000000000e+03 5.320149919007068092e+03 2.178500809929319075e+02
8.902190000000000225e+01 5.473000000000000000e+03 5.312084604851225777e+03 1.609153951487742233e+02
8.903861999999999455e+01 5.591000000000000000e+03 5.304494716506766053e+03 2.865052834932339465e+02
8.905532999999999788e+01 5.415000000000000000e+03 5.297521706215188715e+03 1.174782937848112851e+02
8.907204000000000121e+01 5.391000000000000000e+03 5.291300026082741169e+03 9.969997391725883062e+01
8.908875000000000455e+01 5.606000000000000000e+03 5.285967056207506175e+03 3.200329437924938247e+02
8.910545999999999367e+01 5.427000000000000000e+03 5.281650967076726374e+03 1.453490329232736258e+02
8.912216999999999700e+01 5.413000000000000000e+03 5.278464434827449622e+03 1.345355651725503776e+02
8.913888000000000034e+01 5.563000000000000000e+03 5.276499295982815966e+03 2.865007040171840345e+02
8.915559000000000367e+01 5.346000000000000000e+03 5.275821984502251325e+03 7.017801549774867453e+01
8.917230999999999597e+01 5.485000000000000000e+03 5.276470540753321984e+03 2.085294592466780159e+02
8.918901999999999930e+01 5.402000000000000000e+03 5.278449395836697477e+03 1.235506041633025234e+02
8.920573000000000263e+01 5.254000000000000000e+03 5.281729942836850569e+03 -2.772994283685056871e+01
8.922244000000000597e+01 5.510000000000000000e+03 5.286249313398460799e+03 2.237506866015392006e+02
8.923914999999999509e+01 5.511000000000000000e+03 5.291911239332322111e+03 2.190887606676778887e+02
8.925585999999999842e+01 5.462000000000000000e+03 5.298588276956511436e+03 1.634117230434885641e+02
8.927257000000000176e+01 5.347000000000000000e+03 5.306125321546933264e+03 4.087467845306673553e+01
8.928928999999999405e+01 5.523000000000000000e+03 5.314349432891787728e+03 2.086505671082122717e+02
8.930599999999999739e+01 5.477000000000000000e+03 5.323055699484157230e+03 1.539443005158427695e+02
8.932271000000000072e+01 5.510000000000000000e+03 5.332044243797024137e+03 1.779557562029758628e+02
8.933942000000000405e+01 5.426000000000000000e+03 5.341109655013022348e+03 8.489034498697765230e+01
8.935612999999999317e+01 5.385000000000000000e+03 5.350056111150369361e+03 3.494388884963063902e+01
8.937283999999999651e+01 5.315000000000000000e+03 5.358708925493426250e+03 -4.370892549342624989e+01
8.938954999999999984e+01 5.457000000000000000e+03 5.366926109198762788e+03 9.007389080123721214e+01
8.940626000000000317e+01 5.620000000000000000e+03 5.374608065199477096e+03 2.453919348005229040e+02
8.942297999999999547e+01 5.293000000000000000e+03 5.381707350815279824e+03 -8.870735081527982402e+01
8.943968999999999880e+01 5.425000000000000000e+03 5.388212262955530605e+03 3.678773704446939519e+01
8.945640000000000214e+01 5.310000000000000000e+03 5.394166912103612049e+03 -8.416691210361204867e+01
8.947311000000000547e+01 5.461000000000000000e+03 5.399644246336576543e+03 6.135575366342345660e+01
8.948981999999999459e+01 5.488000000000000000e+03 5.404738875665372689e+03 8.326112433462731133e+01
8.950652999999999793e+01 5.386000000000000000e+03 5.409555651722276707e+03 -2.355565172227670701e+01
8.952324000000000126e+01 5.496000000000000000e+03 5.414199862987102279e+03 8.180013701289772143e+01
8.953995000000000459e+01 5.434000000000000000e+03 5.418769632694734355e+03 1.523036730526564497e+01
8.955666999999999689e+01 5.407000000000000000e+03 5.423353276849102258e+03 -1.635327684910225798e+01
8.957338000000000022e+01 5.412000000000000000e+03 5.428014903864299413e+03 -1.601490386429941282e+01
8.959009000000000356e+01 5.362000000000000000e+03 5.432809161807967939e+03 -7.080916180796793924e+01
8.960680000000000689e+01 5.264000000000000000e+03 5.437770452282880797e+03 -1.737704522828807967e+02
8.962350999999999601e+01 5.373000000000000000e+03 5.442917604747919540e+03 -6.991760474791954039e+01
8.964021999999999935e+01 5.576000000000000000e+03 5.448257667291574762e+03 1.277423327084252378e+02
8.965693000000000268e+01 5.275000000000000000e+03 5.453791301854787889e+03 -1.787913018547878892e+02
8.967364000000000601e+01 5.370000000000000000e+03 5.459519116310555546e+03 -8.951911631055554608e+01
8.969035999999999831e+01 5.381000000000000000e+03 5.465451475005961584e+03 -8.445147500596158352e+01
8.970707000000000164e+01 5.493000000000000000e+03 5.471599077473594662e+03 2.140092252640533843e+01
8.972378000000000497e+01 5.466000000000000000e+03 5.477996962008925948e+03 -1.199696200892594788e+01
8.974048999999999410e+01 5.323000000000000000e+03 5.484690883939592823e+03 -1.616908839395928226e+02
8.975719999999999743e+01 5.403000000000000000e+03 5.491739550735178454e+03 -8.873955073517845449e+01
8.977391000000000076e+01 5.390000000000000000e+03 5.499212666728752993e+03 -1.092126667287529926e+02
8.979062000000000410e+01 5.470000000000000000e+03 5.507189229769444864e+03 -3.718922976944486436e+01
8.980732999999999322e+01 5.449000000000000000e+03 5.515756719069643623e+03 -6.675671906964362279e+01
8.982404999999999973e+01 5.386000000000000000e+03 5.525017226872500032e+03 -1.390172268725000322e+02
8.984076000000000306e+01 5.422000000000000000e+03 5.535066518745370558e+03 -1.130665187453705585e+02
8.985747000000000639e+01 5.397000000000000000e+03 5.546030025358430976e+03 -1.490300253584309758e+02
8.987417999999999552e+01 5.482000000000000000e+03 5.558045307336383303e+03 -7.604530733638330275e+01
8.989088999999999885e+01 5.420000000000000000e+03 5.571272903747459168e+03 -1.512729037474591678e+02
8.990760000000000218e+01 5.506000000000000000e+03 5.585903394020795531e+03 -7.990339402079553111e+01
8.992431000000000552e+01 5.437000000000000000e+03 5.602166139280963762e+03 -1.651661392809637618e+02
8.994101999999999464e+01 5.473000000000000000e+03 5.620339787548983622e+03 -1.473397875489836224e+02
8.995774000000000115e+01 5.556000000000000000e+03 5.640777494723849486e+03 -8.477749472384948604e+01
8.997445000000000448e+01 5.420000000000000000e+03 5.663870568448133781e+03 -2.438705684481337812e+02
8.999115999999999360e+01 5.285000000000000000e+03 5.690136453016921223e+03 -4.051364530169212230e+02
