# 2theta y_obs y_calc y_diff
5.001170000000000115e+00 2.492000000000000000e+03 2.426686597620912835e+03 6.531340237908716517e+01
5.014300000000000423e+00 2.435000000000000000e+03 2.429298256820595270e+03 5.701743179404729744e+00
5.027429999999999843e+00 2.404000000000000000e+03 2.431896872380556488e+03 -2.789687238055648777e+01
5.040560000000000151e+00 2.395000000000000000e+03 2.434482581125273555e+03 -3.948258112527355479e+01
5.053689999999999571e+00 2.469000000000000000e+03 2.437055518681016110e+03 3.194448131898388965e+01
5.066819999999999879e+00 2.384000000000000000e+03 2.439615819483400173e+03 -5.561581948340017334e+01
5.079950000000000188e+00 2.553000000000000000e+03 2.442163616784889655e+03 1.108363832151103452e+02
5.093079999999999607e+00 2.503000000000000000e+03 2.444699042662283773e+03 5.830095733771622690e+01
5.106209999999999916e+00 2.451000000000000000e+03 2.447222228024153083e+03 3.777771975846917485e+00
5.119340000000000224e+00 2.485000000000000000e+03 2.449733302618245034e+03 3.526669738175496605e+01
5.132469999999999644e+00 2.446000000000000000e+03 2.452232395038857703e+03 -6.232395038857703184e+00
5.145599999999999952e+00 2.527000000000000000e+03 2.454719632734173047e+03 7.228036726582695337e+01
5.158730000000000260e+00 2.579000000000000000e+03 2.457195142013556961e+03 1.218048579864430394e+02
5.171859999999999680e+00 2.458000000000000000e+03 2.459659048054824325e+03 -1.659048054824324936e+00
5.184989999999999988e+00 2.530000000000000000e+03 2.462111474911474943e+03 6.788852508852505707e+01
5.198120000000000296e+00 2.512000000000000000e+03 2.464552545519879459e+03 4.744745448012054112e+01
5.211249999999999716e+00 2.530000000000000000e+03 2.466982381706458455e+03 6.301761829354154543e+01
5.224380000000000024e+00 2.458000000000000000e+03 2.469401104194784693e+03 -1.140110419478469339e+01
5.237510000000000332e+00 2.498000000000000000e+03 2.471808832612702645e+03 2.619116738729735516e+01
5.250639999999999752e+00 2.513000000000000000e+03 2.474205685499367974e+03 3.879431450063202647e+01
5.263770000000000060e+00 2.563000000000000000e+03 2.476591780312282481e+03 8.640821968771751926e+01
5.276900000000000368e+00 2.569000000000000000e+03 2.478967233434283116e+03 9.003276656571688363e+01
5.290029999999999788e+00 2.411000000000000000e+03 2.481332160180499159e+03 -7.033216018049915874e+01
5.303160000000000096e+00 2.466000000000000000e+03 2.483686674805275743e+03 -1.768667480527574298e+01
5.316290000000000404e+00 2.497000000000000000e+03 2.486030890509063283e+03 1.096910949093671661e+01
5.329419999999999824e+00 2.547000000000000000e+03 2.488364919445278247e+03 5.863508055472175329e+01
5.342550000000000132e+00 2.471000000000000000e+03 2.490688872727126181e+03 -1.968887272712618142e+01
5.355680000000000440e+00 2.442000000000000000e+03 2.493002860434385639e+03 -5.100286043438563865e+01
5.368809999999999860e+00 2.451000000000000000e+03 2.495306991620175268e+03 -4.430699162017526760e+01
5.381940000000000168e+00 2.458000000000000000e+03 2.497601374317677710e+03 -3.960137431767770977e+01
5.395069999999999588e+00 2.564000000000000000e+03 2.499886115546821202e+03 6.411388445317879814e+01
5.408199999999999896e+00 2.505000000000000000e+03 2.502161321320956631e+03 2.838678679043368902e+00
5.421330000000000204e+00 2.510000000000000000e+03 2.504427096653466833e+03 5.572903346533166768e+00
5.434459999999999624e+00 2.465000000000000000e+03 2.506683545564377710e+03 -4.168354556437770952e+01
5.447589999999999932e+00 2.465000000000000000e+03 2.508930771086907043e+03 -4.393077108690704335e+01
5.460720000000000240e+00 2.434000000000000000e+03 2.511168875274002403e+03 -7.716887527400240288e+01
5.473860000000000170e+00 2.474000000000000000e+03 2.513399653495669554e+03 -3.939965349566955410e+01
5.486989999999999590e+00 2.554000000000000000e+03 2.515619810526315177e+03 3.838018947368482259e+01
5.500119999999999898e+00 2.552000000000000000e+03 2.517831146638720384e+03 3.416885336127961637e+01
5.513250000000000206e+00 2.490000000000000000e+03 2.520033760028687539e+03 -3.003376002868753858e+01
5.526379999999999626e+00 2.514000000000000000e+03 2.522227747943934446e+03 -8.227747943934446084e+00
5.539509999999999934e+00 2.469000000000000000e+03 2.524413206690419429e+03 -5.541320669041942892e+01
5.552640000000000242e+00 2.594000000000000000e+03 2.526590231638663681e+03 6.740976836133631878e+01
5.565769999999999662e+00 2.497000000000000000e+03 2.528758917230021780e+03 -3.175891723002177969e+01
5.578899999999999970e+00 2.542000000000000000e+03 2.530919356982934005e+03 1.108064301706599508e+01
5.592030000000000278e+00 2.552000000000000000e+03 2.533071643499135916e+03 1.892835650086408350e+01
5.605159999999999698e+00 2.553000000000000000e+03 2.535215868469849738e+03 1.778413153015026182e+01
5.618290000000000006e+00 2.608000000000000000e+03 2.537352122681936180e+03 7.064787731806381998e+01
5.631420000000000314e+00 2.483000000000000000e+03 2.539480496024016702e+03 -5.648049602401670199e+01
5.644549999999999734e+00 2.582000000000000000e+03 2.541601077492570312e+03 4.039892250742968827e+01
5.657680000000000042e+00 2.466000000000000000e+03 2.543713955197998075e+03 -7.771395519799807516e+01
5.670810000000000350e+00 2.484000000000000000e+03 2.545819216370648974e+03 -6.181921637064897368e+01
5.683939999999999770e+00 2.584000000000000000e+03 2.547916947366828026e+03 3.608305263317197387e+01
5.697070000000000078e+00 2.513000000000000000e+03 2.550007233674771669e+03 -3.700723367477166903e+01
5.710200000000000387e+00 2.492000000000000000e+03 2.552090159920585847e+03 -6.009015992058584743e+01
5.723329999999999806e+00 2.529000000000000000e+03 2.554165809874160914e+03 -2.516580987416091375e+01
5.736460000000000115e+00 2.479000000000000000e+03 2.556234266455059242e+03 -7.723426645505924171e+01
5.749590000000000423e+00 2.519000000000000000e+03 2.558295611738360094e+03 -3.929561173836009402e+01
5.762719999999999843e+00 2.646000000000000000e+03 2.560349926960496305e+03 8.565007303950369533e+01
5.775850000000000151e+00 2.534000000000000000e+03 2.562397292525039575e+03 -2.839729252503957468e+01
5.788979999999999571e+00 2.598000000000000000e+03 2.564437788008472580e+03 3.356221199152741974e+01
5.802109999999999879e+00 2.500000000000000000e+03 2.566471492165926065e+03 -6.647149216592606535e+01
5.815240000000000187e+00 2.610000000000000000e+03 2.568498482936884557e+03 4.150151706311544331e+01
5.828369999999999607e+00 2.563000000000000000e+03 2.570518837450866158e+03 -7.518837450866158179e+00
5.841499999999999915e+00 2.564000000000000000e+03 2.572532632033077334e+03 -8.532632033077334199e+00
5.854630000000000223e+00 2.562000000000000000e+03 2.574539942210025401e+03 -1.253994221002540144e+01
5.867759999999999643e+00 2.548000000000000000e+03 2.576540842715127837e+03 -2.854084271512783744e+01
5.880889999999999951e+00 2.600000000000000000e+03 2.578535407494260653e+03 2.146459250573934696e+01
5.894020000000000259e+00 2.574000000000000000e+03 2.580523709711309039e+03 -6.523709711309038539e+00
5.907149999999999679e+00 2.502000000000000000e+03 2.582505821753663440e+03 -8.050582175366344018e+01
5.920279999999999987e+00 2.538000000000000000e+03 2.584481815237714272e+03 -4.648181523771427237e+01
5.933419999999999916e+00 2.625000000000000000e+03 2.586453259066897772e+03 3.854674093310222815e+01
5.946550000000000225e+00 2.525000000000000000e+03 2.588417222700582442e+03 -6.341722270058244249e+01
5.959679999999999644e+00 2.596000000000000000e+03 2.590375278105986581e+03 5.624721894013418932e+00
5.972809999999999953e+00 2.585000000000000000e+03 2.592327493869148384e+03 -7.327493869148383965e+00
5.985940000000000261e+00 2.627000000000000000e+03 2.594273937832088450e+03 3.272606216791155020e+01
5.999069999999999681e+00 2.566000000000000000e+03 2.596214677098127140e+03 -3.021467709812714020e+01
6.012199999999999989e+00 2.550000000000000000e+03 2.598149778037163287e+03 -4.814977803716328708e+01
6.025330000000000297e+00 2.609000000000000000e+03 2.600079306290948352e+03 8.920693709051647602e+00
6.038459999999999717e+00 2.579000000000000000e+03 2.602003326778306473e+03 -2.300332677830647299e+01
6.051590000000000025e+00 2.624000000000000000e+03 2.603921903700345410e+03 2.007809629965458953e+01
6.064720000000000333e+00 2.561000000000000000e+03 2.605835100545640216e+03 -4.483510054564021630e+01
6.077849999999999753e+00 2.548000000000000000e+03 2.607742980095375515e+03 -5.974298009537551479e+01
6.090980000000000061e+00 2.590000000000000000e+03 2.609645604428478237e+03 -1.964560442847823651e+01
6.104110000000000369e+00 2.592000000000000000e+03 2.611543034926715791e+03 -1.954303492671579079e+01
6.117239999999999789e+00 2.566000000000000000e+03 2.613435332279770137e+03 -4.743533227977013667e+01
6.130370000000000097e+00 2.558000000000000000e+03 2.615322556490274565e+03 -5.732255649027456457e+01
6.143500000000000405e+00 2.653000000000000000e+03 2.617204766878849568e+03 3.579523312115043154e+01
6.156629999999999825e+00 2.648000000000000000e+03 2.619082022089080056e+03 2.891797791091994441e+01
6.169760000000000133e+00 2.703000000000000000e+03 2.620954380092497104e+03 8.204561990750289624e+01
6.182890000000000441e+00 2.578000000000000000e+03 2.622821898193510606e+03 -4.482189819351060578e+01
6.196019999999999861e+00 2.556000000000000000e+03 2.624684633034327817e+03 -6.868463303432781686e+01
6.209150000000000169e+00 2.526000000000000000e+03 2.626542640599847800e+03 -1.005426405998478003e+02
6.222279999999999589e+00 2.662000000000000000e+03 2.628395976222515401e+03 3.360402377748459912e+01
6.235409999999999897e+00 2.624000000000000000e+03 2.630244694587174763e+03 -6.244694587174763001e+00
6.248540000000000205e+00 2.646000000000000000e+03 2.632088849735869189e+03 1.391115026413081068e+01
6.261669999999999625e+00 2.593000000000000000e+03 2.633928495072643273e+03 -4.092849507264327258e+01
6.274799999999999933e+00 2.702000000000000000e+03 2.635763683368290458e+03 6.623631663170954198e+01
6.287930000000000241e+00 2.626000000000000000e+03 2.637594466765103334e+03 -1.159446676510333418e+01
6.301059999999999661e+00 2.595000000000000000e+03 2.639420896781581177e+03 -4.442089678158117749e+01
6.314189999999999969e+00 2.573000000000000000e+03 2.641243024317118397e+03 -6.824302431711839745e+01
6.327320000000000277e+00 2.678000000000000000e+03 2.643060899656669790e+03 3.493910034333021031e+01
6.340449999999999697e+00 2.595000000000000000e+03 2.644874572475384412e+03 -4.987457247538441152e+01
6.353580000000000005e+00 2.740000000000000000e+03 2.646684091843225360e+03 9.331590815677463979e+01
6.366710000000000313e+00 2.603000000000000000e+03 2.648489506229556355e+03 -4.548950622955635481e+01
6.379839999999999733e+00 2.607000000000000000e+03 2.650290863507703307e+03 -4.329086350770330682e+01
6.392970000000000041e+00 2.572000000000000000e+03 2.652088210959497701e+03 -8.008821095949770097e+01
6.406109999999999971e+00 2.627000000000000000e+03 2.653882959648936776e+03 -2.688295964893677592e+01
6.419240000000000279e+00 2.700000000000000000e+03 2.655672423984273337e+03 4.432757601572666317e+01
6.432369999999999699e+00 2.618000000000000000e+03 2.657458016869293715e+03 -3.945801686929371499e+01
6.445500000000000007e+00 2.624000000000000000e+03 2.659239783264336893e+03 -3.523978326433689290e+01
6.458630000000000315e+00 2.548000000000000000e+03 2.661017767560595985e+03 -1.130177675605959848e+02
6.471759999999999735e+00 2.631000000000000000e+03 2.662792013584505185e+03 -3.179201358450518455e+01
6.484890000000000043e+00 2.735000000000000000e+03 2.664562564602123075e+03 7.043743539787692498e+01
6.498020000000000351e+00 2.667000000000000000e+03 2.666329463323470918e+03 6.705366765290818876e-01
6.511149999999999771e+00 2.594000000000000000e+03 2.668092751906868671e+03 -7.409275190686867063e+01
6.524280000000000079e+00 2.617000000000000000e+03 2.669852471963230528e+03 -5.285247196323052776e+01
6.537410000000000387e+00 2.619000000000000000e+03 2.671608664560344550e+03 -5.260866456034455041e+01
6.550539999999999807e+00 2.718000000000000000e+03 2.673361370227132284e+03 4.463862977286771638e+01
6.563670000000000115e+00 2.649000000000000000e+03 2.675110628957880181e+03 -2.611062895788018068e+01
6.576800000000000423e+00 2.673000000000000000e+03 2.676856480216444652e+03 -3.856480216444651887e+00
6.589929999999999843e+00 2.763000000000000000e+03 2.678598962940449383e+03 8.440103705955061741e+01
6.603060000000000151e+00 2.684000000000000000e+03 2.680338115545437631e+03 3.661884454562368774e+00
6.616189999999999571e+00 2.570000000000000000e+03 2.682073975929019980e+03 -1.120739759290199800e+02
6.629319999999999879e+00 2.708000000000000000e+03 2.683806581474998438e+03 2.419341852500156165e+01
6.642450000000000188e+00 2.652000000000000000e+03 2.685535969057446437e+03 -3.353596905744643664e+01
6.655579999999999607e+00 2.584000000000000000e+03 2.687262175044802916e+03 -1.032621750448029161e+02
6.668709999999999916e+00 2.651000000000000000e+03 2.688985235303905029e+03 -3.798523530390502856e+01
6.681840000000000224e+00 2.733000000000000000e+03 2.690705185204033114e+03 4.229481479596688587e+01
6.694969999999999644e+00 2.598000000000000000e+03 2.692422059620905202e+03 -9.442205962090520188e+01
6.708099999999999952e+00 2.614000000000000000e+03 2.694135892940672875e+03 -8.013589294067287483e+01
6.721230000000000260e+00 2.746000000000000000e+03 2.695846719063873024e+03 5.015328093612697558e+01
6.734359999999999680e+00 2.730000000000000000e+03 2.697554571409379150e+03 3.244542859062084972e+01
6.747489999999999988e+00 2.709000000000000000e+03 2.699259482918314916e+03 9.740517081685084122e+00
6.760620000000000296e+00 2.639000000000000000e+03 2.700961486057952243e+03 -6.196148605795224285e+01
6.773749999999999716e+00 2.656000000000000000e+03 2.702660612825587577e+03 -4.666061282558757739e+01
6.786880000000000024e+00 2.628000000000000000e+03 2.704356894752400422e+03 -7.635689475240042157e+01
6.800010000000000332e+00 2.673000000000000000e+03 2.706050362907279123e+03 -3.305036290727912274e+01
6.813139999999999752e+00 2.742000000000000000e+03 2.707741047900636659e+03 3.425895209936334140e+01
6.826270000000000060e+00 2.567000000000000000e+03 2.709428979888202321e+03 -1.424289798882023206e+02
6.839400000000000368e+00 2.780000000000000000e+03 2.711114188574785203e+03 6.888581142521479705e+01
6.852529999999999788e+00 2.685000000000000000e+03 2.712796703218032235e+03 -2.779670321803223487e+01
6.865660000000000096e+00 2.777000000000000000e+03 2.714476552632141193e+03 6.252344736785880741e+01
6.878800000000000026e+00 2.753000000000000000e+03 2.716155041583423099e+03 3.684495841657690107e+01
6.891930000000000334e+00 2.696000000000000000e+03 2.717829643250158369e+03 -2.182964325015836948e+01
6.905059999999999754e+00 2.705000000000000000e+03 2.719501663527458277e+03 -1.450166352745827680e+01
6.918190000000000062e+00 2.713000000000000000e+03 2.721171129492287037e+03 -8.171129492287036555e+00
6.931320000000000370e+00 2.702000000000000000e+03 2.722838067796494215e+03 -2.083806779649421514e+01
6.944449999999999790e+00 2.567000000000000000e+03 2.724502504670419057e+03 -1.575025046704190572e+02
6.957580000000000098e+00 2.792000000000000000e+03 2.726164465926464345e+03 6.583553407353565490e+01
6.970710000000000406e+00 2.787000000000000000e+03 2.727823976962676170e+03 5.917602303732383007e+01
6.983839999999999826e+00 2.694000000000000000e+03 2.729481062766262312e+03 -3.548106276626231192e+01
6.996970000000000134e+00 2.753000000000000000e+03 2.731135747917134267e+03 2.186425208286573252e+01
7.010100000000000442e+00 2.774000000000000000e+03 2.732788056591398345e+03 4.121194340860165539e+01
7.023229999999999862e+00 2.751000000000000000e+03 2.734438012564839937e+03 1.656198743516006289e+01
7.036360000000000170e+00 2.676000000000000000e+03 2.736085639216386426e+03 -6.008563921638642569e+01
7.049489999999999590e+00 2.683000000000000000e+03 2.737730959531545523e+03 -5.473095953154552262e+01
7.062619999999999898e+00 2.870000000000000000e+03 2.739373996105834976e+03 1.306260038941650237e+02
7.075750000000000206e+00 2.711000000000000000e+03 2.741014771148175896e+03 -3.001477114817589609e+01
7.088879999999999626e+00 2.754000000000000000e+03 2.742653306484280620e+03 1.134669351571938023e+01
7.102009999999999934e+00 2.775000000000000000e+03 2.744289623560018754e+03 3.071037643998124622e+01
7.115140000000000242e+00 2.671000000000000000e+03 2.745923743444757747e+03 -7.492374344475774706e+01
7.128269999999999662e+00 2.810000000000000000e+03 2.747555686834685730e+03 6.244431316531427001e+01
7.141399999999999970e+00 2.823000000000000000e+03 2.749185474056123894e+03 7.381452594387610588e+01
7.154530000000000278e+00 2.704000000000000000e+03 2.750813125068806585e+03 -4.681312506880658475e+01
7.167659999999999698e+00 2.661000000000000000e+03 2.752438659469152753e+03 -9.143865946915275345e+01
7.180790000000000006e+00 2.799000000000000000e+03 2.754062096493512854e+03 4.493790350648714593e+01
7.193920000000000314e+00 2.743000000000000000e+03 2.755683455021397094e+03 -1.268345502139709424e+01
7.207049999999999734e+00 2.801000000000000000e+03 2.757302753578688225e+03 4.369724642131177461e+01
7.220180000000000042e+00 2.809000000000000000e+03 2.758920010340835688e+03 5.007998965916431189e+01
7.233310000000000350e+00 2.759000000000000000e+03 2.760535243136020654e+03 -1.535243136020653765e+00
7.246439999999999770e+00 2.684000000000000000e+03 2.762148469448319247e+03 -7.814846944831924702e+01
7.259570000000000078e+00 2.782000000000000000e+03 2.763759706420836210e+03 1.824029357916379013e+01
7.272700000000000387e+00 2.765000000000000000e+03 2.765368970858822195e+03 -3.689708588221947139e-01
7.285829999999999806e+00 2.793000000000000000e+03 2.766976279232770139e+03 2.602372076722986094e+01
7.298960000000000115e+00 2.823000000000000000e+03 2.768581647681501181e+03 5.441835231849881893e+01
7.312090000000000423e+00 2.666000000000000000e+03 2.770185092015228292e+03 -1.041850920152282924e+02
7.325219999999999843e+00 2.800000000000000000e+03 2.771786627718594445e+03 2.821337228140555453e+01
7.338350000000000151e+00 2.775000000000000000e+03 2.773386269953704868e+03 1.613730046295131615e+00
7.351490000000000080e+00 2.699000000000000000e+03 2.774985249731037129e+03 -7.598524973103712910e+01
7.364620000000000388e+00 2.820000000000000000e+03 2.776581147826555934e+03 4.341885217344406556e+01
7.377749999999999808e+00 2.687000000000000000e+03 2.778175196045607663e+03 -9.117519604560766311e+01
7.390880000000000116e+00 2.705000000000000000e+03 2.779767408289817467e+03 -7.476740828981746745e+01
7.404010000000000424e+00 2.806000000000000000e+03 2.781357798153137992e+03 2.464220184686200810e+01
7.417139999999999844e+00 2.848000000000000000e+03 2.782946378924773398e+03 6.505362107522660153e+01
7.430270000000000152e+00 2.778000000000000000e+03 2.784533163592080200e+03 -6.533163592080200033e+00
7.443399999999999572e+00 2.750000000000000000e+03 2.786118164843450813e+03 -3.611816484345081335e+01
7.456529999999999880e+00 2.822000000000000000e+03 2.787701395071184834e+03 3.429860492881516620e+01
7.469660000000000188e+00 2.848000000000000000e+03 2.789282866374335754e+03 5.871713362566424621e+01
7.482789999999999608e+00 2.807000000000000000e+03 2.790862590561550405e+03 1.613740943844959475e+01
7.495919999999999916e+00 2.842000000000000000e+03 2.792440579153878843e+03 4.955942084612115650e+01
7.509050000000000225e+00 2.867000000000000000e+03 2.794016843387577410e+03 7.298315661242259011e+01
7.522179999999999644e+00 2.843000000000000000e+03 2.795591394216890421e+03 4.740860578310957862e+01
7.535309999999999953e+00 2.774000000000000000e+03 2.797164242316813670e+03 -2.316424231681367019e+01
7.548440000000000261e+00 2.897000000000000000e+03 2.798735398085845645e+03 9.826460191415435474e+01
7.561569999999999681e+00 2.782000000000000000e+03 2.800304871648719200e+03 -1.830487164871919958e+01
7.574699999999999989e+00 2.744000000000000000e+03 2.801872672859115028e+03 -5.787267285911502768e+01
7.587830000000000297e+00 2.864000000000000000e+03 2.803438811302359682e+03 6.056118869764031842e+01
7.600959999999999717e+00 2.849000000000000000e+03 2.805003296298111763e+03 4.399670370188823654e+01
7.614090000000000025e+00 2.861000000000000000e+03 2.806566136903021743e+03 5.443386309697825709e+01
7.627220000000000333e+00 2.843000000000000000e+03 2.808127341913385408e+03 3.487265808661459232e+01
7.640349999999999753e+00 2.805000000000000000e+03 2.809686919867777306e+03 -4.686919867777305626e+00
7.653480000000000061e+00 2.728000000000000000e+03 2.811244879049662813e+03 -8.324487904966281349e+01
7.666610000000000369e+00 2.792000000000000000e+03 2.812801227490001111e+03 -2.080122749000111071e+01
7.679739999999999789e+00 2.801000000000000000e+03 2.814355972969833601e+03 -1.335597296983360138e+01
7.692870000000000097e+00 2.822000000000000000e+03 2.815909123022842323e+03 6.090876977157677175e+00
7.706000000000000405e+00 2.793000000000000000e+03 2.817460684937912447e+03 -2.446068493791244691e+01
7.719129999999999825e+00 2.888000000000000000e+03 2.819010665761664313e+03 6.898933423833568668e+01
7.732260000000000133e+00 2.824000000000000000e+03 2.820559072300973639e+03 3.440927699026360642e+00
7.745390000000000441e+00 2.808000000000000000e+03 2.822105911125477633e+03 -1.410591112547763259e+01
7.758519999999999861e+00 2.859000000000000000e+03 2.823651188570062914e+03 3.534881142993708636e+01
7.771650000000000169e+00 2.850000000000000000e+03 2.825194910737341161e+03 2.480508926265883929e+01
7.784779999999999589e+00 2.868000000000000000e+03 2.826737083500106110e+03 4.126291649989389043e+01
7.797909999999999897e+00 2.844000000000000000e+03 2.828277712503774183e+03 1.572228749622581745e+01
7.811049999999999827e+00 2.856000000000000000e+03 2.829817974777853124e+03 2.618202522214687633e+01
7.824180000000000135e+00 2.842000000000000000e+03 2.831355531136467107e+03 1.064446886353289301e+01
7.837310000000000443e+00 2.842000000000000000e+03 2.832891559335890634e+03 9.108440664109366480e+00
7.850439999999999863e+00 2.840000000000000000e+03 2.834426064135997876e+03 5.573935864002123708e+00
7.863570000000000171e+00 2.826000000000000000e+03 2.835959050081265559e+03 -9.959050081265559129e+00
7.876699999999999591e+00 2.876000000000000000e+03 2.837490521503140826e+03 3.850947849685917390e+01
7.889829999999999899e+00 2.838000000000000000e+03 2.839020482522362272e+03 -1.020482522362271993e+00
7.902960000000000207e+00 2.826000000000000000e+03 2.840548937051289158e+03 -1.454893705128915826e+01
7.916089999999999627e+00 2.895000000000000000e+03 2.842075888796206527e+03 5.292411120379347267e+01
7.929219999999999935e+00 2.913000000000000000e+03 2.843601341259614856e+03 6.939865874038514448e+01
7.942350000000000243e+00 2.916000000000000000e+03 2.845125297742513339e+03 7.087470225748666053e+01
7.955479999999999663e+00 2.829000000000000000e+03 2.846647761346651350e+03 -1.764776134665135032e+01
7.968609999999999971e+00 2.867000000000000000e+03 2.848168734976786254e+03 1.883126502321374574e+01
7.981740000000000279e+00 2.882000000000000000e+03 2.849688221342913948e+03 3.231177865708605168e+01
7.994869999999999699e+00 2.902000000000000000e+03 2.851206222962482116e+03 5.079377703751788431e+01
8.007999999999999119e+00 2.955000000000000000e+03 2.852722742162603026e+03 1.022772578373969736e+02
8.021129999999999427e+00 2.916000000000000000e+03 2.854237781082239962e+03 6.176221891776003758e+01
8.034259999999999735e+00 2.819000000000000000e+03 2.855751341674379546e+03 -3.675134167437954602e+01
8.047390000000000043e+00 2.985000000000000000e+03 2.857263425708197246e+03 1.277365742918027536e+02
8.060520000000000351e+00 2.871000000000000000e+03 2.858774034771205606e+03 1.222596522879439362e+01
8.073650000000000659e+00 2.833000000000000000e+03 2.860283170271384279e+03 -2.728317027138427875e+01
8.086779999999999191e+00 2.988000000000000000e+03 2.861790833439303242e+03 1.262091665606967581e+02
8.099909999999999499e+00 2.917000000000000000e+03 2.863297025330225097e+03 5.370297466977490330e+01
8.113039999999999807e+00 2.830000000000000000e+03 2.864801746826196450e+03 -3.480174682619644955e+01
8.126170000000000115e+00 2.780000000000000000e+03 2.866304998638129746e+03 -8.630499863812974581e+01
8.139300000000000423e+00 2.920000000000000000e+03 2.867806781307862821e+03 5.219321869213717946e+01
8.152430000000000732e+00 2.799000000000000000e+03 2.869307095210212083e+03 -7.030709521021208275e+01
8.165559999999999263e+00 2.834000000000000000e+03 2.870805940555007965e+03 -3.680594055500796458e+01
8.178689999999999571e+00 2.908000000000000000e+03 2.872303317389116728e+03 3.569668261088327199e+01
8.191819999999999879e+00 2.864000000000000000e+03 2.873799225598455450e+03 -9.799225598455450381e+00
8.204950000000000188e+00 2.884000000000000000e+03 2.875293664909982454e+03 8.706335090017546463e+00
8.218080000000000496e+00 2.928000000000000000e+03 2.876786634893680002e+03 5.121336510631999772e+01
8.231210000000000804e+00 2.924000000000000000e+03 2.878278134964530636e+03 4.572186503546936365e+01
8.244339999999999336e+00 2.963000000000000000e+03 2.879768164384465308e+03 8.323183561553469190e+01
8.257469999999999644e+00 2.912000000000000000e+03 2.881256722264314703e+03 3.074327773568529665e+01
8.270599999999999952e+00 2.969000000000000000e+03 2.882743807565729639e+03 8.625619243427036054e+01
8.283739999999999881e+00 2.923000000000000000e+03 2.884230550004603174e+03 3.876944999539682613e+01
8.296870000000000189e+00 3.005000000000000000e+03 2.885714685322986952e+03 1.192853146770130479e+02
8.310000000000000497e+00 2.875000000000000000e+03 2.887197344070780673e+03 -1.219734407078067306e+01
8.323130000000000805e+00 2.937000000000000000e+03 2.888678524631866821e+03 4.832147536813317856e+01
8.336259999999999337e+00 2.957000000000000000e+03 2.890158225250418127e+03 6.684177474958187304e+01
8.349389999999999645e+00 2.955000000000000000e+03 2.891636444032737927e+03 6.336355596726207295e+01
8.362519999999999953e+00 2.923000000000000000e+03 2.893113178949107350e+03 2.988682105089264951e+01
8.375650000000000261e+00 2.913000000000000000e+03 2.894588427835604307e+03 1.841157216439569311e+01
8.388780000000000570e+00 2.933000000000000000e+03 2.896062188395928843e+03 3.693781160407115749e+01
8.401910000000000878e+00 2.825000000000000000e+03 2.897534458203196209e+03 -7.253445820319620907e+01
8.415039999999999409e+00 2.960000000000000000e+03 2.899005234701729023e+03 6.099476529827097693e+01
8.428169999999999717e+00 2.893000000000000000e+03 2.900474515208836692e+03 -7.474515208836692182e+00
8.441300000000000026e+00 3.036000000000000000e+03 2.901942296916580290e+03 1.340577030834197103e+02
8.454430000000000334e+00 2.892000000000000000e+03 2.903408576893521058e+03 -1.140857689352105808e+01
8.467560000000000642e+00 2.929000000000000000e+03 2.904873352086463001e+03 2.412664791353699911e+01
8.480689999999999173e+00 2.954000000000000000e+03 2.906336619322186834e+03 4.766338067781316568e+01
8.493819999999999482e+00 2.945000000000000000e+03 2.907798375309152107e+03 3.720162469084789336e+01
8.506949999999999790e+00 2.922000000000000000e+03 2.909258616639218872e+03 1.274138336078112843e+01
8.520080000000000098e+00 2.914000000000000000e+03 2.910717339789323432e+03 3.282660210676567658e+00
8.533210000000000406e+00 2.972000000000000000e+03 2.912174541123170457e+03 5.982545887682954344e+01
8.546340000000000714e+00 2.885000000000000000e+03 2.913630216892893714e+03 -2.863021689289371352e+01
8.559469999999999246e+00 2.942000000000000000e+03 2.915084363240717266e+03 2.691563675928273369e+01
8.572599999999999554e+00 2.957000000000000000e+03 2.916536976200594381e+03 4.046302379940561877e+01
8.585729999999999862e+00 2.940000000000000000e+03 2.917988051699849166e+03 2.201194830015083426e+01
8.598860000000000170e+00 3.047000000000000000e+03 2.919437585560788193e+03 1.275624144392118069e+02
8.611990000000000478e+00 2.915000000000000000e+03 2.920885573502316220e+03 -5.885573502316219674e+00
8.625120000000000786e+00 2.960000000000000000e+03 2.922332011141534167e+03 3.766798885846583289e+01
8.638249999999999318e+00 2.959000000000000000e+03 2.923776893995318915e+03 3.522310600468108532e+01
8.651379999999999626e+00 3.012000000000000000e+03 2.925220217481909913e+03 8.677978251809008725e+01
8.664509999999999934e+00 2.856000000000000000e+03 2.926661976922462145e+03 -7.066197692246214501e+01
8.677640000000000242e+00 2.939000000000000000e+03 2.928102167542605002e+03 1.089783245739499762e+01
8.690770000000000550e+00 2.951000000000000000e+03 2.929540784473982967e+03 2.145921552601703297e+01
8.703900000000000858e+00 2.931000000000000000e+03 2.930977822755780380e+03 2.217724421961975168e-02
8.717029999999999390e+00 2.925000000000000000e+03 2.932413277336244846e+03 -7.413277336244846083e+00
8.730159999999999698e+00 2.946000000000000000e+03 2.933847143074198812e+03 1.215285692580118848e+01
8.743290000000000006e+00 2.946000000000000000e+03 2.935279414740522498e+03 1.072058525947750240e+01
8.756429999999999936e+00 3.004000000000000000e+03 2.936711176029696162e+03 6.728882397030383800e+01
8.769560000000000244e+00 2.962000000000000000e+03 2.938140242296797169e+03 2.385975770320283118e+01
8.782690000000000552e+00 2.863000000000000000e+03 2.939567698287916301e+03 -7.656769828791630061e+01
8.795820000000000860e+00 2.958000000000000000e+03 2.940993538436895506e+03 1.700646156310449442e+01
8.808949999999999392e+00 2.907000000000000000e+03 2.942417757096954119e+03 -3.541775709695411933e+01
8.822079999999999700e+00 2.928000000000000000e+03 2.943840348542137690e+03 -1.584034854213768995e+01
8.835210000000000008e+00 2.887000000000000000e+03 2.945261306968723602e+03 -5.826130696872360204e+01
8.848340000000000316e+00 2.979000000000000000e+03 2.946680626496643072e+03 3.231937350335692827e+01
8.861470000000000624e+00 2.995000000000000000e+03 2.948098301170873583e+03 4.690169882912641697e+01
8.874599999999999156e+00 2.949000000000000000e+03 2.949514324962833598e+03 -5.143249628335979651e-01
8.887729999999999464e+00 2.991000000000000000e+03 2.950928691771751801e+03 4.007130822824819916e+01
8.900859999999999772e+00 2.944000000000000000e+03 2.952341395426045892e+03 -8.341395426045892236e+00
8.913990000000000080e+00 2.925000000000000000e+03 2.953752429684673643e+03 -2.875242968467364335e+01
8.927120000000000388e+00 2.897000000000000000e+03 2.955161788238481677e+03 -5.816178823848167667e+01
8.940250000000000696e+00 3.107000000000000000e+03 2.956569464711542878e+03 1.504305352884571221e+02
8.953379999999999228e+00 3.116000000000000000e+03 2.957975452662484713e+03 1.580245473375152869e+02
8.966509999999999536e+00 3.039000000000000000e+03 2.959379745585803903e+03 7.962025441419609706e+01
8.979639999999999844e+00 2.953000000000000000e+03 2.960782336913172912e+03 -7.782336913172912318e+00
8.992770000000000152e+00 2.930000000000000000e+03 2.962183220014740073e+03 -3.218322001474007266e+01
9.005900000000000460e+00 3.022000000000000000e+03 2.963582388200408786e+03 5.841761179959121364e+01
9.019030000000000769e+00 2.994000000000000000e+03 2.964979834721123098e+03 2.902016527887690245e+01
9.032159999999999300e+00 2.946000000000000000e+03 2.966375552770128252e+03 -2.037555277012825172e+01
9.045289999999999608e+00 2.909000000000000000e+03 2.967769535484229436e+03 -5.876953548422943641e+01
9.058419999999999916e+00 2.956000000000000000e+03 2.969161775945037334e+03 -1.316177594503733417e+01
9.071550000000000225e+00 3.030000000000000000e+03 2.970552267180209583e+03 5.944773281979041712e+01
9.084680000000000533e+00 3.043000000000000000e+03 2.971941002164673591e+03 7.105899783532640868e+01
9.097810000000000841e+00 2.921000000000000000e+03 2.973327973821843898e+03 -5.232797382184389789e+01
9.110939999999999372e+00 2.892000000000000000e+03 2.974713175024837710e+03 -8.271317502483771023e+01
9.124069999999999681e+00 2.920000000000000000e+03 2.976096598597659522e+03 -5.609659859765952206e+01
9.137199999999999989e+00 3.047000000000000000e+03 2.977478237316410286e+03 6.952176268358971356e+01
9.150330000000000297e+00 2.982000000000000000e+03 2.978858083910447021e+03 3.141916089552978519e+00
9.163460000000000605e+00 3.049000000000000000e+03 2.980236131063566972e+03 6.876386893643302756e+01
9.176589999999999137e+00 3.043000000000000000e+03 2.981612371415157668e+03 6.138762858484233220e+01
9.189719999999999445e+00 2.908000000000000000e+03 2.982986797561362891e+03 -7.498679756136289143e+01
9.202849999999999753e+00 3.023000000000000000e+03 2.984359402056204999e+03 3.864059794379500090e+01
9.215989999999999682e+00 3.011000000000000000e+03 2.985731220716304506e+03 2.526877928369549409e+01
9.229119999999999990e+00 2.926000000000000000e+03 2.987100158006011952e+03 -6.110015800601195224e+01
9.242250000000000298e+00 3.033000000000000000e+03 2.988467251059289538e+03 4.453274894071046219e+01
9.255380000000000607e+00 3.109000000000000000e+03 2.989832492272931631e+03 1.191675077270683687e+02
9.268509999999999138e+00 2.942000000000000000e+03 2.991195874007195926e+03 -4.919587400719592551e+01
9.281639999999999446e+00 2.946000000000000000e+03 2.992557388586896650e+03 -4.655738858689664994e+01
9.294769999999999754e+00 3.041000000000000000e+03 2.993917028302471863e+03 4.708297169752813716e+01
9.307900000000000063e+00 3.036000000000000000e+03 2.995274785411062112e+03 4.072521458893788804e+01
9.321030000000000371e+00 3.018000000000000000e+03 2.996630652137569541e+03 2.136934786243045892e+01
9.334160000000000679e+00 3.019000000000000000e+03 2.997984620675707902e+03 2.101537932429209832e+01
9.347289999999999210e+00 3.069000000000000000e+03 2.999336683189043470e+03 6.966331681095653039e+01
9.360419999999999519e+00 2.953000000000000000e+03 3.000686831812034598e+03 -4.768683181203459753e+01
9.373549999999999827e+00 3.025000000000000000e+03 3.002035058651054442e+03 2.296494134894555827e+01
9.386680000000000135e+00 3.115000000000000000e+03 3.003381355785409596e+03 1.116186442145904039e+02
9.399810000000000443e+00 2.922000000000000000e+03 3.004725715268346448e+03 -8.272571526834644828e+01
9.412940000000000751e+00 3.044000000000000000e+03 3.006068129128053897e+03 3.793187087194610285e+01
9.426069999999999283e+00 2.995000000000000000e+03 3.007408589368653338e+03 -1.240858936865333817e+01
9.439199999999999591e+00 3.030000000000000000e+03 3.008747087971180463e+03 2.125291202881953723e+01
9.452329999999999899e+00 3.082000000000000000e+03 3.010083616894562056e+03 7.191638310543794432e+01
9.465460000000000207e+00 3.053000000000000000e+03 3.011418168076580514e+03 4.158183192341948597e+01
9.478590000000000515e+00 3.116000000000000000e+03 3.012750733434834729e+03 1.032492665651652715e+02
9.491720000000000823e+00 3.106000000000000000e+03 3.014081304867685503e+03 9.191869513231449673e+01
9.504849999999999355e+00 3.058000000000000000e+03 3.015409874255198702e+03 4.259012574480129842e+01
9.517979999999999663e+00 3.042000000000000000e+03 3.016736433460080661e+03 2.526356653991933854e+01
9.531109999999999971e+00 3.002000000000000000e+03 3.018060974328600878e+03 -1.606097432860087793e+01
9.544240000000000279e+00 3.011000000000000000e+03 3.019383488691506500e+03 -8.383488691506499890e+00
9.557370000000000587e+00 2.975000000000000000e+03 3.020703968364939556e+03 -4.570396836493955561e+01
9.570499999999999119e+00 3.064000000000000000e+03 3.022022405151326893e+03 4.197759484867310675e+01
9.583629999999999427e+00 3.034000000000000000e+03 3.023338790840280126e+03 1.066120915971987415e+01
9.596759999999999735e+00 3.028000000000000000e+03 3.024653117209481934e+03 3.346882790518066031e+00
9.609890000000000043e+00 3.036000000000000000e+03 3.025965376025555088e+03 1.003462397444491216e+01
9.623020000000000351e+00 3.049000000000000000e+03 3.027275559044939655e+03 2.172444095506034500e+01
9.636150000000000659e+00 2.995000000000000000e+03 3.028583658014749744e+03 -3.358365801474974432e+01
9.649279999999999191e+00 3.098000000000000000e+03 3.029889664673630250e+03 6.811033532636974996e+01
9.662409999999999499e+00 3.074000000000000000e+03 3.031193570752600863e+03 4.280642924739913724e+01
9.675539999999999807e+00 3.059000000000000000e+03 3.032495367975891895e+03 2.650463202410810482e+01
9.688679999999999737e+00 3.106000000000000000e+03 3.033796037108197197e+03 7.220396289180280291e+01
9.701810000000000045e+00 3.105000000000000000e+03 3.035093590147911982e+03 6.990640985208801794e+01
9.714940000000000353e+00 3.126000000000000000e+03 3.036389009465875006e+03 8.961099053412499416e+01
9.728070000000000661e+00 3.007000000000000000e+03 3.037682286767399091e+03 -3.068228676739909133e+01
9.741199999999999193e+00 3.093000000000000000e+03 3.038973413755085403e+03 5.402658624491459705e+01
9.754329999999999501e+00 3.045000000000000000e+03 3.040262382129622893e+03 4.737617870377107465e+00
9.767459999999999809e+00 3.078000000000000000e+03 3.041549183590565463e+03 3.645081640943453749e+01
9.780590000000000117e+00 3.085000000000000000e+03 3.042833809837118224e+03 4.216619016288177590e+01
9.793720000000000425e+00 3.091000000000000000e+03 3.044116252568900109e+03 4.688374743109989140e+01
9.806850000000000733e+00 3.104000000000000000e+03 3.045396503486716938e+03 5.860349651328306209e+01
9.819979999999999265e+00 3.156000000000000000e+03 3.046674554293307210e+03 1.093254457066927898e+02
9.833109999999999573e+00 3.110000000000000000e+03 3.047950396694103347e+03 6.204960330589665318e+01
9.846239999999999881e+00 3.099000000000000000e+03 3.049224022397962472e+03 4.977597760203752841e+01
9.859370000000000189e+00 2.981000000000000000e+03 3.050495423117905375e+03 -6.949542311790537497e+01
9.872500000000000497e+00 2.986000000000000000e+03 3.051764590571845929e+03 -6.576459057184592893e+01
9.885630000000000805e+00 3.050000000000000000e+03 3.053031516483310497e+03 -3.031516483310497279e+00
9.898759999999999337e+00 3.075000000000000000e+03 3.054296192582149160e+03 2.070380741785083956e+01
9.911889999999999645e+00 3.110000000000000000e+03 3.055558610605252852e+03 5.444138939474714789e+01
9.925019999999999953e+00 3.174000000000000000e+03 3.056818762297234116e+03 1.171812377027658840e+02
9.938150000000000261e+00 3.083000000000000000e+03 3.058076639411140604e+03 2.492336058885939565e+01
9.951280000000000570e+00 3.155000000000000000e+03 3.059332233709124012e+03 9.566776629087598849e+01
9.964410000000000878e+00 3.091000000000000000e+03 3.060585536963134018e+03 3.041446303686598185e+01
9.977539999999999409e+00 3.040000000000000000e+03 3.061836540955578585e+03 -2.183654095557858454e+01
9.990669999999999717e+00 3.018000000000000000e+03 3.063085237479997886e+03 -4.508523747999788611e+01
1.000380000000000003e+01 3.083000000000000000e+03 3.064331618341718695e+03 1.866838165828130514e+01
1.001693000000000033e+01 3.053000000000000000e+03 3.065575675358508306e+03 -1.257567535850830609e+01
1.003006000000000064e+01 2.979000000000000000e+03 3.066817400361222099e+03 -8.781740036122209858e+01
1.004318999999999917e+01 2.956000000000000000e+03 3.068056785194439726e+03 -1.120567851944397262e+02
1.005631999999999948e+01 3.067000000000000000e+03 3.069293821717099945e+03 -2.293821717099945090e+00
1.006944999999999979e+01 3.032000000000000000e+03 3.070528501803124527e+03 -3.852850180312452721e+01
1.008258000000000010e+01 3.076000000000000000e+03 3.071760817342040809e+03 4.239182657959190692e+00
1.009571000000000041e+01 3.071000000000000000e+03 3.072990760239591054e+03 -1.990760239591054415e+00
1.010884000000000071e+01 3.078000000000000000e+03 3.074218322418343178e+03 3.781677581656822440e+00
1.012196999999999925e+01 3.234000000000000000e+03 3.075443495818291922e+03 1.585565041817080782e+02
1.013509999999999955e+01 3.051000000000000000e+03 3.076666272397445482e+03 -2.566627239744548206e+01
1.014822999999999986e+01 3.121000000000000000e+03 3.077886644132419860e+03 4.311335586758013960e+01
1.016136999999999979e+01 3.138000000000000000e+03 3.079105529712758198e+03 5.889447028724180200e+01
1.017450000000000010e+01 3.126000000000000000e+03 3.080321065919774810e+03 4.567893408022518997e+01
1.018763000000000041e+01 2.996000000000000000e+03 3.081534173323828327e+03 -8.553417332382832683e+01
1.020076000000000072e+01 3.115000000000000000e+03 3.082744843981731265e+03 3.225515601826873535e+01
1.021388999999999925e+01 3.134000000000000000e+03 3.083953069971745208e+03 5.004693002825479198e+01
1.022701999999999956e+01 3.090000000000000000e+03 3.085158843394140604e+03 4.841156605859396223e+00
1.024014999999999986e+01 3.055000000000000000e+03 3.086362156371732453e+03 -3.136215637173245341e+01
1.025328000000000017e+01 3.093000000000000000e+03 3.087563001050423736e+03 5.436998949576263840e+00
1.026641000000000048e+01 3.060000000000000000e+03 3.088761369599735190e+03 -2.876136959973518969e+01
1.027954000000000079e+01 3.010000000000000000e+03 3.089957254213337819e+03 -7.995725421333781924e+01
1.029266999999999932e+01 3.145000000000000000e+03 3.091150647109564488e+03 5.384935289043551165e+01
1.030579999999999963e+01 3.038000000000000000e+03 3.092341540531938790e+03 -5.434154053193879008e+01
1.031892999999999994e+01 3.102000000000000000e+03 3.093529926749665719e+03 8.470073250334280601e+00
1.033206000000000024e+01 3.090000000000000000e+03 3.094715798058153723e+03 -4.715798058153723105e+00
1.034519000000000055e+01 3.149000000000000000e+03 3.095899146779499006e+03 5.310085322050099421e+01
1.035832000000000086e+01 3.133000000000000000e+03 3.097079965262982569e+03 3.592003473701743133e+01
1.037144999999999939e+01 3.099000000000000000e+03 3.098258245885560882e+03 7.417541144391179841e-01
1.038457999999999970e+01 3.105000000000000000e+03 3.099433981052336549e+03 5.566018947663451399e+00
1.039771000000000001e+01 3.123000000000000000e+03 3.100607163197039426e+03 2.239283680296057355e+01
1.041084000000000032e+01 3.136000000000000000e+03 3.101777784782496383e+03 3.422221521750361717e+01
1.042397000000000062e+01 3.198000000000000000e+03 3.102945838301090134e+03 9.505416169890986566e+01
1.043709999999999916e+01 3.263000000000000000e+03 3.104111316275224908e+03 1.588886837247750918e+02
1.045022999999999946e+01 3.119000000000000000e+03 3.105274211257773004e+03 1.372578874222699596e+01
1.046335999999999977e+01 3.103000000000000000e+03 3.106434515832524539e+03 -3.434515832524539292e+00
1.047649000000000008e+01 3.063000000000000000e+03 3.107592222614627190e+03 -4.459222261462718961e+01
1.048962000000000039e+01 3.097000000000000000e+03 3.108747324251024565e+03 -1.174732425102456546e+01
1.050275000000000070e+01 3.037000000000000000e+03 3.109899813420887313e+03 -7.289981342088731253e+01
1.051587999999999923e+01 3.048000000000000000e+03 3.111049682836038301e+03 -6.304968283603830059e+01
1.052900999999999954e+01 3.080000000000000000e+03 3.112196925241372355e+03 -3.219692524137235523e+01
1.054213999999999984e+01 3.107000000000000000e+03 3.113341533415270078e+03 -6.341533415270077967e+00
1.055527000000000015e+01 3.073000000000000000e+03 3.114483500170012576e+03 -4.148350017001257584e+01
1.056840000000000046e+01 3.151000000000000000e+03 3.115622818352182094e+03 3.537718164781790620e+01
1.058153000000000077e+01 3.082000000000000000e+03 3.116759480843060828e+03 -3.475948084306082819e+01
1.059465999999999930e+01 3.147000000000000000e+03 3.117893480559025647e+03 2.910651944097435262e+01
1.060778999999999961e+01 3.108000000000000000e+03 3.119024810451942813e+03 -1.102481045194281251e+01
1.062091999999999992e+01 3.143000000000000000e+03 3.120153463509540870e+03 2.284653649045912971e+01
1.063405999999999985e+01 3.179000000000000000e+03 3.121280289285888557e+03 5.771971071411144294e+01
1.064719000000000015e+01 3.132000000000000000e+03 3.122403565729467573e+03 9.596434270532427036e+00
1.066032000000000046e+01 3.066000000000000000e+03 3.123524144514662567e+03 -5.752414451466256651e+01
1.067345000000000077e+01 3.198000000000000000e+03 3.124642018776451550e+03 7.335798122354844963e+01
1.068657999999999930e+01 3.094000000000000000e+03 3.125757181687524735e+03 -3.175718168752473503e+01
1.069970999999999961e+01 3.117000000000000000e+03 3.126869626458643779e+03 -9.869626458643779188e+00
1.071283999999999992e+01 3.121000000000000000e+03 3.127979346338983760e+03 -6.979346338983759779e+00
1.072597000000000023e+01 3.193000000000000000e+03 3.129086334616490603e+03 6.391366538350939663e+01
1.073910000000000053e+01 3.103000000000000000e+03 3.130190584618200774e+03 -2.719058461820077355e+01
1.075223000000000084e+01 3.174000000000000000e+03 3.131292089710600067e+03 4.270791028939993339e+01
1.076535999999999937e+01 3.127000000000000000e+03 3.132390843299931475e+03 -5.390843299931475485e+00
1.077848999999999968e+01 3.050000000000000000e+03 3.133486838832537615e+03 -8.348683883253761451e+01
1.079161999999999999e+01 3.114000000000000000e+03 3.134580069795170402e+03 -2.058006979517040236e+01
1.080475000000000030e+01 3.171000000000000000e+03 3.135670529715314842e+03 3.532947028468515782e+01
1.081788000000000061e+01 3.156000000000000000e+03 3.136758212161492793e+03 1.924178783850720720e+01
1.083100999999999914e+01 3.097000000000000000e+03 3.137843110743575835e+03 -4.084311074357583493e+01
1.084413999999999945e+01 3.078000000000000000e+03 3.138925219113090407e+03 -6.092521911309040661e+01
1.085726999999999975e+01 3.206000000000000000e+03 3.140004530963501566e+03 6.599546903649843443e+01
1.087040000000000006e+01 3.103000000000000000e+03 3.141081040030522672e+03 -3.808104003052267217e+01
1.088353000000000037e+01 3.231000000000000000e+03 3.142154740092393240e+03 8.884525990760675995e+01
1.089666000000000068e+01 3.107000000000000000e+03 3.143225624970170429e+03 -3.622562497017042915e+01
1.090978999999999921e+01 3.071000000000000000e+03 3.144293688528001439e+03 -7.329368852800143941e+01
1.092291999999999952e+01 3.195000000000000000e+03 3.145358924673405454e+03 4.964107532659454591e+01
1.093604999999999983e+01 3.174000000000000000e+03 3.146421327357539667e+03 2.757867264246033301e+01
1.094918000000000013e+01 3.161000000000000000e+03 3.147480890575470767e+03 1.351910942452923337e+01
1.096231000000000044e+01 3.203000000000000000e+03 3.148537608366435052e+03 5.446239163356494828e+01
1.097544000000000075e+01 3.223000000000000000e+03 3.149591474814093999e+03 7.340852518590600084e+01
1.098856999999999928e+01 3.186000000000000000e+03 3.150642484046791196e+03 3.535751595320880369e+01
1.100169999999999959e+01 3.190000000000000000e+03 3.151690630237802452e+03 3.830936976219754797e+01
1.101482999999999990e+01 3.281000000000000000e+03 3.152735907605579087e+03 1.282640923944209135e+02
1.102796000000000021e+01 3.127000000000000000e+03 3.153778310413990766e+03 -2.677831041399076639e+01
1.104109000000000052e+01 3.199000000000000000e+03 3.154817832972562428e+03 4.418216702743757196e+01
1.105422000000000082e+01 3.059000000000000000e+03 3.155854469636704835e+03 -9.685446963670483456e+01
1.106734999999999935e+01 3.120000000000000000e+03 3.156888214807946497e+03 -3.688821480794649688e+01
1.108047999999999966e+01 3.058000000000000000e+03 3.157919062934153771e+03 -9.991906293415377149e+01
1.109361999999999959e+01 3.151000000000000000e+03 3.158947790300598626e+03 -7.947790300598626345e+00
1.110674999999999990e+01 3.264000000000000000e+03 3.159972825649966126e+03 1.040271743500338744e+02
1.111988000000000021e+01 3.088000000000000000e+03 3.160994947574039543e+03 -7.299494757403954281e+01
1.113301000000000052e+01 3.116000000000000000e+03 3.162014150708256693e+03 -4.601415070825669318e+01
1.114614000000000082e+01 3.091000000000000000e+03 3.163030429735460984e+03 -7.203042973546098438e+01
1.115926999999999936e+01 3.182000000000000000e+03 3.164043779386101505e+03 1.795622061389849478e+01
1.117239999999999966e+01 3.238000000000000000e+03 3.165054194438427203e+03 7.294580556157279716e+01
1.118552999999999997e+01 3.166000000000000000e+03 3.166061669718689245e+03 -6.166971868924520095e-02
1.119866000000000028e+01 3.065000000000000000e+03 3.167066200101316554e+03 -1.020662001013165536e+02
1.121179000000000059e+01 3.238000000000000000e+03 3.168067780509116346e+03 6.993221949088365363e+01
1.122491999999999912e+01 3.133000000000000000e+03 3.169066405913443305e+03 -3.606640591344330460e+01
1.123804999999999943e+01 3.088000000000000000e+03 3.170062071334386474e+03 -8.206207133438647361e+01
1.125117999999999974e+01 3.186000000000000000e+03 3.171054771840934791e+03 1.494522815906520918e+01
1.126431000000000004e+01 3.108000000000000000e+03 3.172044502551159439e+03 -6.404450255115943946e+01
1.127744000000000035e+01 3.273000000000000000e+03 3.173031258632369372e+03 9.996874136763062779e+01
1.129057000000000066e+01 3.166000000000000000e+03 3.174015035301275930e+03 -8.015035301275929669e+00
1.130369999999999919e+01 3.112000000000000000e+03 3.174995827824163371e+03 -6.299582782416337068e+01
1.131682999999999950e+01 3.256000000000000000e+03 3.175973631517031663e+03 8.002636848296833705e+01
1.132995999999999981e+01 3.189000000000000000e+03 3.176948441745753826e+03 1.205155825424617433e+01
1.134309000000000012e+01 3.116000000000000000e+03 3.177920253926225541e+03 -6.192025392622554136e+01
1.135622000000000043e+01 3.141000000000000000e+03 3.178889063524514768e+03 -3.788906352451476778e+01
1.136935000000000073e+01 3.062000000000000000e+03 3.179854866056989067e+03 -1.178548660569890671e+02
1.138247999999999927e+01 3.102000000000000000e+03 3.180817657090473404e+03 -7.881765709047340351e+01
1.139560999999999957e+01 3.235000000000000000e+03 3.181777432242367013e+03 5.322256775763298720e+01
1.140873999999999988e+01 3.188000000000000000e+03 3.182734187180787103e+03 5.265812819212897011e+00
1.142187000000000019e+01 3.209000000000000000e+03 3.183687917624694364e+03 2.531208237530563565e+01
1.143500000000000050e+01 3.193000000000000000e+03 3.184638619344009840e+03 8.361380655990160449e+00
1.144813000000000081e+01 3.134000000000000000e+03 3.185586288159747255e+03 -5.158628815974725512e+01
1.146125999999999934e+01 3.112000000000000000e+03 3.186530919944121251e+03 -7.453091994412125132e+01
1.147438999999999965e+01 3.155000000000000000e+03 3.187472510620672438e+03 -3.247251062067243765e+01
1.148751999999999995e+01 3.184000000000000000e+03 3.188411056164368347e+03 -4.411056164368346799e+00
1.150065000000000026e+01 3.117000000000000000e+03 3.189346552601716667e+03 -7.234655260171666669e+01
1.151378000000000057e+01 3.092000000000000000e+03 3.190278996010869378e+03 -9.827899601086937764e+01
1.152691000000000088e+01 3.154000000000000000e+03 3.191208382521725980e+03 -3.720838252172598004e+01
1.154003999999999941e+01 3.131000000000000000e+03 3.192134708316024444e+03 -6.113470831602444377e+01
1.155316999999999972e+01 3.197000000000000000e+03 3.193057969627449893e+03 3.942030372550107131e+00
1.156630999999999965e+01 3.212000000000000000e+03 3.193978862404030224e+03 1.802113759596977616e+01
1.157943999999999996e+01 3.201000000000000000e+03 3.194895981318008580e+03 6.104018681991419726e+00
1.159257000000000026e+01 3.192000000000000000e+03 3.195810024759967746e+03 -3.810024759967745922e+00
1.160570000000000057e+01 3.093000000000000000e+03 3.196720989172272766e+03 -1.037209891722727662e+02
1.161883000000000088e+01 3.214000000000000000e+03 3.197628871049661484e+03 1.637112895033851601e+01
1.163195999999999941e+01 3.125000000000000000e+03 3.198533666939314116e+03 -7.353366693931411646e+01
1.164508999999999972e+01 3.098000000000000000e+03 3.199435373440927833e+03 -1.014353734409278331e+02
1.165822000000000003e+01 3.020000000000000000e+03 3.200333987206793608e+03 -1.803339872067936085e+02
1.167135000000000034e+01 3.272000000000000000e+03 3.201229504941856248e+03 7.077049505814375152e+01
1.168448000000000064e+01 3.224000000000000000e+03 3.202121923403783512e+03 2.187807659621648781e+01
1.169760999999999918e+01 3.133000000000000000e+03 3.203011239403023865e+03 -7.001123940302386472e+01
1.171073999999999948e+01 3.206000000000000000e+03 3.203897449802871506e+03 2.102550197128493892e+00
1.172386999999999979e+01 3.261000000000000000e+03 3.204780551519515939e+03 5.621944848048406129e+01
1.173700000000000010e+01 3.186000000000000000e+03 3.205660541522098811e+03 -1.966054152209881067e+01
1.175013000000000041e+01 3.133000000000000000e+03 3.206537416832764393e+03 -7.353741683276439289e+01
1.176326000000000072e+01 3.100000000000000000e+03 3.207411174526704144e+03 -1.074111745267041442e+02
1.177638999999999925e+01 3.221000000000000000e+03 3.208281811732203096e+03 1.271818826779690426e+01
1.178951999999999956e+01 3.190000000000000000e+03 3.209149325630683506e+03 -1.914932563068350646e+01
1.180264999999999986e+01 3.193000000000000000e+03 3.210013713456739424e+03 -1.701371345673942415e+01
1.181578000000000017e+01 3.067000000000000000e+03 3.210874972498178522e+03 -1.438749724981785221e+02
1.182891000000000048e+01 3.124000000000000000e+03 3.211733100096049839e+03 -8.773310009604983861e+01
1.184204000000000079e+01 3.173000000000000000e+03 3.212588093644681976e+03 -3.958809364468197600e+01
1.185516999999999932e+01 3.114000000000000000e+03 3.213439950591702654e+03 -9.943995059170265449e+01
1.186829999999999963e+01 3.116000000000000000e+03 3.214288668438070545e+03 -9.828866843807054465e+01
1.188142999999999994e+01 3.155000000000000000e+03 3.215134244738102097e+03 -6.013424473810209747e+01
1.189456000000000024e+01 3.196000000000000000e+03 3.215976677099475637e+03 -1.997667709947563708e+01
1.190769000000000055e+01 3.169000000000000000e+03 3.216815963183269105e+03 -4.781596318326910477e+01
1.192082000000000086e+01 3.257000000000000000e+03 3.217652100703963242e+03 3.934789929603675773e+01
1.193394999999999939e+01 3.099000000000000000e+03 3.218485087429455234e+03 -1.194850874294552341e+02
1.194707999999999970e+01 3.217000000000000000e+03 3.219314921181074169e+03 -2.314921181074168999e+00
1.196021000000000001e+01 3.222000000000000000e+03 3.220141599833583314e+03 1.858400166416686261e+00
1.197334000000000032e+01 3.118000000000000000e+03 3.220965121315187844e+03 -1.029651213151878437e+02
1.198647000000000062e+01 3.233000000000000000e+03 3.221785483607534843e+03 1.121451639246515697e+01
1.199959999999999916e+01 3.239000000000000000e+03 3.222602684745719216e+03 1.639731525428078385e+01
1.201272999999999946e+01 3.145000000000000000e+03 3.223416722818277321e+03 -7.841672281827732149e+01
1.202585999999999977e+01 3.157000000000000000e+03 3.224227595967178786e+03 -6.722759596717878594e+01
1.203899999999999970e+01 3.073000000000000000e+03 3.225035916341570100e+03 -1.520359163415701005e+02
1.205213000000000001e+01 3.225000000000000000e+03 3.225840451868975833e+03 -8.404518689758333494e-01
1.206526000000000032e+01 3.187000000000000000e+03 3.226641817217914195e+03 -3.964181721791419477e+01
1.207839000000000063e+01 3.179000000000000000e+03 3.227440010744052415e+03 -4.844001074405241525e+01
1.209151999999999916e+01 3.093000000000000000e+03 3.228235030856437788e+03 -1.352350308564377883e+02
1.210464999999999947e+01 3.180000000000000000e+03 3.229026876017477207e+03 -4.902687601747720691e+01
1.211777999999999977e+01 3.094000000000000000e+03 3.229815544742917609e+03 -1.358155447429176093e+02
1.213091000000000008e+01 3.167000000000000000e+03 3.230601035601821877e+03 -6.360103560182187721e+01
1.214404000000000039e+01 3.126000000000000000e+03 3.231383347216542006e+03 -1.053833472165420062e+02
1.215717000000000070e+01 3.272000000000000000e+03 3.232162478262691820e+03 3.983752173730817958e+01
1.217029999999999923e+01 3.186000000000000000e+03 3.232938427469119233e+03 -4.693842746911923314e+01
1.218342999999999954e+01 3.230000000000000000e+03 3.233711193617873050e+03 -3.711193617873050243e+00
1.219655999999999985e+01 3.223000000000000000e+03 3.234480775544167955e+03 -1.148077554416795465e+01
1.220969000000000015e+01 3.210000000000000000e+03 3.235247172136348581e+03 -2.524717213634858126e+01
1.222282000000000046e+01 3.106000000000000000e+03 3.236010382335849044e+03 -1.300103823358490445e+02
1.223595000000000077e+01 3.177000000000000000e+03 3.236770405137159287e+03 -5.977040513715928682e+01
1.224907999999999930e+01 3.131000000000000000e+03 3.237527239587770055e+03 -1.065272395877700546e+02
1.226220999999999961e+01 3.198000000000000000e+03 3.238280884788143794e+03 -4.028088478814379414e+01
1.227533999999999992e+01 3.154000000000000000e+03 3.239031339891650987e+03 -8.503133989165098683e+01
1.228847000000000023e+01 3.214000000000000000e+03 3.239778604104534679e+03 -2.577860410453467921e+01
1.230160000000000053e+01 3.193000000000000000e+03 3.240522676685853639e+03 -4.752267668585363936e+01
1.231473000000000084e+01 3.245000000000000000e+03 3.241263556947428697e+03 3.736443052571303269e+00
1.232785999999999937e+01 3.060000000000000000e+03 3.242001244253789082e+03 -1.820012442537890820e+02
1.234098999999999968e+01 3.114000000000000000e+03 3.242735738022119222e+03 -1.287357380221192216e+02
1.235411999999999999e+01 3.296000000000000000e+03 3.243467037722193709e+03 5.253296227780629124e+01
1.236725000000000030e+01 3.170000000000000000e+03 3.244195142876317277e+03 -7.419514287631727711e+01
1.238038000000000061e+01 3.096000000000000000e+03 3.244920053059268412e+03 -1.489200530592684117e+02
1.239350999999999914e+01 3.225000000000000000e+03 3.245641767898227044e+03 -2.064176789822704450e+01
1.240663999999999945e+01 3.139000000000000000e+03 3.246360287072712708e+03 -1.073602870727127083e+02
1.241976999999999975e+01 3.233000000000000000e+03 3.247075610314514051e+03 -1.407561031451405142e+01
1.243290000000000006e+01 3.202000000000000000e+03 3.247787737407621080e+03 -4.578773740762107991e+01
1.244603000000000037e+01 3.247000000000000000e+03 3.248496668188147851e+03 -1.496668188147850742e+00
1.245916000000000068e+01 3.205000000000000000e+03 3.249202402544268807e+03 -4.420240254426880711e+01
1.247228999999999921e+01 3.148000000000000000e+03 3.249904940416127829e+03 -1.019049404161278289e+02
1.248541999999999952e+01 3.173000000000000000e+03 3.250604281795777297e+03 -7.760428179577729679e+01
1.249855999999999945e+01 3.109000000000000000e+03 3.251300955703108229e+03 -1.423009557031082295e+02
1.251168999999999976e+01 3.208000000000000000e+03 3.251993901847346478e+03 -4.399390184734647846e+01
1.252482000000000006e+01 3.125000000000000000e+03 3.252683651786255268e+03 -1.276836517862552682e+02
1.253795000000000037e+01 3.245000000000000000e+03 3.253370205718714715e+03 -8.370205718714714749e+00
1.255108000000000068e+01 3.200000000000000000e+03 3.254053563895096431e+03 -5.405356389509643122e+01
1.256420999999999921e+01 3.177000000000000000e+03 3.254733726617163938e+03 -7.773372661716393850e+01
1.257733999999999952e+01 3.281000000000000000e+03 3.255410694237995358e+03 2.558930576200464202e+01
1.259046999999999983e+01 3.116000000000000000e+03 3.256084467161889279e+03 -1.400844671618892789e+02
1.260360000000000014e+01 3.155000000000000000e+03 3.256755045844263350e+03 -1.017550458442633499e+02
1.261673000000000044e+01 3.249000000000000000e+03 3.257422430791575152e+03 -8.422430791575152398e+00
1.262986000000000075e+01 3.131000000000000000e+03 3.258086622561213062e+03 -1.270866225612130620e+02
1.264298999999999928e+01 3.161000000000000000e+03 3.258747621761400751e+03 -9.774762176140075098e+01
1.265611999999999959e+01 3.143000000000000000e+03 3.259405429051105784e+03 -1.164054290511057843e+02
1.266924999999999990e+01 3.234000000000000000e+03 3.260060045139931390e+03 -2.606004513993138971e+01
1.268238000000000021e+01 3.129000000000000000e+03 3.260711470788016413e+03 -1.317114707880164133e+02
1.269551000000000052e+01 3.178000000000000000e+03 3.261359706805931182e+03 -8.335970680593118232e+01
1.270864000000000082e+01 3.189000000000000000e+03 3.262004754054573368e+03 -7.300475405457336819e+01
1.272176999999999936e+01 3.288000000000000000e+03 3.262646613445059302e+03 2.535338655494069826e+01
1.273489999999999966e+01 3.144000000000000000e+03 3.263285285938617562e+03 -1.192852859386175624e+02
1.274802999999999997e+01 3.099000000000000000e+03 3.263920772546478020e+03 -1.649207725464780196e+02
1.276116000000000028e+01 3.213000000000000000e+03 3.264553074329759056e+03 -5.155307432975905613e+01
1.277429000000000059e+01 3.074000000000000000e+03 3.265182192399359792e+03 -1.911821923993597920e+02
1.278741999999999912e+01 3.139000000000000000e+03 3.265808127915839123e+03 -1.268081279158391226e+02
1.280054999999999943e+01 3.306000000000000000e+03 3.266430882089307488e+03 3.956911791069251194e+01
1.281367999999999974e+01 3.270000000000000000e+03 3.267050456179303637e+03 2.949543820696362673e+00
1.282681000000000004e+01 3.285000000000000000e+03 3.267666851494678667e+03 1.733314850532133278e+01
1.283994000000000035e+01 3.231000000000000000e+03 3.268280069393480517e+03 -3.728006939348051674e+01
1.285307000000000066e+01 3.105000000000000000e+03 3.268890111282821181e+03 -1.638901112828211808e+02
1.286619999999999919e+01 3.207000000000000000e+03 3.269496978618771664e+03 -6.249697861877166361e+01
1.287932999999999950e+01 3.154000000000000000e+03 3.270100672906221007e+03 -1.161006729062210070e+02
1.289245999999999981e+01 3.198000000000000000e+03 3.270701195698764877e+03 -7.270119569876487731e+01
1.290559000000000012e+01 3.155000000000000000e+03 3.271298548598567777e+03 -1.162985485985677769e+02
1.291872000000000043e+01 3.213000000000000000e+03 3.271892733256245720e+03 -5.889273325624571953e+01
1.293185000000000073e+01 3.257000000000000000e+03 3.272483751370730261e+03 -1.548375137073026053e+01
1.294497999999999927e+01 3.202000000000000000e+03 3.273071604689142077e+03 -7.107160468914207740e+01
1.295810999999999957e+01 3.311000000000000000e+03 3.273656295006655910e+03 3.734370499334409033e+01
1.297124999999999950e+01 3.143000000000000000e+03 3.274238265863252764e+03 -1.312382658632527637e+02
1.298437999999999981e+01 3.202000000000000000e+03 3.274816633350651500e+03 -7.281663335065150022e+01
1.299751000000000012e+01 3.234000000000000000e+03 3.275391843511182742e+03 -4.139184351118274208e+01
1.301064000000000043e+01 3.245000000000000000e+03 3.275963898330947359e+03 -3.096389833094735877e+01
1.302377000000000073e+01 3.316000000000000000e+03 3.276532799843424073e+03 3.946720015657592739e+01
1.303689999999999927e+01 3.104000000000000000e+03 3.277098550129342129e+03 -1.730985501293421294e+02
1.305002999999999957e+01 3.201000000000000000e+03 3.277661151316522592e+03 -7.666115131652259151e+01
1.306315999999999988e+01 3.313000000000000000e+03 3.278220605579758740e+03 3.477939442024126038e+01
1.307629000000000019e+01 3.270000000000000000e+03 3.278776915140660094e+03 -8.776915140660094039e+00
1.308942000000000050e+01 3.237000000000000000e+03 3.279330082267511898e+03 -4.233008226751189795e+01
1.310255000000000081e+01 3.259000000000000000e+03 3.279880109275135055e+03 -2.088010927513505521e+01
1.311567999999999934e+01 3.164000000000000000e+03 3.280426998524735154e+03 -1.164269985247351542e+02
1.312880999999999965e+01 3.137000000000000000e+03 3.280970752423763315e+03 -1.439707524237633152e+02
1.314193999999999996e+01 3.245000000000000000e+03 3.281511373425762031e+03 -3.651137342576203082e+01
1.315507000000000026e+01 3.246000000000000000e+03 3.282048864030220102e+03 -3.604886403022010199e+01
1.316820000000000057e+01 3.215000000000000000e+03 3.282583226782421207e+03 -6.758322678242120674e+01
1.318133000000000088e+01 3.133000000000000000e+03 3.283114464273298381e+03 -1.501144642732983812e+02
1.319445999999999941e+01 3.264000000000000000e+03 3.290289603307026027e+03 -2.628960330702602732e+01
1.320758999999999972e+01 3.229000000000000000e+03 3.290874895032525728e+03 -6.187489503252572831e+01
1.322072000000000003e+01 3.276000000000000000e+03 3.291457893855763359e+03 -1.545789385576335917e+01
1.323385000000000034e+01 3.189000000000000000e+03 3.292038617645425347e+03 -1.030386176454253473e+02
1.324698000000000064e+01 3.195000000000000000e+03 3.296144798385910235e+03 -1.011447983859102351e+02
1.326010999999999918e+01 3.176000000000000000e+03 3.296753158434206853e+03 -1.207531584342068527e+02
1.327323999999999948e+01 3.197000000000000000e+03 3.297359740506917205e+03 -1.003597405069172055e+02
1.328636999999999979e+01 3.188000000000000000e+03 3.297964572210284587e+03 -1.099645722102845866e+02
1.329950000000000010e+01 3.200000000000000000e+03 3.298567681769831779e+03 -9.856768176983177909e+01
1.331263000000000041e+01 3.265000000000000000e+03 3.299169098046393174e+03 -3.416909804639317372e+01
1.332576000000000072e+01 3.225000000000000000e+03 3.299768850552638924e+03 -7.476885055263892355e+01
1.333888999999999925e+01 3.186000000000000000e+03 3.300366969470187541e+03 -1.143669694701875414e+02
1.335201999999999956e+01 3.323000000000000000e+03 3.300963485667271925e+03 2.203651433272807481e+01
1.336514999999999986e+01 3.228000000000000000e+03 3.301558430717006104e+03 -7.355843071700610381e+01
1.337828000000000017e+01 3.257000000000000000e+03 3.302151836916274988e+03 -4.515183691627498774e+01
1.339141000000000048e+01 3.296000000000000000e+03 3.302743737305258946e+03 -6.743737305258946435e+00
1.340454000000000079e+01 3.292000000000000000e+03 3.303334165687629593e+03 -1.133416568762959287e+01
1.341766999999999932e+01 3.154000000000000000e+03 3.303923156651444970e+03 -1.499231566514449696e+02
1.343079999999999963e+01 3.246000000000000000e+03 3.304510745590749593e+03 -5.851074559074959325e+01
1.344393999999999956e+01 3.243000000000000000e+03 3.305097414692920665e+03 -6.209741469292066540e+01
1.345706999999999987e+01 3.139000000000000000e+03 3.305682308104261210e+03 -1.666823081042612102e+02
1.347020000000000017e+01 3.230000000000000000e+03 3.306265910765950139e+03 -7.626591076595013874e+01
1.348333000000000048e+01 3.235000000000000000e+03 3.306848261528234616e+03 -7.184826152823461598e+01
1.349646000000000079e+01 3.227000000000000000e+03 3.307429400167279709e+03 -8.042940016727970942e+01
1.350958999999999932e+01 3.181000000000000000e+03 3.308009367411742915e+03 -1.270093674117429146e+02
1.352271999999999963e+01 3.192000000000000000e+03 3.308588204970306833e+03 -1.165882049703068333e+02
1.353584999999999994e+01 3.186000000000000000e+03 3.309165955560183193e+03 -1.231659555601831926e+02
1.354898000000000025e+01 3.259000000000000000e+03 3.309742662936661418e+03 -5.074266293666141792e+01
1.356211000000000055e+01 3.189000000000000000e+03 3.310318371923728137e+03 -1.213183719237281366e+02
1.357524000000000086e+01 3.259000000000000000e+03 3.310893128445783987e+03 -5.189312844578398654e+01
1.358836999999999939e+01 3.272000000000000000e+03 3.311466979560532764e+03 -3.946697956053276357e+01
1.360149999999999970e+01 3.297000000000000000e+03 3.312039973493085654e+03 -1.503997349308565390e+01
1.361463000000000001e+01 3.244000000000000000e+03 3.312612159671316022e+03 -6.861215967131602156e+01
1.362776000000000032e+01 3.238000000000000000e+03 3.313183588762527506e+03 -7.518358876252750633e+01
1.364089000000000063e+01 3.274000000000000000e+03 3.313754312711506827e+03 -3.975431271150682733e+01
1.365401999999999916e+01 3.274000000000000000e+03 3.314324384779979937e+03 -4.032438477997993687e+01
1.366714999999999947e+01 3.263000000000000000e+03 3.314893859587581574e+03 -5.189385958758157358e+01
1.368027999999999977e+01 3.266000000000000000e+03 3.315462793154370047e+03 -4.946279315437004698e+01
1.369341000000000008e+01 3.303000000000000000e+03 3.316031242944954556e+03 -1.303124294495455615e+01
1.370654000000000039e+01 3.186000000000000000e+03 3.316599267914332813e+03 -1.305992679143328132e+02
1.371967000000000070e+01 3.211000000000000000e+03 3.317166928555483537e+03 -1.061669285554835369e+02
1.373279999999999923e+01 3.288000000000000000e+03 3.317734286948800218e+03 -2.973428694880021794e+01
1.374592999999999954e+01 3.303000000000000000e+03 3.318301406813469384e+03 -1.530140681346938436e+01
1.375905999999999985e+01 3.172000000000000000e+03 3.318868353560840660e+03 -1.468683535608406601e+02
1.377219000000000015e+01 3.232000000000000000e+03 3.319435194349919584e+03 -8.743519434991958406e+01
1.378532000000000046e+01 3.282000000000000000e+03 3.320001998145041853e+03 -3.800199814504185269e+01
1.379845000000000077e+01 3.308000000000000000e+03 3.320568835775857679e+03 -1.256883577585767853e+01
1.381157999999999930e+01 3.290000000000000000e+03 3.321135779999716306e+03 -3.113577999971630561e+01
1.382470999999999961e+01 3.320000000000000000e+03 3.321702905566561640e+03 -1.702905566561639716e+00
1.383783999999999992e+01 3.300000000000000000e+03 3.322270289286459956e+03 -2.227028928645995620e+01
1.385097000000000023e+01 3.250000000000000000e+03 3.322838010099885651e+03 -7.283801009988565056e+01
1.386410000000000053e+01 3.240000000000000000e+03 3.323406149150870078e+03 -8.340614915087007830e+01
1.387723000000000084e+01 3.292000000000000000e+03 3.323974789863191745e+03 -3.197478986319174510e+01
1.389035999999999937e+01 3.381000000000000000e+03 3.324544018019707437e+03 5.645598198029256309e+01
1.390348999999999968e+01 3.172000000000000000e+03 3.325113921844993001e+03 -1.531139218449930013e+02
1.391662999999999961e+01 3.298000000000000000e+03 3.325685027037919554e+03 -2.768502703791955355e+01
1.392975999999999992e+01 3.266000000000000000e+03 3.326256557766691458e+03 -6.025655776669145780e+01
1.394289000000000023e+01 3.278000000000000000e+03 3.326829044442049963e+03 -4.882904444204996253e+01
1.395602000000000054e+01 3.325000000000000000e+03 3.327402585956034727e+03 -2.402585956034727133e+00
1.396915000000000084e+01 3.281000000000000000e+03 3.327977284111222161e+03 -4.697728411122216130e+01
1.398227999999999938e+01 3.286000000000000000e+03 3.328553243726873916e+03 -4.255324372687391588e+01
1.399540999999999968e+01 3.357000000000000000e+03 3.329130572749720159e+03 2.786942725027984125e+01
1.400853999999999999e+01 3.255000000000000000e+03 3.329709382369572722e+03 -7.470938236957272238e+01
1.402167000000000030e+01 3.149000000000000000e+03 3.330289787140052795e+03 -1.812897871400527947e+02
1.403480000000000061e+01 3.201000000000000000e+03 3.330871905104642792e+03 -1.298719051046427921e+02
1.404792999999999914e+01 3.293000000000000000e+03 3.331455857928391197e+03 -3.845585792839119677e+01
1.406105999999999945e+01 3.293000000000000000e+03 3.332041771035511374e+03 -3.904177103551137407e+01
1.407418999999999976e+01 3.384000000000000000e+03 3.332629773753204972e+03 5.137022624679502769e+01
1.408732000000000006e+01 3.283000000000000000e+03 3.333219999462019132e+03 -5.021999946201913190e+01
1.410045000000000037e+01 3.281000000000000000e+03 3.333812585753094481e+03 -5.281258575309448133e+01
1.411358000000000068e+01 3.218000000000000000e+03 3.334407674592646799e+03 -1.164076745926467993e+02
1.412670999999999921e+01 3.225000000000000000e+03 3.335005412494089796e+03 -1.100054124940897964e+02
1.413983999999999952e+01 3.224000000000000000e+03 3.335605950698182369e+03 -1.116059506981823688e+02
1.415296999999999983e+01 3.288000000000000000e+03 3.336209445361636426e+03 -4.820944536163642624e+01
1.416610000000000014e+01 3.277000000000000000e+03 3.336816057754668691e+03 -5.981605775466869090e+01
1.417923000000000044e+01 3.311000000000000000e+03 3.337425954467940755e+03 -2.642595446794075542e+01
1.419236000000000075e+01 3.377000000000000000e+03 3.338039307629432642e+03 3.896069237056735801e+01
1.420548999999999928e+01 3.389000000000000000e+03 3.338656295131785555e+03 5.034370486821444501e+01
1.421861999999999959e+01 3.340000000000000000e+03 3.339277100870704089e+03 7.228991292959108250e-01
1.423174999999999990e+01 3.281000000000000000e+03 3.339901914995022253e+03 -5.890191499502225270e+01
1.424488000000000021e+01 3.330000000000000000e+03 3.340530934169103148e+03 -1.053093416910314772e+01
1.425801000000000052e+01 3.452000000000000000e+03 3.341164361848268527e+03 1.108356381517314730e+02
1.427114000000000082e+01 3.495000000000000000e+03 3.341802408567997645e+03 1.531975914320023548e+02
1.428426999999999936e+01 3.290000000000000000e+03 3.342445292247698490e+03 -5.244529224769848952e+01
1.429739999999999966e+01 3.381000000000000000e+03 3.343093238509887669e+03 3.790676149011233065e+01
1.431052999999999997e+01 3.211000000000000000e+03 3.343746481015676181e+03 -1.327464810156761814e+02
1.432366000000000028e+01 3.306000000000000000e+03 3.344405261817532846e+03 -3.840526181753284618e+01
1.433679000000000059e+01 3.389000000000000000e+03 3.345069831730343594e+03 4.393016826965640576e+01
1.434991999999999912e+01 3.393000000000000000e+03 3.345740450721842080e+03 4.725954927815791962e+01
1.436304999999999943e+01 3.446000000000000000e+03 3.346417388323618070e+03 9.958261167638193001e+01
1.437618999999999936e+01 3.380000000000000000e+03 3.347101447242273480e+03 3.289855275772652021e+01
1.438931999999999967e+01 3.428000000000000000e+03 3.347791876461228185e+03 8.020812353877181522e+01
1.440244999999999997e+01 3.296000000000000000e+03 3.348489494946827563e+03 -5.248949494682756267e+01
1.441558000000000028e+01 3.263000000000000000e+03 3.349194615061461263e+03 -8.619461506146126339e+01
1.442871000000000059e+01 3.344000000000000000e+03 3.349907561141817041e+03 -5.907561141817041062e+00
1.444183999999999912e+01 3.303000000000000000e+03 3.350628670062632409e+03 -4.762867006263240910e+01
1.445496999999999943e+01 3.338000000000000000e+03 3.351358291831789302e+03 -1.335829183178930180e+01
1.446809999999999974e+01 3.461000000000000000e+03 3.352096790218713068e+03 1.089032097812869324e+02
1.448123000000000005e+01 3.273000000000000000e+03 3.352844543418289504e+03 -7.984454341828950419e+01
1.449436000000000035e+01 3.251000000000000000e+03 3.353601944752565032e+03 -1.026019447525650321e+02
1.450749000000000066e+01 3.314000000000000000e+03 3.354369403412730207e+03 -4.036940341273020749e+01
1.452061999999999919e+01 3.395000000000000000e+03 3.355147345244059125e+03 3.985265475594087548e+01
1.453374999999999950e+01 3.419000000000000000e+03 3.355936213576638238e+03 6.306378642336176199e+01
1.454687999999999981e+01 3.280000000000000000e+03 3.356736470105020089e+03 -7.673647010502008925e+01
1.456001000000000012e+01 3.375000000000000000e+03 3.357548595820063838e+03 1.745140417993616211e+01
1.457314000000000043e+01 3.432000000000000000e+03 3.358373091996586027e+03 7.362690800341397335e+01
1.458627000000000073e+01 3.491000000000000000e+03 3.359210481240641002e+03 1.317895187593589981e+02
1.459939999999999927e+01 3.417000000000000000e+03 3.360061308600606026e+03 5.693869139939397428e+01
1.461252999999999957e+01 3.422000000000000000e+03 3.360926142746541245e+03 6.107385725345875471e+01
1.462565999999999988e+01 3.286000000000000000e+03 3.361805577222685770e+03 -7.580557722268576981e+01
1.463879000000000019e+01 3.344000000000000000e+03 3.362700231778292164e+03 -1.870023177829216365e+01
1.465192000000000050e+01 3.399000000000000000e+03 3.363610753782493248e+03 3.538924621750675215e+01
1.466505000000000081e+01 3.456000000000000000e+03 3.364537819729283910e+03 9.146218027071608958e+01
1.467817999999999934e+01 3.430000000000000000e+03 3.365482136839291343e+03 6.451786316070865723e+01
1.469130999999999965e+01 3.425000000000000000e+03 3.366444444765475055e+03 5.855555523452494526e+01
1.470443999999999996e+01 3.251000000000000000e+03 3.367425517410566044e+03 -1.164255174105660444e+02
1.471757000000000026e+01 3.330000000000000000e+03 3.368426164864707971e+03 -3.842616486470797099e+01
1.473070000000000057e+01 3.394000000000000000e+03 3.369447235472457123e+03 2.455276452754287675e+01
1.474383000000000088e+01 3.404000000000000000e+03 3.370489618039131983e+03 3.351038196086801690e+01
1.475695999999999941e+01 3.423000000000000000e+03 3.371554244187374479e+03 5.144575581262552078e+01
1.477008999999999972e+01 3.405000000000000000e+03 3.372642090875713166e+03 3.235790912428683441e+01
1.478322000000000003e+01 3.313000000000000000e+03 3.373754183092024050e+03 -6.075418309202404998e+01
1.479635000000000034e+01 3.432000000000000000e+03 3.374891596735905750e+03 5.710840326409424961e+01
1.480948000000000064e+01 3.423000000000000000e+03 3.376055461705306698e+03 4.694453829469330230e+01
1.482260999999999918e+01 3.369000000000000000e+03 3.377246965204111348e+03 -8.246965204111347703e+00
1.483573999999999948e+01 3.432000000000000000e+03 3.378467355289000352e+03 5.353264471099964794e+01
1.484887999999999941e+01 3.349000000000000000e+03 3.379718908998194820e+03 -3.071890899819482001e+01
1.486200999999999972e+01 3.418000000000000000e+03 3.381001103745431010e+03 3.699889625456899012e+01
1.487514000000000003e+01 3.450000000000000000e+03 3.382316334993739474e+03 6.768366500626052584e+01
1.488827000000000034e+01 3.469000000000000000e+03 3.383666135267919344e+03 8.533386473208065581e+01
1.490140000000000065e+01 3.415000000000000000e+03 3.385052120044462299e+03 2.994787995553770088e+01
1.491452999999999918e+01 3.372000000000000000e+03 3.386475993229005326e+03 -1.447599322900532570e+01
1.492765999999999948e+01 3.465000000000000000e+03 3.387939553061270544e+03 7.706044693872945572e+01
1.494078999999999979e+01 3.392000000000000000e+03 3.389444698486143807e+03 2.555301513856193196e+00
1.495392000000000010e+01 3.472000000000000000e+03 3.390993436033470061e+03 8.100656396652993863e+01
1.496705000000000041e+01 3.537000000000000000e+03 3.392587887253639565e+03 1.444121127463604353e+02
1.498018000000000072e+01 3.432000000000000000e+03 3.394230296760953024e+03 3.776970323904697580e+01
1.499330999999999925e+01 3.494000000000000000e+03 3.395923040942344869e+03 9.807695905765513089e+01
1.500643999999999956e+01 3.458000000000000000e+03 3.397668637395222504e+03 6.033136260477749602e+01
1.501956999999999987e+01 3.453000000000000000e+03 3.399469755165198876e+03 5.353024483480112394e+01
1.503270000000000017e+01 3.449000000000000000e+03 3.401329225862280509e+03 4.767077413771949068e+01
1.504583000000000048e+01 3.537000000000000000e+03 3.403250055742965742e+03 1.337499442570342580e+02
1.505896000000000079e+01 3.544000000000000000e+03 3.405235438855548637e+03 1.387645611444513634e+02
1.507208999999999932e+01 3.440000000000000000e+03 3.407288771357190399e+03 3.271122864280960130e+01
1.508521999999999963e+01 3.623000000000000000e+03 3.409413667123970299e+03 2.135863328760297009e+02
1.509834999999999994e+01 3.606000000000000000e+03 3.411613974789427630e+03 1.943860252105723703e+02
1.511148000000000025e+01 3.351000000000000000e+03 3.413893796363382080e+03 -6.289379636338208002e+01
1.512461000000000055e+01 3.480000000000000000e+03 3.416257507601207635e+03 6.374249239879236484e+01
1.513774000000000086e+01 3.497000000000000000e+03 3.418709780314772161e+03 7.829021968522783936e+01
1.515086999999999939e+01 3.557000000000000000e+03 3.421255606840046312e+03 1.357443931599536882e+02
1.516399999999999970e+01 3.448000000000000000e+03 3.423900326903731184e+03 2.409967309626881615e+01
1.517713000000000001e+01 3.551000000000000000e+03 3.426649657162344738e+03 1.243503428376552620e+02
1.519026000000000032e+01 3.447000000000000000e+03 3.429509723722973831e+03 1.749027627702616883e+01
1.520339000000000063e+01 3.640000000000000000e+03 3.432487097995800468e+03 2.075129020041995318e+02
1.521651999999999916e+01 3.489000000000000000e+03 3.435588836275660469e+03 5.341116372433953075e+01
1.522964999999999947e+01 3.544000000000000000e+03 3.438822523504202309e+03 1.051774764957976913e+02
1.524277999999999977e+01 3.543000000000000000e+03 3.442196321726878068e+03 1.008036782731219319e+02
1.525591000000000008e+01 3.623000000000000000e+03 3.445719023831588402e+03 1.772809761684115983e+02
1.526904000000000039e+01 3.642000000000000000e+03 3.449400113239970779e+03 1.925998867600292215e+02
1.528217000000000070e+01 3.489000000000000000e+03 3.453249830320211458e+03 3.575016967978854154e+01
1.529529999999999923e+01 3.635000000000000000e+03 3.457279246404303649e+03 1.777207535956963511e+02
1.530842999999999954e+01 3.649000000000000000e+03 3.461500346425985754e+03 1.874996535740142463e+02
1.532156999999999947e+01 3.690000000000000000e+03 3.465929573596832597e+03 2.240704264031674029e+02
1.533469999999999978e+01 3.629000000000000000e+03 3.470574296305747339e+03 1.584257036942526611e+02
1.534783000000000008e+01 3.775000000000000000e+03 3.475453133162392078e+03 2.995468668376079222e+02
1.536096000000000039e+01 3.544000000000000000e+03 3.480582768507649234e+03 6.341723149235076562e+01
1.537409000000000070e+01 3.714000000000000000e+03 3.485981391088486362e+03 2.280186089115136383e+02
1.538721999999999923e+01 3.687000000000000000e+03 3.491668860764987130e+03 1.953311392350128699e+02
1.540034999999999954e+01 3.723000000000000000e+03 3.497666897303183760e+03 2.253331026968162405e+02
1.541347999999999985e+01 3.704000000000000000e+03 3.503999294684236702e+03 2.000007053157632981e+02
1.542661000000000016e+01 3.771000000000000000e+03 3.510692164976287586e+03 2.603078350237124141e+02
1.543974000000000046e+01 3.697000000000000000e+03 3.517774216557248110e+03 1.792257834427518901e+02
1.545287000000000077e+01 3.826000000000000000e+03 3.525277072374400632e+03 3.007229276255993682e+02
1.546599999999999930e+01 3.937000000000000000e+03 3.533235635016808374e+03 4.037643649831916264e+02
1.547912999999999961e+01 3.764000000000000000e+03 3.541688506706219869e+03 2.223114932937801314e+02
1.549225999999999992e+01 3.889000000000000000e+03 3.550678473940865842e+03 3.383215260591341575e+02
1.550539000000000023e+01 3.838000000000000000e+03 3.560253068531219924e+03 2.777469314687800761e+02
1.551852000000000054e+01 3.916000000000000000e+03 3.570465219245645585e+03 3.455347807543544150e+02
1.553165000000000084e+01 3.951000000000000000e+03 3.581374011365247952e+03 3.696259886347520478e+02
1.554477999999999938e+01 3.964000000000000000e+03 3.593045575297807318e+03 3.709544247021926822e+02
1.555790999999999968e+01 4.096000000000000000e+03 3.605554130240186623e+03 4.904458697598133767e+02
1.557103999999999999e+01 3.922000000000000000e+03 3.618983214997248979e+03 3.030167850027510212e+02
1.558417000000000030e+01 4.073000000000000000e+03 3.633427145850897432e+03 4.395728541491025680e+02
1.559730000000000061e+01 4.100000000000000000e+03 3.648992751346107525e+03 4.510072486538924750e+02
1.561042999999999914e+01 4.113000000000000000e+03 3.665801446728681185e+03 4.471985532713188150e+02
1.562355999999999945e+01 4.120000000000000000e+03 3.683991727499094395e+03 4.360082725009056048e+02
1.563668999999999976e+01 4.266000000000000000e+03 3.703722183475264956e+03 5.622778165247350444e+02
1.564982000000000006e+01 4.168000000000000000e+03 3.725175163751580385e+03 4.428248362484196150e+02
1.566295000000000037e+01 4.317000000000000000e+03 3.748561261638688848e+03 5.684387383613111524e+02
1.567608000000000068e+01 4.379000000000000000e+03 3.774124840836292606e+03 6.048751591637073943e+02
1.568920999999999921e+01 4.379000000000000000e+03 3.802150895181750457e+03 5.768491048182495433e+02
1.570233999999999952e+01 4.489000000000000000e+03 3.832973632328333224e+03 6.560263676716667760e+02
1.571546999999999983e+01 4.678000000000000000e+03 3.866987308539595233e+03 8.110126914604047670e+02
1.572860000000000014e+01 4.766000000000000000e+03 3.904660035426104969e+03 8.613399645738950312e+02
1.574173000000000044e+01 4.893000000000000000e+03 3.946551557526502620e+03 9.464484424734973800e+02
1.575486000000000075e+01 4.954000000000000000e+03 3.993336405350143650e+03 9.606635946498563499e+02
1.576798999999999928e+01 4.971000000000000000e+03 4.045834430728471034e+03 9.251655692715289661e+02
1.578112999999999921e+01 5.114000000000000000e+03 4.105099602758454239e+03 1.008900397241545761e+03
1.579425999999999952e+01 5.266000000000000000e+03 4.172290243353407277e+03 1.093709756646592723e+03
1.580738999999999983e+01 5.431000000000000000e+03 4.249014900659166415e+03 1.181985099340833585e+03
1.582052000000000014e+01 5.539000000000000000e+03 4.337265960502480993e+03 1.201734039497519007e+03
1.583365000000000045e+01 5.777000000000000000e+03 4.439617179034440596e+03 1.337382820965559404e+03
1.584678000000000075e+01 6.148000000000000000e+03 4.559451334609206242e+03 1.588548665390793758e+03
1.585990999999999929e+01 6.275000000000000000e+03 4.701300467302136894e+03 1.573699532697863106e+03
1.587303999999999959e+01 6.666000000000000000e+03 4.871359642107137915e+03 1.794640357892862085e+03
1.588616999999999990e+01 6.735000000000000000e+03 5.078254979432227628e+03 1.656745020567772372e+03
1.589930000000000021e+01 7.180000000000000000e+03 5.334120985428971835e+03 1.845879014571028165e+03
1.591243000000000052e+01 7.479000000000000000e+03 5.655801201799207774e+03 1.823198798200792226e+03
1.592556000000000083e+01 7.838000000000000000e+03 6.065168689392892702e+03 1.772831310607107298e+03
1.593868999999999936e+01 8.218000000000000000e+03 6.586387352537632069e+03 1.631612647462367931e+03
1.595181999999999967e+01 9.204000000000000000e+03 7.239105772047993014e+03 1.964894227952006986e+03
1.596494999999999997e+01 9.539000000000000000e+03 8.036579376144713024e+03 1.502420623855286976e+03
1.597808000000000028e+01 1.032700000000000000e+04 9.001501911831564939e+03 1.325498088168435061e+03
1.599121000000000059e+01 1.132600000000000000e+04 1.014404268466796384e+04 1.181957315332036160e+03
1.600433999999999912e+01 1.222000000000000000e+04 1.144692648170760367e+04 7.730735182923963293e+02
1.601746999999999943e+01 1.336700000000000000e+04 1.297572644155203670e+04 3.912735584479632962e+02
1.603059999999999974e+01 1.485000000000000000e+04 1.478328678286527065e+04 6.671321713472934789e+01
1.604373000000000005e+01 1.657900000000000000e+04 1.678984529374750491e+04 -2.108452937475049112e+02
1.605686000000000035e+01 1.842000000000000000e+04 1.909700923001952469e+04 -6.770092300195246935e+02
1.606999000000000066e+01 2.057200000000000000e+04 2.186154121430349915e+04 -1.289541214303499146e+03
1.608312000000000097e+01 2.315200000000000000e+04 2.494424372878882423e+04 -1.792243728788824228e+03
1.609625000000000128e+01 2.597700000000000000e+04 2.833828532625491425e+04 -2.361285326254914253e+03
1.610938000000000159e+01 2.959100000000000000e+04 3.194873718652339448e+04 -2.357737186523394485e+03
1.612250999999999834e+01 3.344600000000000000e+04 3.505013254446352948e+04 -1.604132544463529484e+03
1.613563999999999865e+01 3.778800000000000000e+04 3.654357955118369136e+04 1.244420448816308635e+03
1.614876999999999896e+01 3.941900000000000000e+04 3.555443037633322820e+04 3.864569623666771804e+03
1.616189999999999927e+01 3.684100000000000000e+04 3.253164721272903989e+04 4.309352787270960107e+03
1.617502999999999957e+01 3.164700000000000000e+04 2.861509204200204113e+04 3.031907957997958874e+03
1.618815999999999988e+01 2.593500000000000000e+04 2.423236811488312742e+04 1.702631885116872581e+03
1.620129000000000019e+01 2.068100000000000000e+04 1.976223656290584768e+04 9.187634370941523230e+02
1.621442000000000050e+01 1.590400000000000000e+04 1.588918760628671771e+04 1.481239371328229026e+01
1.622755000000000081e+01 1.180700000000000000e+04 1.293499092831906455e+04 -1.127990928319064551e+03
1.624068000000000112e+01 9.218000000000000000e+03 1.079911936490725384e+04 -1.581119364907253839e+03
1.625382000000000104e+01 7.642000000000000000e+03 9.262729962611103474e+03 -1.620729962611103474e+03
1.626695000000000135e+01 6.721000000000000000e+03 8.142551614107656860e+03 -1.421551614107656860e+03
1.628008000000000166e+01 6.334000000000000000e+03 7.307297353221641970e+03 -9.732973532216419699e+02
1.629320999999999842e+01 5.683000000000000000e+03 6.670559518313433728e+03 -9.875595183134337276e+02
1.630633999999999872e+01 5.515000000000000000e+03 6.175065443564817542e+03 -6.600654435648175422e+02
1.631946999999999903e+01 5.166000000000000000e+03 5.782306310272302653e+03 -6.163063102723026532e+02
1.633259999999999934e+01 5.005000000000000000e+03 5.465858717189264098e+03 -4.608587171892640981e+02
1.634572999999999965e+01 4.814000000000000000e+03 5.207197817077316358e+03 -3.931978170773163583e+02
1.635885999999999996e+01 4.807000000000000000e+03 4.993063482571702480e+03 -1.860634825717024796e+02
1.637199000000000026e+01 4.495000000000000000e+03 4.813778460527018979e+03 -3.187784605270189786e+02
1.638512000000000057e+01 4.425000000000000000e+03 4.662153739994231728e+03 -2.371537399942317279e+02
1.639825000000000088e+01 4.360000000000000000e+03 4.532761690332034050e+03 -1.727616903320340498e+02
1.641138000000000119e+01 4.392000000000000000e+03 4.421443833396831906e+03 -2.944383339683190570e+01
1.642451000000000150e+01 4.174000000000000000e+03 4.324971225783846421e+03 -1.509712257838464211e+02
1.643763999999999825e+01 4.139000000000000000e+03 4.240806002570499913e+03 -1.018060025704999134e+02
1.645076999999999856e+01 4.058000000000000000e+03 4.166931207204635939e+03 -1.089312072046359390e+02
1.646389999999999887e+01 4.027000000000000000e+03 4.101727512191423557e+03 -7.472751219142355694e+01
1.647702999999999918e+01 3.919000000000000000e+03 4.043882659081456040e+03 -1.248826590814560404e+02
1.649015999999999948e+01 3.893000000000000000e+03 3.992324072934222386e+03 -9.932407293422238581e+01
1.650328999999999979e+01 3.827000000000000000e+03 3.946168120670267399e+03 -1.191681206702673990e+02
1.651642000000000010e+01 3.776000000000000000e+03 3.904681478676913684e+03 -1.286814786769136845e+02
1.652955000000000041e+01 3.844000000000000000e+03 3.867251417196017428e+03 -2.325141719601742807e+01
1.654268000000000072e+01 3.862000000000000000e+03 3.833362724733682626e+03 2.863727526631737419e+01
1.655581000000000103e+01 3.730000000000000000e+03 3.802579629066179223e+03 -7.257962906617922272e+01
1.656894000000000133e+01 3.644000000000000000e+03 3.774531515096352905e+03 -1.305315150963529049e+02
1.658207000000000164e+01 3.724000000000000000e+03 3.748901554394776667e+03 -2.490155439477666732e+01
1.659519999999999840e+01 3.615000000000000000e+03 3.725417586840320382e+03 -1.104175868403203822e+02
1.660832999999999871e+01 3.669000000000000000e+03 3.703844758263763197e+03 -3.484475826376319674e+01
1.662145999999999901e+01 3.585000000000000000e+03 3.683979537677782901e+03 -9.897953767778290057e+01
1.663458999999999932e+01 3.619000000000000000e+03 3.665644826116097192e+03 -4.664482611609719243e+01
1.664771999999999963e+01 3.642000000000000000e+03 3.648685935042833989e+03 -6.685935042833989428e+00
1.666084999999999994e+01 3.557000000000000000e+03 3.632967261869348476e+03 -7.596726186934847647e+01
1.667398000000000025e+01 3.545000000000000000e+03 3.618369527687717436e+03 -7.336952768771743649e+01
1.668711000000000055e+01 3.561000000000000000e+03 3.604787471019371424e+03 -4.378747101937142361e+01
1.670024000000000086e+01 3.590000000000000000e+03 3.592127913440805514e+03 -2.127913440805514256e+00
1.671337000000000117e+01 3.572000000000000000e+03 3.580308130031537075e+03 -8.308130031537075411e+00
1.672651000000000110e+01 3.559000000000000000e+03 3.569246327069522067e+03 -1.024632706952206718e+01
1.673964000000000141e+01 3.536000000000000000e+03 3.558893556839705980e+03 -2.289355683970597966e+01
1.675277000000000172e+01 3.520000000000000000e+03 3.549182283710676529e+03 -2.918228371067652915e+01
1.676589999999999847e+01 3.509000000000000000e+03 3.540059725283262196e+03 -3.105972528326219617e+01
1.677902999999999878e+01 3.499000000000000000e+03 3.531478418121697359e+03 -3.247841812169735931e+01
1.679215999999999909e+01 3.394000000000000000e+03 3.523395586450884366e+03 -1.293955864508843661e+02
1.680528999999999940e+01 3.422000000000000000e+03 3.515772596677789352e+03 -9.377259667778935182e+01
1.681841999999999970e+01 3.417000000000000000e+03 3.508574484643555479e+03 -9.157448464355547912e+01
1.683155000000000001e+01 3.467000000000000000e+03 3.501769544719880287e+03 -3.476954471988028672e+01
1.684468000000000032e+01 3.503000000000000000e+03 3.495328971664219807e+03 7.671028335780192720e+00
1.685781000000000063e+01 3.553000000000000000e+03 3.489226547624070918e+03 6.377345237592908234e+01
1.687094000000000094e+01 3.299000000000000000e+03 3.483438367894501425e+03 -1.844383678945014253e+02
1.688407000000000124e+01 3.435000000000000000e+03 3.477942600035480154e+03 -4.294260003548015447e+01
1.689720000000000155e+01 3.392000000000000000e+03 3.472719271786209902e+03 -8.071927178620990162e+01
1.691032999999999831e+01 3.379000000000000000e+03 3.467750083904555140e+03 -8.875008390455514018e+01
1.692345999999999862e+01 3.482000000000000000e+03 3.463018244636030431e+03 1.898175536396956886e+01
1.693658999999999892e+01 3.426000000000000000e+03 3.458508322999511620e+03 -3.250832299951161986e+01
1.694971999999999923e+01 3.475000000000000000e+03 3.454206118481990416e+03 2.079388151800958440e+01
1.696284999999999954e+01 3.371000000000000000e+03 3.450098545076147275e+03 -7.909854507614727481e+01
1.697597999999999985e+01 3.341000000000000000e+03 3.446173527882876442e+03 -1.051735278828764422e+02
1.698911000000000016e+01 3.373000000000000000e+03 3.442419910745220932e+03 -6.941991074522093186e+01
1.700224000000000046e+01 3.319000000000000000e+03 3.438827373587732382e+03 -1.198273735877323816e+02
1.701537000000000077e+01 3.456000000000000000e+03 3.435386358312059656e+03 2.061364168794034413e+01
1.702850000000000108e+01 3.295000000000000000e+03 3.432088002250506634e+03 -1.370880022505066336e+02
1.704163000000000139e+01 3.372000000000000000e+03 3.428924078308561548e+03 -5.692407830856154760e+01
1.705476000000000170e+01 3.333000000000000000e+03 3.425886941038291752e+03 -9.288694103829175219e+01
1.706788999999999845e+01 3.350000000000000000e+03 3.422969477979827388e+03 -7.296947797982738848e+01
1.708101999999999876e+01 3.330000000000000000e+03 3.420165065690460324e+03 -9.016506569046032382e+01
1.709414999999999907e+01 3.361000000000000000e+03 3.417467529951868983e+03 -5.646752995186898261e+01
1.710727999999999938e+01 3.387000000000000000e+03 3.414871109707472897e+03 -2.787110970747289684e+01
1.712040999999999968e+01 3.365000000000000000e+03 3.412370424335317693e+03 -4.737042433531769348e+01
1.713353999999999999e+01 3.415000000000000000e+03 3.409960443908247726e+03 5.039556091752274369e+00
1.714667000000000030e+01 3.269000000000000000e+03 3.407636462133525129e+03 -1.386364621335251286e+02
1.715980000000000061e+01 3.303000000000000000e+03 3.405394071699322012e+03 -1.023940716993220121e+02
1.717293000000000092e+01 3.289000000000000000e+03 3.403229141786325727e+03 -1.142291417863257266e+02
1.718606000000000122e+01 3.386000000000000000e+03 3.401137797529687759e+03 -1.513779752968775938e+01
1.719920000000000115e+01 3.286000000000000000e+03 3.399114887490271030e+03 -1.131148874902710304e+02
1.721233000000000146e+01 3.359000000000000000e+03 3.397160070885657660e+03 -3.816007088565766026e+01
1.722546000000000177e+01 3.438000000000000000e+03 3.395268568701810182e+03 4.273143129818981834e+01
1.723858999999999853e+01 3.303000000000000000e+03 3.393437357390117086e+03 -9.043735739011708574e+01
1.725171999999999883e+01 3.281000000000000000e+03 3.391663589902700096e+03 -1.106635899027000960e+02
1.726484999999999914e+01 3.421000000000000000e+03 3.389944583492597303e+03 3.105541650740269688e+01
1.727797999999999945e+01 3.311000000000000000e+03 3.388277808487116090e+03 -7.727780848711608996e+01
1.729110999999999976e+01 3.444000000000000000e+03 3.386660877946575056e+03 5.733912205342494417e+01
1.730424000000000007e+01 3.315000000000000000e+03 3.385091538129481251e+03 -7.009153812948125051e+01
1.731737000000000037e+01 3.390000000000000000e+03 3.383567659693022961e+03 6.432340306977039290e+00
1.733050000000000068e+01 3.358000000000000000e+03 3.382087229564730023e+03 -2.408722956473002341e+01
1.734363000000000099e+01 3.306000000000000000e+03 3.380648343427411419e+03 -7.464834342741141882e+01
1.735676000000000130e+01 3.250000000000000000e+03 3.379249198764993707e+03 -1.292491987649937073e+02
1.736989000000000161e+01 3.292000000000000000e+03 3.377888088421931570e+03 -8.588808842193157034e+01
1.738301999999999836e+01 3.457000000000000000e+03 3.376563394633235930e+03 8.043660536676406991e+01
1.739614999999999867e+01 3.351000000000000000e+03 3.375273583486239659e+03 -2.427358348623965867e+01
1.740927999999999898e+01 3.212000000000000000e+03 3.374017199778720624e+03 -1.620171997787206237e+02
1.742240999999999929e+01 3.344000000000000000e+03 3.372792862241325565e+03 -2.879286224132556526e+01
1.743553999999999959e+01 3.248000000000000000e+03 3.371599259095030447e+03 -1.235992590950304475e+02
1.744866999999999990e+01 3.322000000000000000e+03 3.370435143917066398e+03 -4.843514391706639799e+01
1.746180000000000021e+01 3.240000000000000000e+03 3.369299331791054101e+03 -1.292993317910541009e+02
1.747493000000000052e+01 3.290000000000000000e+03 3.368190695719219548e+03 -7.819069571921954775e+01
1.748806000000000083e+01 3.337000000000000000e+03 3.367108163276488540e+03 -3.010816327648853985e+01
1.750119000000000113e+01 3.305000000000000000e+03 3.366050713487999474e+03 -6.105071348799947373e+01
1.751432000000000144e+01 3.309000000000000000e+03 3.365017373913116444e+03 -5.601737391311644387e+01
1.752745000000000175e+01 3.210000000000000000e+03 3.364007217920507173e+03 -1.540072179205071734e+02
1.754057999999999851e+01 3.312000000000000000e+03 3.363019362140066733e+03 -5.101936214006673254e+01
1.755370999999999881e+01 3.284000000000000000e+03 3.362052964078719469e+03 -7.805296407871946940e+01
1.756683999999999912e+01 3.284000000000000000e+03 3.361107219888129293e+03 -7.710721988812929339e+01
1.757996999999999943e+01 3.331000000000000000e+03 3.360181362273367540e+03 -2.918136227336754018e+01
1.759309999999999974e+01 3.315000000000000000e+03 3.359274658532443482e+03 -4.427465853244348182e+01
1.760623000000000005e+01 3.307000000000000000e+03 3.358386408717436098e+03 -5.138640871743609750e+01
1.761936000000000035e+01 3.336000000000000000e+03 3.357515943908641020e+03 -2.151594390864102024e+01
1.763249000000000066e+01 3.231000000000000000e+03 3.356662624593911005e+03 -1.256626245939110049e+02
1.764562000000000097e+01 3.239000000000000000e+03 3.355825839145873033e+03 -1.168258391458730330e+02
1.765876000000000090e+01 3.441000000000000000e+03 3.355004383163191051e+03 8.599561683680894930e+01
1.767189000000000121e+01 3.291000000000000000e+03 3.354198946545549006e+03 -6.319894654554900626e+01
1.768502000000000152e+01 3.303000000000000000e+03 3.353408361925063218e+03 -5.040836192506321822e+01
1.769814999999999827e+01 3.330000000000000000e+03 3.352632115736380911e+03 -2.263211573638091068e+01
1.771127999999999858e+01 3.354000000000000000e+03 3.351869715935153636e+03 2.130284064846364345e+00
1.772440999999999889e+01 3.248000000000000000e+03 3.351120690938428652e+03 -1.031206909384286519e+02
1.773753999999999920e+01 3.309000000000000000e+03 3.350384588625392553e+03 -4.138458862539255279e+01
1.775066999999999950e+01 3.346000000000000000e+03 3.349660975394560410e+03 -3.660975394560409768e+00
1.776379999999999981e+01 3.240000000000000000e+03 3.348949435273806102e+03 -1.089494352738061025e+02
1.777693000000000012e+01 3.270000000000000000e+03 3.348249569079863249e+03 -7.824956907986324950e+01
1.779006000000000043e+01 3.435000000000000000e+03 3.347560993624173989e+03 8.743900637582601121e+01
1.780319000000000074e+01 3.309000000000000000e+03 3.346883340962207058e+03 -3.788334096220705760e+01
1.781632000000000104e+01 3.250000000000000000e+03 3.346216257683522599e+03 -9.621625768352259911e+01
1.782945000000000135e+01 3.337000000000000000e+03 3.345559404240083950e+03 -8.559404240083949844e+00
1.784258000000000166e+01 3.265000000000000000e+03 3.344912454310481280e+03 -7.991245431048128012e+01
1.785570999999999842e+01 3.198000000000000000e+03 3.344275094197887938e+03 -1.462750941978879382e+02
1.786883999999999872e+01 3.238000000000000000e+03 3.343647022259711321e+03 -1.056470222597113207e+02
1.788196999999999903e+01 3.263000000000000000e+03 3.343027948367046065e+03 -8.002794836704606496e+01
1.789509999999999934e+01 3.295000000000000000e+03 3.342417593392182880e+03 -4.741759339218288005e+01
1.790822999999999965e+01 3.277000000000000000e+03 3.341815688722478626e+03 -6.481568872247862600e+01
1.792135999999999996e+01 3.262000000000000000e+03 3.341221975799093798e+03 -7.922197579909379783e+01
1.793449000000000026e+01 3.371000000000000000e+03 3.340636205679124942e+03 3.036379432087505847e+01
1.794762000000000057e+01 3.291000000000000000e+03 3.340058138619785041e+03 -4.905813861978504065e+01
1.796075000000000088e+01 3.361000000000000000e+03 3.339487543683399963e+03 2.151245631660003710e+01
1.797388000000000119e+01 3.372000000000000000e+03 3.338924198361997242e+03 3.307580163800275841e+01
1.798701000000000150e+01 3.225000000000000000e+03 3.338367888220408986e+03 -1.133678882204089859e+02
1.800013999999999825e+01 3.228000000000000000e+03 3.337818406556863465e+03 -1.098184065568634651e+02
1.801326999999999856e+01 3.333000000000000000e+03 3.337275554080048096e+03 -4.275554080048095784e+00
1.802639999999999887e+01 3.205000000000000000e+03 3.336739138601791637e+03 -1.317391386017916375e+02
1.803952999999999918e+01 3.248000000000000000e+03 3.336208974744464285e+03 -8.820897474446428532e+01
1.805265999999999948e+01 3.293000000000000000e+03 3.335684883662314405e+03 -4.268488366231440523e+01
1.806578999999999979e+01 3.139000000000000000e+03 3.335166692775990668e+03 -1.961666927759906685e+02
1.807892000000000010e+01 3.073000000000000000e+03 3.334654235519523354e+03 -2.616542355195233540e+02
1.809205000000000041e+01 3.237000000000000000e+03 3.334147351099130901e+03 -9.714735109913090128e+01
1.810518000000000072e+01 3.263000000000000000e+03 3.333645884263185053e+03 -7.064588426318505299e+01
1.811831000000000103e+01 3.254000000000000000e+03 3.333149685082787528e+03 -7.914968508278752779e+01
1.813145000000000095e+01 3.349000000000000000e+03 3.332658236647885133e+03 1.634176335211486730e+01
1.814458000000000126e+01 3.292000000000000000e+03 3.332172146988306395e+03 -4.017214698830639463e+01
1.815771000000000157e+01 3.282000000000000000e+03 3.331690904985874568e+03 -4.969090498587456750e+01
1.817083999999999833e+01 3.208000000000000000e+03 3.331214380004773375e+03 -1.232143800047733748e+02
1.818396999999999863e+01 3.274000000000000000e+03 3.330742445775196757e+03 -5.674244577519675659e+01
1.819709999999999894e+01 3.395000000000000000e+03 3.330274980226906791e+03 6.472501977309320864e+01
1.821022999999999925e+01 3.204000000000000000e+03 3.329811865330107139e+03 -1.258118653301071390e+02
1.822335999999999956e+01 3.324000000000000000e+03 3.329352986943285032e+03 -5.352986943285031884e+00
1.823648999999999987e+01 3.332000000000000000e+03 3.328898234667657107e+03 3.101765332342893089e+00
1.824962000000000018e+01 3.234000000000000000e+03 3.328447501707916217e+03 -9.444750170791621713e+01
1.826275000000000048e+01 3.345000000000000000e+03 3.328000684738933160e+03 1.699931526106684032e+01
1.827588000000000079e+01 3.241000000000000000e+03 3.327557683778174578e+03 -8.655768377817457804e+01
1.828901000000000110e+01 3.283000000000000000e+03 3.327118402063503254e+03 -4.411840206350325388e+01
1.830214000000000141e+01 3.306000000000000000e+03 3.326682745936143419e+03 -2.068274593614341939e+01
1.831527000000000172e+01 3.222000000000000000e+03 3.326250624728548701e+03 -1.042506247285487007e+02
1.832839999999999847e+01 3.296000000000000000e+03 3.325821950656932586e+03 -2.982195065693258584e+01
1.834152999999999878e+01 3.306000000000000000e+03 3.325396638718259965e+03 -1.939663871825996466e+01
1.835465999999999909e+01 3.290000000000000000e+03 3.324974606591455540e+03 -3.497460659145554018e+01
1.836778999999999940e+01 3.288000000000000000e+03 3.324555774542683594e+03 -3.655577454268359361e+01
1.838091999999999970e+01 3.231000000000000000e+03 3.324140065334449901e+03 -9.314006533444990055e+01
1.839405000000000001e+01 3.302000000000000000e+03 3.323727404138404381e+03 -2.172740413840438123e+01
1.840718000000000032e+01 3.223000000000000000e+03 3.323317718451626206e+03 -1.003177184516262059e+02
1.842031000000000063e+01 3.235000000000000000e+03 3.322910938016278578e+03 -8.791093801627857829e+01
1.843344000000000094e+01 3.338000000000000000e+03 3.322506994742435836e+03 1.549300525756416391e+01
1.844657000000000124e+01 3.226000000000000000e+03 3.322105822633968728e+03 -9.610582263396872804e+01
1.845970000000000155e+01 3.299000000000000000e+03 3.321707357717345985e+03 -2.270735771734598529e+01
1.847282999999999831e+01 3.238000000000000000e+03 3.321311537973210761e+03 -8.331153797321076127e+01
1.848595999999999862e+01 3.310000000000000000e+03 3.320918303270616889e+03 -1.091830327061688877e+01
1.849908999999999892e+01 3.320000000000000000e+03 3.320527595303809449e+03 -5.275953038094485237e-01
1.851221999999999923e+01 3.273000000000000000e+03 3.320139357531431415e+03 -4.713935753143141483e+01
1.852534999999999954e+01 3.363000000000000000e+03 3.319753535118050877e+03 4.324646488194912308e+01
1.853847999999999985e+01 3.324000000000000000e+03 3.319370074877920615e+03 4.629925122079384892e+00
1.855161000000000016e+01 3.177000000000000000e+03 3.318988925220852252e+03 -1.419889252208522521e+02
1.856474000000000046e+01 3.311000000000000000e+03 3.318610036100126763e+03 -7.610036100126762904e+00
1.857787000000000077e+01 3.316000000000000000e+03 3.318233358962361763e+03 -2.233358962361762678e+00
1.859100000000000108e+01 3.327000000000000000e+03 3.317858846699230980e+03 9.141153300769019552e+00
1.860414000000000101e+01 3.163000000000000000e+03 3.317486170777203824e+03 -1.544861707772038244e+02
1.861727000000000132e+01 3.282000000000000000e+03 3.317115854051509814e+03 -3.511585405150981387e+01
1.863040000000000163e+01 3.302000000000000000e+03 3.316747569057128203e+03 -1.474756905712820299e+01
1.864352999999999838e+01 3.255000000000000000e+03 3.316381274018787281e+03 -6.138127401878728051e+01
1.865665999999999869e+01 3.273000000000000000e+03 3.316016928390203248e+03 -4.301692839020324755e+01
1.866978999999999900e+01 3.144000000000000000e+03 3.315654492815470803e+03 -1.716544928154708032e+02
1.868291999999999931e+01 3.225000000000000000e+03 3.315293929091821155e+03 -9.029392909182115545e+01
1.869604999999999961e+01 3.199000000000000000e+03 3.314935200133724720e+03 -1.159352001337247202e+02
1.870917999999999992e+01 3.198000000000000000e+03 3.314578269938253015e+03 -1.165782699382530154e+02
1.872231000000000023e+01 3.259000000000000000e+03 3.314223103551671556e+03 -5.522310355167155649e+01
1.873544000000000054e+01 3.288000000000000000e+03 3.313869667037208274e+03 -2.586966703720827354e+01
1.874857000000000085e+01 3.310000000000000000e+03 3.313517927443936969e+03 -3.517927443936969212e+00
1.876170000000000115e+01 3.323000000000000000e+03 3.313167852776753989e+03 9.832147223246010981e+00
1.877483000000000146e+01 3.303000000000000000e+03 3.312819411967391716e+03 -9.819411967391715734e+00
1.878796000000000177e+01 3.426000000000000000e+03 3.312472574846423868e+03 1.135274251535761323e+02
1.880108999999999853e+01 3.319000000000000000e+03 3.312127312116237135e+03 6.872687883762864658e+00
1.881421999999999883e+01 3.221000000000000000e+03 3.311783595324917769e+03 -9.078359532491776918e+01
1.882734999999999914e+01 3.192000000000000000e+03 3.311441396841032656e+03 -1.194413968410326561e+02
1.884047999999999945e+01 3.207000000000000000e+03 3.311100689829245312e+03 -1.041006898292453116e+02
1.885360999999999976e+01 3.267000000000000000e+03 3.310761448226779521e+03 -4.376144822677952106e+01
1.886674000000000007e+01 3.302000000000000000e+03 3.310423646720632405e+03 -8.423646720632405049e+00
1.887987000000000037e+01 3.321000000000000000e+03 3.310087260725582382e+03 1.091273927441761771e+01
1.889300000000000068e+01 3.304000000000000000e+03 3.309752266362896989e+03 -5.752266362896989449e+00
1.890613000000000099e+01 3.374000000000000000e+03 3.309418640439760566e+03 6.458135956023943436e+01
1.891926000000000130e+01 3.259000000000000000e+03 3.309086360429366778e+03 -5.008636042936677768e+01
1.893239000000000161e+01 3.290000000000000000e+03 3.308755404451666436e+03 -1.875540445166643622e+01
1.894551999999999836e+01 3.202000000000000000e+03 3.308425751254741044e+03 -1.064257512547410442e+02
1.895864999999999867e+01 3.297000000000000000e+03 3.308097380196768427e+03 -1.109738019676842669e+01
1.897177999999999898e+01 3.263000000000000000e+03 3.307770271228585443e+03 -4.477027122858544317e+01
1.898490999999999929e+01 3.322000000000000000e+03 3.307444404876798217e+03 1.455559512320178328e+01
1.899803999999999959e+01 3.288000000000000000e+03 3.307119762227434421e+03 -1.911976222743442122e+01
1.901116999999999990e+01 3.342000000000000000e+03 3.306796324910113526e+03 3.520367508988647387e+01
1.902430000000000021e+01 3.271000000000000000e+03 3.306474075082718173e+03 -3.547407508271817278e+01
1.903743000000000052e+01 3.236000000000000000e+03 3.306152995416549402e+03 -7.015299541654940185e+01
1.905056000000000083e+01 3.292000000000000000e+03 3.305833069081945268e+03 -1.383306908194526841e+01
1.906370000000000076e+01 3.265000000000000000e+03 3.305514037368952359e+03 -4.051403736895235852e+01
1.907683000000000106e+01 3.315000000000000000e+03 3.305196369983317709e+03 9.803630016682291171e+00
1.908996000000000137e+01 3.167000000000000000e+03 3.304879808285722447e+03 -1.378798082857224472e+02
1.910309000000000168e+01 3.235000000000000000e+03 3.298255653580776652e+03 -6.325565358077665223e+01
1.911621999999999844e+01 3.189000000000000000e+03 3.297996269549669705e+03 -1.089962695496697052e+02
1.912934999999999874e+01 3.158000000000000000e+03 3.297737231110248558e+03 -1.397372311102485583e+02
1.914247999999999905e+01 3.278000000000000000e+03 3.294154248737761463e+03 -1.615424873776146342e+01
1.915560999999999936e+01 3.305000000000000000e+03 3.293924898238501555e+03 1.107510176149844483e+01
1.916873999999999967e+01 3.211000000000000000e+03 3.293695511897455617e+03 -8.269551189745561715e+01
1.918186999999999998e+01 3.251000000000000000e+03 3.293466095323491118e+03 -4.246609532349111760e+01
1.919500000000000028e+01 3.397000000000000000e+03 3.293236654105200159e+03 1.037633458947998406e+02
1.920813000000000059e+01 3.358000000000000000e+03 3.293007193810862645e+03 6.499280618913735452e+01
1.922126000000000090e+01 3.298000000000000000e+03 3.292777719988409899e+03 5.222280011590100912e+00
1.923439000000000121e+01 3.241000000000000000e+03 3.292548238165390103e+03 -5.154823816539010295e+01
1.924752000000000152e+01 3.288000000000000000e+03 3.292318753848934648e+03 -4.318753848934647976e+00
1.926064999999999827e+01 3.202000000000000000e+03 3.292089272525719480e+03 -9.008927252571947975e+01
1.927377999999999858e+01 3.239000000000000000e+03 3.291859799661942361e+03 -5.285979966194236113e+01
1.928690999999999889e+01 3.237000000000000000e+03 3.291630340703274214e+03 -5.463034070327421432e+01
1.930003999999999920e+01 3.330000000000000000e+03 3.291400901074839567e+03 3.859909892516043328e+01
1.931316999999999950e+01 3.248000000000000000e+03 3.291171486181177897e+03 -4.317148618117789738e+01
1.932629999999999981e+01 3.271000000000000000e+03 3.290942101406213624e+03 -1.994210140621362370e+01
1.933943000000000012e+01 3.182000000000000000e+03 3.290712752113226088e+03 -1.087127521132260881e+02
1.935256000000000043e+01 3.210000000000000000e+03 3.290483443644816816e+03 -8.048344364481681623e+01
1.936569000000000074e+01 3.310000000000000000e+03 3.290254181322881323e+03 1.974581867711867744e+01
1.937882000000000104e+01 3.302000000000000000e+03 3.290024970448580007e+03 1.197502955141999337e+01
1.939195000000000135e+01 3.246000000000000000e+03 3.289795816302303137e+03 -4.379581630230313749e+01
1.940508000000000166e+01 3.308000000000000000e+03 3.289566724143653573e+03 1.843327585634642674e+01
1.941820999999999842e+01 3.279000000000000000e+03 3.289337699211407653e+03 -1.033769921140765291e+01
1.943133999999999872e+01 3.262000000000000000e+03 3.289108746723493368e+03 -2.710874672349336834e+01
1.944446999999999903e+01 3.188000000000000000e+03 3.288879871876961715e+03 -1.008798718769617153e+02
1.945759999999999934e+01 3.284000000000000000e+03 3.288651079847959863e+03 -4.651079847959863400e+00
1.947072999999999965e+01 3.276000000000000000e+03 3.288422375791708873e+03 -1.242237579170887329e+01
1.948385999999999996e+01 3.250000000000000000e+03 3.288193764842468681e+03 -3.819376484246868131e+01
1.949699000000000026e+01 3.288000000000000000e+03 3.287965252113525366e+03 3.474788647463356028e-02
1.951012000000000057e+01 3.133000000000000000e+03 3.287736842697154771e+03 -1.547368426971547706e+02
1.952325000000000088e+01 3.308000000000000000e+03 3.287508541664607037e+03 2.049145833539296291e+01
1.953639000000000081e+01 3.235000000000000000e+03 3.287280180319576175e+03 -5.228018031957617495e+01
1.954952000000000112e+01 3.324000000000000000e+03 3.287052111276323558e+03 3.694788872367644217e+01
1.956265000000000143e+01 3.337000000000000000e+03 3.286824165708038890e+03 5.017583429196110956e+01
1.957578000000000173e+01 3.222000000000000000e+03 3.286596348601607588e+03 -6.459634860160758763e+01
1.958890999999999849e+01 3.206000000000000000e+03 3.286368664922774315e+03 -8.036866492277431462e+01
1.960203999999999880e+01 3.383000000000000000e+03 3.286141119616115702e+03 9.685888038388429777e+01
1.961516999999999911e+01 3.276000000000000000e+03 3.285913717605025340e+03 -9.913717605025340163e+00
1.962829999999999941e+01 3.339000000000000000e+03 3.285686463791695132e+03 5.331353620830486761e+01
1.964142999999999972e+01 3.268000000000000000e+03 3.285459363057089831e+03 -1.745936305708983127e+01
1.965456000000000003e+01 3.282000000000000000e+03 3.285232420260928393e+03 -3.232420260928392963e+00
1.966769000000000034e+01 3.245000000000000000e+03 3.285005640241668061e+03 -4.000564024166806121e+01
1.968082000000000065e+01 3.259000000000000000e+03 3.284779027816487087e+03 -2.577902781648708697e+01
1.969395000000000095e+01 3.258000000000000000e+03 3.284552587781261536e+03 -2.655258778126153629e+01
1.970708000000000126e+01 3.247000000000000000e+03 3.284326324910550284e+03 -3.732632491055028368e+01
1.972021000000000157e+01 3.114000000000000000e+03 3.284100243957580915e+03 -1.701002439575809149e+02
1.973333999999999833e+01 3.249000000000000000e+03 3.283874349654227899e+03 -3.487434965422789901e+01
1.974646999999999863e+01 3.202000000000000000e+03 3.283648646711003494e+03 -8.164864671100349369e+01
1.975959999999999894e+01 3.274000000000000000e+03 3.283423139817032279e+03 -9.423139817032279097e+00
1.977272999999999925e+01 3.306000000000000000e+03 3.283197833640044792e+03 2.280216635995520846e+01
1.978585999999999956e+01 3.275000000000000000e+03 3.282972732826358879e+03 -7.972732826358878810e+00
1.979898999999999987e+01 3.294000000000000000e+03 3.282747842000866058e+03 1.125215799913394221e+01
1.981212000000000018e+01 3.197000000000000000e+03 3.282523165767021055e+03 -8.552316576702105522e+01
1.982525000000000048e+01 3.253000000000000000e+03 3.282298708706819525e+03 -2.929870870681952510e+01
1.983838000000000079e+01 3.337000000000000000e+03 3.282074475380794411e+03 5.492552461920558926e+01
1.985151000000000110e+01 3.282000000000000000e+03 3.281850470328000938e+03 1.495296719990619749e-01
1.986464000000000141e+01 3.184000000000000000e+03 3.281626698066001609e+03 -9.762669806600160882e+01
1.987777000000000172e+01 3.205000000000000000e+03 3.281403163090855287e+03 -7.640316309085528701e+01
1.989089999999999847e+01 3.142000000000000000e+03 3.281179869877113561e+03 -1.391798698771135605e+02
1.990402999999999878e+01 3.233000000000000000e+03 3.280956822877797549e+03 -4.795682287779754915e+01
1.991715999999999909e+01 3.268000000000000000e+03 3.280734026524400633e+03 -1.273402652440063321e+01
1.993028999999999940e+01 3.223000000000000000e+03 3.280511485226866625e+03 -5.751148522686662545e+01
1.994341999999999970e+01 3.235000000000000000e+03 3.280289203373590226e+03 -4.528920337359022597e+01
1.995655000000000001e+01 3.303000000000000000e+03 3.280067185331403380e+03 2.293281466859662032e+01
1.996968000000000032e+01 3.331000000000000000e+03 3.279845435445565727e+03 5.115456455443427330e+01
1.998281000000000063e+01 3.141000000000000000e+03 3.279623958039761874e+03 -1.386239580397618738e+02
1.999594000000000094e+01 3.277000000000000000e+03 3.279402757416087752e+03 -2.402757416087752063e+00
2.000908000000000087e+01 3.311000000000000000e+03 3.279181669707678338e+03 3.181833029232166155e+01
2.002221000000000117e+01 3.274000000000000000e+03 3.278961035687102139e+03 -4.961035687102139491e+00
2.003534000000000148e+01 3.242000000000000000e+03 3.278740691228586456e+03 -3.674069122858645642e+01
2.004846999999999824e+01 3.234000000000000000e+03 3.278520640547797484e+03 -4.452064054779748403e+01
2.006159999999999854e+01 3.181000000000000000e+03 3.278300887838791823e+03 -9.730088783879182301e+01
2.007472999999999885e+01 3.262000000000000000e+03 3.278081437274005111e+03 -1.608143727400511125e+01
2.008785999999999916e+01 3.258000000000000000e+03 3.277862293004237472e+03 -1.986229300423747191e+01
2.010098999999999947e+01 3.289000000000000000e+03 3.277643459158667611e+03 1.135654084133238939e+01
2.011411999999999978e+01 3.257000000000000000e+03 3.277424939844834626e+03 -2.042493984483462555e+01
2.012725000000000009e+01 3.210000000000000000e+03 3.277206739148644829e+03 -6.720673914864482867e+01
2.014038000000000039e+01 3.306000000000000000e+03 3.276988861134359922e+03 2.901113886564007771e+01
2.015351000000000070e+01 3.248000000000000000e+03 3.276771309844601092e+03 -2.877130984460109175e+01
2.016664000000000101e+01 3.299000000000000000e+03 3.276554089300343549e+03 2.244591069965645147e+01
2.017977000000000132e+01 3.223000000000000000e+03 3.276337203500920623e+03 -5.333720350092062290e+01
2.019290000000000163e+01 3.176000000000000000e+03 3.276120656424011486e+03 -1.001206564240114858e+02
2.020602999999999838e+01 3.312000000000000000e+03 3.275904452025653882e+03 3.609554797434611828e+01
2.021915999999999869e+01 3.326000000000000000e+03 3.275688594240231851e+03 5.031140575976814944e+01
2.023228999999999900e+01 3.315000000000000000e+03 3.275473086980482094e+03 3.952691301951790592e+01
2.024541999999999931e+01 3.180000000000000000e+03 3.275257934137498069e+03 -9.525793413749806859e+01
2.025854999999999961e+01 3.232000000000000000e+03 3.275043139580719526e+03 -4.304313958071952584e+01
2.027167999999999992e+01 3.146000000000000000e+03 3.274828707157946610e+03 -1.288287071579466101e+02
2.028481000000000023e+01 3.293000000000000000e+03 3.274614640695332128e+03 1.838535930466787249e+01
2.029794000000000054e+01 3.302000000000000000e+03 3.274400943997386548e+03 2.759905600261345171e+01
2.031107000000000085e+01 3.208000000000000000e+03 3.274187620846983009e+03 -6.618762084698300896e+01
2.032420000000000115e+01 3.240000000000000000e+03 3.273974675005356858e+03 -3.397467500535685758e+01
2.033733000000000146e+01 3.273000000000000000e+03 3.273762110212112020e+03 -7.621102121120202355e-01
2.035046000000000177e+01 3.231000000000000000e+03 3.273549930185224184e+03 -4.254993018522418424e+01
2.036358999999999853e+01 3.227000000000000000e+03 3.273338138621036251e+03 -4.633813862103625070e+01
2.037671999999999883e+01 3.396000000000000000e+03 3.273126739194281527e+03 1.228732608057184734e+02
2.038984999999999914e+01 3.210000000000000000e+03 3.272915735558068718e+03 -6.291573555806871809e+01
2.040297999999999945e+01 3.123000000000000000e+03 3.272705131343898302e+03 -1.497051313438983016e+02
2.041610999999999976e+01 3.191000000000000000e+03 3.272494930161669345e+03 -8.149493016166934467e+01
2.042924000000000007e+01 3.259000000000000000e+03 3.272285135599676323e+03 -1.328513559967632318e+01
2.044237000000000037e+01 3.315000000000000000e+03 3.272075751224628220e+03 4.292424877537177963e+01
2.045550000000000068e+01 3.311000000000000000e+03 3.271866780581640342e+03 3.913321941835965845e+01
2.046863000000000099e+01 3.276000000000000000e+03 3.271658227194256597e+03 4.341772805743403296e+00
2.048177000000000092e+01 3.274000000000000000e+03 3.271449936208828149e+03 2.550063791171851335e+00
2.049490000000000123e+01 3.272000000000000000e+03 3.271242228141427859e+03 7.577718585721413547e-01
2.050803000000000154e+01 3.220000000000000000e+03 3.271034947773488057e+03 -5.103494777348805655e+01
2.052115999999999829e+01 3.183000000000000000e+03 3.270828098542302541e+03 -8.782809854230254132e+01
2.053428999999999860e+01 3.269000000000000000e+03 3.270621683863623275e+03 -1.621683863623275101e+00
2.054741999999999891e+01 3.349000000000000000e+03 3.270415707131679483e+03 7.858429286832051730e+01
2.056054999999999922e+01 3.173000000000000000e+03 3.270210171719184927e+03 -9.721017171918492750e+01
2.057367999999999952e+01 3.303000000000000000e+03 3.270005080977339276e+03 3.299491902266072429e+01
2.058680999999999983e+01 3.381000000000000000e+03 3.269800438235850834e+03 1.111995617641491663e+02
2.059994000000000014e+01 3.246000000000000000e+03 3.269596246802942005e+03 -2.359624680294200516e+01
2.061307000000000045e+01 3.256000000000000000e+03 3.269392509965361114e+03 -1.339250996536111415e+01
2.062620000000000076e+01 3.284000000000000000e+03 3.269189230988396957e+03 1.481076901160304260e+01
2.063933000000000106e+01 3.270000000000000000e+03 3.268986413115879714e+03 1.013586884120286413e+00
2.065246000000000137e+01 3.207000000000000000e+03 3.268784059570211411e+03 -6.178405957021141148e+01
2.066559000000000168e+01 3.381000000000000000e+03 3.268582173552362292e+03 1.124178264476377080e+02
2.067871999999999844e+01 3.280000000000000000e+03 3.268380758241893091e+03 1.161924175810690940e+01
2.069184999999999874e+01 3.365000000000000000e+03 3.268179816796968680e+03 9.682018320303131986e+01
2.070497999999999905e+01 3.352000000000000000e+03 3.267979352354366256e+03 8.402064764563374410e+01
2.071810999999999936e+01 3.131000000000000000e+03 3.267779368029493071e+03 -1.367793680294930709e+02
2.073123999999999967e+01 3.167000000000000000e+03 3.267579866916400078e+03 -1.005798669164000785e+02
2.074436999999999998e+01 3.265000000000000000e+03 3.267380852087801031e+03 -2.380852087801031303e+00
2.075750000000000028e+01 3.401000000000000000e+03 3.267182326595081122e+03 1.338176734049188781e+02
2.077063000000000059e+01 3.218000000000000000e+03 3.266984293468316082e+03 -4.898429346831608200e+01
2.078376000000000090e+01 3.197000000000000000e+03 3.266786755716286734e+03 -6.978675571628673424e+01
2.079689000000000121e+01 3.292000000000000000e+03 3.266589716326498547e+03 2.541028367350145345e+01
2.081002000000000152e+01 3.340000000000000000e+03 3.266393178265195729e+03 7.360682173480427082e+01
2.082314999999999827e+01 3.382000000000000000e+03 3.266197144477375787e+03 1.158028555226242133e+02
2.083627999999999858e+01 3.256000000000000000e+03 3.266001617886812710e+03 -1.000161788681270991e+01
2.084940999999999889e+01 3.245000000000000000e+03 3.265806601396073347e+03 -2.080660139607334713e+01
2.086253999999999920e+01 3.231000000000000000e+03 3.265612097886525589e+03 -3.461209788652558927e+01
2.087566999999999950e+01 3.191000000000000000e+03 3.265418110218373840e+03 -7.441811021837384033e+01
2.088879999999999981e+01 3.208000000000000000e+03 3.265224641230663110e+03 -5.722464123066311004e+01
2.090193000000000012e+01 3.162000000000000000e+03 3.265031693741305844e+03 -1.030316937413058440e+02
2.091506000000000043e+01 3.273000000000000000e+03 3.264839270547097840e+03 8.160729452902160119e+00
2.092819000000000074e+01 3.234000000000000000e+03 3.264647374423740985e+03 -3.064737442374098464e+01
2.094133000000000067e+01 3.302000000000000000e+03 3.264455862581097790e+03 3.754413741890220990e+01
2.095446000000000097e+01 3.253000000000000000e+03 3.264265029248902010e+03 -1.126502924890201029e+01
2.096759000000000128e+01 3.207000000000000000e+03 3.264074731190341936e+03 -5.707473119034193587e+01
2.098072000000000159e+01 3.314000000000000000e+03 3.263884971096923437e+03 5.011502890307656344e+01
2.099384999999999835e+01 3.230000000000000000e+03 3.263695751639157152e+03 -3.369575163915715166e+01
2.100697999999999865e+01 3.266000000000000000e+03 3.263507075466587139e+03 2.492924533412860910e+00
2.102010999999999896e+01 3.177000000000000000e+03 3.263318945207805427e+03 -8.631894520780542734e+01
2.103323999999999927e+01 3.237000000000000000e+03 3.263131363470476572e+03 -2.613136347047657182e+01
2.104636999999999958e+01 3.334000000000000000e+03 3.262944332841361302e+03 7.105566715863869831e+01
2.105949999999999989e+01 3.318000000000000000e+03 3.262757855886343805e+03 5.524214411365619526e+01
2.107263000000000019e+01 3.274000000000000000e+03 3.262571935150442187e+03 1.142806484955781343e+01
2.108576000000000050e+01 3.215000000000000000e+03 3.262386573157846669e+03 -4.738657315784666935e+01
2.109889000000000081e+01 3.258000000000000000e+03 3.262201772411936417e+03 -4.201772411936417484e+00
2.111202000000000112e+01 3.261000000000000000e+03 3.262017535395301365e+03 -1.017535395301365497e+00
2.112515000000000143e+01 3.348000000000000000e+03 3.261833864569769048e+03 8.616613543023095190e+01
2.113828000000000173e+01 3.162000000000000000e+03 3.261650762376432340e+03 -9.965076237643233981e+01
2.115140999999999849e+01 3.336000000000000000e+03 3.261468231235672647e+03 7.453176876432735298e+01
2.116453999999999880e+01 3.263000000000000000e+03 3.261286273547179917e+03 1.713726452820083068e+00
2.117766999999999911e+01 3.195000000000000000e+03 3.261104891689986744e+03 -6.610489168998674359e+01
2.119079999999999941e+01 3.210000000000000000e+03 3.260924088022489741e+03 -5.092408802248974098e+01
2.120392999999999972e+01 3.329000000000000000e+03 3.260743864882474554e+03 6.825613511752544582e+01
2.121706000000000003e+01 3.243000000000000000e+03 3.260564224587146782e+03 -1.756422458714678214e+01
2.123019000000000034e+01 3.305000000000000000e+03 3.260385169433154715e+03 4.461483056684528492e+01
2.124332000000000065e+01 3.323000000000000000e+03 3.260206701696621167e+03 6.279329830337883322e+01
2.125645000000000095e+01 3.200000000000000000e+03 3.260028823633164393e+03 -6.002882363316439296e+01
2.126958000000000126e+01 3.354000000000000000e+03 3.259851537477930378e+03 9.414846252206962163e+01
2.128271000000000157e+01 3.253000000000000000e+03 3.259674845445619667e+03 -6.674845445619666862e+00
2.129583999999999833e+01 3.161000000000000000e+03 3.259498749730516010e+03 -9.849874973051601046e+01
2.130896999999999863e+01 3.272000000000000000e+03 3.259323252506517292e+03 1.267674749348270780e+01
2.132209999999999894e+01 3.253000000000000000e+03 3.259148355927155990e+03 -6.148355927155989775e+00
2.133522999999999925e+01 3.244000000000000000e+03 3.258974062125639193e+03 -1.497406212563919325e+01
2.134835999999999956e+01 3.314000000000000000e+03 3.258800373214868614e+03 5.519962678513138599e+01
2.136148999999999987e+01 3.249000000000000000e+03 3.258627291287480148e+03 -9.627291287480147730e+00
2.137462000000000018e+01 3.296000000000000000e+03 3.258454818415863883e+03 3.754518158413611673e+01
2.138775000000000048e+01 3.330000000000000000e+03 3.258282956652200028e+03 7.171704334779997225e+01
2.140088000000000079e+01 3.273000000000000000e+03 3.258111708028489829e+03 1.488829197151017070e+01
2.141402000000000072e+01 3.310000000000000000e+03 3.257940944834572747e+03 5.205905516542725309e+01
2.142715000000000103e+01 3.262000000000000000e+03 3.257770928976975938e+03 4.229071023024062015e+00
2.144028000000000134e+01 3.259000000000000000e+03 3.257601532236049934e+03 1.398467763950066001e+00
2.145341000000000165e+01 3.165000000000000000e+03 3.257432756563368912e+03 -9.243275656336891188e+01
2.146653999999999840e+01 3.214000000000000000e+03 3.257264603890479066e+03 -4.326460389047906574e+01
2.147966999999999871e+01 3.299000000000000000e+03 3.257097076128939534e+03 4.190292387106046590e+01
2.149279999999999902e+01 3.229000000000000000e+03 3.256930175170345592e+03 -2.793017517034559205e+01
2.150592999999999932e+01 3.225000000000000000e+03 3.256763902886372762e+03 -3.176390288637276171e+01
2.151905999999999963e+01 3.211000000000000000e+03 3.256598261128793638e+03 -4.559826112879363791e+01
2.153218999999999994e+01 3.307000000000000000e+03 3.256433251729527001e+03 5.056674827047299914e+01
2.154532000000000025e+01 3.338000000000000000e+03 3.256268876500662373e+03 8.173112349933762744e+01
2.155845000000000056e+01 3.269000000000000000e+03 3.256105137234495487e+03 1.289486276550451294e+01
2.157158000000000087e+01 3.306000000000000000e+03 3.255942035703564670e+03 5.005796429643532974e+01
2.158471000000000117e+01 3.197000000000000000e+03 3.255779573660677670e+03 -5.877957366067766998e+01
2.159784000000000148e+01 3.193000000000000000e+03 3.255617752838958495e+03 -6.261775283895849498e+01
2.161096999999999824e+01 3.259000000000000000e+03 3.255456574951871517e+03 3.543425048128483468e+00
2.162409999999999854e+01 3.213000000000000000e+03 3.255296041693259212e+03 -4.229604169325921248e+01
2.163722999999999885e+01 3.282000000000000000e+03 3.255136154737376728e+03 2.686384526262327199e+01
2.165035999999999916e+01 3.244000000000000000e+03 3.254976915738933712e+03 -1.097691573893371242e+01
2.166348999999999947e+01 3.160000000000000000e+03 3.254818326333120694e+03 -9.481832633312069447e+01
2.167661999999999978e+01 3.244000000000000000e+03 3.254660388135652738e+03 -1.066038813565273813e+01
2.168975000000000009e+01 3.219000000000000000e+03 3.254503102742799001e+03 -3.550310274279900113e+01
2.170288000000000039e+01 3.339000000000000000e+03 3.254346471731423208e+03 8.465352826857679247e+01
2.171601000000000070e+01 3.261000000000000000e+03 3.254190496659020027e+03 6.809503340979972563e+00
2.172914000000000101e+01 3.283000000000000000e+03 3.254035179063751912e+03 2.896482093624808840e+01
2.174227000000000132e+01 3.191000000000000000e+03 3.253880520464484562e+03 -6.288052046448456167e+01
2.175540000000000163e+01 3.312000000000000000e+03 3.253726522360824220e+03 5.827347763917578050e+01
2.176852999999999838e+01 3.310000000000000000e+03 3.253573186233160868e+03 5.642681376683913186e+01
2.178165999999999869e+01 3.225000000000000000e+03 3.253420513542694152e+03 -2.842051354269415242e+01
2.179478999999999900e+01 3.230000000000000000e+03 3.253268505731488403e+03 -2.326850573148840340e+01
2.180791999999999931e+01 3.269000000000000000e+03 3.253117164222491738e+03 1.588283577750826225e+01
2.182104999999999961e+01 3.180000000000000000e+03 3.252966490419592901e+03 -7.296649041959290116e+01
2.183417999999999992e+01 3.200000000000000000e+03 3.252816485707644460e+03 -5.281648570764446049e+01
2.184731000000000023e+01 3.220000000000000000e+03 3.252667151452511007e+03 -3.266715145251100694e+01
2.186044000000000054e+01 3.336000000000000000e+03 3.252518489001108264e+03 8.348151099889173565e+01
2.187357000000000085e+01 3.166000000000000000e+03 3.252370499681435831e+03 -8.637049968143583101e+01
2.188671000000000078e+01 3.220000000000000000e+03 3.252223072862814206e+03 -3.222307286281420602e+01
2.189984000000000108e+01 3.332000000000000000e+03 3.252076434230291397e+03 7.992356576970860260e+01
2.191297000000000139e+01 3.349000000000000000e+03 3.251930472601392466e+03 9.706952739860753354e+01
2.192610000000000170e+01 3.286000000000000000e+03 3.251785189228853142e+03 3.421481077114685831e+01
2.193922999999999845e+01 3.248000000000000000e+03 3.251640585346701300e+03 -3.640585346701300296e+00
2.195235999999999876e+01 3.302000000000000000e+03 3.251496662170291529e+03 5.050333782970847096e+01
2.196548999999999907e+01 3.203000000000000000e+03 3.251353420896348325e+03 -4.835342089634832519e+01
2.197861999999999938e+01 3.222000000000000000e+03 3.251210862703008388e+03 -2.921086270300838805e+01
2.199174999999999969e+01 3.261000000000000000e+03 3.251068988749860182e+03 9.931011250139818003e+00
2.200488000000000000e+01 3.256000000000000000e+03 3.250927800177983954e+03 5.072199822016045800e+00
2.201801000000000030e+01 3.147000000000000000e+03 3.250787298109999938e+03 -1.037872981099999379e+02
2.203114000000000061e+01 3.259000000000000000e+03 3.250647483650100185e+03 8.352516349899815395e+00
2.204427000000000092e+01 3.288000000000000000e+03 3.250508357884099041e+03 3.749164211590095874e+01
2.205740000000000123e+01 3.237000000000000000e+03 3.250369921879474077e+03 -1.336992187947407729e+01
2.207053000000000154e+01 3.184000000000000000e+03 3.250232176685404283e+03 -6.623217668540428349e+01
2.208365999999999829e+01 3.224000000000000000e+03 3.250095123332816001e+03 -2.609512333281600149e+01
2.209678999999999860e+01 3.211000000000000000e+03 3.249958762834426580e+03 -3.895876283442657950e+01
2.210991999999999891e+01 3.233000000000000000e+03 3.249823096184786209e+03 -1.682309618478620905e+01
2.212304999999999922e+01 3.292000000000000000e+03 3.249688124360319762e+03 4.231187563968023824e+01
2.213617999999999952e+01 3.248000000000000000e+03 3.249553848319374083e+03 -1.553848319374083076e+00
2.214930999999999983e+01 3.225000000000000000e+03 3.249420269002254827e+03 -2.442026900225482677e+01
2.216244000000000014e+01 3.199000000000000000e+03 3.249287387331279660e+03 -5.028738733127966043e+01
2.217557000000000045e+01 3.180000000000000000e+03 3.249155204210817374e+03 -6.915520421081737368e+01
2.218870000000000076e+01 3.209000000000000000e+03 3.249023720527327441e+03 -4.002372052732744123e+01
2.220183000000000106e+01 3.272000000000000000e+03 3.248892937149411864e+03 2.310706285058813592e+01
2.221496000000000137e+01 3.321000000000000000e+03 3.248762854927858825e+03 7.223714507214117475e+01
2.222809000000000168e+01 3.178000000000000000e+03 3.248633474695681798e+03 -7.063347469568179804e+01
2.224121999999999844e+01 3.302000000000000000e+03 3.248504797268172297e+03 5.349520273182770325e+01
2.225434999999999874e+01 3.302000000000000000e+03 3.248376823442937166e+03 5.362317655706283404e+01
2.226747999999999905e+01 3.292000000000000000e+03 3.248249553999950422e+03 4.375044600004957829e+01
2.228060999999999936e+01 3.212000000000000000e+03 3.248122989701591450e+03 -3.612298970159145028e+01
2.229373999999999967e+01 3.139000000000000000e+03 3.247997131292702761e+03 -1.089971312927027611e+02
2.230686999999999998e+01 3.305000000000000000e+03 3.247871979500620910e+03 5.712802049937909032e+01
2.232000000000000028e+01 3.228000000000000000e+03 3.247747535035233795e+03 -1.974753503523379550e+01
2.233313000000000059e+01 3.234000000000000000e+03 3.247623798589019771e+03 -1.362379858901977059e+01
2.234627000000000052e+01 3.242000000000000000e+03 3.247500677407614148e+03 -5.500677407614148251e+00
2.235940000000000083e+01 3.263000000000000000e+03 3.247378359548294611e+03 1.562164045170538884e+01
2.237253000000000114e+01 3.297000000000000000e+03 3.247256751682094546e+03 4.974324831790545431e+01
2.238566000000000145e+01 3.183000000000000000e+03 3.247135854432317046e+03 -6.413585443231704630e+01
2.239879000000000175e+01 3.215000000000000000e+03 3.247015668405097131e+03 -3.201566840509713074e+01
2.241191999999999851e+01 3.238000000000000000e+03 3.246896194189439484e+03 -8.896194189439484035e+00
2.242504999999999882e+01 3.136000000000000000e+03 3.246777432357270300e+03 -1.107774323572702997e+02
2.243817999999999913e+01 3.209000000000000000e+03 3.246659383463482300e+03 -3.765938346348229970e+01
2.245130999999999943e+01 3.197000000000000000e+03 3.246542048045990214e+03 -4.954204804599021372e+01
2.246443999999999974e+01 3.206000000000000000e+03 3.246425426625765340e+03 -4.042542662576533985e+01
2.247757000000000005e+01 3.258000000000000000e+03 3.246309519706895571e+03 1.169048029310442871e+01
2.249070000000000036e+01 3.195000000000000000e+03 3.246194327776626778e+03 -5.119432777662677836e+01
2.250383000000000067e+01 3.229000000000000000e+03 3.246079851305411921e+03 -1.707985130541192120e+01
2.251696000000000097e+01 3.269000000000000000e+03 3.245966090746960617e+03 2.303390925303938275e+01
2.253009000000000128e+01 3.214000000000000000e+03 3.245853046538289618e+03 -3.185304653828961818e+01
2.254322000000000159e+01 3.188000000000000000e+03 3.245740719099766011e+03 -5.774071909976601091e+01
2.255634999999999835e+01 3.202000000000000000e+03 3.245629108835159514e+03 -4.362910883515951355e+01
2.256947999999999865e+01 3.344000000000000000e+03 3.245518216131693407e+03 9.848178386830659292e+01
2.258260999999999896e+01 3.285000000000000000e+03 3.245408041360088191e+03 3.959195863991180886e+01
2.259573999999999927e+01 3.226000000000000000e+03 3.245298584874615699e+03 -1.929858487461569894e+01
2.260886999999999958e+01 3.235000000000000000e+03 3.245189847013145027e+03 -1.018984701314502672e+01
2.262199999999999989e+01 3.170000000000000000e+03 3.245081828097194375e+03 -7.508182809719437500e+01
2.263513000000000019e+01 3.216000000000000000e+03 3.244974528431979707e+03 -2.897452843197970651e+01
2.264826000000000050e+01 3.243000000000000000e+03 3.244867948306464314e+03 -1.867948306464313646e+00
2.266139000000000081e+01 3.201000000000000000e+03 3.244762087993408841e+03 -4.376208799340884070e+01
2.267452000000000112e+01 3.246000000000000000e+03 3.244656947749424035e+03 1.343052250575965445e+00
2.268765000000000143e+01 3.202000000000000000e+03 3.244552527815013036e+03 -4.255252781501303616e+01
2.270078000000000173e+01 3.111000000000000000e+03 3.244448828414631862e+03 -1.334488284146318620e+02
2.271390999999999849e+01 3.181000000000000000e+03 3.244345849756733060e+03 -6.334584975673305962e+01
2.272703999999999880e+01 3.228000000000000000e+03 3.244243592033817549e+03 -1.624359203381754924e+01
2.274016999999999911e+01 3.191000000000000000e+03 3.244142055422486465e+03 -5.314205542248646452e+01
2.275329999999999941e+01 3.254000000000000000e+03 3.244041240083492085e+03 9.958759916507915477e+00
2.276642999999999972e+01 3.254000000000000000e+03 3.243941146161786492e+03 1.005885383821350842e+01
2.277956000000000003e+01 3.227000000000000000e+03 3.243841773786574322e+03 -1.684177378657432200e+01
2.279269000000000034e+01 3.216000000000000000e+03 3.243743123071364153e+03 -2.774312307136415257e+01
2.280582000000000065e+01 3.242000000000000000e+03 3.243645194114020796e+03 -1.645194114020796405e+00
2.281896000000000058e+01 3.208000000000000000e+03 3.243547913237558532e+03 -3.554791323755853227e+01
2.283209000000000088e+01 3.233000000000000000e+03 3.243451428577047864e+03 -1.045142857704786366e+01
2.284522000000000119e+01 3.216000000000000000e+03 3.243355665874667920e+03 -2.735566587466792043e+01
2.285835000000000150e+01 3.331000000000000000e+03 3.243260625166206864e+03 8.773937483379313562e+01
2.287147999999999826e+01 3.211000000000000000e+03 3.243166306472060569e+03 -3.216630647206056892e+01
2.288460999999999856e+01 3.219000000000000000e+03 3.243072709797291282e+03 -2.407270979729128157e+01
2.289773999999999887e+01 3.178000000000000000e+03 3.242979835131683103e+03 -6.497983513168310310e+01
2.291086999999999918e+01 3.316000000000000000e+03 3.242887682449781551e+03 7.311231755021844947e+01
2.292399999999999949e+01 3.251000000000000000e+03 3.242796251710959041e+03 8.203748289040959207e+00
2.293712999999999980e+01 3.298000000000000000e+03 3.242705542859459911e+03 5.529445714054008931e+01
2.295026000000000010e+01 3.173000000000000000e+03 3.242615555824452713e+03 -6.961555582445271284e+01
2.296339000000000041e+01 3.259000000000000000e+03 3.242526290520089788e+03 1.647370947991021239e+01
2.297652000000000072e+01 3.280000000000000000e+03 3.242437746845549100e+03 3.756225315445090018e+01
2.298965000000000103e+01 3.225000000000000000e+03 3.242349924685098358e+03 -1.734992468509835817e+01
2.300278000000000134e+01 3.245000000000000000e+03 3.242262823908138216e+03 2.737176091861783789e+00
2.301591000000000165e+01 3.196000000000000000e+03 3.242176444369261390e+03 -4.617644436926138951e+01
2.302903999999999840e+01 3.152000000000000000e+03 3.242090785908303587e+03 -9.009078590830358735e+01
2.304216999999999871e+01 3.263000000000000000e+03 3.242005848350396718e+03 2.099415164960328184e+01
2.305529999999999902e+01 3.209000000000000000e+03 3.241921631506024823e+03 -3.292163150602482347e+01
2.306842999999999932e+01 3.310000000000000000e+03 3.241838135171070917e+03 6.816186482892908316e+01
2.308155999999999963e+01 3.258000000000000000e+03 3.241755359126877011e+03 1.624464087312298943e+01
2.309468999999999994e+01 3.314000000000000000e+03 3.241673303140294593e+03 7.232669685970540741e+01
2.310782000000000025e+01 3.208000000000000000e+03 3.241591966963740106e+03 -3.359196696374010571e+01
2.312095000000000056e+01 3.280000000000000000e+03 3.241511350335246334e+03 3.848864966475366600e+01
2.313408000000000087e+01 3.212000000000000000e+03 3.241431452978516063e+03 -2.943145297851606301e+01
2.314721000000000117e+01 3.308000000000000000e+03 3.241352274602979378e+03 6.664772539702062204e+01
2.316034000000000148e+01 3.181000000000000000e+03 3.241273814903845960e+03 -6.027381490384595963e+01
2.317346999999999824e+01 3.112000000000000000e+03 3.241196073562155107e+03 -1.291960735621551066e+02
2.318659999999999854e+01 3.242000000000000000e+03 3.241119050244838945e+03 8.809497551610547816e-01
2.319972999999999885e+01 3.261000000000000000e+03 3.241042744604766995e+03 1.995725539523300540e+01
2.321285999999999916e+01 3.195000000000000000e+03 3.240967156280805284e+03 -4.596715628080528404e+01
2.322598999999999947e+01 3.323000000000000000e+03 3.240892284897870013e+03 8.210771510212998692e+01
2.323911999999999978e+01 3.197000000000000000e+03 3.240818130066983940e+03 -4.381813006698394020e+01
2.325225000000000009e+01 3.175000000000000000e+03 3.240744691385327769e+03 -6.574469138532776924e+01
2.326538000000000039e+01 3.140000000000000000e+03 3.240671968436296993e+03 -1.006719684362969929e+02
2.327851000000000070e+01 3.209000000000000000e+03 3.240599960789554189e+03 -3.159996078955418852e+01
2.329165000000000063e+01 3.292000000000000000e+03 3.240528613975769531e+03 5.147138602423046905e+01
2.330478000000000094e+01 3.294000000000000000e+03 3.240458036131860354e+03 5.354196386813964637e+01
2.331791000000000125e+01 3.275000000000000000e+03 3.240388172217023111e+03 3.461182778297688856e+01
2.333104000000000156e+01 3.335000000000000000e+03 3.240319021746533053e+03 9.468097825346694663e+01
2.334416999999999831e+01 3.242000000000000000e+03 3.240250584222209454e+03 1.749415777790545690e+00
2.335729999999999862e+01 3.215000000000000000e+03 3.240182859132467911e+03 -2.518285913246791097e+01
2.337042999999999893e+01 3.239000000000000000e+03 3.240115845952379004e+03 -1.115845952379004302e+00
2.338355999999999923e+01 3.158000000000000000e+03 3.240049544143719686e+03 -8.204954414371968596e+01
2.339668999999999954e+01 3.368000000000000000e+03 3.239983953155034214e+03 1.280160468449657856e+02
2.340981999999999985e+01 3.262000000000000000e+03 3.239919072421680085e+03 2.208092757831991548e+01
2.342295000000000016e+01 3.211000000000000000e+03 3.239854901365894875e+03 -2.885490136589487520e+01
2.343608000000000047e+01 3.339000000000000000e+03 3.239791439396843089e+03 9.920856060315691138e+01
2.344921000000000078e+01 3.211000000000000000e+03 3.239728685910676177e+03 -2.872868591067617672e+01
2.346234000000000108e+01 3.298000000000000000e+03 3.239666640290583473e+03 5.833335970941652704e+01
2.347547000000000139e+01 3.237000000000000000e+03 3.239605301906856312e+03 -2.605301906856311689e+00
2.348860000000000170e+01 3.265000000000000000e+03 3.239544670116933048e+03 2.545532988306695188e+01
2.350172999999999845e+01 3.253000000000000000e+03 3.239484744265463178e+03 1.351525573453682227e+01
2.351485999999999876e+01 3.220000000000000000e+03 3.239425523684358268e+03 -1.942552368435826793e+01
2.352798999999999907e+01 3.214000000000000000e+03 3.239367007692851530e+03 -2.536700769285153001e+01
2.354111999999999938e+01 3.265000000000000000e+03 3.239309195597548751e+03 2.569080440245124919e+01
2.355424999999999969e+01 3.321000000000000000e+03 3.239252086692490593e+03 8.174791330750940688e+01
2.356738000000000000e+01 3.237000000000000000e+03 3.239195680259199435e+03 -2.195680259199434659e+00
2.358051000000000030e+01 3.267000000000000000e+03 3.239139975566747125e+03 2.786002443325287459e+01
2.359364000000000061e+01 3.398000000000000000e+03 3.239084971871805010e+03 1.589150281281949901e+02
2.360677000000000092e+01 3.188000000000000000e+03 3.239030668418693494e+03 -5.103066841869349446e+01
2.361990000000000123e+01 3.321000000000000000e+03 3.238977064439450260e+03 8.202293556054974033e+01
2.363303000000000154e+01 3.311000000000000000e+03 3.238924159153878918e+03 7.207584084612108200e+01
2.364615999999999829e+01 3.254000000000000000e+03 3.238871951769605857e+03 1.512804823039414259e+01
2.365928999999999860e+01 3.276000000000000000e+03 3.238820441482143451e+03 3.717955851785654886e+01
2.367241999999999891e+01 3.216000000000000000e+03 3.238769627474932804e+03 -2.276962747493280403e+01
2.368554999999999922e+01 3.235000000000000000e+03 3.238719508919414238e+03 -3.719508919414238335e+00
2.369867999999999952e+01 3.106000000000000000e+03 3.238670084975070949e+03 -1.326700849750709494e+02
2.371180999999999983e+01 3.179000000000000000e+03 3.238621354789499946e+03 -5.962135478949994649e+01
2.372494000000000014e+01 3.339000000000000000e+03 3.238573317498453889e+03 1.004266825015461109e+02
2.373807000000000045e+01 3.278000000000000000e+03 3.238525972225907026e+03 3.947402777409297414e+01
2.375120000000000076e+01 3.265000000000000000e+03 3.238479318084108399e+03 2.652068191589160051e+01
2.376434000000000069e+01 3.260000000000000000e+03 3.238433319429664607e+03 2.156668057033539299e+01
2.377747000000000099e+01 3.174000000000000000e+03 3.238388045364135905e+03 -6.438804536413590540e+01
2.379060000000000130e+01 3.285000000000000000e+03 3.238343459695609909e+03 4.665654030439009148e+01
2.380373000000000161e+01 3.209000000000000000e+03 3.238299561489991902e+03 -2.929956148999190191e+01
2.381685999999999837e+01 3.359000000000000000e+03 3.238256349801744818e+03 1.207436501982551817e+02
2.382998999999999867e+01 3.229000000000000000e+03 3.238213823673949264e+03 -9.213823673949264048e+00
2.384311999999999898e+01 3.279000000000000000e+03 3.238171982138353087e+03 4.082801786164691293e+01
2.385624999999999929e+01 3.174000000000000000e+03 3.238130824215434131e+03 -6.413082421543413147e+01
2.386937999999999960e+01 3.122000000000000000e+03 3.238090348914457991e+03 -1.160903489144579908e+02
2.388250999999999991e+01 3.327000000000000000e+03 3.238050555233523482e+03 8.894944476647651754e+01
2.389564000000000021e+01 3.281000000000000000e+03 3.238011442159636772e+03 4.298855784036322802e+01
2.390877000000000052e+01 3.261000000000000000e+03 3.237973008668754574e+03 2.302699133124542641e+01
2.392190000000000083e+01 3.262000000000000000e+03 3.237935253725845087e+03 2.406474627415491341e+01
2.393503000000000114e+01 3.245000000000000000e+03 3.237898176284946658e+03 7.101823715053342312e+00
2.394816000000000145e+01 3.157000000000000000e+03 3.237861775289222805e+03 -8.086177528922280544e+01
2.396129000000000175e+01 3.229000000000000000e+03 3.237826049671018609e+03 -8.826049671018608933e+00
2.397441999999999851e+01 3.294000000000000000e+03 3.237790998351918915e+03 5.620900164808108457e+01
2.398754999999999882e+01 3.271000000000000000e+03 3.237756620242803820e+03 3.324337975719618044e+01
2.400067999999999913e+01 3.250000000000000000e+03 3.237722914243905961e+03 1.227708575609403852e+01
2.401380999999999943e+01 3.310000000000000000e+03 3.237689879244869644e+03 7.231012075513035597e+01
2.402693999999999974e+01 3.308000000000000000e+03 3.237657514124804038e+03 7.034248587519596185e+01
2.404007000000000005e+01 3.225000000000000000e+03 3.237625817752341391e+03 -1.262581775234139059e+01
2.405320000000000036e+01 3.180000000000000000e+03 3.237594788985696596e+03 -5.759478898569659577e+01
2.406633000000000067e+01 3.150000000000000000e+03 3.237564426672719492e+03 -8.756442667271949176e+01
2.407946000000000097e+01 3.281000000000000000e+03 3.237534729650954887e+03 4.346527034904511311e+01
2.409259000000000128e+01 3.184000000000000000e+03 3.237505696747698494e+03 -5.350569674769849371e+01
2.410572000000000159e+01 3.247000000000000000e+03 3.237477326780053772e+03 9.522673219946227618e+00
2.411884999999999835e+01 3.295000000000000000e+03 3.237449618554991048e+03 5.755038144500895214e+01
2.413197999999999865e+01 3.207000000000000000e+03 3.237422570869398896e+03 -3.042257086939889632e+01
2.414510999999999896e+01 3.249000000000000000e+03 3.237396182510146446e+03 1.160381748985355443e+01
2.415823999999999927e+01 3.341000000000000000e+03 3.237370452254138854e+03 1.036295477458611458e+02
2.417136999999999958e+01 3.216000000000000000e+03 3.237345378868373245e+03 -2.134537886837324550e+01
2.418449999999999989e+01 3.210000000000000000e+03 3.237320961109996915e+03 -2.732096110999691518e+01
2.419763000000000019e+01 3.215000000000000000e+03 3.237297197726361446e+03 -2.229719772636144626e+01
2.421076000000000050e+01 3.238000000000000000e+03 3.237274087455084100e+03 7.259125449159000709e-01
2.422390000000000043e+01 3.233000000000000000e+03 3.237251612167517123e+03 -4.251612167517123453e+00
2.423703000000000074e+01 3.374000000000000000e+03 3.237229804790122216e+03 1.367701952098777838e+02
2.425016000000000105e+01 3.345000000000000000e+03 3.237208646679091999e+03 1.077913533209080015e+02
2.426329000000000136e+01 3.285000000000000000e+03 3.237188136533655324e+03 4.781186346634467554e+01
2.427642000000000166e+01 3.232000000000000000e+03 3.237168273043592308e+03 -5.168273043592307658e+00
2.428954999999999842e+01 3.247000000000000000e+03 3.237149054889282525e+03 9.850945110717475472e+00
2.430267999999999873e+01 3.305000000000000000e+03 3.237130480741769134e+03 6.786951925823086640e+01
2.431580999999999904e+01 3.206000000000000000e+03 3.237112549262812990e+03 -3.111254926281299049e+01
2.432893999999999934e+01 3.165000000000000000e+03 3.237095259104948127e+03 -7.209525910494812706e+01
2.434206999999999965e+01 3.213000000000000000e+03 3.237078608911542233e+03 -2.407860891154223282e+01
2.435519999999999996e+01 3.210000000000000000e+03 3.237062597316850315e+03 -2.706259731685031511e+01
2.436833000000000027e+01 3.296000000000000000e+03 3.237047222946070178e+03 5.895277705392982170e+01
2.438146000000000058e+01 3.250000000000000000e+03 3.237032484415404269e+03 1.296751558459573062e+01
2.439459000000000088e+01 3.172000000000000000e+03 3.237018380332113338e+03 -6.501838033211333823e+01
2.440772000000000119e+01 3.124000000000000000e+03 3.237004909294569643e+03 -1.130049092945696430e+02
2.442085000000000150e+01 3.278000000000000000e+03 3.236992069892321979e+03 4.100793010767802116e+01
2.443397999999999826e+01 3.258000000000000000e+03 3.236979860706141153e+03 2.102013929385884694e+01
2.444710999999999856e+01 3.248000000000000000e+03 3.236968280308090470e+03 1.103171969190952950e+01
2.446023999999999887e+01 3.181000000000000000e+03 3.236957327261568025e+03 -5.595732726156802528e+01
2.447336999999999918e+01 3.224000000000000000e+03 3.236947000121371730e+03 -1.294700012137172962e+01
2.448649999999999949e+01 3.166000000000000000e+03 3.236937297433756157e+03 -7.093729743375615726e+01
2.449962999999999980e+01 3.214000000000000000e+03 3.236928217736486204e+03 -2.292821773648620365e+01
2.451276000000000010e+01 3.204000000000000000e+03 3.236919759558891201e+03 -3.291975955889120087e+01
2.452589000000000041e+01 3.319000000000000000e+03 3.236911921421927218e+03 8.208807857807278197e+01
2.453902000000000072e+01 3.309000000000000000e+03 3.236904701838232086e+03 7.209529816176791428e+01
2.455215000000000103e+01 3.295000000000000000e+03 3.236898099312174963e+03 5.810190068782503658e+01
2.456528000000000134e+01 3.184000000000000000e+03 3.236892112339924552e+03 -5.289211233992455163e+01
2.457841000000000165e+01 3.288000000000000000e+03 3.236886739409492748e+03 5.111326059050725235e+01
2.459153999999999840e+01 3.202000000000000000e+03 3.236881979000802858e+03 -3.488197900080285763e+01
2.460466999999999871e+01 3.299000000000000000e+03 3.236877829585735071e+03 6.212217041426492870e+01
2.461779999999999902e+01 3.257000000000000000e+03 3.236874289628190127e+03 2.012571037180987332e+01
2.463092999999999932e+01 3.198000000000000000e+03 3.236871357584142515e+03 -3.887135758414251541e+01
2.464405999999999963e+01 3.224000000000000000e+03 3.236869031901700964e+03 -1.286903190170096423e+01
2.465718999999999994e+01 3.194000000000000000e+03 3.236867311021151181e+03 -4.286731102115118119e+01
2.467032000000000025e+01 3.323000000000000000e+03 3.236866193375031798e+03 8.613380662496820150e+01
2.468345000000000056e+01 3.207000000000000000e+03 3.236865677388173935e+03 -2.986567738817393547e+01
2.469659000000000049e+01 3.189000000000000000e+03 3.236865761770092377e+03 -4.786576177009237654e+01
2.470972000000000079e+01 3.316000000000000000e+03 3.236866444800938098e+03 7.913355519906190239e+01
2.472285000000000110e+01 3.208000000000000000e+03 3.236867724718675618e+03 -2.886772471867561762e+01
2.473598000000000141e+01 3.306000000000000000e+03 3.236869599917884898e+03 6.913040008211510212e+01
2.474911000000000172e+01 3.239000000000000000e+03 3.236872068785725332e+03 2.127931214274667582e+00
2.476223999999999847e+01 3.267000000000000000e+03 3.236875129701989863e+03 3.012487029801013705e+01
2.477536999999999878e+01 3.180000000000000000e+03 3.236878781039162277e+03 -5.687878103916227701e+01
2.478849999999999909e+01 3.267000000000000000e+03 3.236883021162467230e+03 3.011697883753276983e+01
2.480162999999999940e+01 3.379000000000000000e+03 3.236887848429935730e+03 1.421121515700642703e+02
2.481475999999999971e+01 3.160000000000000000e+03 3.236893261192454247e+03 -7.689326119245424707e+01
2.482789000000000001e+01 3.191000000000000000e+03 3.236899257793817469e+03 -4.589925779381746906e+01
2.484102000000000032e+01 3.273000000000000000e+03 3.236905836570790143e+03 3.609416342920985699e+01
2.485415000000000063e+01 3.259000000000000000e+03 3.236912995853161647e+03 2.208700414683835334e+01
2.486728000000000094e+01 3.267000000000000000e+03 3.236920733963796465e+03 3.007926603620353490e+01
2.488041000000000125e+01 3.281000000000000000e+03 3.236929049218693308e+03 4.407095078130669208e+01
2.489354000000000156e+01 3.236000000000000000e+03 3.236937939927042862e+03 -9.379399270428621094e-01
2.490666999999999831e+01 3.247000000000000000e+03 3.236947404391278724e+03 1.005259560872127622e+01
2.491979999999999862e+01 3.348000000000000000e+03 3.236957440907128330e+03 1.110425590928716701e+02
2.493292999999999893e+01 3.323000000000000000e+03 3.236968047763681625e+03 8.603195223631837507e+01
2.494605999999999923e+01 3.186000000000000000e+03 3.236979223243431989e+03 -5.097922324343198852e+01
2.495918999999999954e+01 3.203000000000000000e+03 3.236990965622341719e+03 -3.399096562234171870e+01
2.497231999999999985e+01 3.339000000000000000e+03 3.237003273169889781e+03 1.019967268301102195e+02
2.498545000000000016e+01 3.237000000000000000e+03 3.237016144149129104e+03 -1.614414912910433486e-02
2.499858000000000047e+01 3.346000000000000000e+03 3.237029576816744793e+03 1.089704231832552068e+02
2.501171000000000078e+01 3.268000000000000000e+03 3.237043569423101417e+03 3.095643057689858324e+01
2.502484000000000108e+01 3.290000000000000000e+03 3.237058120212306221e+03 5.294187978769377878e+01
2.503797000000000139e+01 3.253000000000000000e+03 3.237073227422254604e+03 1.592677257774539612e+01
2.505110000000000170e+01 3.226000000000000000e+03 3.237088889284696961e+03 -1.108888928469696111e+01
2.506422999999999845e+01 3.222000000000000000e+03 3.237105104025279616e+03 -1.510510402527961560e+01
2.507735999999999876e+01 3.178000000000000000e+03 3.237121869863609390e+03 -5.912186986360939045e+01
2.509048999999999907e+01 3.268000000000000000e+03 3.237139185013300448e+03 3.086081498669955181e+01
2.510361999999999938e+01 3.233000000000000000e+03 3.237157047682037501e+03 -4.157047682037500635e+00
2.511674999999999969e+01 3.200000000000000000e+03 3.237175456071621284e+03 -3.717545607162128363e+01
2.512988000000000000e+01 3.172000000000000000e+03 3.237194408378025400e+03 -6.519440837802540045e+01
2.514301000000000030e+01 3.261000000000000000e+03 3.237213902791458167e+03 2.378609720854183252e+01
2.515614000000000061e+01 3.344000000000000000e+03 3.237233937496399449e+03 1.067660625036005513e+02
2.516928000000000054e+01 3.313000000000000000e+03 3.237254526545251338e+03 7.574547345474866233e+01
2.518241000000000085e+01 3.225000000000000000e+03 3.237275636772088546e+03 -1.227563677208854642e+01
2.519554000000000116e+01 3.305000000000000000e+03 3.237297281808729167e+03 6.770271819127083290e+01
2.520867000000000147e+01 3.185000000000000000e+03 3.237319459817320876e+03 -5.231945981732087603e+01
2.522180000000000177e+01 3.248000000000000000e+03 3.237342168954564386e+03 1.065783104543561421e+01
2.523492999999999853e+01 3.376000000000000000e+03 3.237365407371764832e+03 1.386345926282351684e+02
2.524805999999999884e+01 3.221000000000000000e+03 3.237389173214885886e+03 -1.638917321488588641e+01
2.526118999999999915e+01 3.245000000000000000e+03 3.237413464624602511e+03 7.586535375397488679e+00
2.527431999999999945e+01 3.175000000000000000e+03 3.237438279736357345e+03 -6.243827973635734452e+01
2.528744999999999976e+01 3.303000000000000000e+03 3.237463616680407085e+03 6.553638331959291463e+01
2.530058000000000007e+01 3.266000000000000000e+03 3.237489473581886614e+03 2.851052641811338617e+01
2.531371000000000038e+01 3.215000000000000000e+03 3.237515848560851737e+03 -2.251584856085173669e+01
2.532684000000000069e+01 3.165000000000000000e+03 3.237542739732338305e+03 -7.254273973233830475e+01
2.533997000000000099e+01 3.339000000000000000e+03 3.237570145206409961e+03 1.014298547935900388e+02
2.535310000000000130e+01 3.271000000000000000e+03 3.237598063088219988e+03 3.340193691178001245e+01
2.536623000000000161e+01 3.287000000000000000e+03 3.237626491478055868e+03 4.937350852194413164e+01
2.537935999999999837e+01 3.256000000000000000e+03 3.237655428471395226e+03 1.834457152860477436e+01
2.539248999999999867e+01 3.354000000000000000e+03 3.237684872158956750e+03 1.163151278410432496e+02
2.540561999999999898e+01 3.296000000000000000e+03 3.237714820626757501e+03 5.828517937324249942e+01
2.541874999999999929e+01 3.187000000000000000e+03 3.237745271956158376e+03 -5.074527195615837627e+01
2.543187999999999960e+01 3.277000000000000000e+03 3.237776224223924601e+03 3.922377577607539934e+01
2.544500999999999991e+01 3.330000000000000000e+03 3.237807675502272104e+03 9.219232449772789550e+01
2.545814000000000021e+01 3.363000000000000000e+03 3.237839623858921641e+03 1.251603761410783591e+02
2.547127000000000052e+01 3.313000000000000000e+03 3.237872067357149263e+03 7.512793264285073747e+01
2.548440000000000083e+01 3.144000000000000000e+03 3.237905004055844529e+03 -9.390500405584452892e+01
2.549753000000000114e+01 3.227000000000000000e+03 3.237938432009553253e+03 -1.093843200955325301e+01
2.551066000000000145e+01 3.257000000000000000e+03 3.237972349268537528e+03 1.902765073146247232e+01
2.552379000000000175e+01 3.281000000000000000e+03 3.238006753878824838e+03 4.299324612117516153e+01
2.553691999999999851e+01 3.238000000000000000e+03 3.238041643882256722e+03 -4.164388225672155386e-02
2.555004999999999882e+01 3.258000000000000000e+03 3.238077017316545607e+03 1.992298268345439283e+01
2.556317999999999913e+01 3.291000000000000000e+03 3.238112872215324842e+03 5.288712778467515818e+01
2.557630999999999943e+01 3.285000000000000000e+03 3.238149206608195527e+03 4.685079339180447278e+01
2.558943999999999974e+01 3.380000000000000000e+03 3.238186018520784273e+03 1.418139814792157267e+02
2.560257000000000005e+01 3.322000000000000000e+03 3.238223305974791401e+03 8.377669402520859876e+01
2.561570000000000036e+01 3.235000000000000000e+03 3.238261066988045059e+03 -3.261066988045058679e+00
2.562884000000000029e+01 3.172000000000000000e+03 3.238299328872254591e+03 -6.629932887225459126e+01
2.564197000000000060e+01 3.261000000000000000e+03 3.238338031399119245e+03 2.266196860088075482e+01
2.565510000000000090e+01 3.184000000000000000e+03 3.238377201514450462e+03 -5.437720151445046213e+01
2.566823000000000121e+01 3.261000000000000000e+03 3.238416837221088372e+03 2.258316277891162827e+01
2.568136000000000152e+01 3.294000000000000000e+03 3.238456936518248312e+03 5.554306348175168750e+01
2.569448999999999828e+01 3.290000000000000000e+03 3.238497497401576311e+03 5.150250259842368905e+01
2.570761999999999858e+01 3.211000000000000000e+03 3.238538517863204106e+03 -2.753851786320410611e+01
2.572074999999999889e+01 3.228000000000000000e+03 3.238579995891790531e+03 -1.057999589179053146e+01
2.573387999999999920e+01 3.209000000000000000e+03 3.238621929472581996e+03 -2.962192947258199638e+01
2.574700999999999951e+01 3.164000000000000000e+03 3.238664316587452504e+03 -7.466431658745250388e+01
2.576013999999999982e+01 3.201000000000000000e+03 3.238707155214963677e+03 -3.770715521496367728e+01
2.577327000000000012e+01 3.279000000000000000e+03 3.238750443330406597e+03 4.024955666959340306e+01
2.578640000000000043e+01 3.292000000000000000e+03 3.238794178905857734e+03 5.320582109414226579e+01
2.579953000000000074e+01 3.240000000000000000e+03 3.238838359910226245e+03 1.161640089773754880e+00
2.581266000000000105e+01 3.350000000000000000e+03 3.238882984309302174e+03 1.111170156906978264e+02
2.582579000000000136e+01 3.203000000000000000e+03 3.238928050065809657e+03 -3.592805006580965710e+01
2.583892000000000166e+01 3.185000000000000000e+03 3.238973555139455129e+03 -5.397355513945512939e+01
2.585204999999999842e+01 3.107000000000000000e+03 3.239019497486973705e+03 -1.320194974869737052e+02
2.586517999999999873e+01 3.307000000000000000e+03 3.239065875062185569e+03 6.793412493781443118e+01
2.587830999999999904e+01 3.332000000000000000e+03 3.239112685816039630e+03 9.288731418396037043e+01
2.589143999999999934e+01 3.309000000000000000e+03 3.239159927696661725e+03 6.984007230333827465e+01
2.590456999999999965e+01 3.121000000000000000e+03 3.239207598649406009e+03 -1.182075986494060089e+02
2.591769999999999996e+01 3.198000000000000000e+03 3.239255696616907244e+03 -4.125569661690724388e+01
2.593083000000000027e+01 3.142000000000000000e+03 3.239304219539128098e+03 -9.730421953912809840e+01
2.594396000000000058e+01 3.433000000000000000e+03 3.239353165353398708e+03 1.936468346466012918e+02
2.595709000000000088e+01 3.378000000000000000e+03 3.239402531994480796e+03 1.385974680055192039e+02
2.597022000000000119e+01 3.257000000000000000e+03 3.239452317394602233e+03 1.754768260539776747e+01
2.598335000000000150e+01 3.372000000000000000e+03 3.239502519483513879e+03 1.324974805164861209e+02
2.599647999999999826e+01 3.264000000000000000e+03 3.239553136188535973e+03 2.444686381146402709e+01
2.600960999999999856e+01 3.225000000000000000e+03 3.239604165434609058e+03 -1.460416543460905814e+01
2.602273999999999887e+01 3.224000000000000000e+03 3.239655605144331730e+03 -1.565560514433173012e+01
2.603586999999999918e+01 3.219000000000000000e+03 3.239707453238020662e+03 -2.070745323802066196e+01
2.604899999999999949e+01 3.281000000000000000e+03 3.239759707633753351e+03 4.124029236624664918e+01
2.606212999999999980e+01 3.301000000000000000e+03 3.239812366247415866e+03 6.118763375258413362e+01
2.607526000000000010e+01 3.223000000000000000e+03 3.239865426992751964e+03 -1.686542699275196355e+01
2.608839000000000041e+01 3.322000000000000000e+03 3.239918887781406738e+03 8.208111221859326179e+01
2.610153000000000034e+01 3.228000000000000000e+03 3.239972787693713144e+03 -1.197278769371314411e+01
2.611466000000000065e+01 3.278000000000000000e+03 3.240027042596497267e+03 3.797295740350273263e+01
2.612779000000000096e+01 3.316000000000000000e+03 3.240081691263846096e+03 7.591830873615390374e+01
2.614092000000000127e+01 3.288000000000000000e+03 3.240136731599494851e+03 4.786326840050514875e+01
2.615405000000000157e+01 3.186000000000000000e+03 3.240192161505320200e+03 -5.419216150532020038e+01
2.616717999999999833e+01 3.367000000000000000e+03 3.240247978881385734e+03 1.267520211186142660e+02
2.618030999999999864e+01 3.244000000000000000e+03 3.240304181625989258e+03 3.695818374010741536e+00
2.619343999999999895e+01 3.193000000000000000e+03 3.240360767635709180e+03 -4.736076763570918047e+01
2.620656999999999925e+01 3.216000000000000000e+03 3.240417734805453620e+03 -2.441773480545361963e+01
2.621969999999999956e+01 3.107000000000000000e+03 3.240475081028499062e+03 -1.334750810284990621e+02
2.623282999999999987e+01 3.199000000000000000e+03 3.240532804196546749e+03 -4.153280419654674915e+01
2.624596000000000018e+01 3.197000000000000000e+03 3.240590902199763150e+03 -4.359090219976314984e+01
2.625909000000000049e+01 3.277000000000000000e+03 3.240649372926825890e+03 3.635062707317410968e+01
2.627222000000000079e+01 3.276000000000000000e+03 3.240708214264971502e+03 3.529178573502849758e+01
2.628535000000000110e+01 3.250000000000000000e+03 3.240767424100041808e+03 9.232575899958192167e+00
2.629848000000000141e+01 3.279000000000000000e+03 3.240827000316526664e+03 3.817299968347333561e+01
2.631161000000000172e+01 3.294000000000000000e+03 3.240886940797611715e+03 5.311305920238828548e+01
2.632473999999999847e+01 3.130000000000000000e+03 3.240947243425225679e+03 -1.109472434252256789e+02
2.633786999999999878e+01 3.312000000000000000e+03 3.241007906080080829e+03 7.099209391991917073e+01
2.635099999999999909e+01 3.249000000000000000e+03 3.241068926641723465e+03 7.931073358276535146e+00
2.636412999999999940e+01 3.322000000000000000e+03 3.241130302988574385e+03 8.086969701142561462e+01
2.637725999999999971e+01 3.226000000000000000e+03 3.241192032997977549e+03 -1.519203299797754880e+01
2.639039000000000001e+01 3.305000000000000000e+03 3.241254114546244182e+03 6.374588545375581816e+01
2.640352000000000032e+01 3.118000000000000000e+03 3.241316545508693707e+03 -1.233165455086937072e+02
2.641665000000000063e+01 3.282000000000000000e+03 3.241379323759707404e+03 4.062067624029259605e+01
2.642978000000000094e+01 3.252000000000000000e+03 3.241442447172761149e+03 1.055755282723885102e+01
2.644291000000000125e+01 3.249000000000000000e+03 3.241505913620478168e+03 7.494086379521831986e+00
2.645604000000000156e+01 3.257000000000000000e+03 3.241569720974671782e+03 1.543027902532821827e+01
2.646916999999999831e+01 3.262000000000000000e+03 3.241633867106389516e+03 2.036613289361048373e+01
2.648229999999999862e+01 3.187000000000000000e+03 3.241698349885952211e+03 -5.469834988595221148e+01
2.649542999999999893e+01 3.260000000000000000e+03 3.241763167183006317e+03 1.823683281699368308e+01
2.650855999999999923e+01 3.163000000000000000e+03 3.241828316866562091e+03 -7.882831686656209058e+01
2.652168999999999954e+01 3.268000000000000000e+03 3.241893796805038164e+03 2.610620319496183583e+01
2.653481999999999985e+01 3.248000000000000000e+03 3.241959604866305654e+03 6.040395133694346441e+00
2.654795000000000016e+01 3.185000000000000000e+03 3.242025738917730905e+03 -5.702573891773090509e+01
2.656108000000000047e+01 3.235000000000000000e+03 3.242092196826220516e+03 -7.092196826220515504e+00
2.657422000000000040e+01 3.299000000000000000e+03 3.242159027440673526e+03 5.684097255932647386e+01
2.658735000000000070e+01 3.220000000000000000e+03 3.242226126904972261e+03 -2.222612690497226140e+01
2.660048000000000101e+01 3.269000000000000000e+03 3.242293543823094296e+03 2.670645617690570361e+01
2.661361000000000132e+01 3.204000000000000000e+03 3.242361276060529690e+03 -3.836127606052968986e+01
2.662674000000000163e+01 3.206000000000000000e+03 3.242429321482524756e+03 -3.642932148252475599e+01
2.663986999999999838e+01 3.293000000000000000e+03 3.242497677954124356e+03 5.050232204587564411e+01
2.665299999999999869e+01 3.320000000000000000e+03 3.242566343340203730e+03 7.743365665979627011e+01
2.666612999999999900e+01 3.335000000000000000e+03 3.242635315505527615e+03 9.236468449447238527e+01
2.667925999999999931e+01 3.281000000000000000e+03 3.242704592314781621e+03 3.829540768521837890e+01
2.669238999999999962e+01 3.251000000000000000e+03 3.242774171632609978e+03 8.225828367390022322e+00
2.670551999999999992e+01 3.344000000000000000e+03 3.242844051323672829e+03 1.011559486763271707e+02
2.671865000000000023e+01 3.299000000000000000e+03 3.242914229252670793e+03 5.608577074732920664e+01
2.673178000000000054e+01 3.296000000000000000e+03 3.242984703284400894e+03 5.301529671559910639e+01
2.674491000000000085e+01 3.224000000000000000e+03 3.243055471283787938e+03 -1.905547128378793786e+01
2.675804000000000116e+01 3.375000000000000000e+03 3.243126531115931357e+03 1.318734688840686431e+02
2.677117000000000147e+01 3.293000000000000000e+03 3.243197880646145222e+03 4.980211935385477773e+01
2.678430000000000177e+01 3.268000000000000000e+03 3.243269517739995990e+03 2.473048226000400973e+01
2.679742999999999853e+01 3.294000000000000000e+03 3.243341440263349796e+03 5.065855973665020429e+01
2.681055999999999884e+01 3.236000000000000000e+03 3.243413646082407467e+03 -7.413646082407467475e+00
2.682368999999999915e+01 3.206000000000000000e+03 3.243486133063748184e+03 -3.748613306374818421e+01
2.683681999999999945e+01 3.271000000000000000e+03 3.243558899074373130e+03 2.744110092562686987e+01
2.684994999999999976e+01 3.166000000000000000e+03 3.243631941981733235e+03 -7.763194198173323457e+01
2.686308000000000007e+01 3.315000000000000000e+03 3.243705259653787380e+03 7.129474034621262035e+01
2.687621000000000038e+01 3.208000000000000000e+03 3.243778849959030140e+03 -3.577884995903013987e+01
2.688934000000000069e+01 3.266000000000000000e+03 3.243852710766535438e+03 2.214728923346456213e+01
2.690247000000000099e+01 3.282000000000000000e+03 3.243926839945996107e+03 3.807316005400389258e+01
2.691560000000000130e+01 3.176000000000000000e+03 3.244001235367763911e+03 -6.800123536776391120e+01
2.692873000000000161e+01 3.237000000000000000e+03 3.244075894902890013e+03 -7.075894902890013327e+00
2.694185999999999837e+01 3.186000000000000000e+03 3.244150816423161814e+03 -5.815081642316181387e+01
2.695498999999999867e+01 3.292000000000000000e+03 3.244225997801146150e+03 4.777400219885385013e+01
2.696811999999999898e+01 3.355000000000000000e+03 3.244301436910224311e+03 1.106985630897756891e+02
2.698124999999999929e+01 3.298000000000000000e+03 3.244377131624634785e+03 5.362286837536521489e+01
2.699437999999999960e+01 3.263000000000000000e+03 3.244453079819509639e+03 1.854692018049036051e+01
2.700750999999999991e+01 3.259000000000000000e+03 3.244529279370915901e+03 1.447072062908409862e+01
2.702064000000000021e+01 3.274000000000000000e+03 3.244605728155891029e+03 2.939427184410897098e+01
2.703377000000000052e+01 3.233000000000000000e+03 3.244682424052482929e+03 -1.168242405248292926e+01
2.704691000000000045e+01 3.314000000000000000e+03 3.244759423631920072e+03 6.924057636807992822e+01
2.706004000000000076e+01 3.225000000000000000e+03 3.244836607574292884e+03 -1.983660757429288424e+01
2.707317000000000107e+01 3.303000000000000000e+03 3.244914032267264702e+03 5.808596773273529834e+01
2.708630000000000138e+01 3.253000000000000000e+03 3.244991695593304939e+03 8.008304406695060607e+00
2.709943000000000168e+01 3.176000000000000000e+03 3.245069595436094005e+03 -6.906959543609400498e+01
2.711255999999999844e+01 3.187000000000000000e+03 3.245147729680545581e+03 -5.814772968054558078e+01
2.712568999999999875e+01 3.300000000000000000e+03 3.245226096212848915e+03 5.477390378715108454e+01
2.713881999999999906e+01 3.317000000000000000e+03 3.245304692920510661e+03 7.169530707948933923e+01
2.715194999999999936e+01 3.216000000000000000e+03 3.245383517692387613e+03 -2.938351769238761335e+01
2.716507999999999967e+01 3.374000000000000000e+03 3.245462568418725368e+03 1.285374315812746318e+02
2.717820999999999998e+01 3.193000000000000000e+03 3.245541842991192425e+03 -5.254184299119242496e+01
2.719134000000000029e+01 3.117000000000000000e+03 3.245621339302922934e+03 -1.286213393029229337e+02
2.720447000000000060e+01 3.270000000000000000e+03 3.245701055248548528e+03 2.429894475145147226e+01
2.721760000000000090e+01 3.190000000000000000e+03 3.245780988724235613e+03 -5.578098872423561261e+01
2.723073000000000121e+01 3.271000000000000000e+03 3.245861137627724929e+03 2.513886237227507081e+01
2.724386000000000152e+01 3.439000000000000000e+03 3.245941499858363841e+03 1.930585001416361592e+02
2.725698999999999828e+01 3.334000000000000000e+03 3.246022073317144532e+03 8.797792668285546824e+01
2.727011999999999858e+01 3.345000000000000000e+03 3.246102855906740388e+03 9.889714409325961242e+01
2.728324999999999889e+01 3.180000000000000000e+03 3.246183845531542829e+03 -6.618384553154282912e+01
2.729637999999999920e+01 3.268000000000000000e+03 3.246265040097689507e+03 2.173495990231049291e+01
2.730950999999999951e+01 3.161000000000000000e+03 3.246346437513114779e+03 -8.534643751311477899e+01
2.732263999999999982e+01 3.260000000000000000e+03 3.246428035687570627e+03 1.357196431242937251e+01
2.733577000000000012e+01 3.200000000000000000e+03 3.246509832532668497e+03 -4.650983253266849715e+01
2.734890000000000043e+01 3.197000000000000000e+03 3.246591825961914765e+03 -4.959182596191476478e+01
2.736203000000000074e+01 3.253000000000000000e+03 3.246674013890743026e+03 6.325986109256973577e+00
2.737516000000000105e+01 3.294000000000000000e+03 3.246756394236552751e+03 4.724360576344724905e+01
2.738829000000000136e+01 3.250000000000000000e+03 3.246838964918742022e+03 3.161035081257978163e+00
2.740142000000000166e+01 3.366000000000000000e+03 3.246921723858739824e+03 1.190782761412601758e+02
2.741454999999999842e+01 3.234000000000000000e+03 3.247004668980045608e+03 -1.300466898004560790e+01
2.742767999999999873e+01 3.253000000000000000e+03 3.247087798208257936e+03 5.912201791742063506e+00
2.744080999999999904e+01 3.411000000000000000e+03 3.247171109471114960e+03 1.638288905288850401e+02
2.745393999999999934e+01 3.192000000000000000e+03 3.247254600698523063e+03 -5.525460069852306333e+01
2.746706999999999965e+01 3.291000000000000000e+03 3.247338269822591883e+03 4.366173017740811702e+01
2.748019999999999996e+01 3.241000000000000000e+03 3.247422114777672505e+03 -6.422114777672504715e+00
2.749333000000000027e+01 3.249000000000000000e+03 3.247506133500383385e+03 1.493866499616615329e+00
2.750647000000000020e+01 3.291000000000000000e+03 3.247590388115226233e+03 4.340961188477376709e+01
2.751960000000000051e+01 3.217000000000000000e+03 3.247674748320735489e+03 -3.067474832073548896e+01
2.753273000000000081e+01 3.216000000000000000e+03 3.247759276116133606e+03 -3.175927611613360568e+01
2.754586000000000112e+01 3.312000000000000000e+03 3.247843969447465952e+03 6.415603055253404818e+01
2.755899000000000143e+01 3.350000000000000000e+03 3.247928826263207156e+03 1.020711737367928436e+02
2.757212000000000174e+01 3.184000000000000000e+03 3.248013844514309767e+03 -6.401384451430976696e+01
2.758524999999999849e+01 3.252000000000000000e+03 3.248099022154225622e+03 3.900977845774377784e+00
2.759837999999999880e+01 3.278000000000000000e+03 3.248184357138941778e+03 2.981564286105822248e+01
2.761150999999999911e+01 3.324000000000000000e+03 3.248269847427015065e+03 7.573015257298493452e+01
2.762463999999999942e+01 3.219000000000000000e+03 3.248355490979597562e+03 -2.935549097959756182e+01
2.763776999999999973e+01 3.234000000000000000e+03 3.248441285760480696e+03 -1.444128576048069590e+01
2.765090000000000003e+01 3.262000000000000000e+03 3.248527229736112986e+03 1.347277026388701415e+01
2.766403000000000034e+01 3.252000000000000000e+03 3.248613320875640966e+03 3.386679124359034176e+00
2.767716000000000065e+01 3.258000000000000000e+03 3.248699557150937380e+03 9.300442849062619644e+00
2.769029000000000096e+01 3.232000000000000000e+03 3.248785936536634381e+03 -1.678593653663438090e+01
2.770342000000000127e+01 3.213000000000000000e+03 3.248872457010156722e+03 -3.587245701015672239e+01
2.771655000000000157e+01 3.252000000000000000e+03 3.248959116551741772e+03 3.040883448258227872e+00
2.772967999999999833e+01 3.253000000000000000e+03 3.249045913144489532e+03 3.954086855510468013e+00
2.774280999999999864e+01 3.373000000000000000e+03 3.249132844774376281e+03 1.238671552256237192e+02
2.775593999999999895e+01 3.208000000000000000e+03 3.249219909430290954e+03 -4.121990943029095433e+01
2.776906999999999925e+01 3.282000000000000000e+03 3.249307105104071979e+03 3.269289489592802056e+01
2.778219999999999956e+01 3.276000000000000000e+03 3.249394429790529102e+03 2.660557020947089768e+01
2.779532999999999987e+01 3.204000000000000000e+03 3.249481881487475221e+03 -4.548188148747522064e+01
2.780846000000000018e+01 3.313000000000000000e+03 3.249569458195760944e+03 6.343054180423905564e+01
2.782159000000000049e+01 3.282000000000000000e+03 3.249657157919304609e+03 3.234284208069539091e+01
2.783472000000000079e+01 3.319000000000000000e+03 3.249744978665113194e+03 6.925502133488680556e+01
2.784785000000000110e+01 3.293000000000000000e+03 3.249832918443319613e+03 4.316708155668038671e+01
2.786098000000000141e+01 3.385000000000000000e+03 3.249920975267216818e+03 1.350790247327831821e+02
2.787411000000000172e+01 3.216000000000000000e+03 3.250009147153273261e+03 -3.400914715327326121e+01
2.788723999999999847e+01 3.213000000000000000e+03 3.250097432121175643e+03 -3.709743212117564326e+01
2.790036999999999878e+01 3.259000000000000000e+03 3.250185828193850739e+03 8.814171806149261101e+00
2.791349999999999909e+01 3.296000000000000000e+03 3.250274333397495411e+03 4.572566660250458881e+01
2.792662999999999940e+01 3.279000000000000000e+03 3.250362945761607079e+03 2.863705423839292052e+01
2.793975999999999971e+01 3.233000000000000000e+03 3.250451663319012368e+03 -1.745166331901236845e+01
2.795289000000000001e+01 3.267000000000000000e+03 3.250540484105893484e+03 1.645951589410651650e+01
2.796602000000000032e+01 3.157000000000000000e+03 3.250629406161816405e+03 -9.362940616181640507e+01
2.797916000000000025e+01 3.288000000000000000e+03 3.250718495367090327e+03 3.728150463290967309e+01
2.799229000000000056e+01 3.352000000000000000e+03 3.250807614166893472e+03 1.011923858331065276e+02
2.800542000000000087e+01 3.251000000000000000e+03 3.250896828373550306e+03 1.031716264496935764e-01
2.801855000000000118e+01 3.226000000000000000e+03 3.250986136040456586e+03 -2.498613604045658576e+01
2.803168000000000148e+01 3.266000000000000000e+03 3.251075535224528721e+03 1.492446477547127870e+01
2.804480999999999824e+01 3.325000000000000000e+03 3.251165023986236065e+03 7.383497601376393504e+01
2.805793999999999855e+01 3.227000000000000000e+03 3.251254600389627285e+03 -2.425460038962728504e+01
2.807106999999999886e+01 3.241000000000000000e+03 3.251344262502361289e+03 -1.034426250236128908e+01
2.808419999999999916e+01 3.256000000000000000e+03 3.251434008395727233e+03 4.565991604272767290e+00
2.809732999999999947e+01 3.174000000000000000e+03 3.251523836144675442e+03 -7.752383614467544248e+01
2.811045999999999978e+01 3.234000000000000000e+03 3.251613743827848339e+03 -1.761374382784833870e+01
2.812359000000000009e+01 3.299000000000000000e+03 3.251703729527596352e+03 4.729627047240364845e+01
2.813672000000000040e+01 3.350000000000000000e+03 3.251793791330016575e+03 9.820620866998342535e+01
2.814985000000000070e+01 3.225000000000000000e+03 3.251883927324968226e+03 -2.688392732496822646e+01
2.816298000000000101e+01 3.304000000000000000e+03 3.251974135606109485e+03 5.202586439389051520e+01
2.817611000000000132e+01 3.345000000000000000e+03 3.252064414270910220e+03 9.293558572908978022e+01
2.818924000000000163e+01 3.283000000000000000e+03 3.252154761420694285e+03 3.084523857930571467e+01
2.820236999999999838e+01 3.204000000000000000e+03 3.252245175160647250e+03 -4.824517516064724987e+01
2.821549999999999869e+01 3.256000000000000000e+03 3.252335653599860052e+03 3.664346400139947946e+00
2.822862999999999900e+01 3.310000000000000000e+03 3.252960595743937574e+03 5.703940425606242570e+01
2.824175999999999931e+01 3.218000000000000000e+03 3.253054348153642422e+03 -3.505434815364242240e+01
2.825488999999999962e+01 3.211000000000000000e+03 3.253148187549411887e+03 -4.214818754941188672e+01
2.826801999999999992e+01 3.233000000000000000e+03 3.253242112387443285e+03 -2.024211238744328512e+01
2.828115000000000023e+01 3.267000000000000000e+03 3.253336121132875178e+03 1.366387886712482214e+01
2.829428000000000054e+01 3.313000000000000000e+03 3.253709820432086872e+03 5.929017956791312827e+01
2.830741000000000085e+01 3.237000000000000000e+03 3.253805633905809373e+03 -1.680563390580937266e+01
2.832054000000000116e+01 3.206000000000000000e+03 3.253901541233655735e+03 -4.790154123365573469e+01
2.833367000000000147e+01 3.300000000000000000e+03 3.253997541088891921e+03 4.600245891110807861e+01
2.834680000000000177e+01 3.293000000000000000e+03 3.254093632156846979e+03 3.890636784315302066e+01
2.835992999999999853e+01 3.235000000000000000e+03 3.254189813135073564e+03 -1.918981313507356390e+01
2.837305999999999884e+01 3.296000000000000000e+03 3.254286082733530748e+03 4.171391726646925235e+01
2.838618999999999915e+01 3.199000000000000000e+03 3.254382439674744546e+03 -5.538243967474454621e+01
2.839931999999999945e+01 3.275000000000000000e+03 3.254478882693991636e+03 2.052111730600836381e+01
2.841244999999999976e+01 3.370000000000000000e+03 3.254575410539473523e+03 1.154245894605264766e+02
2.842558000000000007e+01 3.261000000000000000e+03 3.254672021972499351e+03 6.327978027500648750e+00
2.843871000000000038e+01 3.261000000000000000e+03 3.254768715767675531e+03 6.231284232324469485e+00
2.845185000000000031e+01 3.182000000000000000e+03 3.254865564448921305e+03 -7.286556444892130457e+01
2.846498000000000062e+01 3.302000000000000000e+03 3.254962419406771460e+03 4.703758059322854024e+01
2.847811000000000092e+01 3.320000000000000000e+03 3.255059353131353873e+03 6.494064686864612668e+01
2.849124000000000123e+01 3.277000000000000000e+03 3.255156364452376238e+03 2.184363554762376225e+01
2.850437000000000154e+01 3.282000000000000000e+03 3.255253452213827131e+03 2.674654778617286865e+01
2.851749999999999829e+01 3.277000000000000000e+03 3.255350615274166557e+03 2.164938472583344264e+01
2.853062999999999860e+01 3.218000000000000000e+03 3.255447852506544223e+03 -3.744785250654422271e+01
2.854375999999999891e+01 3.260000000000000000e+03 3.255545162799020545e+03 4.454837200979454792e+00
2.855688999999999922e+01 3.192000000000000000e+03 3.255642545054769471e+03 -6.364254505476947088e+01
2.857001999999999953e+01 3.265000000000000000e+03 3.255739998192315397e+03 9.260001807684602682e+00
2.858314999999999984e+01 3.287000000000000000e+03 3.255837521145754636e+03 3.116247885424536435e+01
2.859628000000000014e+01 3.341000000000000000e+03 3.255935112864990060e+03 8.506488713500993981e+01
2.860941000000000045e+01 3.390000000000000000e+03 3.256032772315961665e+03 1.339672276840383347e+02
2.862254000000000076e+01 3.239000000000000000e+03 3.256130498480890765e+03 -1.713049848089076477e+01
2.863567000000000107e+01 3.275000000000000000e+03 3.256228290358528284e+03 1.877170964147171617e+01
2.864880000000000138e+01 3.245000000000000000e+03 3.256326146964401232e+03 -1.132614696440123225e+01
2.866193000000000168e+01 3.260000000000000000e+03 3.256424067331070546e+03 3.575932668929453939e+00
2.867505999999999844e+01 3.205000000000000000e+03 3.256522050508389839e+03 -5.152205050838983880e+01
2.868818999999999875e+01 3.239000000000000000e+03 3.256620095563773248e+03 -1.762009556377324770e+01
2.870131999999999906e+01 3.219000000000000000e+03 3.256718201582469646e+03 -3.771820158246964638e+01
2.871444999999999936e+01 3.190000000000000000e+03 3.256816367667831855e+03 -6.681636766783185521e+01
2.872757999999999967e+01 3.324000000000000000e+03 3.256914592941606770e+03 6.708540705839322982e+01
2.874070999999999998e+01 3.360000000000000000e+03 3.257012876544225492e+03 1.029871234557745083e+02
2.875384000000000029e+01 3.245000000000000000e+03 3.257111217635089815e+03 -1.211121763508981530e+01
2.876697000000000060e+01 3.204000000000000000e+03 3.257209615392882370e+03 -5.320961539288236963e+01
2.878010000000000090e+01 3.231000000000000000e+03 3.257308069015868568e+03 -2.630806901586856839e+01
2.879323000000000121e+01 3.299000000000000000e+03 3.257406577722214934e+03 4.159342227778506640e+01
2.880636000000000152e+01 3.218000000000000000e+03 3.257505140750306964e+03 -3.950514075030696404e+01
2.881948999999999828e+01 3.282000000000000000e+03 3.257603757359080191e+03 2.439624264091980876e+01
2.883261999999999858e+01 3.194000000000000000e+03 3.257702426828347598e+03 -6.370242682834759762e+01
2.884574999999999889e+01 3.244000000000000000e+03 3.257801148459158412e+03 -1.380114845915841215e+01
2.885887999999999920e+01 3.277000000000000000e+03 3.257899921574128257e+03 1.910007842587174309e+01
2.887200999999999951e+01 3.308000000000000000e+03 3.257998745517812495e+03 5.000125448218750535e+01
2.888513999999999982e+01 3.205000000000000000e+03 3.258097619657065479e+03 -5.309761965706547926e+01
2.889827000000000012e+01 3.369000000000000000e+03 3.258196543381413449e+03 1.108034566185865515e+02
2.891141000000000005e+01 3.359000000000000000e+03 3.258295591501041145e+03 1.007044084989588555e+02
2.892454000000000036e+01 3.204000000000000000e+03 3.258394612693459749e+03 -5.439461269345974870e+01
2.893767000000000067e+01 3.259000000000000000e+03 3.258493681779065355e+03 5.063182209346450691e-01
2.895080000000000098e+01 3.204000000000000000e+03 3.258592798242014851e+03 -5.459279824201485098e+01
2.896393000000000129e+01 3.280000000000000000e+03 3.258691961591138806e+03 2.130803840886119360e+01
2.897706000000000159e+01 3.263000000000000000e+03 3.258791171360372573e+03 4.208828639627427037e+00
2.899018999999999835e+01 3.248000000000000000e+03 3.258890427109196935e+03 -1.089042710919693491e+01
2.900331999999999866e+01 3.340000000000000000e+03 3.258989728423078759e+03 8.101027157692124092e+01
2.901644999999999897e+01 3.284000000000000000e+03 3.259089074913942113e+03 2.491092508605788680e+01
2.902957999999999927e+01 3.244000000000000000e+03 3.259188466220628470e+03 -1.518846622062847018e+01
2.904270999999999958e+01 3.308000000000000000e+03 3.259287902009381014e+03 4.871209799061898593e+01
2.905583999999999989e+01 3.288000000000000000e+03 3.259387381974341679e+03 2.861261802565832113e+01
2.906897000000000020e+01 3.129000000000000000e+03 3.259486905838045914e+03 -1.304869058380459137e+02
2.908210000000000051e+01 3.306000000000000000e+03 3.259586473351954282e+03 4.641352664804571759e+01
2.909523000000000081e+01 3.349000000000000000e+03 3.259686084296964054e+03 8.931391570303594563e+01
2.910836000000000112e+01 3.289000000000000000e+03 3.259785738483968544e+03 2.921426151603145627e+01
2.912149000000000143e+01 3.226000000000000000e+03 3.259885435754398259e+03 -3.388543575439825872e+01
2.913462000000000174e+01 3.155000000000000000e+03 3.259985175980803888e+03 -1.049851759808038878e+02
2.914774999999999849e+01 3.247000000000000000e+03 3.260084959067424734e+03 -1.308495906742473380e+01
2.916087999999999880e+01 3.303000000000000000e+03 3.260184784950801713e+03 4.281521504919828658e+01
2.917400999999999911e+01 3.288000000000000000e+03 3.260284653600376259e+03 2.771534639962374058e+01
2.918713999999999942e+01 3.183000000000000000e+03 3.260384565019129241e+03 -7.738456501912924068e+01
2.920026999999999973e+01 3.323000000000000000e+03 3.260484519244220792e+03 6.251548075577920827e+01
2.921340000000000003e+01 3.182000000000000000e+03 3.260584516347647423e+03 -7.858451634764742266e+01
2.922653000000000034e+01 3.231000000000000000e+03 3.260684556436926869e+03 -2.968455643692686863e+01
2.923966000000000065e+01 3.300000000000000000e+03 3.260784639655786577e+03 3.921536034421342265e+01
2.925279000000000096e+01 3.284000000000000000e+03 3.260884766184877662e+03 2.311523381512233755e+01
2.926592000000000127e+01 3.330000000000000000e+03 3.260984936242505228e+03 6.901506375749477229e+01
2.927905000000000157e+01 3.348000000000000000e+03 3.261085150085381429e+03 8.691484991461857135e+01
2.929217999999999833e+01 3.249000000000000000e+03 3.261185408009392631e+03 -1.218540800939263136e+01
2.930530999999999864e+01 3.266000000000000000e+03 3.261285710350383397e+03 4.714289649616603128e+00
2.931843999999999895e+01 3.271000000000000000e+03 3.261386057484983212e+03 9.613942515016788093e+00
2.933156999999999925e+01 3.221000000000000000e+03 3.261486449831415939e+03 -4.048644983141593912e+01
2.934469999999999956e+01 3.245000000000000000e+03 3.261586887850372023e+03 -1.658688785037202251e+01
2.935782999999999987e+01 3.298000000000000000e+03 3.261687372045879329e+03 3.631262795412067135e+01
2.937096000000000018e+01 3.405000000000000000e+03 3.261787902966199908e+03 1.432120970338000916e+02
2.938410000000000011e+01 3.314000000000000000e+03 3.261888557824805957e+03 5.211144217519404265e+01
2.939723000000000042e+01 3.266000000000000000e+03 3.261989184057918010e+03 4.010815942081990215e+00
2.941036000000000072e+01 3.223000000000000000e+03 3.262089858935969460e+03 -3.908985893596945971e+01
2.942349000000000103e+01 3.246000000000000000e+03 3.262190583193709244e+03 -1.619058319370924437e+01
2.943662000000000134e+01 3.345000000000000000e+03 3.262291357615005836e+03 8.270864238499416388e+01
2.944975000000000165e+01 3.356000000000000000e+03 3.262392183033907259e+03 9.360781696609274150e+01
2.946287999999999840e+01 3.294000000000000000e+03 3.262493060335727932e+03 3.150693966427206760e+01
2.947600999999999871e+01 3.194000000000000000e+03 3.262593990458160988e+03 -6.859399045816098806e+01
2.948913999999999902e+01 3.265000000000000000e+03 3.262694974392436961e+03 2.305025607563038648e+00
2.950226999999999933e+01 3.311000000000000000e+03 3.262796013184499316e+03 4.820398681550068432e+01
2.951539999999999964e+01 3.234000000000000000e+03 3.262897107936215889e+03 -2.889710793621588891e+01
2.952852999999999994e+01 3.389000000000000000e+03 3.262998259806641272e+03 1.260017401933587280e+02
2.954166000000000025e+01 3.313000000000000000e+03 3.263099470013284645e+03 4.990052998671535534e+01
2.955479000000000056e+01 3.192000000000000000e+03 3.263200739833444459e+03 -7.120073983344445878e+01
2.956792000000000087e+01 3.318000000000000000e+03 3.263302070605561767e+03 5.469792939443823343e+01
2.958105000000000118e+01 3.257000000000000000e+03 3.263403463730623571e+03 -6.403463730623570882e+00
2.959418000000000148e+01 3.187000000000000000e+03 3.263504920673599372e+03 -7.650492067359937209e+01
2.960730999999999824e+01 3.252000000000000000e+03 3.263606442964921825e+03 -1.160644296492182548e+01
2.962043999999999855e+01 3.245000000000000000e+03 3.263708032202015147e+03 -1.870803220201514705e+01
2.963356999999999886e+01 3.322000000000000000e+03 3.263809690050861718e+03 5.819030994913828181e+01
2.964669999999999916e+01 3.344000000000000000e+03 3.263911418247628262e+03 8.008858175237173782e+01
2.965982999999999947e+01 3.316000000000000000e+03 3.264013218600316577e+03 5.198678139968342293e+01
2.967295999999999978e+01 3.389000000000000000e+03 3.264115092990483845e+03 1.248849070095161551e+02
2.968609000000000009e+01 3.402000000000000000e+03 3.264217043375012508e+03 1.377829566249874915e+02
2.969922000000000040e+01 3.190000000000000000e+03 3.264319071787921530e+03 -7.431907178792152990e+01
2.971235000000000070e+01 3.347000000000000000e+03 3.264421180342249954e+03 8.257881965775004574e+01
2.972548000000000101e+01 3.322000000000000000e+03 3.264523371231977308e+03 5.747662876802269238e+01
2.973861000000000132e+01 3.262000000000000000e+03 3.264625646734022666e+03 -2.625646734022666351e+00
2.975174000000000163e+01 3.352000000000000000e+03 3.264728009210292385e+03 8.727199078970761548e+01
2.976486999999999838e+01 3.290000000000000000e+03 3.264830461109789667e+03 2.516953889021033319e+01
2.977799999999999869e+01 3.320000000000000000e+03 3.264933004970807815e+03 5.506699502919218503e+01
2.979112999999999900e+01 3.225000000000000000e+03 3.265035643423163037e+03 -4.003564342316303737e+01
2.980425999999999931e+01 3.163000000000000000e+03 3.265138379190524120e+03 -1.021383791905241196e+02
2.981738999999999962e+01 3.380000000000000000e+03 3.265241215092798484e+03 1.147587849072015160e+02
2.983051999999999992e+01 3.273000000000000000e+03 3.265344154048599194e+03 7.655845951400806371e+00
2.984365000000000023e+01 3.232000000000000000e+03 3.265447199077791538e+03 -3.344719907779153800e+01
2.985679000000000016e+01 3.166000000000000000e+03 3.265550431910319730e+03 -9.955043191031973038e+01
2.986992000000000047e+01 3.325000000000000000e+03 3.265653698651008654e+03 5.934630134899134646e+01
2.988305000000000078e+01 3.302000000000000000e+03 3.265757081161473707e+03 3.624291883852629326e+01
2.989618000000000109e+01 3.314000000000000000e+03 3.265860582893802075e+03 4.813941710619792502e+01
2.990931000000000139e+01 3.287000000000000000e+03 3.265964207415334840e+03 2.103579258466515967e+01
2.992244000000000170e+01 3.356000000000000000e+03 3.266067958411755626e+03 8.993204158824437400e+01
2.993556999999999846e+01 3.281000000000000000e+03 3.266171839690272009e+03 1.482816030972799126e+01
2.994869999999999877e+01 3.345000000000000000e+03 3.266275855182897430e+03 7.872414481710256950e+01
2.996182999999999907e+01 3.344000000000000000e+03 3.266380008949848616e+03 7.761999105015138412e+01
2.997495999999999938e+01 3.185000000000000000e+03 3.266484305183053038e+03 -8.148430518305303849e+01
2.998808999999999969e+01 3.249000000000000000e+03 3.266588748209775531e+03 -1.758874820977553100e+01
3.000122000000000000e+01 3.350000000000000000e+03 3.266693342496368132e+03 8.330665750363186817e+01
3.001435000000000031e+01 3.282000000000000000e+03 3.266798092652141804e+03 1.520190734785819586e+01
3.002748000000000062e+01 3.292000000000000000e+03 3.266903003433370486e+03 2.509699656662951384e+01
3.004061000000000092e+01 3.314000000000000000e+03 3.267008079747444299e+03 4.699192025255570115e+01
3.005374000000000123e+01 3.314000000000000000e+03 3.267113326657143716e+03 4.688667334285628385e+01
3.006687000000000154e+01 3.280000000000000000e+03 3.267218749385078809e+03 1.278125061492119130e+01
3.007999999999999829e+01 3.286000000000000000e+03 3.267324353318276280e+03 1.867564668172371967e+01
3.009312999999999860e+01 3.355000000000000000e+03 3.267430144012925211e+03 8.756985598707478857e+01
3.010625999999999891e+01 3.257000000000000000e+03 3.267536127199295606e+03 -1.053612719929560626e+01
3.011938999999999922e+01 3.212000000000000000e+03 3.267642308786815192e+03 -5.564230878681519243e+01
3.013251999999999953e+01 3.357000000000000000e+03 3.267748694869346764e+03 8.925130513065323612e+01
3.014564999999999984e+01 3.316000000000000000e+03 3.267855291730634235e+03 4.814470826936576486e+01
3.015878000000000014e+01 3.437000000000000000e+03 3.267962105849961063e+03 1.690378941500389374e+02
3.017191000000000045e+01 3.259000000000000000e+03 3.268069143907992384e+03 -9.069143907992383902e+00
3.018504000000000076e+01 3.209000000000000000e+03 3.268176412792845440e+03 -5.917641279284543998e+01
3.019817000000000107e+01 3.352000000000000000e+03 3.268283919606375548e+03 8.371608039362445197e+01
3.021130000000000138e+01 3.247000000000000000e+03 3.268391671670685355e+03 -2.139167167068535491e+01
3.022443000000000168e+01 3.272000000000000000e+03 3.268499676534879200e+03 3.500323465120800392e+00
3.023755999999999844e+01 3.245000000000000000e+03 3.268607941982068496e+03 -2.360794198206849615e+01
3.025068999999999875e+01 3.315000000000000000e+03 3.268716476036634958e+03 4.628352396336504171e+01
3.026381999999999906e+01 3.263000000000000000e+03 3.268825286971760306e+03 -5.825286971760306187e+00
3.027694999999999936e+01 3.243000000000000000e+03 3.268934383317246102e+03 -2.593438331724610180e+01
3.029007999999999967e+01 3.330000000000000000e+03 3.269043773867622804e+03 6.095622613237719634e+01
3.030320999999999998e+01 3.258000000000000000e+03 3.269153467690570778e+03 -1.115346769057077836e+01
3.031634000000000029e+01 3.238000000000000000e+03 3.269263474135662818e+03 -3.126347413566281830e+01
3.032948000000000022e+01 3.227000000000000000e+03 3.269373886996711462e+03 -4.237388699671146242e+01
3.034261000000000053e+01 3.245000000000000000e+03 3.269484548164964508e+03 -2.448454816496450803e+01
3.035574000000000083e+01 3.318000000000000000e+03 3.269595551795860956e+03 4.840444820413904381e+01
3.036887000000000114e+01 3.227000000000000000e+03 3.269706908461114836e+03 -4.270690846111483552e+01
3.038200000000000145e+01 3.286000000000000000e+03 3.269818629063373010e+03 1.618137093662699044e+01
3.039513000000000176e+01 3.258000000000000000e+03 3.269930724847210513e+03 -1.193072484721051296e+01
3.040825999999999851e+01 3.294000000000000000e+03 3.270043207410551531e+03 2.395679258944846879e+01
3.042138999999999882e+01 3.194000000000000000e+03 3.270156088716554223e+03 -7.615608871655422263e+01
3.043451999999999913e+01 3.310000000000000000e+03 3.270269381105968478e+03 3.973061889403152236e+01
3.044764999999999944e+01 3.253000000000000000e+03 3.270383097309988443e+03 -1.738309730998844316e+01
3.046077999999999975e+01 3.296000000000000000e+03 3.270497250463639375e+03 2.550274953636062492e+01
3.047391000000000005e+01 3.325000000000000000e+03 3.270611854119694726e+03 5.438814588030527375e+01
3.048704000000000036e+01 3.435000000000000000e+03 3.270726922263176675e+03 1.642730777368233248e+02
3.050017000000000067e+01 3.287000000000000000e+03 3.270842469326462378e+03 1.615753067353762162e+01
3.051330000000000098e+01 3.324000000000000000e+03 3.270958510204986851e+03 5.304148979501314898e+01
3.052643000000000129e+01 3.298000000000000000e+03 3.271075060273644340e+03 2.692493972635566024e+01
3.053956000000000159e+01 3.383000000000000000e+03 3.271192135403849534e+03 1.118078645961504662e+02
3.055268999999999835e+01 3.298000000000000000e+03 3.271309751981330919e+03 2.669024801866908092e+01
3.056581999999999866e+01 3.266000000000000000e+03 3.271427926924684925e+03 -5.427926924684925325e+00
3.057894999999999897e+01 3.213000000000000000e+03 3.271546677704721787e+03 -5.854667770472178745e+01
3.059207999999999927e+01 3.254000000000000000e+03 3.271666022364634955e+03 -1.766602236463495501e+01
3.060520999999999958e+01 3.181000000000000000e+03 3.271785979541074539e+03 -9.078597954107453916e+01
3.061833999999999989e+01 3.232000000000000000e+03 3.271906568486101605e+03 -3.990656848610160523e+01
3.063147000000000020e+01 3.300000000000000000e+03 3.272027809090144729e+03 2.797219090985527146e+01
3.064460000000000051e+01 3.347000000000000000e+03 3.272149721905939259e+03 7.485027809406074084e+01
3.065773000000000081e+01 3.318000000000000000e+03 3.272272328173551159e+03 4.572767182644884087e+01
3.067086000000000112e+01 3.185000000000000000e+03 3.272395649846518609e+03 -8.739564984651860868e+01
3.068399000000000143e+01 3.263000000000000000e+03 3.272519709619161858e+03 -9.519709619161858427e+00
3.069712000000000174e+01 3.158000000000000000e+03 3.272644530955143637e+03 -1.146445309551436367e+02
3.071024999999999849e+01 3.205000000000000000e+03 3.272770138117324677e+03 -6.777013811732467730e+01
3.072337999999999880e+01 3.255000000000000000e+03 3.272896556198993039e+03 -1.789655619899303929e+01
3.073650999999999911e+01 3.301000000000000000e+03 3.273023811156540887e+03 2.797618884345911283e+01
3.074963999999999942e+01 3.386000000000000000e+03 3.273151929843656490e+03 1.128480701563435105e+02
3.076276999999999973e+01 3.308000000000000000e+03 3.273280940047127842e+03 3.471905995287215774e+01
3.077590000000000003e+01 3.264000000000000000e+03 3.273410870524325674e+03 -9.410870524325673614e+00
3.078903999999999996e+01 3.297000000000000000e+03 3.273541851092811157e+03 2.345814890718884271e+01
3.080217000000000027e+01 3.221000000000000000e+03 3.273673713229186433e+03 -5.267371322918643273e+01
3.081530000000000058e+01 3.268000000000000000e+03 3.273806588161815398e+03 -5.806588161815398053e+00
3.082843000000000089e+01 3.345000000000000000e+03 3.273940508943281202e+03 7.105949105671879806e+01
3.084156000000000120e+01 3.321000000000000000e+03 3.274075509812977543e+03 4.692449018702245667e+01
3.085469000000000150e+01 3.282000000000000000e+03 3.274211626246867581e+03 7.788373753132418642e+00
3.086781999999999826e+01 3.305000000000000000e+03 3.274348895009721673e+03 3.065110499027832702e+01
3.088094999999999857e+01 3.288000000000000000e+03 3.274487354209935347e+03 1.351264579006465283e+01
3.089407999999999888e+01 3.234000000000000000e+03 3.274627043357122602e+03 -4.062704335712260217e+01
3.090720999999999918e+01 3.315000000000000000e+03 3.274768003422613674e+03 4.023199657738632595e+01
3.092033999999999949e+01 3.355000000000000000e+03 3.274910276903037811e+03 8.008972309696218872e+01
3.093346999999999980e+01 3.245000000000000000e+03 3.275053907887172954e+03 -3.005390788717295436e+01
3.094660000000000011e+01 3.289000000000000000e+03 3.275198942126243310e+03 1.380105787375669024e+01
3.095973000000000042e+01 3.257000000000000000e+03 3.275345427107900377e+03 -1.834542710790037745e+01
3.097286000000000072e+01 3.273000000000000000e+03 3.275493412134058417e+03 -2.493412134058416996e+00
3.098599000000000103e+01 3.242000000000000000e+03 3.275642948402881757e+03 -3.364294840288175692e+01
3.099912000000000134e+01 3.334000000000000000e+03 3.275794089095105392e+03 5.820591090489460839e+01
3.101225000000000165e+01 3.248000000000000000e+03 3.275946889465018103e+03 -2.794688946501810278e+01
3.102537999999999840e+01 3.392000000000000000e+03 3.276101406936366857e+03 1.158985930636331432e+02
3.103850999999999871e+01 3.244000000000000000e+03 3.276257701203473061e+03 -3.225770120347306147e+01
3.105163999999999902e+01 3.308000000000000000e+03 3.276415834337932210e+03 3.158416566206778953e+01
3.106476999999999933e+01 3.220000000000000000e+03 3.276575870901207054e+03 -5.657587090120705398e+01
3.107789999999999964e+01 3.307000000000000000e+03 3.276737878063517655e+03 3.026212193648234461e+01
3.109102999999999994e+01 3.263000000000000000e+03 3.276901925729427603e+03 -1.390192572942760307e+01
3.110416000000000025e+01 3.165000000000000000e+03 3.277068086670547018e+03 -1.120680866705470180e+02
3.111729000000000056e+01 3.330000000000000000e+03 3.277236436665837573e+03 5.276356333416242705e+01
3.113042000000000087e+01 3.274000000000000000e+03 3.277407054650008376e+03 -3.407054650008376484e+00
3.114355000000000118e+01 3.284000000000000000e+03 3.277580022870549328e+03 6.419977129450671782e+00
3.115668000000000148e+01 3.188000000000000000e+03 3.277755427053966741e+03 -8.975542705396674137e+01
3.116980999999999824e+01 3.307000000000000000e+03 3.277933356581861062e+03 2.906664341813893770e+01
3.118293999999999855e+01 3.387000000000000000e+03 3.278113904677499249e+03 1.088860953225007506e+02
3.119606999999999886e+01 3.287000000000000000e+03 3.278297168603629416e+03 8.702831396370584116e+00
3.120919999999999916e+01 3.228000000000000000e+03 3.278483249872280339e+03 -5.048324987228033933e+01
3.122232999999999947e+01 3.343000000000000000e+03 3.278672254467427138e+03 6.432774553257286243e+01
3.123545999999999978e+01 3.452000000000000000e+03 3.278864293081389860e+03 1.731357069186101398e+02
3.124859000000000009e+01 3.274000000000000000e+03 3.279059481365981810e+03 -5.059481365981810086e+00
3.126173000000000002e+01 3.309000000000000000e+03 3.279258092626740108e+03 2.974190737325989176e+01
3.127486000000000033e+01 3.260000000000000000e+03 3.279459951034341884e+03 -1.945995103434188422e+01
3.128799000000000063e+01 3.333000000000000000e+03 3.279665338683127629e+03 5.333466131687237066e+01
3.130112000000000094e+01 3.295000000000000000e+03 3.279874393912604774e+03 1.512560608739522650e+01
3.131425000000000125e+01 3.255000000000000000e+03 3.280087261538954408e+03 -2.508726153895440802e+01
3.132738000000000156e+01 3.257000000000000000e+03 3.280304093220115647e+03 -2.330409322011564655e+01
3.134050999999999831e+01 3.316000000000000000e+03 3.280525047845147583e+03 3.547495215485241715e+01
3.135363999999999862e+01 3.418000000000000000e+03 3.280750291949704661e+03 1.372497080502953395e+02
3.136676999999999893e+01 3.303000000000000000e+03 3.280980000159650444e+03 2.201999984034955560e+01
3.137989999999999924e+01 3.367000000000000000e+03 3.281214355665044877e+03 8.578564433495512276e+01
3.139302999999999955e+01 3.286000000000000000e+03 3.281453550726835601e+03 4.546449273164398619e+00
3.140615999999999985e+01 3.288000000000000000e+03 3.281697787218927260e+03 6.302212781072739745e+00
3.141929000000000016e+01 3.318000000000000000e+03 3.281947277208440937e+03 3.605272279155906290e+01
3.143242000000000047e+01 3.353000000000000000e+03 3.282202243577282388e+03 7.079775642271761171e+01
3.144555000000000078e+01 3.294000000000000000e+03 3.282462920688410577e+03 1.153707931158942301e+01
3.145868000000000109e+01 3.197000000000000000e+03 3.282729555100518610e+03 -8.572955510051860983e+01
3.147181000000000139e+01 3.276000000000000000e+03 3.283002406335196611e+03 -7.002406335196610598e+00
3.148494000000000170e+01 3.332000000000000000e+03 3.283281747701015775e+03 4.871825229898422549e+01
3.149806999999999846e+01 3.376000000000000000e+03 3.283567867179418954e+03 9.243213282058104596e+01
3.151119999999999877e+01 3.399000000000000000e+03 3.283886220714934552e+03 1.151137792850654478e+02
3.152432999999999907e+01 3.245000000000000000e+03 3.284186956632804595e+03 -3.918695663280459485e+01
3.153745999999999938e+01 3.244000000000000000e+03 3.284495433600534398e+03 -4.049543360053439756e+01
3.155058999999999969e+01 3.245000000000000000e+03 3.284812008596196847e+03 -3.981200859619684707e+01
3.156372000000000000e+01 3.332000000000000000e+03 3.285137058834604431e+03 4.686294116539556853e+01
3.157685000000000031e+01 3.260000000000000000e+03 3.285470983157154024e+03 -2.547098315715402350e+01
3.158998000000000062e+01 3.268000000000000000e+03 3.285827388741126924e+03 -1.782738874112692429e+01
3.160311000000000092e+01 3.327000000000000000e+03 3.286180421264583856e+03 4.081957873541614390e+01
3.161624000000000123e+01 3.345000000000000000e+03 3.286543670358013060e+03 5.845632964198694026e+01
3.162937000000000154e+01 3.256000000000000000e+03 3.286917637692551125e+03 -3.091763769255112493e+01
3.164249999999999829e+01 3.299000000000000000e+03 3.287302855434556932e+03 1.169714456544306813e+01
3.165562999999999860e+01 3.322000000000000000e+03 3.287699888494717015e+03 3.430011150528298458e+01
3.166875999999999891e+01 3.347000000000000000e+03 3.288109336973090194e+03 5.889066302690980592e+01
3.168188999999999922e+01 3.205000000000000000e+03 3.288531838819919813e+03 -8.353183881991981252e+01
3.169501999999999953e+01 3.251000000000000000e+03 3.288968072734149700e+03 -3.796807273414970041e+01
3.170814999999999984e+01 3.293000000000000000e+03 3.289418761324295247e+03 3.581238675704753405e+00
3.172128000000000014e+01 3.255000000000000000e+03 3.289884674559141786e+03 -3.488467455914178572e+01
3.173442000000000007e+01 3.247000000000000000e+03 3.290367006940073225e+03 -4.336700694007322454e+01
3.174755000000000038e+01 3.197000000000000000e+03 3.290865901260201554e+03 -9.386590126020155367e+01
3.176068000000000069e+01 3.294000000000000000e+03 3.291382654556901343e+03 2.617345443098656688e+00
3.177381000000000100e+01 3.261000000000000000e+03 3.291918267753390410e+03 -3.091826775339040978e+01
3.178694000000000131e+01 3.262000000000000000e+03 3.292473811956705958e+03 -3.047381195670595844e+01
3.180007000000000161e+01 3.227000000000000000e+03 3.293050434443683571e+03 -6.605043444368357086e+01
3.181319999999999837e+01 3.273000000000000000e+03 3.293649365251110794e+03 -2.064936525111079391e+01
3.182632999999999868e+01 3.320000000000000000e+03 3.294271924440779912e+03 2.572807555922008760e+01
3.183945999999999898e+01 3.209000000000000000e+03 3.294919530119528190e+03 -8.591953011952818997e+01
3.185258999999999929e+01 3.330000000000000000e+03 3.295593707305293719e+03 3.440629269470628060e+01
3.186571999999999960e+01 3.366000000000000000e+03 3.296296097742701022e+03 6.970390225729897793e+01
3.187884999999999991e+01 3.351000000000000000e+03 3.297028470786132402e+03 5.397152921386759772e+01
3.189198000000000022e+01 3.303000000000000000e+03 3.297792735485026242e+03 5.207264514973758196e+00
3.190511000000000053e+01 3.436000000000000000e+03 3.298590954025562496e+03 1.374090459744375039e+02
3.191824000000000083e+01 3.359000000000000000e+03 3.299425356705420654e+03 5.957464329457934582e+01
3.193137000000000114e+01 3.270000000000000000e+03 3.300298358644698965e+03 -3.029835864469896478e+01
3.194450000000000145e+01 3.228000000000000000e+03 3.301212578466761443e+03 -7.321257846676144254e+01
3.195763000000000176e+01 3.364000000000000000e+03 3.302170859218790156e+03 6.182914078120984414e+01
3.197075999999999851e+01 3.287000000000000000e+03 3.303176291844099069e+03 -1.617629184409906884e+01
3.198388999999999882e+01 3.302000000000000000e+03 3.304232241567950950e+03 -2.232241567950950412e+00
3.199701999999999913e+01 3.356000000000000000e+03 3.305342377617344027e+03 5.065762238265597261e+01
3.201015000000000299e+01 3.266000000000000000e+03 3.306510706764667248e+03 -4.051070676466724763e+01
3.202327999999999975e+01 3.295000000000000000e+03 3.307741611267491407e+03 -1.274161126749140749e+01
3.203640999999999650e+01 3.366000000000000000e+03 3.309039891874914247e+03 5.696010812508575327e+01
3.204954000000000036e+01 3.296000000000000000e+03 3.310410816687897295e+03 -1.441081668789729520e+01
3.206266999999999712e+01 3.411000000000000000e+03 3.311860176801282250e+03 9.913982319871774962e+01
3.207580000000000098e+01 3.283000000000000000e+03 3.313394349823649009e+03 -3.039434982364900861e+01
3.208892999999999773e+01 3.340000000000000000e+03 3.315020372574248540e+03 2.497962742575145967e+01
3.210206000000000159e+01 3.332000000000000000e+03 3.316746024501956072e+03 1.525397549804392838e+01
3.211518999999999835e+01 3.406000000000000000e+03 3.318579923669459731e+03 8.742007633054026883e+01
3.212832000000000221e+01 3.439000000000000000e+03 3.320531637509420307e+03 1.184683624905796933e+02
3.214144999999999897e+01 3.201000000000000000e+03 3.322611811004067476e+03 -1.216118110040674765e+02
3.215458000000000283e+01 3.287000000000000000e+03 3.324832315485967229e+03 -3.783231548596722860e+01
3.216770999999999958e+01 3.345000000000000000e+03 3.327206421931486602e+03 1.779357806851339774e+01
3.218084000000000344e+01 3.342000000000000000e+03 3.329749003453260229e+03 1.225099654673977057e+01
3.219398000000000337e+01 3.346000000000000000e+03 3.332478925460091432e+03 1.352107453990856811e+01
3.220711000000000013e+01 3.411000000000000000e+03 3.335410877347772384e+03 7.558912265222761562e+01
3.222023999999999688e+01 3.377000000000000000e+03 3.338568146682778206e+03 3.843185331722179399e+01
3.223337000000000074e+01 3.356000000000000000e+03 3.341974857134181093e+03 1.402514286581890701e+01
3.224649999999999750e+01 3.421000000000000000e+03 3.345658439567928781e+03 7.534156043207121911e+01
3.225963000000000136e+01 3.351000000000000000e+03 3.349650189806527123e+03 1.349810193472876563e+00
3.227275999999999812e+01 3.449000000000000000e+03 3.353985938843477925e+03 9.501406115652207518e+01
3.228589000000000198e+01 3.281000000000000000e+03 3.358706862092860320e+03 -7.770686209286031954e+01
3.229901999999999873e+01 3.391000000000000000e+03 3.363860461613710868e+03 2.713953838628913218e+01
3.231215000000000259e+01 3.443000000000000000e+03 3.369501765181716564e+03 7.349823481828343574e+01
3.232527999999999935e+01 3.374000000000000000e+03 3.375695780353566988e+03 -1.695780353566988197e+00
3.233841000000000321e+01 3.448000000000000000e+03 3.382515405005689900e+03 6.548459499431010045e+01
3.235153999999999996e+01 3.433000000000000000e+03 3.390049585753328302e+03 4.295041424667169849e+01
3.236466999999999672e+01 3.436000000000000000e+03 3.398402335365645285e+03 3.759766463435471451e+01
3.237780000000000058e+01 3.414000000000000000e+03 3.407697532761563707e+03 6.302467238436292973e+00
3.239092999999999734e+01 3.428000000000000000e+03 3.418084101675266083e+03 9.915898324733916525e+00
3.240406000000000120e+01 3.408000000000000000e+03 3.429743843508117152e+03 -2.174384350811715194e+01
3.241718999999999795e+01 3.486000000000000000e+03 3.442900215059607490e+03 4.309978494039251018e+01
3.243032000000000181e+01 3.424000000000000000e+03 3.457838069149301191e+03 -3.383806914930119092e+01
3.244344999999999857e+01 3.471000000000000000e+03 3.474927910526625055e+03 -3.927910526625055354e+00
3.245658000000000243e+01 3.447000000000000000e+03 3.494668153861291103e+03 -4.766815386129110266e+01
3.246970999999999918e+01 3.457000000000000000e+03 3.517750488680233957e+03 -6.075048868023395698e+01
3.248284000000000304e+01 3.501000000000000000e+03 3.545159054090627706e+03 -4.415905409062770559e+01
3.249596999999999980e+01 3.713000000000000000e+03 3.578313852967301500e+03 1.346861470326985000e+02
3.250909999999999656e+01 3.628000000000000000e+03 3.619264968124978623e+03 8.735031875021377346e+00
3.252223000000000042e+01 3.701000000000000000e+03 3.670933232743853296e+03 3.006676725614670431e+01
3.253535999999999717e+01 3.726000000000000000e+03 3.737372455909693599e+03 -1.137245590969359910e+01
3.254849000000000103e+01 3.753000000000000000e+03 3.823997519951551112e+03 -7.099751995155111217e+01
3.256161999999999779e+01 3.926000000000000000e+03 3.937684827410095750e+03 -1.168482741009574966e+01
3.257475000000000165e+01 4.105000000000000000e+03 4.086614296225759063e+03 1.838570377424093749e+01
3.258787999999999840e+01 4.198000000000000000e+03 4.279697070398347932e+03 -8.169707039834793250e+01
3.260101000000000226e+01 4.185000000000000000e+03 4.525439997842691810e+03 -3.404399978426918096e+02
3.261413999999999902e+01 4.529000000000000000e+03 4.830175325058977251e+03 -3.011753250589772506e+02
3.262727000000000288e+01 4.780000000000000000e+03 5.195747849395292178e+03 -4.157478493952921781e+02
3.264039999999999964e+01 4.970000000000000000e+03 5.616808687569400718e+03 -6.468086875694007176e+02
3.265353000000000350e+01 5.312000000000000000e+03 6.077672202822438521e+03 -7.656722028224385213e+02
3.266667000000000343e+01 5.886000000000000000e+03 6.549807389739514292e+03 -6.638073897395142922e+02
3.267980000000000018e+01 6.449000000000000000e+03 6.990549561350055228e+03 -5.415495613500552281e+02
3.269292999999999694e+01 6.964000000000000000e+03 7.350191028379038471e+03 -3.861910283790384710e+02
3.270606000000000080e+01 7.519000000000000000e+03 7.580528091742397010e+03 -6.152809174239700951e+01
3.271918999999999755e+01 7.628000000000000000e+03 7.653935370439012331e+03 -2.593537043901233119e+01
3.273232000000000141e+01 7.356000000000000000e+03 7.581591326432378992e+03 -2.255913264323789917e+02
3.274544999999999817e+01 6.976000000000000000e+03 7.406516851804902217e+03 -4.305168518049022168e+02
3.275858000000000203e+01 6.438000000000000000e+03 7.173731853582985423e+03 -7.357318535829854227e+02
3.277170999999999879e+01 6.120000000000000000e+03 6.907832468186177721e+03 -7.878324681861777208e+02
3.278484000000000265e+01 6.091000000000000000e+03 6.611604817334007748e+03 -5.206048173340077483e+02
3.279796999999999940e+01 5.945000000000000000e+03 6.279041945655060772e+03 -3.340419456550607720e+02
3.281110000000000326e+01 5.749000000000000000e+03 5.912848490965991914e+03 -1.638484909659919140e+02
3.282423000000000002e+01 5.186000000000000000e+03 5.532241028402459051e+03 -3.462410284024590510e+02
3.283735999999999677e+01 4.894000000000000000e+03 5.164301593507312646e+03 -2.703015935073126457e+02
3.285049000000000063e+01 4.569000000000000000e+03 4.830911867457349217e+03 -2.619118674573492171e+02
3.286361999999999739e+01 4.242000000000000000e+03 4.543441341649329843e+03 -3.014413416493298428e+02
3.287675000000000125e+01 4.102000000000000000e+03 4.304475137117240592e+03 -2.024751371172405925e+02
3.288987999999999801e+01 3.937000000000000000e+03 4.111288079658696915e+03 -1.742880796586969154e+02
3.290301000000000187e+01 3.956000000000000000e+03 3.958473152911638408e+03 -2.473152911638408114e+00
3.291613999999999862e+01 3.710000000000000000e+03 3.839539030926802752e+03 -1.295390309268027522e+02
3.292927000000000248e+01 3.744000000000000000e+03 3.747883642736442653e+03 -3.883642736442652676e+00
3.294239999999999924e+01 3.801000000000000000e+03 3.677414105626151013e+03 1.235858943738489870e+02
3.295553000000000310e+01 3.801000000000000000e+03 3.622912576932050797e+03 1.780874230679492030e+02
3.296865999999999985e+01 3.600000000000000000e+03 3.580186540934676486e+03 1.981345906532351364e+01
3.298178999999999661e+01 3.495000000000000000e+03 3.546047210482674927e+03 -5.104721048267492733e+01
3.299492000000000047e+01 3.600000000000000000e+03 3.518176168543282984e+03 8.182383145671701641e+01
3.300804999999999723e+01 3.542000000000000000e+03 3.494942596166725707e+03 4.705740383327429299e+01
3.302118000000000109e+01 3.589000000000000000e+03 3.475219999352541436e+03 1.137800006474585643e+02
3.303430999999999784e+01 3.548000000000000000e+03 3.458231023558835204e+03 8.976897644116479569e+01
3.304744000000000170e+01 3.468000000000000000e+03 3.443430459342406721e+03 2.456954065759327932e+01
3.306056999999999846e+01 3.426000000000000000e+03 3.430424347645998751e+03 -4.424347645998750522e+00
3.307370000000000232e+01 3.395000000000000000e+03 3.418917494658719988e+03 -2.391749465871998837e+01
3.308682999999999907e+01 3.494000000000000000e+03 3.408680787190520732e+03 8.531921280947926789e+01
3.309996000000000294e+01 3.485000000000000000e+03 3.399531150953338511e+03 8.546884904666148941e+01
3.311308999999999969e+01 3.460000000000000000e+03 3.391319103695673220e+03 6.868089630432677950e+01
3.312622000000000355e+01 3.445000000000000000e+03 3.383920719935937541e+03 6.107928006406245913e+01
3.313936000000000348e+01 3.429000000000000000e+03 3.377227306309341657e+03 5.177269369065834326e+01
3.315249000000000024e+01 3.392000000000000000e+03 3.371161285045279783e+03 2.083871495472021707e+01
3.316561999999999699e+01 3.294000000000000000e+03 3.365642752526186541e+03 -7.164275252618654122e+01
3.317875000000000085e+01 3.504000000000000000e+03 3.360607993511602672e+03 1.433920064883973282e+02
3.319187999999999761e+01 3.470000000000000000e+03 3.356002288579848482e+03 1.139977114201515178e+02
3.320501000000000147e+01 3.379000000000000000e+03 3.351778432506851914e+03 2.722156749314808621e+01
3.321813999999999822e+01 3.451000000000000000e+03 3.347895530622994556e+03 1.031044693770054437e+02
3.323127000000000209e+01 3.277000000000000000e+03 3.344318014179231795e+03 -6.731801417923179542e+01
3.324439999999999884e+01 3.404000000000000000e+03 3.341014830132159659e+03 6.298516986784034088e+01
3.325753000000000270e+01 3.382000000000000000e+03 3.337958770915789046e+03 4.404122908421095417e+01
3.327065999999999946e+01 3.299000000000000000e+03 3.335125917274019230e+03 -3.612591727401922981e+01
3.328379000000000332e+01 3.431000000000000000e+03 3.332495172917191667e+03 9.850482708280833322e+01
3.329692000000000007e+01 3.392000000000000000e+03 3.330047874141611373e+03 6.195212585838862651e+01
3.331004999999999683e+01 3.244000000000000000e+03 3.327767460947108248e+03 -8.376746094710824764e+01
3.332318000000000069e+01 3.392000000000000000e+03 3.325639198842227415e+03 6.636080115777258470e+01
3.333630999999999744e+01 3.337000000000000000e+03 3.323649942613821622e+03 1.335005738617837778e+01
3.334944000000000131e+01 3.382000000000000000e+03 3.321787934987799872e+03 6.021206501220012797e+01
3.336256999999999806e+01 3.340000000000000000e+03 3.320042634419163733e+03 1.995736558083626733e+01
3.337570000000000192e+01 3.305000000000000000e+03 3.318404567296583082e+03 -1.340456729658308177e+01
3.338882999999999868e+01 3.349000000000000000e+03 3.316865200687172546e+03 3.213479931282745383e+01
3.340196000000000254e+01 3.302000000000000000e+03 3.315416832424549739e+03 -1.341683242454973879e+01
3.341508999999999929e+01 3.203000000000000000e+03 3.314052495891810850e+03 -1.110524958918108496e+02
3.342822000000000315e+01 3.396000000000000000e+03 3.312765877297113548e+03 8.323412270288645232e+01
3.344134999999999991e+01 3.306000000000000000e+03 3.311551243603755211e+03 -5.551243603755210643e+00
3.345447999999999666e+01 3.294000000000000000e+03 3.310403379575251620e+03 -1.640337957525161983e+01
3.346761000000000053e+01 3.283000000000000000e+03 3.309317532641533944e+03 -2.631753264153394412e+01
3.348073999999999728e+01 3.323000000000000000e+03 3.308289364495399695e+03 1.471063550460030456e+01
3.349387000000000114e+01 3.326000000000000000e+03 3.307314908496417502e+03 1.868509150358249826e+01
3.350699999999999790e+01 3.291000000000000000e+03 3.306390532099492702e+03 -1.539053209949270240e+01
3.352013000000000176e+01 3.252000000000000000e+03 3.305512903641918911e+03 -5.351290364191891058e+01
3.353325999999999851e+01 3.248000000000000000e+03 3.304678962920517733e+03 -5.667896292051773344e+01
3.354639000000000237e+01 3.294000000000000000e+03 3.303885895072477979e+03 -9.885895072477978829e+00
3.355951999999999913e+01 3.293000000000000000e+03 3.303131107342625910e+03 -1.013110734262590995e+01
3.357265000000000299e+01 3.297000000000000000e+03 3.302412208378221294e+03 -5.412208378221293970e+00
3.358577999999999975e+01 3.248000000000000000e+03 3.301726989741796842e+03 -5.372698974179684228e+01
3.359890999999999650e+01 3.163000000000000000e+03 3.301073409374545008e+03 -1.380734093745450082e+02
3.361205000000000354e+01 3.363000000000000000e+03 3.300449112541657541e+03 6.255088745834245856e+01
3.362518000000000029e+01 3.192000000000000000e+03 3.299853296166539167e+03 -1.078532961665391667e+02
3.363830999999999705e+01 3.207000000000000000e+03 3.299283848198252599e+03 -9.228384819825259910e+01
3.365144000000000091e+01 3.372000000000000000e+03 3.298739258321936632e+03 7.326074167806336845e+01
3.366456999999999766e+01 3.247000000000000000e+03 3.298218122039400441e+03 -5.121812203940044128e+01
3.367770000000000152e+01 3.280000000000000000e+03 3.297719131897892112e+03 -1.771913189789211174e+01
3.369082999999999828e+01 3.163000000000000000e+03 3.297241069555857848e+03 -1.342410695558578482e+02
3.370396000000000214e+01 3.331000000000000000e+03 3.296782798595655095e+03 3.421720140434490531e+01
3.371708999999999889e+01 3.274000000000000000e+03 3.296343258003867959e+03 -2.234325800386795891e+01
3.373022000000000276e+01 3.164000000000000000e+03 3.295921456249307084e+03 -1.319214562493070844e+02
3.374334999999999951e+01 3.261000000000000000e+03 3.295516465896849240e+03 -3.451646589684924038e+01
3.375648000000000337e+01 3.263000000000000000e+03 3.295127418702420528e+03 -3.212741870242052755e+01
3.376961000000000013e+01 3.228000000000000000e+03 3.294753501140603021e+03 -6.675350114060302076e+01
3.378273999999999688e+01 3.345000000000000000e+03 3.294393950321799366e+03 5.060604967820063393e+01
3.379587000000000074e+01 3.214000000000000000e+03 3.294048050260641048e+03 -8.004805026064104823e+01
3.380899999999999750e+01 3.367000000000000000e+03 3.293715128461541553e+03 7.328487153845844659e+01
3.382213000000000136e+01 3.406000000000000000e+03 3.293394552790923626e+03 1.126054472090763738e+02
3.383525999999999812e+01 3.350000000000000000e+03 3.293085728608964018e+03 5.691427139103598165e+01
3.384839000000000198e+01 3.299000000000000000e+03 3.292788096136521290e+03 6.211903863478710264e+00
3.386151999999999873e+01 3.377000000000000000e+03 3.292501128035462898e+03 8.449887196453710203e+01
3.387465000000000259e+01 3.342000000000000000e+03 3.292224327182858815e+03 4.977567281714118508e+01
3.388777999999999935e+01 3.252000000000000000e+03 3.291957224621477508e+03 -3.995722462147750775e+01
3.390091000000000321e+01 3.234000000000000000e+03 3.291699377670816375e+03 -5.769937767081637503e+01
3.391403999999999996e+01 3.293000000000000000e+03 3.291450368184444869e+03 1.549631815555130743e+00
3.392716999999999672e+01 3.347000000000000000e+03 3.291209800940860987e+03 5.579019905913901312e+01
3.394030000000000058e+01 3.189000000000000000e+03 3.290977302156297810e+03 -1.019773021562978101e+02
3.395342999999999734e+01 3.335000000000000000e+03 3.290752518109019093e+03 4.424748189098090734e+01
3.396656000000000120e+01 3.346000000000000000e+03 3.290535113865677886e+03 5.546488613432211423e+01
3.397968999999999795e+01 3.225000000000000000e+03 3.290324772101159397e+03 -6.532477210115939670e+01
3.399282000000000181e+01 3.262000000000000000e+03 3.290121192004154182e+03 -2.812119200415418163e+01
3.400594999999999857e+01 3.196000000000000000e+03 3.289924088261434918e+03 -9.392408826143491751e+01
3.401908000000000243e+01 3.238000000000000000e+03 3.289733190114414356e+03 -5.173319011441435578e+01
3.403220999999999918e+01 3.244000000000000000e+03 3.289548240482184156e+03 -4.554824048218415555e+01
3.404534000000000304e+01 3.252000000000000000e+03 3.289368995145735880e+03 -3.736899514573588021e+01
3.405846999999999980e+01 3.248000000000000000e+03 3.289195221988534286e+03 -4.119522198853428563e+01
3.407160999999999973e+01 3.218000000000000000e+03 3.289026573887742870e+03 -7.102657388774287028e+01
3.408473999999999648e+01 3.405000000000000000e+03 3.288863097422135525e+03 1.161369025778644755e+02
3.409787000000000035e+01 3.358000000000000000e+03 3.288704462413773854e+03 6.929553758622614623e+01
3.411099999999999710e+01 3.229000000000000000e+03 3.288550478549656873e+03 -5.955047854965687293e+01
3.412413000000000096e+01 3.252000000000000000e+03 3.288400964525676955e+03 -3.640096452567695451e+01
3.413725999999999772e+01 3.196000000000000000e+03 3.288255747545120357e+03 -9.225574754512035724e+01
3.415039000000000158e+01 3.311000000000000000e+03 3.288114662849614888e+03 2.288533715038511218e+01
3.416351999999999833e+01 3.404000000000000000e+03 3.287977553280122720e+03 1.160224467198772800e+02
3.417665000000000219e+01 3.292000000000000000e+03 3.287844268865836057e+03 4.155731134163943352e+00
3.418977999999999895e+01 3.304000000000000000e+03 3.287714666438952463e+03 1.628533356104753693e+01
3.420291000000000281e+01 3.232000000000000000e+03 3.287588609273500879e+03 -5.558860927350087877e+01
3.421603999999999957e+01 3.302000000000000000e+03 3.287465966746520280e+03 1.453403325347971986e+01
3.422917000000000343e+01 3.233000000000000000e+03 3.287346614020027118e+03 -5.434661402002711839e+01
3.424230000000000018e+01 3.139000000000000000e+03 3.287230431742354540e+03 -1.482304317423545399e+02
3.425542999999999694e+01 3.272000000000000000e+03 3.287117305767501875e+03 -1.511730576750187538e+01
3.426856000000000080e+01 3.254000000000000000e+03 3.287007126891291591e+03 -3.300712689129159116e+01
3.428168999999999755e+01 3.155000000000000000e+03 3.286899790603216843e+03 -1.318997906032168430e+02
3.429482000000000141e+01 3.257000000000000000e+03 3.286795196852885510e+03 -2.979519685288551045e+01
3.430794999999999817e+01 3.291000000000000000e+03 3.286693249830143941e+03 4.306750169856059074e+00
3.432108000000000203e+01 3.254000000000000000e+03 3.286593857757950445e+03 -3.259385775795044538e+01
3.433420999999999879e+01 3.322000000000000000e+03 3.286496932697191824e+03 3.550306730280817646e+01
3.434734000000000265e+01 3.241000000000000000e+03 3.286402390362650294e+03 -4.540239036265029426e+01
3.436046999999999940e+01 3.269000000000000000e+03 3.286310149949433708e+03 -1.731014994943370766e+01
3.437360000000000326e+01 3.353000000000000000e+03 3.286220133969179187e+03 6.677986603082081274e+01
3.438673000000000002e+01 3.391000000000000000e+03 3.286132268095443123e+03 1.048677319045568765e+02
3.439985999999999677e+01 3.336000000000000000e+03 3.286046481017689985e+03 4.995351898231001542e+01
3.441299000000000063e+01 3.133000000000000000e+03 3.285962704303349710e+03 -1.529627043033497102e+02
3.442611999999999739e+01 3.349000000000000000e+03 3.285880872267457107e+03 6.311912773254289277e+01
3.443925000000000125e+01 3.224000000000000000e+03 3.285800921849418955e+03 -6.180092184941895539e+01
3.445237999999999801e+01 3.293000000000000000e+03 3.285722792496459988e+03 7.277207503540012112e+00
3.446551000000000187e+01 3.217000000000000000e+03 3.285646426053376672e+03 -6.864642605337667192e+01
3.447863999999999862e+01 3.186000000000000000e+03 3.285571766658209981e+03 -9.957176665820998096e+01
3.449177000000000248e+01 3.219000000000000000e+03 3.285498760643506102e+03 -6.649876064350610250e+01
3.450489999999999924e+01 3.264000000000000000e+03 3.285427356442816290e+03 -2.142735644281628993e+01
3.451803000000000310e+01 3.262000000000000000e+03 3.285357504502182564e+03 -2.335750450218256447e+01
3.453115999999999985e+01 3.351000000000000000e+03 3.285289157196273209e+03 6.571084280372679132e+01
3.454429999999999978e+01 3.359000000000000000e+03 3.285222218350406365e+03 7.377778164959363494e+01
3.455742999999999654e+01 3.161000000000000000e+03 3.285156745820716878e+03 -1.241567458207168784e+02
3.457056000000000040e+01 3.222000000000000000e+03 3.285092645816236654e+03 -6.309264581623665435e+01
3.458368999999999716e+01 3.305000000000000000e+03 3.285029877673619922e+03 1.997012232638007845e+01
3.459682000000000102e+01 3.149000000000000000e+03 3.284968402300442904e+03 -1.359684023004429037e+02
3.460994999999999777e+01 3.232000000000000000e+03 3.284908182114501869e+03 -5.290818211450186936e+01
3.462308000000000163e+01 3.334000000000000000e+03 3.284849180986279862e+03 4.915081901372013817e+01
3.463620999999999839e+01 3.278000000000000000e+03 3.284791364184426129e+03 -6.791364184426129214e+00
3.464934000000000225e+01 3.312000000000000000e+03 3.284806211972332676e+03 2.719378802766732406e+01
3.466246999999999900e+01 3.166000000000000000e+03 3.284751005465816434e+03 -1.187510054658164336e+02
3.467560000000000286e+01 3.295000000000000000e+03 3.284696889414963607e+03 1.030311058503639288e+01
3.468872999999999962e+01 3.295000000000000000e+03 3.284643834214419257e+03 1.035616578558074252e+01
3.470186000000000348e+01 3.361000000000000000e+03 3.284591811424929347e+03 7.640818857507065331e+01
3.471499000000000024e+01 3.228000000000000000e+03 3.284540793734071485e+03 -5.654079373407148523e+01
3.472811999999999699e+01 3.275000000000000000e+03 3.284490754919104802e+03 -9.490754919104801957e+00
3.474125000000000085e+01 3.335000000000000000e+03 3.284479220411746155e+03 5.052077958825384485e+01
3.475437999999999761e+01 3.250000000000000000e+03 3.284431243242774144e+03 -3.443124324277414416e+01
3.476751000000000147e+01 3.299000000000000000e+03 3.284384173752578135e+03 1.461582624742186454e+01
3.478063999999999822e+01 3.308000000000000000e+03 3.284337989757903870e+03 2.366201024209613024e+01
3.479377000000000209e+01 3.245000000000000000e+03 3.284292670008890582e+03 -3.929267000889058181e+01
3.480689999999999884e+01 3.295000000000000000e+03 3.284248194163123571e+03 1.075180583687642866e+01
3.482003000000000270e+01 3.275000000000000000e+03 3.284204542761305675e+03 -9.204542761305674503e+00
3.483315999999999946e+01 3.215000000000000000e+03 3.284161697204527172e+03 -6.916169720452717229e+01
3.484629000000000332e+01 3.255000000000000000e+03 3.284119639733054100e+03 -2.911963973305410036e+01
3.485942000000000007e+01 3.305000000000000000e+03 3.284078353406630868e+03 2.092164659336913246e+01
3.487254999999999683e+01 3.209000000000000000e+03 3.284037822086218512e+03 -7.503782208621851169e+01
3.488568000000000069e+01 3.226000000000000000e+03 3.283998030417188147e+03 -5.799803041718814711e+01
3.489880999999999744e+01 3.241000000000000000e+03 3.283958963813884111e+03 -4.295896381388411100e+01
3.491194000000000131e+01 3.402000000000000000e+03 3.283920608445578182e+03 1.180793915544218180e+02
3.492506999999999806e+01 3.305000000000000000e+03 3.283882951223788496e+03 2.111704877621150445e+01
3.493820000000000192e+01 3.207000000000000000e+03 3.283845979790919955e+03 -7.684597979091995512e+01
3.495132999999999868e+01 3.342000000000000000e+03 3.283809682510261609e+03 5.819031748973839058e+01
3.496446000000000254e+01 3.287000000000000000e+03 3.283774048457298250e+03 3.225951542701750441e+00
3.497758999999999929e+01 3.274000000000000000e+03 3.283739067412356690e+03 -9.739067412356689601e+00
3.499072000000000315e+01 3.251000000000000000e+03 3.283704729854576726e+03 -3.270472985457672621e+01
3.500384999999999991e+01 3.200000000000000000e+03 3.283671026957243612e+03 -8.367102695724361183e+01
3.501698999999999984e+01 3.268000000000000000e+03 3.283637925629834172e+03 -1.563792562983417156e+01
3.503011999999999659e+01 3.237000000000000000e+03 3.283605468803380973e+03 -4.660546880338097253e+01
3.504325000000000045e+01 3.282000000000000000e+03 3.283573624290825592e+03 -1.573624290825591743e+00
3.505637999999999721e+01 3.198000000000000000e+03 3.283542386023169456e+03 -8.554238602316945617e+01
3.506951000000000107e+01 3.320000000000000000e+03 3.283511748622964205e+03 3.648825137703579458e+01
3.508263999999999783e+01 3.250000000000000000e+03 3.283481707408176590e+03 -3.348170740817658952e+01
3.509577000000000169e+01 3.199000000000000000e+03 3.283452258397597689e+03 -8.445225839759768860e+01
3.510889999999999844e+01 3.395000000000000000e+03 3.283423398317890133e+03 1.115766016821098674e+02
3.512203000000000230e+01 3.207000000000000000e+03 3.283395124612293330e+03 -7.639512461229332985e+01
3.513515999999999906e+01 3.257000000000000000e+03 3.283367435451099027e+03 -2.636743545109902698e+01
3.514829000000000292e+01 3.193000000000000000e+03 3.283340329743946768e+03 -9.034032974394676785e+01
3.516141999999999967e+01 3.248000000000000000e+03 3.283313807154051574e+03 -3.531380715405157389e+01
3.517455000000000354e+01 3.253000000000000000e+03 3.283287868114452976e+03 -3.028786811445297644e+01
3.518768000000000029e+01 3.181000000000000000e+03 3.283262513846411366e+03 -1.022625138464113661e+02
3.520080999999999705e+01 3.344000000000000000e+03 3.283237746380044427e+03 6.076225361995557250e+01
3.521394000000000091e+01 3.344000000000000000e+03 3.283213568577388742e+03 6.078643142261125831e+01
3.522706999999999766e+01 3.342000000000000000e+03 3.283189984157992058e+03 5.881001584200794241e+01
3.524020000000000152e+01 3.242000000000000000e+03 3.283166997727240414e+03 -4.116699772724041395e+01
3.525332999999999828e+01 3.271000000000000000e+03 3.283144614807574726e+03 -1.214461480757472600e+01
3.526646000000000214e+01 3.240000000000000000e+03 3.283122841872833305e+03 -4.312284187283330539e+01
3.527958999999999889e+01 3.254000000000000000e+03 3.283101686385906305e+03 -2.910168638590630508e+01
3.529272000000000276e+01 3.289000000000000000e+03 3.283081156839995401e+03 5.918843160004598758e+00
3.530584999999999951e+01 3.293000000000000000e+03 3.283061262803706995e+03 9.938737196293004672e+00
3.531898000000000337e+01 3.371000000000000000e+03 3.283042014970321361e+03 8.795798502967863897e+01
3.533211000000000013e+01 3.343000000000000000e+03 3.283023425211538324e+03 5.997657478846167578e+01
3.534523999999999688e+01 3.237000000000000000e+03 3.283005506636079645e+03 -4.600550663607964452e+01
3.535837000000000074e+01 3.295000000000000000e+03 3.282988273653565557e+03 1.201172634643444326e+01
3.537149999999999750e+01 3.237000000000000000e+03 3.282971742044089751e+03 -4.597174204408975129e+01
3.538463000000000136e+01 3.270000000000000000e+03 3.282955929033997108e+03 -1.295592903399710849e+01
3.539775999999999812e+01 3.324000000000000000e+03 3.282940853378428073e+03 4.105914662157192652e+01
3.541089000000000198e+01 3.283000000000000000e+03 3.282926535451206291e+03 7.346454879370867275e-02
3.542401999999999873e+01 3.220000000000000000e+03 3.282912997342759809e+03 -6.291299734275980882e+01
3.543715000000000259e+01 3.208000000000000000e+03 3.282900262966823902e+03 -7.490026296682390239e+01
3.545027999999999935e+01 3.289000000000000000e+03 3.282888358176739075e+03 6.111641823260924866e+00
3.546341000000000321e+01 3.234000000000000000e+03 3.282877310892269634e+03 -4.887731089226963377e+01
3.547655000000000314e+01 3.275000000000000000e+03 3.282867143846607178e+03 -7.867143846607177693e+00
3.548967999999999989e+01 3.335000000000000000e+03 3.282857905016651785e+03 5.214209498334821546e+01
3.550280999999999665e+01 3.186000000000000000e+03 3.282849621326155557e+03 -9.684962132615555674e+01
3.551594000000000051e+01 3.321000000000000000e+03 3.282842330479681550e+03 3.815766952031844994e+01
3.552906999999999726e+01 3.160000000000000000e+03 3.282836073080482038e+03 -1.228360730804820378e+02
3.554220000000000113e+01 3.234000000000000000e+03 3.282830892846564439e+03 -4.883089284656443851e+01
3.555532999999999788e+01 3.276000000000000000e+03 3.282826836847480081e+03 -6.826836847480080905e+00
3.556846000000000174e+01 3.215000000000000000e+03 3.282823955764058610e+03 -6.782395576405860993e+01
3.558158999999999850e+01 3.296000000000000000e+03 3.282822304173610519e+03 1.317769582638948123e+01
3.559472000000000236e+01 3.308000000000000000e+03 3.282821940863402233e+03 2.517805913659776706e+01
3.560784999999999911e+01 3.301000000000000000e+03 3.282822929175599256e+03 1.817707082440074373e+01
3.562098000000000297e+01 3.224000000000000000e+03 3.282825337387275795e+03 -5.882533738727579475e+01
3.563410999999999973e+01 3.202000000000000000e+03 3.282829239129533562e+03 -8.082923912953356194e+01
3.564723999999999648e+01 3.298000000000000000e+03 3.282834713850358185e+03 1.516528614964181543e+01
3.566037000000000035e+01 3.222000000000000000e+03 3.282841847326423249e+03 -6.084184732642324889e+01
3.567349999999999710e+01 3.205000000000000000e+03 3.282850732229785535e+03 -7.785073222978553531e+01
3.568663000000000096e+01 3.273000000000000000e+03 3.282861468756215800e+03 -9.861468756215799658e+00
3.569975999999999772e+01 3.329000000000000000e+03 3.282874165322918998e+03 4.612583467708100216e+01
3.571289000000000158e+01 3.276000000000000000e+03 3.282888939344411483e+03 -6.888939344411483034e+00
3.572601999999999833e+01 3.237000000000000000e+03 3.282905918096691039e+03 -4.590591809669103895e+01
3.573915000000000219e+01 3.287000000000000000e+03 3.282925239681270341e+03 4.074760318729659048e+00
3.575227999999999895e+01 3.262000000000000000e+03 3.282947054102413404e+03 -2.094705410241340360e+01
3.576541000000000281e+01 3.287000000000000000e+03 3.282971524472910914e+03 4.028475527089085517e+00
3.577853999999999957e+01 3.268000000000000000e+03 3.282998828366167345e+03 -1.499882836616734494e+01
3.579167000000000343e+01 3.162000000000000000e+03 3.283029159335112126e+03 -1.210291593351121264e+02
3.580480000000000018e+01 3.222000000000000000e+03 3.283062728621765018e+03 -6.106272862176501803e+01
3.581792999999999694e+01 3.187000000000000000e+03 3.283099767085200710e+03 -9.609976708520071043e+01
3.583106000000000080e+01 3.354000000000000000e+03 3.283140527380193816e+03 7.085947261980618350e+01
3.584418999999999755e+01 3.189000000000000000e+03 3.283185286424383321e+03 -9.418528642438332099e+01
3.585732000000000141e+01 3.343000000000000000e+03 3.283234348198212047e+03 5.976565180178795345e+01
3.587044999999999817e+01 3.290000000000000000e+03 3.283288046929737447e+03 6.711953070262552501e+00
3.588358000000000203e+01 3.259000000000000000e+03 3.283346750725691436e+03 -2.434675072569143595e+01
3.589670999999999879e+01 3.277000000000000000e+03 3.283410865721331447e+03 -6.410865721331447276e+00
3.590984000000000265e+01 3.282000000000000000e+03 3.283480840835184154e+03 -1.480840835184153548e+00
3.592296999999999940e+01 3.320000000000000000e+03 3.283557173230976787e+03 3.644282676902321327e+01
3.593610000000000326e+01 3.205000000000000000e+03 3.283640414608978972e+03 -7.864041460897897196e+01
3.594924000000000319e+01 3.322000000000000000e+03 3.283731250635817105e+03 3.826874936418289508e+01
3.596236999999999995e+01 3.170000000000000000e+03 3.283830227241642206e+03 -1.138302272416422056e+02
3.597549999999999670e+01 3.274000000000000000e+03 3.283938174403324865e+03 -9.938174403324865125e+00
3.598863000000000056e+01 3.207000000000000000e+03 3.284055947329877654e+03 -7.705594732987765383e+01
3.600175999999999732e+01 3.331000000000000000e+03 3.284184505980385438e+03 4.681549401961456169e+01
3.601489000000000118e+01 3.228000000000000000e+03 3.284324930713383765e+03 -5.632493071338376467e+01
3.602801999999999794e+01 3.212000000000000000e+03 3.284478440720200069e+03 -7.247844072020006934e+01
3.604115000000000180e+01 3.334000000000000000e+03 3.284646415827088276e+03 4.935358417291172373e+01
3.605427999999999855e+01 3.247000000000000000e+03 3.284830422405752870e+03 -3.783042240575286996e+01
3.606741000000000241e+01 3.280000000000000000e+03 3.285032244351469217e+03 -5.032244351469216781e+00
3.608053999999999917e+01 3.266000000000000000e+03 3.285253920420524082e+03 -1.925392042052408215e+01
3.609367000000000303e+01 3.299000000000000000e+03 3.285497789756963812e+03 1.350221024303618833e+01
3.610679999999999978e+01 3.246000000000000000e+03 3.285766548358701129e+03 -3.976654835870112947e+01
3.611992999999999654e+01 3.341000000000000000e+03 3.286063320857642339e+03 5.493667914235766148e+01
3.613306000000000040e+01 3.277000000000000000e+03 3.286391754879164182e+03 -9.391754879164182057e+00
3.614618999999999716e+01 3.169000000000000000e+03 3.286756150322290523e+03 -1.177561503222905230e+02
3.615932000000000102e+01 3.260000000000000000e+03 3.287161644550785695e+03 -2.716164455078569517e+01
3.617244999999999777e+01 3.249000000000000000e+03 3.287614488589399116e+03 -3.861448858939911588e+01
3.618558000000000163e+01 3.244000000000000000e+03 3.288122471144949486e+03 -4.412247114494948619e+01
3.619870999999999839e+01 3.345000000000000000e+03 3.288695578390833361e+03 5.630442160916663852e+01
3.621184000000000225e+01 3.306000000000000000e+03 3.289347017932353992e+03 1.665298206764600764e+01
3.622496999999999900e+01 3.328000000000000000e+03 3.290094781044307638e+03 3.790521895569236221e+01
3.623810000000000286e+01 3.252000000000000000e+03 3.290963956768825483e+03 -3.896395676882548287e+01
3.625122999999999962e+01 3.264000000000000000e+03 3.291990023202692555e+03 -2.799002320269255506e+01
3.626436000000000348e+01 3.125000000000000000e+03 3.293223292380620023e+03 -1.682232923806200233e+02
3.627749000000000024e+01 3.236000000000000000e+03 3.294734534788270139e+03 -5.873453478827013896e+01
3.629061999999999699e+01 3.199000000000000000e+03 3.296621519935120432e+03 -9.762151993512043191e+01
3.630375000000000085e+01 3.238000000000000000e+03 3.299015765347791785e+03 -6.101576534779178473e+01
3.631687999999999761e+01 3.350000000000000000e+03 3.302088220305792674e+03 4.791177969420732552e+01
3.633001000000000147e+01 3.241000000000000000e+03 3.306052023953955540e+03 -6.505202395395554049e+01
3.634313999999999822e+01 3.360000000000000000e+03 3.311160040424355429e+03 4.883995957564457058e+01
3.635627000000000209e+01 3.293000000000000000e+03 3.317694785621636129e+03 -2.469478562163612878e+01
3.636939999999999884e+01 3.351000000000000000e+03 3.325948760238487012e+03 2.505123976151298848e+01
3.638253000000000270e+01 3.274000000000000000e+03 3.336194054649859936e+03 -6.219405464985993603e+01
3.639565999999999946e+01 3.261000000000000000e+03 3.348641126772240113e+03 -8.764112677224011350e+01
3.640879000000000332e+01 3.359000000000000000e+03 3.363387528596779703e+03 -4.387528596779702639e+00
3.642193000000000325e+01 3.374000000000000000e+03 3.380371763920406465e+03 -6.371763920406465331e+00
3.643506000000000000e+01 3.359000000000000000e+03 3.399253893915035860e+03 -4.025389391503586012e+01
3.644818999999999676e+01 3.439000000000000000e+03 3.419427281902972027e+03 1.957271809702797327e+01
3.646132000000000062e+01 3.441000000000000000e+03 3.439916630896256720e+03 1.083369103743279993e+00
3.647444999999999737e+01 3.476000000000000000e+03 3.459388692733537937e+03 1.661130726646206313e+01
3.648758000000000123e+01 3.647000000000000000e+03 3.476261901998637768e+03 1.707380980013622320e+02
3.650070999999999799e+01 3.625000000000000000e+03 3.488978839900131788e+03 1.360211600998682115e+02
3.651384000000000185e+01 3.740000000000000000e+03 3.496423748575798982e+03 2.435762514242010184e+02
3.652696999999999861e+01 3.740000000000000000e+03 3.498320903239567087e+03 2.416790967604329126e+02
3.654010000000000247e+01 3.851000000000000000e+03 3.495312030418544055e+03 3.556879695814559454e+02
3.655322999999999922e+01 3.808000000000000000e+03 3.488568701644613157e+03 3.194312983553868435e+02
3.656636000000000308e+01 3.567000000000000000e+03 3.479208381546453893e+03 8.779161845354610705e+01
3.657948999999999984e+01 3.634000000000000000e+03 3.467921507531724728e+03 1.660784924682752717e+02
3.659261999999999659e+01 3.513000000000000000e+03 3.454963432748942978e+03 5.803656725105702208e+01
3.660575000000000045e+01 3.567000000000000000e+03 3.440407784385043215e+03 1.265922156149567854e+02
3.661887999999999721e+01 3.473000000000000000e+03 3.424467501393523889e+03 4.853249860647611058e+01
3.663201000000000107e+01 3.531000000000000000e+03 3.407675755694241161e+03 1.233242443057588389e+02
3.664513999999999783e+01 3.396000000000000000e+03 3.390809707313338095e+03 5.190292686661905464e+00
3.665827000000000169e+01 3.451000000000000000e+03 3.374653558121424794e+03 7.634644187857520592e+01
3.667139999999999844e+01 3.399000000000000000e+03 3.359803012054555438e+03 3.919698794544456177e+01
3.668453000000000230e+01 3.372000000000000000e+03 3.346604902944915011e+03 2.539509705508498882e+01
3.669765999999999906e+01 3.309000000000000000e+03 3.335192422895135678e+03 -2.619242289513567812e+01
3.671079000000000292e+01 3.434000000000000000e+03 3.325547897733148602e+03 1.084521022668513979e+02
3.672391999999999967e+01 3.367000000000000000e+03 3.317557235647700509e+03 4.944276435229949129e+01
3.673705000000000354e+01 3.512000000000000000e+03 3.311049238562558912e+03 2.009507614374410878e+02
3.675018000000000029e+01 3.464000000000000000e+03 3.305823640363402319e+03 1.581763596365976809e+02
3.676330999999999705e+01 3.444000000000000000e+03 3.301672044483716491e+03 1.423279555162835095e+02
3.677644000000000091e+01 3.304000000000000000e+03 3.298393745280247003e+03 5.606254719752996607e+00
3.678956999999999766e+01 3.393000000000000000e+03 3.295806916895253380e+03 9.719308310474661994e+01
3.680270000000000152e+01 3.342000000000000000e+03 3.293755276458514800e+03 4.824472354148520026e+01
3.681582999999999828e+01 3.216000000000000000e+03 3.292110612129162291e+03 -7.611061212916229124e+01
3.682896000000000214e+01 3.355000000000000000e+03 3.290771995118182076e+03 6.422800488181792389e+01
3.684208999999999889e+01 3.309000000000000000e+03 3.289662760191870802e+03 1.933723980812919763e+01
3.685522000000000276e+01 3.378000000000000000e+03 3.288726349831276366e+03 8.927365016872363412e+01
3.686834999999999951e+01 3.354000000000000000e+03 3.287921923119705298e+03 6.607807688029470228e+01
3.688148000000000337e+01 3.339000000000000000e+03 3.287220337222225680e+03 5.177966277777431969e+01
3.689462000000000330e+01 3.305000000000000000e+03 3.286600371474133681e+03 1.839962852586631925e+01
3.690775000000000006e+01 3.346000000000000000e+03 3.286047992375722970e+03 5.995200762427703012e+01
3.692087999999999681e+01 3.364000000000000000e+03 3.285551687241003492e+03 7.844831275899650791e+01
3.693401000000000067e+01 3.215000000000000000e+03 3.285103122696337778e+03 -7.010312269633777760e+01
3.694713999999999743e+01 3.283000000000000000e+03 3.284695797017583573e+03 -1.695797017583572597e+00
3.696027000000000129e+01 3.265000000000000000e+03 3.284324491179453162e+03 -1.932449117945316175e+01
3.697339999999999804e+01 3.222000000000000000e+03 3.283984916079113191e+03 -6.198491607911319079e+01
3.698653000000000191e+01 3.275000000000000000e+03 3.283673483864443369e+03 -8.673483864443369384e+00
3.699965999999999866e+01 3.326000000000000000e+03 3.283387155822617387e+03 4.261284417738261254e+01
3.701279000000000252e+01 3.231000000000000000e+03 3.283123337177686153e+03 -5.212333717768615315e+01
3.702591999999999928e+01 3.339000000000000000e+03 3.282879801069752830e+03 5.612019893024717021e+01
3.703905000000000314e+01 3.252000000000000000e+03 3.282654631407463512e+03 -3.065463140746351201e+01
3.705217999999999989e+01 3.355000000000000000e+03 3.282446178680242156e+03 7.255382131975784432e+01
3.706530999999999665e+01 3.245000000000000000e+03 3.282253025362282187e+03 -3.725302536228218742e+01
3.707844000000000051e+01 3.244000000000000000e+03 3.282073959056343028e+03 -3.807395905634302835e+01
3.709156999999999726e+01 3.361000000000000000e+03 3.281907952542594558e+03 7.909204745740544240e+01
3.710470000000000113e+01 3.248000000000000000e+03 3.281754150751877660e+03 -3.375415075187765979e+01
3.711782999999999788e+01 3.266000000000000000e+03 3.281611865587961802e+03 -1.561186558796180179e+01
3.713096000000000174e+01 3.247000000000000000e+03 3.281480580612338144e+03 -3.448058061233814442e+01
3.714408999999999850e+01 3.279000000000000000e+03 3.281359968925847625e+03 -2.359968925847624632e+00
3.715722000000000236e+01 3.301000000000000000e+03 3.281249929059556052e+03 1.975007094044394762e+01
3.717034999999999911e+01 3.175000000000000000e+03 3.281150645053369772e+03 -1.061506450533697716e+02
3.718348000000000297e+01 3.307000000000000000e+03 3.281062677613915639e+03 2.593732238608436091e+01
3.719660999999999973e+01 3.234000000000000000e+03 3.280987092445733651e+03 -4.698709244573365140e+01
3.720973999999999648e+01 3.196000000000000000e+03 3.280925628424051865e+03 -8.492562842405186530e+01
3.722287000000000035e+01 3.240000000000000000e+03 3.280357576016480380e+03 -4.035757601648037962e+01
3.723599999999999710e+01 3.241000000000000000e+03 3.280336326254580854e+03 -3.933632625458085386e+01
3.724913000000000096e+01 3.314000000000000000e+03 3.280340525155776959e+03 3.365947484422304115e+01
3.726225999999999772e+01 3.284000000000000000e+03 3.280376651559750826e+03 3.623348440249174018e+00
3.727539000000000158e+01 3.282000000000000000e+03 3.280452656649031269e+03 1.547343350968731102e+00
3.728851999999999833e+01 3.300000000000000000e+03 3.280577777750068435e+03 1.942222224993156487e+01
3.730165000000000219e+01 3.239000000000000000e+03 3.280762079374551377e+03 -4.176207937455137653e+01
3.731477999999999895e+01 3.297000000000000000e+03 3.280740565830612013e+03 1.625943416938798691e+01
3.732791000000000281e+01 3.236000000000000000e+03 3.281074079452061596e+03 -4.507407945206159638e+01
3.734103999999999957e+01 3.290000000000000000e+03 3.281492441911466358e+03 8.507558088533642149e+00
3.735417999999999950e+01 3.251000000000000000e+03 3.281998370007688209e+03 -3.099837000768820872e+01
3.736731000000000336e+01 3.265000000000000000e+03 3.282587195525769857e+03 -1.758719552576985734e+01
3.738044000000000011e+01 3.285000000000000000e+03 3.283247046888151999e+03 1.752953111848000844e+00
3.739356999999999687e+01 3.236000000000000000e+03 3.283955243362387137e+03 -4.795524336238713659e+01
3.740670000000000073e+01 3.145000000000000000e+03 3.284676990643829868e+03 -1.396769906438298676e+02
3.741982999999999748e+01 3.299000000000000000e+03 3.285365327148467259e+03 1.363467285153274133e+01
3.743296000000000134e+01 3.214000000000000000e+03 3.285964576601192221e+03 -7.196457660119222055e+01
3.744608999999999810e+01 3.271000000000000000e+03 3.286419076750243676e+03 -1.541907675024367563e+01
3.745922000000000196e+01 3.311000000000000000e+03 3.286686741716147026e+03 2.431325828385297427e+01
3.747234999999999872e+01 3.208000000000000000e+03 3.286752486978843990e+03 -7.875248697884399007e+01
3.748548000000000258e+01 3.358000000000000000e+03 3.286632501554947339e+03 7.136749844505266083e+01
3.749860999999999933e+01 3.341000000000000000e+03 3.286364047602098253e+03 5.463595239790174674e+01
3.751174000000000319e+01 3.281000000000000000e+03 3.285987057586618903e+03 -4.987057586618902860e+00
3.752486999999999995e+01 3.245000000000000000e+03 3.285529903870508406e+03 -4.052990387050840582e+01
3.753799999999999670e+01 3.299000000000000000e+03 3.285006118066327872e+03 1.399388193367212807e+01
3.755113000000000056e+01 3.228000000000000000e+03 3.284420585444792323e+03 -5.642058544479232296e+01
3.756425999999999732e+01 3.307000000000000000e+03 3.283779732990039975e+03 2.322026700996002546e+01
3.757739000000000118e+01 3.280000000000000000e+03 3.283099245435013017e+03 -3.099245435013017413e+00
3.759051999999999794e+01 3.301000000000000000e+03 3.282404449759699673e+03 1.859555024030032655e+01
3.760365000000000180e+01 3.309000000000000000e+03 3.281724020637710055e+03 2.727597936228994513e+01
3.761677999999999855e+01 3.170000000000000000e+03 3.281082607797618493e+03 -1.110826077976184934e+02
3.762991000000000241e+01 3.146000000000000000e+03 3.280496947782426105e+03 -1.344969477824261048e+02
3.764303999999999917e+01 3.230000000000000000e+03 3.279975758388864961e+03 -4.997575838886496058e+01
3.765617000000000303e+01 3.267000000000000000e+03 3.279521463817990934e+03 -1.252146381799093433e+01
3.766929999999999978e+01 3.296000000000000000e+03 3.279132136546256334e+03 1.686786345374366647e+01
3.768242999999999654e+01 3.239000000000000000e+03 3.278803043859015361e+03 -3.980304385901536079e+01
3.769556000000000040e+01 3.246000000000000000e+03 3.278527776279037425e+03 -3.252777627903742541e+01
3.770868999999999716e+01 3.218000000000000000e+03 3.278299089056358298e+03 -6.029908905635829797e+01
3.772182000000000102e+01 3.251000000000000000e+03 3.278109554604453933e+03 -2.710955460445393328e+01
3.773494999999999777e+01 3.300000000000000000e+03 3.277952063864694537e+03 2.204793613530546281e+01
3.774808000000000163e+01 3.243000000000000000e+03 3.277820181987945944e+03 -3.482018198794594355e+01
3.776120999999999839e+01 3.259000000000000000e+03 3.277708359883687990e+03 -1.870835988368799008e+01
3.777434000000000225e+01 3.302000000000000000e+03 3.277612014309724145e+03 2.438798569027585472e+01
3.778746999999999900e+01 3.223000000000000000e+03 3.277527502304344125e+03 -5.452750230434412515e+01
3.780060000000000286e+01 3.152000000000000000e+03 3.277452023499932238e+03 -1.254520234999322383e+02
3.781372999999999962e+01 3.171000000000000000e+03 3.277383484197015150e+03 -1.063834841970151501e+02
3.782686999999999955e+01 3.340000000000000000e+03 3.277320305186332007e+03 6.267969481366799300e+01
3.784000000000000341e+01 3.249000000000000000e+03 3.277261473960212243e+03 -2.826147396021224267e+01
3.785313000000000017e+01 3.345000000000000000e+03 3.277206142167280177e+03 6.779385783271982291e+01
3.786625999999999692e+01 3.326000000000000000e+03 3.277153730140661992e+03 4.884626985933800825e+01
3.787939000000000078e+01 3.219000000000000000e+03 3.277103809586213174e+03 -5.810380958621317404e+01
3.789251999999999754e+01 3.168000000000000000e+03 3.277056055964175812e+03 -1.090560559641758118e+02
3.790565000000000140e+01 3.220000000000000000e+03 3.277010216076037977e+03 -5.701021607603797747e+01
3.791877999999999815e+01 3.203000000000000000e+03 3.276966086598092716e+03 -7.396608659809271558e+01
3.793191000000000201e+01 3.371000000000000000e+03 3.276923500074301501e+03 9.407649992569849928e+01
3.794503999999999877e+01 3.223000000000000000e+03 3.276882315776530959e+03 -5.388231577653095883e+01
3.795817000000000263e+01 3.215000000000000000e+03 3.276842413642877091e+03 -6.184241364287709075e+01
3.797129999999999939e+01 3.267000000000000000e+03 3.276803690128959261e+03 -9.803690128959260619e+00
3.798443000000000325e+01 3.220000000000000000e+03 3.276766055247491295e+03 -5.676605524749129472e+01
3.799756000000000000e+01 3.293000000000000000e+03 3.276729430359839171e+03 1.627056964016082929e+01
3.801068999999999676e+01 3.248000000000000000e+03 3.276693746461525279e+03 -2.869374646152527930e+01
3.802382000000000062e+01 3.205000000000000000e+03 3.276658942808670872e+03 -7.165894280867087218e+01
3.803694999999999737e+01 3.189000000000000000e+03 3.276624965792508647e+03 -8.762496579250864670e+01
3.805008000000000123e+01 3.268000000000000000e+03 3.276591768002942899e+03 -8.591768002942899329e+00
3.806320999999999799e+01 3.262000000000000000e+03 3.276559307441351848e+03 -1.455930744135184796e+01
3.807634000000000185e+01 3.155000000000000000e+03 3.276527546854151296e+03 -1.215275468541512964e+02
3.808946999999999861e+01 3.298000000000000000e+03 3.276496453165615549e+03 2.150354683438445136e+01
3.810260000000000247e+01 3.267000000000000000e+03 3.276465996993174940e+03 -9.465996993174940144e+00
3.811572999999999922e+01 3.332000000000000000e+03 3.276436152231729466e+03 5.556384776827053429e+01
3.812886000000000308e+01 3.283000000000000000e+03 3.276406895696013635e+03 6.593104303986365267e+00
3.814198999999999984e+01 3.271000000000000000e+03 3.276378206812052667e+03 -5.378206812052667374e+00
3.815511999999999659e+01 3.183000000000000000e+03 3.276350067350245808e+03 -9.335006735024580848e+01
3.816825000000000045e+01 3.239000000000000000e+03 3.276322461193903564e+03 -3.732246119390356398e+01
3.818137999999999721e+01 3.159000000000000000e+03 3.276295374138102034e+03 -1.172953741381020336e+02
3.819451000000000107e+01 3.278000000000000000e+03 3.276268793714519234e+03 1.731206285480766383e+00
3.820763999999999783e+01 3.203000000000000000e+03 3.276242709038655448e+03 -7.324270903865544824e+01
3.822077000000000169e+01 3.173000000000000000e+03 3.276217110676350330e+03 -1.032171106763503303e+02
3.823389999999999844e+01 3.357000000000000000e+03 3.276191990527058806e+03 8.080800947294119396e+01
3.824703000000000230e+01 3.214000000000000000e+03 3.276201451475626982e+03 -6.220145147562698185e+01
3.826015999999999906e+01 3.211000000000000000e+03 3.276177413783435441e+03 -6.517741378343544056e+01
3.827329000000000292e+01 3.184000000000000000e+03 3.276153837977226431e+03 -9.215383797722643067e+01
3.828641999999999967e+01 3.210000000000000000e+03 3.276130720396414290e+03 -6.613072039641429001e+01
3.829955999999999960e+01 3.165000000000000000e+03 3.276108041228798356e+03 -1.111080412287983563e+02
3.831269000000000347e+01 3.296000000000000000e+03 3.276085833150068083e+03 1.991416684993191666e+01
3.832582000000000022e+01 3.260000000000000000e+03 3.276064077722456659e+03 -1.606407772245665910e+01
3.833894999999999698e+01 3.324000000000000000e+03 3.276042774738631124e+03 4.795722526136887609e+01
3.835208000000000084e+01 3.234000000000000000e+03 3.276039850867732184e+03 -4.203985086773218427e+01
3.836520999999999759e+01 3.173000000000000000e+03 3.276019531492723218e+03 -1.030195314927232175e+02
3.837834000000000145e+01 3.240000000000000000e+03 3.275999668896527055e+03 -3.599966889652705504e+01
3.839146999999999821e+01 3.313000000000000000e+03 3.275980265772052007e+03 3.701973422794799262e+01
3.840460000000000207e+01 3.320000000000000000e+03 3.275961325483884139e+03 4.403867451611586148e+01
3.841772999999999882e+01 3.337000000000000000e+03 3.275942852054566629e+03 6.105714794543337121e+01
3.843086000000000269e+01 3.350000000000000000e+03 3.275924850154012347e+03 7.407514984598765295e+01
3.844398999999999944e+01 3.247000000000000000e+03 3.275907325091824987e+03 -2.890732509182498688e+01
3.845712000000000330e+01 3.263000000000000000e+03 3.275890282812355508e+03 -1.289028281235550821e+01
3.847025000000000006e+01 3.311000000000000000e+03 3.275873729892345636e+03 3.512627010765436353e+01
3.848337999999999681e+01 3.299000000000000000e+03 3.275857673541016084e+03 2.314232645898391638e+01
3.849651000000000067e+01 3.313000000000000000e+03 3.275842121602503539e+03 3.715787839749646082e+01
3.850963999999999743e+01 3.305000000000000000e+03 3.275827082560582767e+03 2.917291743941723325e+01
3.852277000000000129e+01 3.341000000000000000e+03 3.275812565545573307e+03 6.518743445442669326e+01
3.853589999999999804e+01 3.292000000000000000e+03 3.275798580343433059e+03 1.620141965656694083e+01
3.854903000000000191e+01 3.326000000000000000e+03 3.275785137406955528e+03 5.021486259304447231e+01
3.856215999999999866e+01 3.295000000000000000e+03 3.275772247869119383e+03 1.922775213088061719e+01
3.857529000000000252e+01 3.238000000000000000e+03 3.275759923558523951e+03 -3.775992355852395121e+01
3.858841999999999928e+01 3.324000000000000000e+03 3.275748177017003400e+03 4.825182298299660033e+01
3.860155000000000314e+01 3.348000000000000000e+03 3.275737021519363680e+03 7.226297848063632046e+01
3.861467999999999989e+01 3.307000000000000000e+03 3.275726471095358193e+03 3.127352890464180746e+01
3.862780999999999665e+01 3.239000000000000000e+03 3.275716540553911273e+03 -3.671654055391127258e+01
3.864094000000000051e+01 3.336000000000000000e+03 3.275707245509677705e+03 6.029275449032229517e+01
3.865406999999999726e+01 3.215000000000000000e+03 3.275698602412011951e+03 -6.069860241201195095e+01
3.866720000000000113e+01 3.244000000000000000e+03 3.275690628576439849e+03 -3.169062857643984898e+01
3.868032999999999788e+01 3.219000000000000000e+03 3.275683342218753751e+03 -5.668334221875375079e+01
3.869346000000000174e+01 3.300000000000000000e+03 3.275676762491832960e+03 2.432323750816703978e+01
3.870658999999999850e+01 3.162000000000000000e+03 3.275670909525348634e+03 -1.136709095253486339e+02
3.871972000000000236e+01 3.173000000000000000e+03 3.275665804468483202e+03 -1.026658044684832021e+02
3.873284999999999911e+01 3.256000000000000000e+03 3.275661469535859396e+03 -1.966146953585939627e+01
3.874598000000000297e+01 3.274000000000000000e+03 3.275657928056837591e+03 -1.657928056837590702e+00
3.875912000000000290e+01 3.303000000000000000e+03 3.275655202772308712e+03 2.734479722769128784e+01
3.877224999999999966e+01 3.217000000000000000e+03 3.275653323568490578e+03 -5.865332356849057760e+01
3.878538000000000352e+01 3.275000000000000000e+03 3.275652315064119648e+03 -6.523150641196480137e-01
3.879851000000000028e+01 3.235000000000000000e+03 3.275652205616891933e+03 -4.065220561689193346e+01
3.881163999999999703e+01 3.323000000000000000e+03 3.275653025004497067e+03 4.734697499550293287e+01
3.882477000000000089e+01 3.215000000000000000e+03 3.275654804499280999e+03 -6.065480449928099915e+01
3.883789999999999765e+01 3.192000000000000000e+03 3.275657576948241967e+03 -8.365757694824196733e+01
3.885103000000000151e+01 3.170000000000000000e+03 3.275661376858695803e+03 -1.056613768586958031e+02
3.886415999999999826e+01 3.256000000000000000e+03 3.275666240490051678e+03 -1.966624049005167763e+01
3.887729000000000212e+01 3.280000000000000000e+03 3.275672205952158038e+03 4.327794047841962310e+00
3.889041999999999888e+01 3.155000000000000000e+03 3.275679313310726229e+03 -1.206793133107262292e+02
3.890355000000000274e+01 3.338000000000000000e+03 3.275687604700350676e+03 6.231239529964932444e+01
3.891667999999999950e+01 3.209000000000000000e+03 3.275697124445760892e+03 -6.669712444576089183e+01
3.892981000000000336e+01 3.254000000000000000e+03 3.275707919191934707e+03 -2.170791919193470676e+01
3.894294000000000011e+01 3.239000000000000000e+03 3.275720038043799832e+03 -3.672003804379983194e+01
3.895606999999999687e+01 3.220000000000000000e+03 3.275733532716305945e+03 -5.573353271630594463e+01
3.896920000000000073e+01 3.221000000000000000e+03 3.275748457695719026e+03 -5.474845769571902565e+01
3.898232999999999748e+01 3.314000000000000000e+03 3.275764870413103836e+03 3.823512958689616426e+01
3.899546000000000134e+01 3.316000000000000000e+03 3.275782831430984061e+03 4.021716856901593928e+01
3.900858999999999810e+01 3.310000000000000000e+03 3.275802404644364287e+03 3.419759535563571262e+01
3.902172000000000196e+01 3.234000000000000000e+03 3.275823657497331169e+03 -4.182365749733116900e+01
3.903484999999999872e+01 3.314000000000000000e+03 3.275846661216609846e+03 3.815333878339015428e+01
3.904798000000000258e+01 3.327000000000000000e+03 3.275871491063594021e+03 5.112850893640597860e+01
3.906110999999999933e+01 3.224000000000000000e+03 3.275898226606512708e+03 -5.189822660651270780e+01
3.907424000000000319e+01 3.272000000000000000e+03 3.275926952014566268e+03 -3.926952014566268190e+00
3.908736999999999995e+01 3.146000000000000000e+03 3.275957756376069938e+03 -1.299577563760699377e+02
3.910049999999999670e+01 3.243000000000000000e+03 3.275990734042832173e+03 -3.299073404283217315e+01
3.911363000000000056e+01 3.309000000000000000e+03 3.276025985003280312e+03 3.297401499671968850e+01
3.912675999999999732e+01 3.230000000000000000e+03 3.276063615287042012e+03 -4.606361528704201191e+01
3.913989000000000118e+01 3.291000000000000000e+03 3.276103737404078402e+03 1.489626259592159840e+01
3.915301999999999794e+01 3.236000000000000000e+03 3.276146470821724051e+03 -4.014647082172405135e+01
3.916615000000000180e+01 3.327000000000000000e+03 3.276191942483416369e+03 5.080805751658363079e+01
3.917927999999999855e+01 3.315000000000000000e+03 3.276240287373311730e+03 3.875971262668826967e+01
3.919241000000000241e+01 3.314000000000000000e+03 3.276291649131451322e+03 3.770835086854867768e+01
3.920553999999999917e+01 3.337000000000000000e+03 3.276346180724698115e+03 6.065381927530188477e+01
3.921867000000000303e+01 3.251000000000000000e+03 3.276404045179287550e+03 -2.540404517928755013e+01
3.923181000000000296e+01 3.240000000000000000e+03 3.276465464505517957e+03 -3.646546450551795715e+01
3.924493999999999971e+01 3.216000000000000000e+03 3.276530530963859292e+03 -6.053053096385929166e+01
3.925806999999999647e+01 3.395000000000000000e+03 3.276599488266751905e+03 1.184005117332480950e+02
3.927120000000000033e+01 3.345000000000000000e+03 3.276672548491974339e+03 6.832745150802566059e+01
3.928432999999999709e+01 3.296000000000000000e+03 3.276749938622623176e+03 1.925006137737682366e+01
3.929746000000000095e+01 3.289000000000000000e+03 3.276831901817995004e+03 1.216809818200499649e+01
3.931058999999999770e+01 3.262000000000000000e+03 3.276918698812641651e+03 -1.491869881264165087e+01
3.932372000000000156e+01 3.238000000000000000e+03 3.277010609458493946e+03 -3.901060945849394557e+01
3.933684999999999832e+01 3.205000000000000000e+03 3.277107934426997872e+03 -7.210793442699787192e+01
3.934998000000000218e+01 3.343000000000000000e+03 3.277210997090443470e+03 6.578900290955652963e+01
3.936310999999999893e+01 3.208000000000000000e+03 3.277320145604295249e+03 -6.932014560429524863e+01
3.937624000000000279e+01 3.265000000000000000e+03 3.277435755215375593e+03 -1.243575521537559325e+01
3.938936999999999955e+01 3.258000000000000000e+03 3.277558230824191014e+03 -1.955823082419101411e+01
3.940250000000000341e+01 3.391000000000000000e+03 3.277688009833825618e+03 1.133119901661743825e+02
3.941563000000000017e+01 3.327000000000000000e+03 3.277825565322417333e+03 4.917443467758266706e+01
3.942875999999999692e+01 3.292000000000000000e+03 3.277971409581776243e+03 1.402859041822375730e+01
3.944189000000000078e+01 3.266000000000000000e+03 3.278126098071024899e+03 -1.212609807102489867e+01
3.945501999999999754e+01 3.307000000000000000e+03 3.278290233841558802e+03 2.870976615844119806e+01
3.946815000000000140e+01 3.353000000000000000e+03 3.278464472498379564e+03 7.453552750162043594e+01
3.948127999999999815e+01 3.233000000000000000e+03 3.278649527773013233e+03 -4.564952777301323295e+01
3.949441000000000201e+01 3.253000000000000000e+03 3.278846177795248423e+03 -2.584617779524842263e+01
3.950753999999999877e+01 3.320000000000000000e+03 3.279055272165122005e+03 4.094472783487799461e+01
3.952067000000000263e+01 3.287000000000000000e+03 3.279277739943305278e+03 7.722260056694722152e+00
3.953379999999999939e+01 3.248000000000000000e+03 3.279514598697901420e+03 -3.151459869790141965e+01
3.954693000000000325e+01 3.283000000000000000e+03 3.279766964769295555e+03 3.233035230704444984e+00
3.956006000000000000e+01 3.195000000000000000e+03 3.280036064942842131e+03 -8.503606494284213113e+01
3.957318999999999676e+01 3.379000000000000000e+03 3.280323249752879292e+03 9.867675024712070808e+01
3.958632000000000062e+01 3.138000000000000000e+03 3.280630008682082916e+03 -1.426300086820829165e+02
3.959944999999999737e+01 3.345000000000000000e+03 3.280957987569151101e+03 6.404201243084889938e+01
3.961258000000000123e+01 3.290000000000000000e+03 3.281309008597653701e+03 8.690991402346298855e+00
3.962570999999999799e+01 3.218000000000000000e+03 3.281685093312810750e+03 -6.368509331281074992e+01
3.963884000000000185e+01 3.351000000000000000e+03 3.282088489206566010e+03 6.891151079343399033e+01
3.965196999999999861e+01 3.279000000000000000e+03 3.282521700533569401e+03 -3.521700533569401159e+00
3.966510000000000247e+01 3.268000000000000000e+03 3.282987524187812141e+03 -1.498752418781214146e+01
3.967822999999999922e+01 3.285000000000000000e+03 3.283489091711182482e+03 1.510908288817518041e+00
3.969136000000000308e+01 3.235000000000000000e+03 3.284029918875304702e+03 -4.902991887530470194e+01
3.970450000000000301e+01 3.262000000000000000e+03 3.284614427264333244e+03 -2.261442726433324424e+01
3.971762999999999977e+01 3.316000000000000000e+03 3.285246204728467546e+03 3.075379527153245363e+01
3.973075999999999652e+01 3.276000000000000000e+03 3.285930758524047178e+03 -9.930758524047178071e+00
3.974389000000000038e+01 3.263000000000000000e+03 3.286673886788055370e+03 -2.367388678805536983e+01
3.975701999999999714e+01 3.351000000000000000e+03 3.287482257901191133e+03 6.351774209880886701e+01
3.977015000000000100e+01 3.318000000000000000e+03 3.288363619553776061e+03 2.963638044622393863e+01
3.978327999999999776e+01 3.235000000000000000e+03 3.289327097878413042e+03 -5.432709787841304205e+01
3.979641000000000162e+01 3.316000000000000000e+03 3.290383637820412787e+03 2.561636217958721318e+01
3.980953999999999837e+01 3.338000000000000000e+03 3.291546662739038311e+03 4.645333726096168903e+01
3.982267000000000223e+01 3.349000000000000000e+03 3.292833067507159740e+03 5.616693249284026024e+01
3.983579999999999899e+01 3.330000000000000000e+03 3.294264704697890920e+03 3.573529530210907978e+01
3.984893000000000285e+01 3.362000000000000000e+03 3.295870574085412954e+03 6.612942591458704555e+01
3.986205999999999960e+01 3.320000000000000000e+03 3.297689972542256783e+03 2.231002745774321738e+01
3.987519000000000347e+01 3.283000000000000000e+03 3.299776888000462804e+03 -1.677688800046280448e+01
3.988832000000000022e+01 3.365000000000000000e+03 3.302205902485197839e+03 6.279409751480216073e+01
3.990144999999999698e+01 3.314000000000000000e+03 3.305079772973496347e+03 8.920227026503653178e+00
3.991458000000000084e+01 3.390000000000000000e+03 3.308538650056373172e+03 8.146134994362682846e+01
3.992770999999999759e+01 3.340000000000000000e+03 3.312770545265046167e+03 2.722945473495383339e+01
3.994084000000000145e+01 3.429000000000000000e+03 3.318022162191799907e+03 1.109778378082000927e+02
3.995396999999999821e+01 3.287000000000000000e+03 3.324608596478321033e+03 -3.760859647832103292e+01
3.996710000000000207e+01 3.329000000000000000e+03 3.332919770544688618e+03 -3.919770544688617520e+00
3.998022999999999882e+01 3.420000000000000000e+03 3.343420942326890327e+03 7.657905767310967349e+01
3.999336000000000269e+01 3.416000000000000000e+03 3.356644395132891532e+03 5.935560486710846817e+01
4.000648999999999944e+01 3.417000000000000000e+03 3.373169655960364707e+03 4.383034403963529257e+01
4.001962000000000330e+01 3.462000000000000000e+03 3.393590403922612950e+03 6.840959607738705017e+01
4.003275000000000006e+01 3.534000000000000000e+03 3.418467555723686928e+03 1.155324442763130719e+02
4.004587999999999681e+01 3.563000000000000000e+03 3.448269551568464522e+03 1.147304484315354784e+02
4.005901000000000067e+01 3.526000000000000000e+03 3.483302082629556025e+03 4.269791737044397451e+01
4.007213999999999743e+01 3.531000000000000000e+03 3.523629824559027384e+03 7.370175440972616343e+00
4.008527000000000129e+01 3.586000000000000000e+03 3.568992024022211353e+03 1.700797597778864656e+01
4.009839999999999804e+01 3.734000000000000000e+03 3.618713086197949906e+03 1.152869138020500941e+02
4.011153000000000191e+01 3.819000000000000000e+03 3.671611636672169425e+03 1.473883633278305751e+02
4.012465999999999866e+01 3.852000000000000000e+03 3.725921686901052453e+03 1.260783130989475467e+02
4.013779000000000252e+01 3.827000000000000000e+03 3.779261759666174385e+03 4.773824033382561538e+01
4.015091999999999928e+01 4.032000000000000000e+03 3.828718852652352780e+03 2.032811473476472202e+02
4.016405000000000314e+01 4.111000000000000000e+03 3.871130550371796289e+03 2.398694496282037107e+02
4.017719000000000307e+01 4.176000000000000000e+03 3.903623956101908334e+03 2.723760438980916661e+02
4.019031999999999982e+01 4.337000000000000000e+03 3.924178060987927438e+03 4.128219390120725620e+02
4.020344999999999658e+01 4.361000000000000000e+03 3.932279877378063247e+03 4.287201226219367527e+02
4.021658000000000044e+01 4.278000000000000000e+03 3.928847425811567064e+03 3.491525741884329364e+02
4.022970999999999719e+01 4.230000000000000000e+03 3.915739350769531029e+03 3.142606492304689709e+02
4.024284000000000106e+01 4.086000000000000000e+03 3.894980719837735251e+03 1.910192801622647494e+02
4.025596999999999781e+01 3.974000000000000000e+03 3.868161830150837886e+03 1.058381698491621137e+02
4.026910000000000167e+01 3.895000000000000000e+03 3.836249075885260027e+03 5.875092411473997345e+01
4.028222999999999843e+01 3.781000000000000000e+03 3.799784049244633479e+03 -1.878404924463347925e+01
4.029536000000000229e+01 4.022000000000000000e+03 3.759286705811523916e+03 2.627132941884760839e+02
4.030848999999999904e+01 3.897000000000000000e+03 3.715618888236714156e+03 1.813811117632858441e+02
4.032162000000000290e+01 3.814000000000000000e+03 3.670102074878026542e+03 1.438979251219734579e+02
4.033474999999999966e+01 3.760000000000000000e+03 3.624343796176642627e+03 1.356562038233573730e+02
4.034788000000000352e+01 3.628000000000000000e+03 3.579920029221463665e+03 4.807997077853633527e+01
4.036101000000000028e+01 3.556000000000000000e+03 3.538114013715386136e+03 1.788598628461386397e+01
4.037413999999999703e+01 3.511000000000000000e+03 3.499806810128563484e+03 1.119318987143651611e+01
4.038727000000000089e+01 3.417000000000000000e+03 3.465493599607070337e+03 -4.849359960707033679e+01
4.040039999999999765e+01 3.385000000000000000e+03 3.435357383283234867e+03 -5.035738328323486712e+01
4.041353000000000151e+01 3.448000000000000000e+03 3.409350094487078422e+03 3.864990551292157761e+01
4.042665999999999826e+01 3.449000000000000000e+03 3.387260989324379352e+03 6.173901067562064782e+01
4.043979000000000212e+01 3.330000000000000000e+03 3.368770179451113563e+03 -3.877017945111356312e+01
4.045291999999999888e+01 3.356000000000000000e+03 3.353490986569251618e+03 2.509013430748382234e+00
4.046605000000000274e+01 3.312000000000000000e+03 3.341004526366415121e+03 -2.900452636641512072e+01
4.047917999999999950e+01 3.292000000000000000e+03 3.330888122546459726e+03 -3.888812254645972644e+01
4.049231000000000336e+01 3.351000000000000000e+03 3.322737800841986882e+03 2.826219915801311799e+01
4.050544000000000011e+01 3.354000000000000000e+03 3.316184646623014487e+03 3.781535337698551302e+01
4.051856999999999687e+01 3.274000000000000000e+03 3.310905007737990672e+03 -3.690500773799067247e+01
4.053170000000000073e+01 3.370000000000000000e+03 3.306625017534163817e+03 6.337498246583618311e+01
4.054482999999999748e+01 3.281000000000000000e+03 3.303120397572401089e+03 -2.212039757240108884e+01
4.055796000000000134e+01 3.354000000000000000e+03 3.300212800737457655e+03 5.378719926254234451e+01
4.057108999999999810e+01 3.312000000000000000e+03 3.297764021067685917e+03 1.423597893231408307e+01
4.058422000000000196e+01 3.469000000000000000e+03 3.295669260068378662e+03 1.733307399316213377e+02
4.059734999999999872e+01 3.209000000000000000e+03 3.293850376198368394e+03 -8.485037619836839440e+01
4.061048000000000258e+01 3.331000000000000000e+03 3.292249736469980235e+03 3.875026353001976531e+01
4.062360999999999933e+01 3.286000000000000000e+03 3.290825001780689036e+03 -4.825001780689035513e+00
4.063674999999999926e+01 3.215000000000000000e+03 3.289544023597278283e+03 -7.454402359727828298e+01
4.064988000000000312e+01 3.336000000000000000e+03 3.288385442701077409e+03 4.761455729892259114e+01
4.066300999999999988e+01 3.265000000000000000e+03 3.287330524091308689e+03 -2.233052409130868909e+01
4.067613999999999663e+01 3.232000000000000000e+03 3.286365481155842645e+03 -5.436548115584264451e+01
4.068927000000000049e+01 3.323000000000000000e+03 3.285479300968574080e+03 3.752069903142592011e+01
4.070239999999999725e+01 3.273000000000000000e+03 3.284662965403312228e+03 -1.166296540331222786e+01
4.071553000000000111e+01 3.351000000000000000e+03 3.283908927603507891e+03 6.709107239649210896e+01
4.072865999999999786e+01 3.308000000000000000e+03 3.283210759452983439e+03 2.478924054701656132e+01
4.074179000000000173e+01 3.248000000000000000e+03 3.282562910852081131e+03 -3.456291085208113145e+01
4.075491999999999848e+01 3.257000000000000000e+03 3.281960541069392093e+03 -2.496054106939209305e+01
4.076805000000000234e+01 3.260000000000000000e+03 3.281399396453802638e+03 -2.139939645380263755e+01
4.078117999999999910e+01 3.210000000000000000e+03 3.280875718316452094e+03 -7.087571831645209386e+01
4.079431000000000296e+01 3.287000000000000000e+03 3.280386170965611200e+03 6.613829034388800210e+00
4.080743999999999971e+01 3.251000000000000000e+03 3.279927783726787311e+03 -2.892778372678731102e+01
4.082056999999999647e+01 3.347000000000000000e+03 3.279497903109797335e+03 6.750209689020266524e+01
4.083370000000000033e+01 3.326000000000000000e+03 3.279094152667575145e+03 4.690584733242485527e+01
4.084682999999999709e+01 3.296000000000000000e+03 3.278714398907736268e+03 1.728560109226373243e+01
4.085996000000000095e+01 3.363000000000000000e+03 3.278356722105403605e+03 8.464327789459639462e+01
4.087308999999999770e+01 3.263000000000000000e+03 3.278019391165790239e+03 -1.501939116579023903e+01
4.088622000000000156e+01 3.261000000000000000e+03 3.277700841879006930e+03 -1.670084187900692996e+01
4.089934999999999832e+01 3.296000000000000000e+03 3.277399658042435476e+03 1.860034195756452391e+01
4.091248000000000218e+01 3.332000000000000000e+03 3.277114555022526019e+03 5.488544497747398054e+01
4.092560999999999893e+01 3.268000000000000000e+03 3.276844365401440427e+03 -8.844365401440427377e+00
4.093874000000000279e+01 3.327000000000000000e+03 3.276588026412049203e+03 5.041197358795079708e+01
4.095186999999999955e+01 3.246000000000000000e+03 3.276344568911767965e+03 -3.034456891176796489e+01
4.096500000000000341e+01 3.288000000000000000e+03 3.276113107684262104e+03 1.188689231573789584e+01
4.097813000000000017e+01 3.259000000000000000e+03 3.275892832889969668e+03 -1.689283288996966803e+01
4.099125999999999692e+01 3.275000000000000000e+03 3.275683002513046176e+03 -6.830025130461763183e-01
4.100439000000000078e+01 3.348000000000000000e+03 3.275482935674591772e+03 7.251706432540822789e+01
4.101751999999999754e+01 3.243000000000000000e+03 3.275292006700801721e+03 -3.229200670080172131e+01
4.103065000000000140e+01 3.315000000000000000e+03 3.275109639850446456e+03 3.989036014955354403e+01
4.104377999999999815e+01 3.238000000000000000e+03 3.274935304619463295e+03 -3.693530461946329524e+01
4.105691000000000201e+01 3.256000000000000000e+03 3.274768511551767915e+03 -1.876851155176791508e+01
4.107003999999999877e+01 3.322000000000000000e+03 3.274608808494985624e+03 4.739119150501437616e+01
4.108317000000000263e+01 3.280000000000000000e+03 3.274455777248043432e+03 5.544222751956567663e+00
4.109629999999999939e+01 3.244000000000000000e+03 3.274309030554539277e+03 -3.030903055453927664e+01
4.110943999999999932e+01 3.323000000000000000e+03 3.274168104322306135e+03 4.883189567769386485e+01
4.112257000000000318e+01 3.224000000000000000e+03 3.274032879649493225e+03 -5.003287964949322486e+01
4.113569999999999993e+01 3.311000000000000000e+03 3.273902937515320446e+03 3.709706248467955447e+01
4.114882999999999669e+01 3.230000000000000000e+03 3.273777990006969503e+03 -4.377799000696950316e+01
4.116196000000000055e+01 3.260000000000000000e+03 3.273657769070978702e+03 -1.365776907097870208e+01
4.117508999999999730e+01 3.280000000000000000e+03 3.273542024896464682e+03 6.457975103535318340e+00
4.118822000000000116e+01 3.296000000000000000e+03 3.273430524449735458e+03 2.256947555026454211e+01
4.120134999999999792e+01 3.277000000000000000e+03 3.273323050144337685e+03 3.676949855662314803e+00
4.121448000000000178e+01 3.225000000000000000e+03 3.273219398632396860e+03 -4.821939863239686019e+01
4.122760999999999854e+01 3.229000000000000000e+03 3.273119379704845414e+03 -4.411937970484541438e+01
4.124074000000000240e+01 3.251000000000000000e+03 3.273022815289435130e+03 -2.202281528943512967e+01
4.125386999999999915e+01 3.394000000000000000e+03 3.272929538536774089e+03 1.210704614632259108e+02
4.126700000000000301e+01 3.266000000000000000e+03 3.272839392985632003e+03 -6.839392985632002819e+00
4.128012999999999977e+01 3.226000000000000000e+03 3.272752231799798665e+03 -4.675223179979866472e+01
4.129325999999999652e+01 3.235000000000000000e+03 3.272667917069562918e+03 -3.766791706956291819e+01
4.130639000000000038e+01 3.362000000000000000e+03 3.272586319171632567e+03 8.941368082836743270e+01
4.131951999999999714e+01 3.243000000000000000e+03 3.272507316181994611e+03 -2.950731618199461082e+01
4.133265000000000100e+01 3.341000000000000000e+03 3.272430793336771330e+03 6.856920666322866964e+01
4.134577999999999776e+01 3.353000000000000000e+03 3.272356642536648906e+03 8.064335746335109434e+01
4.135891000000000162e+01 3.209000000000000000e+03 3.272284761890894515e+03 -6.328476189089451509e+01
4.137203999999999837e+01 3.255000000000000000e+03 3.272215055297409890e+03 -1.721505529740989004e+01
4.138517000000000223e+01 3.292000000000000000e+03 3.272147432055589888e+03 1.985256794441011152e+01
4.139829999999999899e+01 3.228000000000000000e+03 3.272081806509107992e+03 -4.408180650910799159e+01
4.141143000000000285e+01 3.258000000000000000e+03 3.272018097716014836e+03 -1.401809771601483590e+01
4.142455999999999960e+01 3.255000000000000000e+03 3.271956229143783730e+03 -1.695622914378373025e+01
4.143769000000000347e+01 3.351000000000000000e+03 3.271896128387189492e+03 7.910387161281050794e+01
4.145082000000000022e+01 3.198000000000000000e+03 3.271837726907075194e+03 -7.383772690707519359e+01
4.146394999999999698e+01 3.344000000000000000e+03 3.271780959788276050e+03 7.221904021172395005e+01
4.147708000000000084e+01 3.368000000000000000e+03 3.271725765515100193e+03 9.627423448489980728e+01
4.149020999999999759e+01 3.315000000000000000e+03 3.271672085762949337e+03 4.332791423705066336e+01
4.150334000000000145e+01 3.252000000000000000e+03 3.271619865204750113e+03 -1.961986520475011275e+01
4.151646999999999821e+01 3.327000000000000000e+03 3.271569051331010087e+03 5.543094866898991313e+01
4.152960000000000207e+01 3.333000000000000000e+03 3.271519594282450726e+03 6.148040571754927441e+01
4.154272999999999882e+01 3.226000000000000000e+03 3.271446720504203313e+03 -4.544672050420331288e+01
4.155586000000000269e+01 3.226000000000000000e+03 3.271399965729979158e+03 -4.539996572997915791e+01
4.156898999999999944e+01 3.288000000000000000e+03 3.271354431601552278e+03 1.664556839844772185e+01
4.158212999999999937e+01 3.388000000000000000e+03 3.271310044073996323e+03 1.166899559260036767e+02
4.159526000000000323e+01 3.209000000000000000e+03 3.271266831950233609e+03 -6.226683195023360895e+01
4.160838999999999999e+01 3.272000000000000000e+03 3.271224724132393476e+03 7.752758676065241161e-01
4.162151999999999674e+01 3.249000000000000000e+03 3.271183685504047844e+03 -2.218368550404784401e+01
4.163465000000000060e+01 3.283000000000000000e+03 3.271143682609267671e+03 1.185631739073232893e+01
4.164777999999999736e+01 3.236000000000000000e+03 3.271091695360828908e+03 -3.509169536082890772e+01
4.166091000000000122e+01 3.270000000000000000e+03 3.271053737051548978e+03 -1.053737051548978343e+00
4.167403999999999797e+01 3.278000000000000000e+03 3.271016722677697544e+03 6.983277322302456014e+00
4.168717000000000183e+01 3.312000000000000000e+03 3.270980624585936312e+03 4.101937541406368837e+01
4.170029999999999859e+01 3.198000000000000000e+03 3.270945416386708530e+03 -7.294541638670852990e+01
4.171343000000000245e+01 3.280000000000000000e+03 3.270911072889113257e+03 9.088927110886743321e+00
4.172655999999999921e+01 3.322000000000000000e+03 3.270877570039772763e+03 5.112242996022723673e+01
4.173969000000000307e+01 3.269000000000000000e+03 3.270844884865409313e+03 -1.844884865409312624e+00
4.175281999999999982e+01 3.293000000000000000e+03 3.270812995418886203e+03 2.218700458111379703e+01
4.176594999999999658e+01 3.267000000000000000e+03 3.270781880728478882e+03 -3.781880728478881792e+00
4.177908000000000044e+01 3.349000000000000000e+03 3.270751520750169220e+03 7.824847924983077974e+01
4.179220999999999719e+01 3.197000000000000000e+03 3.270721896322744669e+03 -7.372189632274466931e+01
4.180534000000000106e+01 3.258000000000000000e+03 3.270692989125550412e+03 -1.269298912555041170e+01
4.181846999999999781e+01 3.326000000000000000e+03 3.270664781638688964e+03 5.533521836131103555e+01
4.183160000000000167e+01 3.284000000000000000e+03 3.270637257105534445e+03 1.336274289446555485e+01
4.184472999999999843e+01 3.282000000000000000e+03 3.270610399497413255e+03 1.138960050258674528e+01
4.185786000000000229e+01 3.344000000000000000e+03 3.270584193480295198e+03 7.341580651970480176e+01
4.187098999999999904e+01 3.296000000000000000e+03 3.270558624383403185e+03 2.544137561659681523e+01
4.188412000000000290e+01 3.296000000000000000e+03 3.270533678169586892e+03 2.546632183041310782e+01
4.189724999999999966e+01 3.311000000000000000e+03 3.270509341407387637e+03 4.049065859261236255e+01
4.191038000000000352e+01 3.257000000000000000e+03 3.270485601244658938e+03 -1.348560124465893750e+01
4.192351000000000028e+01 3.271000000000000000e+03 3.270462445383686827e+03 5.375546163131730282e-01
4.193663999999999703e+01 3.394000000000000000e+03 3.270439862057679420e+03 1.235601379423205799e+02
4.194977000000000089e+01 3.251000000000000000e+03 3.270417840008593430e+03 -1.941784000859342996e+01
4.196289999999999765e+01 3.242000000000000000e+03 3.270396368466167132e+03 -2.839636846616713228e+01
4.197603000000000151e+01 3.274000000000000000e+03 3.270375437128145677e+03 3.624562871854323021e+00
4.198915999999999826e+01 3.215000000000000000e+03 3.270355036141585515e+03 -5.535503614158551500e+01
4.200229000000000212e+01 3.357000000000000000e+03 3.270335156085206563e+03 8.666484391479343685e+01
4.201541999999999888e+01 3.271000000000000000e+03 3.270315787952721621e+03 6.842120472783790319e-01
4.202855000000000274e+01 3.258000000000000000e+03 3.270296923137098474e+03 -1.229692313709847440e+01
4.204169000000000267e+01 3.311000000000000000e+03 3.270278539611708311e+03 4.072146038829168901e+01
4.205481999999999942e+01 3.268000000000000000e+03 3.270260657500432899e+03 -2.260657500432898814e+00
4.206795000000000329e+01 3.123000000000000000e+03 3.270243255130358193e+03 -1.472432551303581931e+02
4.208108000000000004e+01 3.303000000000000000e+03 3.270226325351203741e+03 3.277367464879625913e+01
4.209420999999999680e+01 3.251000000000000000e+03 3.270209861345529134e+03 -1.920986134552913427e+01
4.210734000000000066e+01 3.287000000000000000e+03 3.270193856617628626e+03 1.680614338237137417e+01
4.212046999999999741e+01 3.261000000000000000e+03 3.270178304983071484e+03 -9.178304983071484457e+00
4.213360000000000127e+01 3.264000000000000000e+03 3.270163200558857170e+03 -6.163200558857170108e+00
4.214672999999999803e+01 3.304000000000000000e+03 3.270148537754156678e+03 3.385146224584332231e+01
4.215986000000000189e+01 3.329000000000000000e+03 3.270134311261611856e+03 5.886568873838814397e+01
4.217298999999999864e+01 3.293000000000000000e+03 3.270120516049173602e+03 2.287948395082639763e+01
4.218612000000000251e+01 3.252000000000000000e+03 3.270107147352448465e+03 -1.810714735244846452e+01
4.219924999999999926e+01 3.325000000000000000e+03 3.270094200667540008e+03 5.490579933245999200e+01
4.221238000000000312e+01 3.239000000000000000e+03 3.270081671744361302e+03 -3.108167174436130153e+01
4.222550999999999988e+01 3.308000000000000000e+03 3.270069556580400786e+03 3.793044341959921439e+01
4.223863999999999663e+01 3.230000000000000000e+03 3.270057851414931065e+03 -4.005785141493106494e+01
4.225177000000000049e+01 3.261000000000000000e+03 3.270046552723632885e+03 -9.046552723632885318e+00
4.226489999999999725e+01 3.225000000000000000e+03 3.270035657213635659e+03 -4.503565721363565899e+01
4.227803000000000111e+01 3.227000000000000000e+03 3.270025161818949073e+03 -4.302516181894907277e+01
4.229115999999999786e+01 3.251000000000000000e+03 3.270015063696274865e+03 -1.901506369627486492e+01
4.230429000000000173e+01 3.289000000000000000e+03 3.270005360221211504e+03 1.899463977878849619e+01
4.231741999999999848e+01 3.355000000000000000e+03 3.269996048984795380e+03 8.500395101520462049e+01
4.233055000000000234e+01 3.220000000000000000e+03 3.269987127790428531e+03 -4.998712779042853072e+01
4.234367999999999910e+01 3.272000000000000000e+03 3.269978594651126969e+03 2.021405348873031471e+00
4.235681000000000296e+01 3.277000000000000000e+03 3.269970447787132343e+03 7.029552212867656635e+00
4.236993999999999971e+01 3.327000000000000000e+03 3.269962685623855577e+03 5.703731437614442257e+01
4.238306999999999647e+01 3.276000000000000000e+03 3.269955306790146096e+03 6.044693209853903682e+00
4.239620000000000033e+01 3.244000000000000000e+03 3.269948310116895755e+03 -2.594831011689575462e+01
4.240932999999999709e+01 3.315000000000000000e+03 3.269941694635976546e+03 4.505830536402345388e+01
4.242246000000000095e+01 3.186000000000000000e+03 3.269935459579486633e+03 -8.393545957948663272e+01
4.243558999999999770e+01 3.290000000000000000e+03 3.269929604379333341e+03 2.007039562066665894e+01
4.244872000000000156e+01 3.201000000000000000e+03 3.269924128667134482e+03 -6.892412866713448238e+01
4.246184999999999832e+01 3.318000000000000000e+03 3.269919032274446181e+03 4.808096772555381904e+01
4.247498000000000218e+01 3.287000000000000000e+03 3.269914315233317211e+03 1.708568476668278890e+01
4.248810999999999893e+01 3.350000000000000000e+03 3.269909977777174845e+03 8.009002222282515504e+01
4.250124000000000279e+01 3.428000000000000000e+03 3.269906020342033571e+03 1.580939796579664289e+02
4.251438000000000272e+01 3.331000000000000000e+03 3.269902440989203569e+03 6.109755901079643081e+01
4.252750999999999948e+01 3.200000000000000000e+03 3.269899246013525953e+03 -6.989924601352595346e+01
4.254064000000000334e+01 3.303000000000000000e+03 3.269896433600585624e+03 3.310356639941437606e+01
4.255377000000000010e+01 3.211000000000000000e+03 3.269894005015921266e+03 -5.889400501592126602e+01
4.256689999999999685e+01 3.302000000000000000e+03 3.269891961738931968e+03 3.210803826106803172e+01
4.258003000000000071e+01 3.225000000000000000e+03 3.269890305466225527e+03 -4.489030546622552720e+01
4.259315999999999747e+01 3.285000000000000000e+03 3.269889038115337826e+03 1.511096188466217427e+01
4.260629000000000133e+01 3.304000000000000000e+03 3.269888161828871944e+03 3.411183817112805627e+01
4.261941999999999808e+01 3.232000000000000000e+03 3.269887678979031080e+03 -3.788767897903107951e+01
4.263255000000000194e+01 3.258000000000000000e+03 3.269886631068680799e+03 -1.188663106868079922e+01
4.264567999999999870e+01 3.186000000000000000e+03 3.269886948005768318e+03 -8.388694800576831767e+01
4.265881000000000256e+01 3.169000000000000000e+03 3.269887666888931108e+03 -1.008876668889311077e+02
4.267193999999999932e+01 3.307000000000000000e+03 3.269888791063327972e+03 3.711120893667202836e+01
4.268507000000000318e+01 3.253000000000000000e+03 3.269890324133145441e+03 -1.689032413314544101e+01
4.269819999999999993e+01 3.253000000000000000e+03 3.269892269968974688e+03 -1.689226996897468780e+01
4.271132999999999669e+01 3.270000000000000000e+03 3.269894632715721855e+03 1.053672842781452346e-01
4.272446000000000055e+01 3.307000000000000000e+03 3.269897416801094550e+03 3.710258319890544954e+01
4.273758999999999730e+01 3.287000000000000000e+03 3.269900121524233782e+03 1.709987847576621789e+01
4.275072000000000116e+01 3.298000000000000000e+03 3.269903765295603080e+03 2.809623470439692028e+01
4.276384999999999792e+01 3.279000000000000000e+03 3.269907845460373210e+03 9.092154539626790211e+00
4.277698000000000178e+01 3.268000000000000000e+03 3.269912367675009591e+03 -1.912367675009591039e+00
4.279010999999999854e+01 3.193000000000000000e+03 3.269917337930871327e+03 -7.691733793087132653e+01
4.280324000000000240e+01 3.242000000000000000e+03 3.269922762566810889e+03 -2.792276256681088853e+01
4.281636999999999915e+01 3.319000000000000000e+03 3.269928648282606446e+03 4.907135171739355428e+01
4.282950000000000301e+01 3.268000000000000000e+03 3.270011970693233252e+03 -2.011970693233251950e+00
4.284262999999999977e+01 3.138000000000000000e+03 3.270019087922953986e+03 -1.320190879229539860e+02
4.285575999999999652e+01 3.259000000000000000e+03 3.270026690261400745e+03 -1.102669026140074493e+01
4.286889000000000038e+01 3.269000000000000000e+03 3.270034786016682574e+03 -1.034786016682573973e+00
4.288201999999999714e+01 3.249000000000000000e+03 3.270043383939273099e+03 -2.104338393927309880e+01
4.289515000000000100e+01 3.290000000000000000e+03 3.270052493241518278e+03 1.994750675848172250e+01
4.290827999999999776e+01 3.391000000000000000e+03 3.270062123618431997e+03 1.209378763815680031e+02
4.292141000000000162e+01 3.212000000000000000e+03 3.270072285269791337e+03 -5.807228526979133676e+01
4.293453999999999837e+01 3.226000000000000000e+03 3.270082988923664743e+03 -4.408298892366474320e+01
4.294767000000000223e+01 3.277000000000000000e+03 3.270134686682881238e+03 6.865313317118761915e+00
4.296079999999999899e+01 3.195000000000000000e+03 3.270153665791035564e+03 -7.515366579103556433e+01
4.297393000000000285e+01 3.271000000000000000e+03 3.270166243293494063e+03 8.337567065059374727e-01
4.298707000000000278e+01 3.391000000000000000e+03 3.270179422776324373e+03 1.208205772236756275e+02
4.300019999999999953e+01 3.219000000000000000e+03 3.270193197975147996e+03 -5.119319797514799575e+01
4.301333000000000339e+01 3.232000000000000000e+03 3.270207593185436053e+03 -3.820759318543605332e+01
4.302646000000000015e+01 3.215000000000000000e+03 3.270222623641489918e+03 -5.522262364148991765e+01
4.303958999999999691e+01 3.327000000000000000e+03 3.270238305358473099e+03 5.676169464152690125e+01
4.305272000000000077e+01 3.269000000000000000e+03 3.270254655174042000e+03 -1.254655174041999999e+00
4.306584999999999752e+01 3.239000000000000000e+03 3.270271690792792469e+03 -3.127169079279246944e+01
4.307898000000000138e+01 3.268000000000000000e+03 3.270293111603803936e+03 -2.293111603803936305e+00
4.309210999999999814e+01 3.343000000000000000e+03 3.270311589329785875e+03 7.268841067021412528e+01
4.310524000000000200e+01 3.227000000000000000e+03 3.270330811741666821e+03 -4.333081174166682104e+01
4.311836999999999875e+01 3.309000000000000000e+03 3.270350800520504436e+03 3.864919947949556445e+01
4.313150000000000261e+01 3.247000000000000000e+03 3.270371578486538510e+03 -2.337157848653851033e+01
4.314462999999999937e+01 3.281000000000000000e+03 3.270393169665532241e+03 1.060683033446775880e+01
4.315776000000000323e+01 3.306000000000000000e+03 3.270415599359853331e+03 3.558440064014666859e+01
4.317088999999999999e+01 3.238000000000000000e+03 3.270438894224640535e+03 -3.243889422464053496e+01
4.318401999999999674e+01 3.256000000000000000e+03 3.270463082349485830e+03 -1.446308234948583049e+01
4.319715000000000060e+01 3.272000000000000000e+03 3.270488193346083335e+03 1.511806653916664800e+00
4.321027999999999736e+01 3.313000000000000000e+03 3.270514258442336086e+03 4.248574155766391414e+01
4.322341000000000122e+01 3.368000000000000000e+03 3.270541310583475934e+03 9.745868941652406647e+01
4.323653999999999797e+01 3.306000000000000000e+03 3.270569384540780902e+03 3.543061545921909783e+01
4.324967000000000183e+01 3.382000000000000000e+03 3.270598517028546667e+03 1.114014829714533334e+02
4.326279999999999859e+01 3.284000000000000000e+03 3.270628746830025193e+03 1.337125316997480695e+01
4.327593000000000245e+01 3.313000000000000000e+03 3.270660114933125897e+03 4.233988506687410336e+01
4.328905999999999921e+01 3.161000000000000000e+03 3.270692664676744243e+03 -1.096926646767442435e+02
4.330219000000000307e+01 3.353000000000000000e+03 3.270726441908660945e+03 8.227355809133905495e+01
4.331531999999999982e+01 3.226000000000000000e+03 3.270761495156073579e+03 -4.476149515607357898e+01
4.332844999999999658e+01 3.295000000000000000e+03 3.270797875809927064e+03 2.420212419007293647e+01
4.334158000000000044e+01 3.230000000000000000e+03 3.270835638324295815e+03 -4.083563832429581453e+01
4.335470999999999719e+01 3.320000000000000000e+03 3.270874840432271412e+03 4.912515956772858772e+01
4.336784000000000106e+01 3.196000000000000000e+03 3.270915543379891460e+03 -7.491554337989146006e+01
4.338096999999999781e+01 3.242000000000000000e+03 3.270957812179866323e+03 -2.895781217986632328e+01
4.339410000000000167e+01 3.231000000000000000e+03 3.271001715887017781e+03 -4.000171588701778091e+01
4.340722999999999843e+01 3.341000000000000000e+03 3.271047327897575997e+03 6.995267210242400324e+01
4.342036000000000229e+01 3.188000000000000000e+03 3.271094726274711320e+03 -8.309472627471132000e+01
4.343348999999999904e+01 3.291000000000000000e+03 3.271143994102953911e+03 1.985600589704608865e+01
4.344662000000000290e+01 3.276000000000000000e+03 3.271195219874443410e+03 4.804780125556590065e+00
4.345976000000000283e+01 3.336000000000000000e+03 3.271248539294911097e+03 6.475146070508890261e+01
4.347288999999999959e+01 3.246000000000000000e+03 3.271303971885180999e+03 -2.530397188518099938e+01
4.348602000000000345e+01 3.229000000000000000e+03 3.271361664837324952e+03 -4.236166483732495180e+01
4.349915000000000020e+01 3.196000000000000000e+03 3.271421732902808799e+03 -7.542173290280879883e+01
4.351227999999999696e+01 3.236000000000000000e+03 3.271484298779992969e+03 -3.548429877999296878e+01
4.352541000000000082e+01 3.378000000000000000e+03 3.271549493776149575e+03 1.064505062238504252e+02
4.353853999999999758e+01 3.241000000000000000e+03 3.271617458534596608e+03 -3.061745853459660793e+01
4.355167000000000144e+01 3.224000000000000000e+03 3.271688343834312036e+03 -4.768834383431203605e+01
4.356479999999999819e+01 3.340000000000000000e+03 3.271762311470401528e+03 6.823768852959847209e+01
4.357793000000000205e+01 3.237000000000000000e+03 3.271839535224809424e+03 -3.483953522480942411e+01
4.359105999999999881e+01 3.232000000000000000e+03 3.271920201937966795e+03 -3.992020193796679450e+01
4.360419000000000267e+01 3.271000000000000000e+03 3.272004512693479683e+03 -1.004512693479682639e+00
4.361731999999999942e+01 3.321000000000000000e+03 3.272092684129584541e+03 4.890731587041545936e+01
4.363045000000000329e+01 3.192000000000000000e+03 3.272184949893066914e+03 -8.018494989306691423e+01
4.364358000000000004e+01 3.322000000000000000e+03 3.272281562253435823e+03 4.971843774656417736e+01
4.365670999999999680e+01 3.318000000000000000e+03 3.272382793897765168e+03 4.561720610223483163e+01
4.366984000000000066e+01 3.284000000000000000e+03 3.272488939929518892e+03 1.151106007048110769e+01
4.368296999999999741e+01 3.272000000000000000e+03 3.272600320098068096e+03 -6.003200980680958310e-01
4.369610000000000127e+01 3.251000000000000000e+03 3.272717281289652874e+03 -2.171728128965287397e+01
4.370922999999999803e+01 3.194000000000000000e+03 3.272840200315120910e+03 -7.884020031512091009e+01
4.372236000000000189e+01 3.314000000000000000e+03 3.272969487035264137e+03 4.103051296473586262e+01
4.373548999999999864e+01 3.335000000000000000e+03 3.273105587871035368e+03 6.189441212896463185e+01
4.374862000000000251e+01 3.272000000000000000e+03 3.273248989753489241e+03 -1.248989753489240684e+00
4.376174999999999926e+01 3.281000000000000000e+03 3.273400224577613699e+03 7.599775422386301216e+00
4.377488000000000312e+01 3.334000000000000000e+03 3.273559874235410007e+03 6.044012576458999320e+01
4.378800999999999988e+01 3.210000000000000000e+03 3.273728576317810621e+03 -6.372857631781062082e+01
4.380113999999999663e+01 3.249000000000000000e+03 3.273907030593551099e+03 -2.490703059355109872e+01
4.381427000000000049e+01 3.282000000000000000e+03 3.274096006398225200e+03 7.903993601774800482e+00
4.382739999999999725e+01 3.242000000000000000e+03 3.274296351102736480e+03 -3.229635110273648024e+01
4.384053000000000111e+01 3.199000000000000000e+03 3.274508999883987599e+03 -7.550899988398759888e+01
4.385365999999999786e+01 3.248000000000000000e+03 3.274734987103694948e+03 -2.673498710369494802e+01
4.386679000000000173e+01 3.289000000000000000e+03 3.274975459733195294e+03 1.402454026680470633e+01
4.387991999999999848e+01 3.304000000000000000e+03 3.275231693473837367e+03 2.876830652616263251e+01
4.389305000000000234e+01 3.239000000000000000e+03 3.275505112562734212e+03 -3.650511256273421168e+01
4.390617999999999910e+01 3.251000000000000000e+03 3.275797314794998783e+03 -2.479731479499878333e+01
4.391931999999999903e+01 3.267000000000000000e+03 3.276110350715883214e+03 -9.110350715883214434e+00
4.393245000000000289e+01 3.345000000000000000e+03 3.276445799311790324e+03 6.855420068820967572e+01
4.394557999999999964e+01 3.337000000000000000e+03 3.276806255867747495e+03 6.019374413225250464e+01
4.395871000000000350e+01 3.234000000000000000e+03 3.277194482496477121e+03 -4.319448249647712146e+01
4.397184000000000026e+01 3.302000000000000000e+03 3.277613761963584693e+03 2.438623803641530685e+01
4.398496999999999701e+01 3.309000000000000000e+03 3.278068076442313213e+03 3.093192355768678681e+01
4.399810000000000088e+01 3.274000000000000000e+03 3.278562365393106120e+03 -4.562365393106119882e+00
4.401122999999999763e+01 3.331000000000000000e+03 3.279102894395212843e+03 5.189710560478715706e+01
4.402436000000000149e+01 3.221000000000000000e+03 3.279697775178039137e+03 -5.869777517803913724e+01
4.403748999999999825e+01 3.321000000000000000e+03 3.280357684980447175e+03 4.064231501955282511e+01
4.405062000000000211e+01 3.372000000000000000e+03 3.281096838736184054e+03 9.090316126381594586e+01
4.406374999999999886e+01 3.232000000000000000e+03 3.281934267570054089e+03 -4.993426757005408945e+01
4.407688000000000272e+01 3.232000000000000000e+03 3.282895447964663617e+03 -5.089544796466361731e+01
4.409000999999999948e+01 3.310000000000000000e+03 3.284014303448529063e+03 2.598569655147093727e+01
4.410314000000000334e+01 3.274000000000000000e+03 3.285335560610097673e+03 -1.133556061009767291e+01
4.411627000000000010e+01 3.349000000000000000e+03 3.286917380693426367e+03 6.208261930657363337e+01
4.412939999999999685e+01 3.261000000000000000e+03 3.288834106623105981e+03 -2.783410662310598127e+01
4.414253000000000071e+01 3.304000000000000000e+03 3.291178866871625814e+03 1.282113312837418562e+01
4.415565999999999747e+01 3.379000000000000000e+03 3.294065671522925641e+03 8.493432847707435940e+01
4.416879000000000133e+01 3.290000000000000000e+03 3.297630537819253732e+03 -7.630537819253731868e+00
4.418191999999999808e+01 3.340000000000000000e+03 3.302031113544146592e+03 3.796888645585340782e+01
4.419505000000000194e+01 3.373000000000000000e+03 3.307444250853598987e+03 6.555574914640101269e+01
4.420817999999999870e+01 3.263000000000000000e+03 3.314061042783976063e+03 -5.106104278397606322e+01
4.422131000000000256e+01 3.290000000000000000e+03 3.322078983041830725e+03 -3.207898304183072469e+01
4.423443999999999932e+01 3.301000000000000000e+03 3.331691143413388090e+03 -3.069114341338809027e+01
4.424757000000000318e+01 3.333000000000000000e+03 3.343072554549930373e+03 -1.007255454993037347e+01
4.426069999999999993e+01 3.359000000000000000e+03 3.356364269050889106e+03 2.635730949110893562e+00
4.427382999999999669e+01 3.371000000000000000e+03 3.371655800348783487e+03 -6.558003487834866974e-01
4.428696000000000055e+01 3.335000000000000000e+03 3.388966680593276124e+03 -5.396668059327612355e+01
4.430008999999999730e+01 3.422000000000000000e+03 3.408227715731580702e+03 1.377228426841929831e+01
4.431322000000000116e+01 3.393000000000000000e+03 3.429262199531488022e+03 -3.626219953148802233e+01
4.432634999999999792e+01 3.444000000000000000e+03 3.451767165434278013e+03 -7.767165434278012981e+00
4.433948000000000178e+01 3.419000000000000000e+03 3.475295306484446428e+03 -5.629530648444642793e+01
4.435260999999999854e+01 3.429000000000000000e+03 3.499240328195986422e+03 -7.024032819598642163e+01
4.436574000000000240e+01 3.456000000000000000e+03 3.522832819345804182e+03 -6.683281934580418238e+01
4.437886999999999915e+01 3.584000000000000000e+03 3.545159423344339757e+03 3.884057665566024298e+01
4.439200999999999908e+01 3.597000000000000000e+03 3.565235580114820095e+03 3.176441988517990467e+01
4.440514000000000294e+01 3.681000000000000000e+03 3.582054238260570855e+03 9.894576173942914465e+01
4.441826999999999970e+01 3.669000000000000000e+03 3.594825724192760845e+03 7.417427580723915526e+01
4.443139999999999645e+01 3.799000000000000000e+03 3.603057980943280654e+03 1.959420190567193458e+02
4.444453000000000031e+01 3.724000000000000000e+03 3.606652464624119602e+03 1.173475353758803976e+02
4.445765999999999707e+01 3.734000000000000000e+03 3.605875499890509673e+03 1.281245001094903273e+02
4.447079000000000093e+01 3.599000000000000000e+03 3.601230534157792135e+03 -2.230534157792135375e+00
4.448391999999999769e+01 3.635000000000000000e+03 3.593291441462918556e+03 4.170855853708144423e+01
4.449705000000000155e+01 3.492000000000000000e+03 3.582567910990131622e+03 -9.056791099013162238e+01
4.451017999999999830e+01 3.621000000000000000e+03 3.569445614367663438e+03 5.155438563233656168e+01
4.452331000000000216e+01 3.594000000000000000e+03 3.554204864719309171e+03 3.979513528069082895e+01
4.453643999999999892e+01 3.569000000000000000e+03 3.537092351133614102e+03 3.190764886638589815e+01
4.454957000000000278e+01 3.538000000000000000e+03 3.518404738736552645e+03 1.959526126344735530e+01
4.456269999999999953e+01 3.557000000000000000e+03 3.498541773387023568e+03 5.845822661297643208e+01
4.457583000000000339e+01 3.465000000000000000e+03 3.478004115007559449e+03 -1.300411500755944871e+01
4.458896000000000015e+01 3.530000000000000000e+03 3.457341963824724189e+03 7.265803617527581082e+01
4.460208999999999691e+01 3.282000000000000000e+03 3.437084794351467735e+03 -1.550847943514677354e+02
4.461522000000000077e+01 3.432000000000000000e+03 3.417684022164793078e+03 1.431597783520692246e+01
4.462834999999999752e+01 3.298000000000000000e+03 3.399483838804103016e+03 -1.014838388041030157e+02
4.464148000000000138e+01 3.359000000000000000e+03 3.382717805373325518e+03 -2.371780537332551830e+01
4.465460999999999814e+01 3.335000000000000000e+03 3.367520758960703915e+03 -3.252075896070391536e+01
4.466774000000000200e+01 3.279000000000000000e+03 3.353946306546826690e+03 -7.494630654682669046e+01
4.468086999999999875e+01 3.338000000000000000e+03 3.341984233583178138e+03 -3.984233583178138360e+00
4.469400000000000261e+01 3.330000000000000000e+03 3.331575708153538471e+03 -1.575708153538471379e+00
4.470712999999999937e+01 3.270000000000000000e+03 3.322626098201238165e+03 -5.262609820123816462e+01
4.472026000000000323e+01 3.345000000000000000e+03 3.315015867291704126e+03 2.998413270829587418e+01
4.473338999999999999e+01 3.292000000000000000e+03 3.308609999170431365e+03 -1.660999917043136520e+01
4.474651999999999674e+01 3.252000000000000000e+03 3.303266178521965230e+03 -5.126617852196523017e+01
4.475965000000000060e+01 3.312000000000000000e+03 3.298841755259043111e+03 1.315824474095688856e+01
4.477277999999999736e+01 3.364000000000000000e+03 3.295199419537287213e+03 6.880058046271278727e+01
4.478591000000000122e+01 3.436000000000000000e+03 3.292211512522008888e+03 1.437884874779911115e+02
4.479903999999999797e+01 3.196000000000000000e+03 3.289762960652267338e+03 -9.376296065226733845e+01
4.481217000000000183e+01 3.293000000000000000e+03 3.287752910515717758e+03 5.247089484282241756e+00
4.482529999999999859e+01 3.359000000000000000e+03 3.286095226284443925e+03 7.290477371555607533e+01
4.483843000000000245e+01 3.368000000000000000e+03 3.284718072242767448e+03 8.328192775723255181e+01
4.485155999999999921e+01 3.293000000000000000e+03 3.283562831015610755e+03 9.437168984389245452e+00
4.486469999999999914e+01 3.293000000000000000e+03 3.282581914798463004e+03 1.041808520153699646e+01
4.487783000000000300e+01 3.205000000000000000e+03 3.281739920581791466e+03 -7.673992058179146625e+01
4.489095999999999975e+01 3.217000000000000000e+03 3.281007471729379176e+03 -6.400747172937917640e+01
4.490408999999999651e+01 3.328000000000000000e+03 3.280362681990727197e+03 4.763731800927280347e+01
4.491722000000000037e+01 3.295000000000000000e+03 3.279788910716573355e+03 1.521108928342664512e+01
4.493034999999999712e+01 3.216000000000000000e+03 3.279273544335174392e+03 -6.327354433517439247e+01
4.494348000000000098e+01 3.361000000000000000e+03 3.278807002757755527e+03 8.219299724224447345e+01
4.495660999999999774e+01 3.330000000000000000e+03 3.278381956265862755e+03 5.161804373413724534e+01
4.496974000000000160e+01 3.211000000000000000e+03 3.277992726370524906e+03 -6.699272637052490609e+01
4.498286999999999836e+01 3.294000000000000000e+03 3.277634839133261721e+03 1.636516086673827886e+01
4.499600000000000222e+01 3.220000000000000000e+03 3.277304699406339751e+03 -5.730469940633975057e+01
4.500912999999999897e+01 3.422000000000000000e+03 3.276999357454245001e+03 1.450006425457549994e+02
4.502226000000000283e+01 3.175000000000000000e+03 3.276716343908014551e+03 -1.017163439080145508e+02
4.503538999999999959e+01 3.214000000000000000e+03 3.276453553873666806e+03 -6.245355387366680588e+01
4.504852000000000345e+01 3.290000000000000000e+03 3.276209165575467978e+03 1.379083442453202224e+01
4.506165000000000020e+01 3.231000000000000000e+03 3.275981582809918109e+03 -4.498158280991810898e+01
4.507477999999999696e+01 3.303000000000000000e+03 3.275769393598967781e+03 2.723060640103221886e+01
4.508791000000000082e+01 3.228000000000000000e+03 3.275571339791010814e+03 -4.757133979101081422e+01
4.510103999999999758e+01 3.246000000000000000e+03 3.275386294070798158e+03 -2.938629407079815792e+01
4.511417000000000144e+01 3.251000000000000000e+03 3.275213242036820702e+03 -2.421324203682070220e+01
4.512729999999999819e+01 3.303000000000000000e+03 3.275051267815452320e+03 2.794873218454767994e+01
4.514043000000000205e+01 3.200000000000000000e+03 3.274899542215200654e+03 -7.489954221520065403e+01
4.515355999999999881e+01 3.200000000000000000e+03 3.274757312768679640e+03 -7.475731276867963970e+01
4.516669000000000267e+01 3.272000000000000000e+03 3.274623895228151014e+03 -2.623895228151013725e+00
4.517981999999999942e+01 3.278000000000000000e+03 3.274498666217701611e+03 3.501333782298388542e+00
4.519295000000000329e+01 3.298000000000000000e+03 3.274381056831469323e+03 2.361894316853067721e+01
4.520608000000000004e+01 3.228000000000000000e+03 3.274270547022406845e+03 -4.627054702240684492e+01
4.521920999999999680e+01 3.444000000000000000e+03 3.274166660661971491e+03 1.698333393380285088e+02
4.523234000000000066e+01 3.247000000000000000e+03 3.274068961175639288e+03 -2.706896117563928783e+01
4.524546999999999741e+01 3.329000000000000000e+03 3.273977047676421080e+03 5.502295232357892019e+01
4.525860000000000127e+01 3.318000000000000000e+03 3.273890551531447272e+03 4.410944846855272772e+01
4.527172999999999803e+01 3.270000000000000000e+03 3.273809133306713193e+03 -3.809133306713192724e+00
4.528486000000000189e+01 3.276000000000000000e+03 3.273732480043041960e+03 2.267519956958039984e+00
4.529798999999999864e+01 3.264000000000000000e+03 3.273660302822914218e+03 -9.660302822914218268e+00
4.531112000000000251e+01 3.226000000000000000e+03 3.273592334593322448e+03 -4.759233459332244820e+01
4.532426000000000244e+01 3.299000000000000000e+03 3.273528280916792028e+03 2.547171908320797229e+01
4.533738999999999919e+01 3.242000000000000000e+03 3.273468010170130583e+03 -3.146801017013058299e+01
4.535052000000000305e+01 3.448000000000000000e+03 3.273411259747483655e+03 1.745887402525163452e+02
4.536364999999999981e+01 3.343000000000000000e+03 3.273357832435148794e+03 6.964216756485120641e+01
4.537677999999999656e+01 3.414000000000000000e+03 3.273307544906736439e+03 1.406924550932635611e+02
4.538991000000000042e+01 3.373000000000000000e+03 3.273260226567700101e+03 9.973977343229989856e+01
4.540303999999999718e+01 3.190000000000000000e+03 3.273215718510232364e+03 -8.321571851023236377e+01
4.541617000000000104e+01 3.273000000000000000e+03 3.273173872566654154e+03 -1.738725666541540704e-01
4.542929999999999779e+01 3.342000000000000000e+03 3.273134550450891311e+03 6.886544954910868910e+01
4.544243000000000166e+01 3.242000000000000000e+03 3.273097622978791605e+03 -3.109762297879160542e+01
4.545555999999999841e+01 3.288000000000000000e+03 3.273062969359159524e+03 1.493703064084047583e+01
4.546869000000000227e+01 3.327000000000000000e+03 3.273030476548273782e+03 5.396952345172621790e+01
4.548181999999999903e+01 3.333000000000000000e+03 3.273000038661504732e+03 5.999996133849526814e+01
4.549495000000000289e+01 3.332000000000000000e+03 3.272971556436336414e+03 5.902844356366358625e+01
4.550807999999999964e+01 3.295000000000000000e+03 3.272944936741739184e+03 2.205506325826081593e+01
4.552121000000000350e+01 3.212000000000000000e+03 3.272920092129379100e+03 -6.092009212937909979e+01
4.553434000000000026e+01 3.210000000000000000e+03 3.272896940422665466e+03 -6.289694042266546603e+01
4.554746999999999701e+01 3.417000000000000000e+03 3.272875404340007208e+03 1.441245956599927922e+02
4.556060000000000088e+01 3.254000000000000000e+03 3.272855411149107567e+03 -1.885541114910756733e+01
4.557372999999999763e+01 3.304000000000000000e+03 3.272836892349387654e+03 3.116310765061234633e+01
4.558686000000000149e+01 3.239000000000000000e+03 3.272819783379960882e+03 -3.381978337996088158e+01
4.559998999999999825e+01 3.167000000000000000e+03 3.272804023350863645e+03 -1.058040233508636447e+02
4.561312000000000211e+01 3.164000000000000000e+03 3.272789554795411732e+03 -1.087895547954117319e+02
4.562624999999999886e+01 3.234000000000000000e+03 3.272776323441853947e+03 -3.877632344185394686e+01
4.563938000000000272e+01 3.279000000000000000e+03 3.272764278002594892e+03 6.235721997405107686e+00
4.565250999999999948e+01 3.244000000000000000e+03 3.272753369979473064e+03 -2.875336997947306372e+01
4.566564000000000334e+01 3.378000000000000000e+03 3.272743553483724554e+03 1.052564465162754459e+02
4.567877000000000010e+01 3.220000000000000000e+03 3.272734785069349982e+03 -5.273478506934998222e+01
4.569189999999999685e+01 3.184000000000000000e+03 3.272727023578805529e+03 -8.872702357880552881e+01
4.570503000000000071e+01 3.357000000000000000e+03 3.272720229999948515e+03 8.427977000005148511e+01
4.571815999999999747e+01 3.319000000000000000e+03 3.272714367333324844e+03 4.628563266667515563e+01
4.573129000000000133e+01 3.268000000000000000e+03 3.272709400468968852e+03 -4.709400468968851783e+00
4.574441999999999808e+01 3.146000000000000000e+03 3.272634511369578831e+03 -1.266345113695788314e+02
4.575755000000000194e+01 3.351000000000000000e+03 3.272631570709040716e+03 7.836842929095928412e+01
4.577067999999999870e+01 3.336000000000000000e+03 3.272629428409307366e+03 6.337057159069263435e+01
4.578381000000000256e+01 3.318000000000000000e+03 3.272628055872701680e+03 4.537194412729832038e+01
4.579695000000000249e+01 3.397000000000000000e+03 3.272627425689137908e+03 1.243725743108620918e+02
4.581007999999999925e+01 3.295000000000000000e+03 3.272627512906168249e+03 2.237248709383175083e+01
4.582321000000000311e+01 3.245000000000000000e+03 3.272628292106196568e+03 -2.762829210619656806e+01
4.583633999999999986e+01 3.252000000000000000e+03 3.272629739796896956e+03 -2.062973979689695625e+01
4.584946999999999662e+01 3.229000000000000000e+03 3.272631833586971879e+03 -4.363183358697187941e+01
4.586260000000000048e+01 3.224000000000000000e+03 3.272634552125180562e+03 -4.863455212518056214e+01
4.587572999999999723e+01 3.281000000000000000e+03 3.272600890364367388e+03 8.399109635632612481e+00
4.588886000000000109e+01 3.269000000000000000e+03 3.272604971354986901e+03 -3.604971354986901133e+00
4.590198999999999785e+01 3.259000000000000000e+03 3.272609617514952333e+03 -1.360961751495233329e+01
4.591512000000000171e+01 3.243000000000000000e+03 3.272614811129099962e+03 -2.961481112909996227e+01
4.592824999999999847e+01 3.358000000000000000e+03 3.272620535270831624e+03 8.537946472916837592e+01
4.594138000000000233e+01 3.254000000000000000e+03 3.272626773760868673e+03 -1.862677376086867298e+01
4.595450999999999908e+01 3.352000000000000000e+03 3.272633511128526152e+03 7.936648887147384812e+01
4.596764000000000294e+01 3.296000000000000000e+03 3.272640732575345282e+03 2.335926742465471762e+01
4.598076999999999970e+01 3.238000000000000000e+03 3.272648423940904195e+03 -3.464842394090419475e+01
4.599389999999999645e+01 3.237000000000000000e+03 3.272656571670687299e+03 -3.565657167068729905e+01
4.600703000000000031e+01 3.284000000000000000e+03 3.272665162785849134e+03 1.133483721415086620e+01
4.602015999999999707e+01 3.333000000000000000e+03 3.272674184854754003e+03 6.032581514524599697e+01
4.603329000000000093e+01 3.210000000000000000e+03 3.272683625966185900e+03 -6.268362596618590032e+01
4.604641999999999769e+01 3.204000000000000000e+03 3.272693474704105029e+03 -6.869347470410502865e+01
4.605955000000000155e+01 3.270000000000000000e+03 3.272703720123848143e+03 -2.703720123848142975e+00
4.607267999999999830e+01 3.236000000000000000e+03 3.272714351729700866e+03 -3.671435172970086569e+01
4.608581000000000216e+01 3.422000000000000000e+03 3.272725359453727833e+03 1.492746405462721668e+02
4.609893999999999892e+01 3.238000000000000000e+03 3.272736733635798373e+03 -3.473673363579837314e+01
4.611207000000000278e+01 3.298000000000000000e+03 3.272748465004728132e+03 2.525153499527186796e+01
4.612519999999999953e+01 3.225000000000000000e+03 3.272760544660461619e+03 -4.776054466046161906e+01
4.613833000000000339e+01 3.328000000000000000e+03 3.272772964057247918e+03 5.522703594275208161e+01
4.615146000000000015e+01 3.322000000000000000e+03 3.272785714987713163e+03 4.921428501228683672e+01
4.616458999999999691e+01 3.213000000000000000e+03 3.272798789567826134e+03 -5.979878956782613386e+01
4.617772000000000077e+01 3.180000000000000000e+03 3.272812180222660118e+03 -9.281218022266011758e+01
4.619084999999999752e+01 3.214000000000000000e+03 3.272825879672917381e+03 -5.882587967291738096e+01
4.620398000000000138e+01 3.331000000000000000e+03 3.272839880922183511e+03 5.816011907781648915e+01
4.621710999999999814e+01 3.397000000000000000e+03 3.272854177244848870e+03 1.241458227551511300e+02
4.623024000000000200e+01 3.280000000000000000e+03 3.272868762174664425e+03 7.131237825335574598e+00
4.624336999999999875e+01 3.317000000000000000e+03 3.272883629493909211e+03 4.411637050609078869e+01
4.625650000000000261e+01 3.259000000000000000e+03 3.272898773223115313e+03 -1.389877322311531316e+01
4.626964000000000254e+01 3.272000000000000000e+03 3.272914199452875437e+03 -9.141994528754366911e-01
4.628276999999999930e+01 3.291000000000000000e+03 3.272929879168270872e+03 1.807012083172912753e+01
4.629590000000000316e+01 3.332000000000000000e+03 3.272945818685834638e+03 5.905418131416536198e+01
4.630902999999999992e+01 3.240000000000000000e+03 3.272962012886741832e+03 -3.296201288674183161e+01
4.632215999999999667e+01 3.306000000000000000e+03 3.272978456846461995e+03 3.302154315353800484e+01
4.633529000000000053e+01 3.253000000000000000e+03 3.272995145827280339e+03 -1.999514582728033929e+01
4.634841999999999729e+01 3.254000000000000000e+03 3.273012075271180038e+03 -1.901207527118003782e+01
4.636155000000000115e+01 3.321000000000000000e+03 3.273029240793089230e+03 4.797075920691077044e+01
4.637467999999999790e+01 3.263000000000000000e+03 3.273046638174474992e+03 -1.004663817447499241e+01
4.638781000000000176e+01 3.296000000000000000e+03 3.273064263357248819e+03 2.293573664275118063e+01
4.640093999999999852e+01 3.258000000000000000e+03 3.273082112437975866e+03 -1.508211243797586576e+01
4.641407000000000238e+01 3.362000000000000000e+03 3.273100181662384330e+03 8.889981833761567032e+01
4.642719999999999914e+01 3.234000000000000000e+03 3.273118467420138131e+03 -3.911846742013813127e+01
4.644033000000000300e+01 3.282000000000000000e+03 3.273136966239878348e+03 8.863033760121652449e+00
4.645345999999999975e+01 3.246000000000000000e+03 3.273155674784502480e+03 -2.715567478450248018e+01
4.646658999999999651e+01 3.208000000000000000e+03 3.273174589846690196e+03 -6.517458984669019628e+01
4.647972000000000037e+01 3.295000000000000000e+03 3.273193708344633706e+03 2.180629165536629444e+01
4.649284999999999712e+01 3.324000000000000000e+03 3.273213027318010518e+03 5.078697268198948223e+01
4.650598000000000098e+01 3.342000000000000000e+03 3.273232543924129004e+03 6.876745607587099585e+01
4.651910999999999774e+01 3.276000000000000000e+03 3.273252255434278595e+03 2.747744565721404797e+00
4.653224000000000160e+01 3.218000000000000000e+03 3.273272159230271882e+03 -5.527215923027188182e+01
4.654536999999999836e+01 3.259000000000000000e+03 3.273292252801136328e+03 -1.429225280113632834e+01
4.655850000000000222e+01 3.215000000000000000e+03 3.273312533740013350e+03 -5.831253374001335033e+01
4.657162999999999897e+01 3.292000000000000000e+03 3.273332999741174717e+03 1.866700025882528280e+01
4.658476000000000283e+01 3.288000000000000000e+03 3.273353648597218125e+03 1.464635140278187464e+01
4.659788999999999959e+01 3.249000000000000000e+03 3.273374478196398286e+03 -2.437447819639828595e+01
4.661102000000000345e+01 3.188000000000000000e+03 3.273395486520103987e+03 -8.539548652010398655e+01
4.662415000000000020e+01 3.271000000000000000e+03 3.273416671640457480e+03 -2.416671640457479953e+00
4.663727999999999696e+01 3.270000000000000000e+03 3.273438031718053935e+03 -3.438031718053935037e+00
4.665041000000000082e+01 3.281000000000000000e+03 3.273459564999815029e+03 7.540435000184970704e+00
4.666353999999999758e+01 3.178000000000000000e+03 3.273481269816967597e+03 -9.548126981696759685e+01
4.667667000000000144e+01 3.235000000000000000e+03 3.273503144583126414e+03 -3.850314458312641364e+01
4.668979999999999819e+01 3.325000000000000000e+03 3.273525187792495217e+03 5.147481220750478315e+01
4.670293000000000205e+01 3.210000000000000000e+03 3.273547398018162312e+03 -6.354739801816231193e+01
4.671605999999999881e+01 3.215000000000000000e+03 3.273569773910511230e+03 -5.856977391051123050e+01
4.672919000000000267e+01 3.377000000000000000e+03 3.273592314195710514e+03 1.034076858042894855e+02
4.674233000000000260e+01 3.288000000000000000e+03 3.273615035027512022e+03 1.438496497248797823e+01
4.675545999999999935e+01 3.409000000000000000e+03 3.273637900696146971e+03 1.353620993038530287e+02
4.676859000000000322e+01 3.344000000000000000e+03 3.273660927376475684e+03 7.033907262352431644e+01
4.678171999999999997e+01 3.354000000000000000e+03 3.273684114084690918e+03 8.031588591530908161e+01
4.679484999999999673e+01 3.284000000000000000e+03 3.273707459906623171e+03 1.029254009337682874e+01
4.680798000000000059e+01 3.291000000000000000e+03 3.273730963996742958e+03 1.726903600325704247e+01
4.682110999999999734e+01 3.284000000000000000e+03 3.273754625577266324e+03 1.024537442273367560e+01
4.683424000000000120e+01 3.322000000000000000e+03 3.273778443937325392e+03 4.822155606267460826e+01
4.684736999999999796e+01 3.290000000000000000e+03 3.273802418432208469e+03 1.619758156779153069e+01
4.686050000000000182e+01 3.234000000000000000e+03 3.273826548482680209e+03 -3.982654848268020942e+01
4.687362999999999857e+01 3.315000000000000000e+03 3.273850833574363605e+03 4.114916642563639471e+01
4.688676000000000244e+01 3.258000000000000000e+03 3.273875273257201570e+03 -1.587527325720157023e+01
4.689988999999999919e+01 3.342000000000000000e+03 3.273899867144973541e+03 6.810013285502645886e+01
4.691302000000000305e+01 3.262000000000000000e+03 3.273924614914886661e+03 -1.192461491488666070e+01
4.692614999999999981e+01 3.316000000000000000e+03 3.273949516307224712e+03 4.205048369277528764e+01
4.693927999999999656e+01 3.239000000000000000e+03 3.273974571125074817e+03 -3.497457112507481725e+01
4.695241000000000042e+01 3.333000000000000000e+03 3.273999779234091420e+03 5.900022076590857978e+01
4.696553999999999718e+01 3.271000000000000000e+03 3.274025140562356682e+03 -3.025140562356682494e+00
4.697867000000000104e+01 3.339000000000000000e+03 3.274050655100265431e+03 6.494934489973456948e+01
4.699179999999999779e+01 3.160000000000000000e+03 3.274076322900500600e+03 -1.140763229005005996e+02
4.700493000000000166e+01 3.235000000000000000e+03 3.274102144078055517e+03 -3.910214407805551673e+01
4.701805999999999841e+01 3.321000000000000000e+03 3.274128118810317574e+03 4.687188118968242634e+01
4.703119000000000227e+01 3.092000000000000000e+03 3.274154247337212837e+03 -1.821542473372128370e+02
4.704431999999999903e+01 3.215000000000000000e+03 3.274180529961412049e+03 -5.918052996141204858e+01
4.705745000000000289e+01 3.228000000000000000e+03 3.274206967048585739e+03 -4.620696704858573867e+01
4.707057999999999964e+01 3.207000000000000000e+03 3.274233559027744377e+03 -6.723355902774437709e+01
4.708371000000000350e+01 3.309000000000000000e+03 3.274260306391599443e+03 3.473969360840055742e+01
4.709684000000000026e+01 3.383000000000000000e+03 3.274287209697025901e+03 1.087127903029740992e+02
4.710996999999999701e+01 3.341000000000000000e+03 3.274314269565555151e+03 6.668573043444484938e+01
4.712310000000000088e+01 3.171000000000000000e+03 3.274341486683942549e+03 -1.033414866839425486e+02
4.713622999999999763e+01 3.247000000000000000e+03 3.274368861804792687e+03 -2.736886180479268660e+01
4.714936000000000149e+01 3.319000000000000000e+03 3.274396395747244696e+03 4.460360425275530361e+01
4.716248999999999825e+01 3.194000000000000000e+03 3.274424089397725311e+03 -8.042408939772531085e+01
4.717562000000000211e+01 3.233000000000000000e+03 3.274451943710759679e+03 -4.145194371075967865e+01
4.718874999999999886e+01 3.329000000000000000e+03 3.274479959709854938e+03 5.452004029014506159e+01
4.720188999999999879e+01 3.215000000000000000e+03 3.274508160012135249e+03 -5.950816001213524942e+01
4.721502000000000265e+01 3.260000000000000000e+03 3.274536502859894426e+03 -1.453650285989442636e+01
4.722814999999999941e+01 3.226000000000000000e+03 3.274565010888843517e+03 -4.856501088884351702e+01
4.724128000000000327e+01 3.228000000000000000e+03 3.274593685408573037e+03 -4.659368540857303742e+01
4.725441000000000003e+01 3.270000000000000000e+03 3.274622527803051526e+03 -4.622527803051525552e+00
4.726753999999999678e+01 3.363000000000000000e+03 3.274651539531913841e+03 8.834846046808615938e+01
4.728067000000000064e+01 3.246000000000000000e+03 3.274680722131834500e+03 -2.868072213183450003e+01
4.729379999999999740e+01 3.324000000000000000e+03 3.274710077217968319e+03 4.928992278203168098e+01
4.730693000000000126e+01 3.304000000000000000e+03 3.274739606485460172e+03 2.926039351453982817e+01
4.732005999999999801e+01 3.237000000000000000e+03 3.274769311711055707e+03 -3.776931171105570684e+01
4.733319000000000187e+01 3.254000000000000000e+03 3.274799194754780274e+03 -2.079919475478027380e+01
4.734631999999999863e+01 3.224000000000000000e+03 3.274829257561700160e+03 -5.082925756170016030e+01
4.735945000000000249e+01 3.197000000000000000e+03 3.274859502163789784e+03 -7.785950216378978439e+01
4.737257999999999925e+01 3.385000000000000000e+03 3.274889930681863461e+03 1.101100693181365386e+02
4.738571000000000311e+01 3.332000000000000000e+03 3.274920545327616310e+03 5.707945467238369019e+01
4.739883999999999986e+01 3.186000000000000000e+03 3.274951348405763383e+03 -8.895134840576338320e+01
4.741196999999999662e+01 3.274000000000000000e+03 3.274982342316265658e+03 -9.823423162656581553e-01
4.742510000000000048e+01 3.220000000000000000e+03 3.275013529556671529e+03 -5.501352955667152855e+01
4.743822999999999723e+01 3.234000000000000000e+03 3.275044912724551068e+03 -4.104491272455106810e+01
4.745136000000000109e+01 3.282000000000000000e+03 3.275076494520050346e+03 6.923505479949653818e+00
4.746448999999999785e+01 3.271000000000000000e+03 3.275108277748565797e+03 -4.108277748565797083e+00
4.747762000000000171e+01 3.349000000000000000e+03 3.275140265323512267e+03 7.385973467648773294e+01
4.749074999999999847e+01 3.337000000000000000e+03 3.275172460269244766e+03 6.182753973075523390e+01
4.750388000000000233e+01 3.226000000000000000e+03 3.275204865724079809e+03 -4.920486572407980930e+01
4.751700999999999908e+01 3.259000000000000000e+03 3.275237484943471827e+03 -1.623748494347182714e+01
4.753014000000000294e+01 3.157000000000000000e+03 3.275270321303312357e+03 -1.182703213033123575e+02
4.754326999999999970e+01 3.313000000000000000e+03 3.275303378303373847e+03 3.769662169662615270e+01
4.755639999999999645e+01 3.321000000000000000e+03 3.275336659570915799e+03 4.566334042908420088e+01
4.756953000000000031e+01 3.221000000000000000e+03 3.275370168864418247e+03 -5.437016886441824681e+01
4.758265999999999707e+01 3.284000000000000000e+03 3.275403910077516684e+03 8.596089922483315604e+00
4.759579000000000093e+01 3.252000000000000000e+03 3.275437887243059777e+03 -2.343788724305977667e+01
4.760891999999999769e+01 3.363000000000000000e+03 3.275472104537380346e+03 8.752789546261965370e+01
4.762205000000000155e+01 3.342000000000000000e+03 3.275506566284725977e+03 6.649343371527402269e+01
4.763517999999999830e+01 3.272000000000000000e+03 3.275541276961893345e+03 -3.541276961893345288e+00
4.764831000000000216e+01 3.377000000000000000e+03 3.275576241203048539e+03 1.014237587969514607e+02
4.766143999999999892e+01 3.201000000000000000e+03 3.275611463804771120e+03 -7.461146380477111961e+01
4.767457999999999885e+01 3.348000000000000000e+03 3.275646976859551160e+03 7.235302314044884042e+01
4.768771000000000271e+01 3.371000000000000000e+03 3.275682731454746317e+03 9.531726854525368253e+01
4.770083999999999946e+01 3.262000000000000000e+03 3.275718759832502201e+03 -1.371875983250220088e+01
4.771397000000000332e+01 3.169000000000000000e+03 3.275755067494033483e+03 -1.067550674940334829e+02
4.772710000000000008e+01 3.298000000000000000e+03 3.275791660131611479e+03 2.220833986838852070e+01
4.774022999999999683e+01 3.168000000000000000e+03 3.275828543635061123e+03 -1.078285436350611235e+02
4.775336000000000070e+01 3.264000000000000000e+03 3.275865724098541250e+03 -1.186572409854124999e+01
4.776648999999999745e+01 3.272000000000000000e+03 3.275903207827625920e+03 -3.903207827625919890e+00
4.777962000000000131e+01 3.288000000000000000e+03 3.275941001346693156e+03 1.205899865330684406e+01
4.779274999999999807e+01 3.320000000000000000e+03 3.275979111406647917e+03 4.402088859335208326e+01
4.780588000000000193e+01 3.266000000000000000e+03 3.276017544992980675e+03 -1.001754499298067458e+01
4.781900999999999868e+01 3.291000000000000000e+03 3.276056309334190701e+03 1.494369066580929939e+01
4.783214000000000254e+01 3.230000000000000000e+03 3.276095411910589064e+03 -4.609541191058906406e+01
4.784526999999999930e+01 3.293000000000000000e+03 3.276134860463486348e+03 1.686513953651365227e+01
4.785840000000000316e+01 3.369000000000000000e+03 3.276174663004815557e+03 9.282533699518444337e+01
4.787152999999999992e+01 3.295000000000000000e+03 3.276214827827175668e+03 1.878517217282433194e+01
4.788465999999999667e+01 3.349000000000000000e+03 3.276255363514341752e+03 7.274463648565824769e+01
4.789779000000000053e+01 3.315000000000000000e+03 3.276296278952256671e+03 3.870372104774332911e+01
4.791091999999999729e+01 3.244000000000000000e+03 3.276337583340532547e+03 -3.233758334053254657e+01
4.792405000000000115e+01 3.280000000000000000e+03 3.276379286204486107e+03 3.620713795513893274e+00
4.793717999999999790e+01 3.255000000000000000e+03 3.276421397407728364e+03 -2.142139740772836376e+01
4.795031000000000176e+01 3.227000000000000000e+03 3.276463927165360928e+03 -4.946392716536092848e+01
4.796343999999999852e+01 3.360000000000000000e+03 3.276506886057781685e+03 8.349311394221831506e+01
4.797657000000000238e+01 3.331000000000000000e+03 3.276550285045153487e+03 5.444971495484651314e+01
4.798969999999999914e+01 3.314000000000000000e+03 3.276594135482564525e+03 3.740586451743547514e+01
4.800283000000000300e+01 3.272000000000000000e+03 3.276638449135913561e+03 -4.638449135913560895e+00
4.801595999999999975e+01 3.277000000000000000e+03 3.276683238198566414e+03 3.167618014335857879e-01
4.802908999999999651e+01 3.157000000000000000e+03 3.276728515308833721e+03 -1.197285153088337211e+02
4.804222000000000037e+01 3.259000000000000000e+03 3.276774293568281337e+03 -1.777429356828133677e+01
4.805534999999999712e+01 3.280000000000000000e+03 3.276820586560967513e+03 3.179413439032487076e+00
4.806848000000000098e+01 3.207000000000000000e+03 3.276867408373622766e+03 -6.986740837362276579e+01
4.808160999999999774e+01 3.228000000000000000e+03 3.276914773616844286e+03 -4.891477361684428615e+01
4.809474000000000160e+01 3.265000000000000000e+03 3.276962697447349001e+03 -1.196269744734900087e+01
4.810786999999999836e+01 3.314000000000000000e+03 3.277011195591363503e+03 3.698880440863649710e+01
4.812100000000000222e+01 3.313000000000000000e+03 3.277060284369202691e+03 3.593971563079730913e+01
4.813412999999999897e+01 3.284000000000000000e+03 3.277109980721098964e+03 6.890019278901036159e+00
4.814726999999999890e+01 3.383000000000000000e+03 3.277160340802843166e+03 1.058396591971568341e+02
4.816040000000000276e+01 3.250000000000000000e+03 3.277211404281346859e+03 -2.721140428134685862e+01
4.817352999999999952e+01 3.168000000000000000e+03 3.277263032441233008e+03 -1.092630324412330083e+02
4.818666000000000338e+01 3.362000000000000000e+03 3.277315342717499789e+03 8.468465728250021129e+01
4.819979000000000013e+01 3.239000000000000000e+03 3.277368355587880615e+03 -3.836835558788061462e+01
4.821291999999999689e+01 3.196000000000000000e+03 3.277422092336125388e+03 -8.142209233612538810e+01
4.822605000000000075e+01 3.267000000000000000e+03 3.277476575089058315e+03 -1.047657508905831492e+01
4.823917999999999751e+01 3.208000000000000000e+03 3.277531826855660256e+03 -6.953182685566025611e+01
4.825231000000000137e+01 3.243000000000000000e+03 3.277587871568264745e+03 -3.458787156826474529e+01
4.826543999999999812e+01 3.236000000000000000e+03 3.277644734126066851e+03 -4.164473412606685088e+01
4.827857000000000198e+01 3.255000000000000000e+03 3.277702440441034923e+03 -2.270244044103492342e+01
4.829169999999999874e+01 3.392000000000000000e+03 3.277761068957066982e+03 1.142389310429330180e+02
4.830483000000000260e+01 3.182000000000000000e+03 3.277820544984511344e+03 -9.582054498451134350e+01
4.831795999999999935e+01 3.359000000000000000e+03 3.277880949081246399e+03 8.111905091875360085e+01
4.833109000000000322e+01 3.304000000000000000e+03 3.277942311723559214e+03 2.605768827644078556e+01
4.834421999999999997e+01 3.365000000000000000e+03 3.278004664672233048e+03 8.699533532776695210e+01
4.835734999999999673e+01 3.244000000000000000e+03 3.278068041036669001e+03 -3.406804103666900119e+01
4.837048000000000059e+01 3.219000000000000000e+03 3.278132475342775251e+03 -5.913247534277525119e+01
4.838360999999999734e+01 3.228000000000000000e+03 3.278198003604899441e+03 -5.019800360489944069e+01
4.839674000000000120e+01 3.327000000000000000e+03 3.278264663402054794e+03 4.873533659794520645e+01
4.840986999999999796e+01 3.212000000000000000e+03 3.278332493958764189e+03 -6.633249395876418930e+01
4.842300000000000182e+01 3.343000000000000000e+03 3.278401536230802321e+03 6.459846376919767863e+01
4.843612999999999857e+01 3.300000000000000000e+03 3.278471832996227931e+03 2.152816700377206871e+01
4.844926000000000244e+01 3.383000000000000000e+03 3.278543428952045815e+03 1.044565710479541849e+02
4.846238999999999919e+01 3.147000000000000000e+03 3.278616370816898325e+03 -1.316163708168983248e+02
4.847552000000000305e+01 3.228000000000000000e+03 3.278690707440250662e+03 -5.069070744025066233e+01
4.848864999999999981e+01 3.270000000000000000e+03 3.278766489918503794e+03 -8.766489918503793888e+00
4.850177999999999656e+01 3.318000000000000000e+03 3.278843771718565677e+03 3.915622828143432343e+01
4.851491000000000042e+01 3.292000000000000000e+03 3.278922608809427402e+03 1.307739119057259813e+01
4.852803999999999718e+01 3.282000000000000000e+03 3.279003059802328153e+03 2.996940197671847272e+00
4.854117000000000104e+01 3.334000000000000000e+03 3.279085186100181090e+03 5.491481389981890970e+01
4.855429999999999779e+01 3.308000000000000000e+03 3.279169052056924556e+03 2.883094794307544362e+01
4.856743000000000166e+01 3.274000000000000000e+03 3.279254725147606678e+03 -5.254725147606677638e+00
4.858055999999999841e+01 3.353000000000000000e+03 3.279342276149986446e+03 7.365772385001355360e+01
4.859369000000000227e+01 3.299000000000000000e+03 3.279431779338580327e+03 1.956822066141967298e+01
4.860683000000000220e+01 3.324000000000000000e+03 3.279523383199525597e+03 4.447661680047440314e+01
4.861995999999999896e+01 3.205000000000000000e+03 3.279617030263803372e+03 -7.461703026380337178e+01
4.863309000000000282e+01 3.259000000000000000e+03 3.279712875533874467e+03 -2.071287553387446678e+01
4.864621999999999957e+01 3.286000000000000000e+03 3.279811009500217551e+03 6.188990499782448751e+00
4.865935000000000343e+01 3.371000000000000000e+03 3.279911527344675505e+03 9.108847265532449455e+01
4.867248000000000019e+01 3.309000000000000000e+03 3.280014529233122630e+03 2.898547076687736990e+01
4.868560999999999694e+01 3.356000000000000000e+03 3.280120120629632765e+03 7.587987937036723451e+01
4.869874000000000080e+01 3.361000000000000000e+03 3.280228412633937296e+03 8.077158736606270395e+01
4.871186999999999756e+01 3.397000000000000000e+03 3.280339522344187571e+03 1.166604776558124286e+02
4.872500000000000142e+01 3.335000000000000000e+03 3.280453573247183158e+03 5.454642675281684205e+01
4.873812999999999818e+01 3.319000000000000000e+03 3.280570695638462439e+03 3.842930436153756091e+01
4.875126000000000204e+01 3.276000000000000000e+03 3.280691027074918566e+03 -4.691027074918565631e+00
4.876438999999999879e+01 3.227000000000000000e+03 3.280814712862788838e+03 -5.381471286278883781e+01
4.877752000000000265e+01 3.288000000000000000e+03 3.280941906584248954e+03 7.058093415751045541e+00
4.879064999999999941e+01 3.172000000000000000e+03 3.281072770666093220e+03 -1.090727706660932199e+02
4.880378000000000327e+01 3.274000000000000000e+03 3.281207476994397894e+03 -7.207476994397893577e+00
4.881691000000000003e+01 3.190000000000000000e+03 3.281346207579429120e+03 -9.134620757942911951e+01
4.883003999999999678e+01 3.340000000000000000e+03 3.281489155275548455e+03 5.851084472445154461e+01
4.884317000000000064e+01 3.260000000000000000e+03 3.281636524561321039e+03 -2.163652456132103907e+01
4.885629999999999740e+01 3.208000000000000000e+03 3.281788532385654435e+03 -7.378853238565443462e+01
4.886943000000000126e+01 3.287000000000000000e+03 3.281945409086388736e+03 5.054590913611264114e+00
4.888255999999999801e+01 3.253000000000000000e+03 3.282107399388469275e+03 -2.910739938846927544e+01
4.889569000000000187e+01 3.343000000000000000e+03 3.282274763489657744e+03 6.072523651034225622e+01
4.890881999999999863e+01 3.310000000000000000e+03 3.282447778242609729e+03 2.755222175739027080e+01
4.892195000000000249e+01 3.365000000000000000e+03 3.282626738443160775e+03 8.237326155683922480e+01
4.893507999999999925e+01 3.277000000000000000e+03 3.282811958235813108e+03 -5.811958235813108331e+00
4.894821000000000311e+01 3.319000000000000000e+03 3.283003772648677113e+03 3.599622735132288653e+01
4.896133999999999986e+01 3.317000000000000000e+03 3.283202539271604110e+03 3.379746072839589033e+01
4.897446999999999662e+01 3.371000000000000000e+03 3.283408640092881797e+03 8.759135990711820341e+01
4.898760000000000048e+01 3.331000000000000000e+03 3.283622483511715018e+03 4.737751648828498219e+01
4.900072999999999723e+01 3.361000000000000000e+03 3.283844506545870900e+03 7.715549345412910043e+01
4.901386000000000109e+01 3.288000000000000000e+03 3.284075177256263032e+03 3.924822743736967823e+00
4.902698999999999785e+01 3.233000000000000000e+03 3.284314997413028323e+03 -5.131499741302832263e+01
4.904012000000000171e+01 3.261000000000000000e+03 3.284564505430842928e+03 -2.356450543084292804e+01
4.905324999999999847e+01 3.333000000000000000e+03 3.284824279604853928e+03 4.817572039514607241e+01
4.906638000000000233e+01 3.440000000000000000e+03 3.285094941682959416e+03 1.549050583170405844e+02
4.907952000000000226e+01 3.293000000000000000e+03 3.285377380341492881e+03 7.622619658507119311e+00
4.909264999999999901e+01 3.306000000000000000e+03 3.285671887092976249e+03 2.032811290702375118e+01
4.910578000000000287e+01 3.278000000000000000e+03 3.285979449991063120e+03 -7.979449991063120251e+00
4.911890999999999963e+01 3.223000000000000000e+03 3.286300908657436594e+03 -6.330090865743659378e+01
4.913204000000000349e+01 3.294000000000000000e+03 3.286637170750188943e+03 7.362829249811056798e+00
4.914517000000000024e+01 3.302000000000000000e+03 3.286989218686817367e+03 1.501078131318263331e+01
4.915829999999999700e+01 3.314000000000000000e+03 3.287358117194790793e+03 2.664188280520920671e+01
4.917143000000000086e+01 3.259000000000000000e+03 3.287745021840381469e+03 -2.874502184038146879e+01
4.918455999999999761e+01 3.196000000000000000e+03 3.288151188736912900e+03 -9.215118873691289991e+01
4.919769000000000148e+01 3.345000000000000000e+03 3.288577985709268432e+03 5.642201429073156760e+01
4.921081999999999823e+01 3.222000000000000000e+03 3.289026905305603577e+03 -6.702690530560357729e+01
4.922395000000000209e+01 3.260000000000000000e+03 3.289499580219138352e+03 -2.949958021913835182e+01
4.923707999999999885e+01 3.315000000000000000e+03 3.289997801940223326e+03 2.500219805977667420e+01
4.925021000000000271e+01 3.343000000000000000e+03 3.290523543840023194e+03 5.247645615997680579e+01
4.926333999999999946e+01 3.369000000000000000e+03 3.291078990443683324e+03 7.792100955631667603e+01
4.927647000000000332e+01 3.374000000000000000e+03 3.291666575449679385e+03 8.233342455032061480e+01
4.928960000000000008e+01 3.312000000000000000e+03 3.292289032176427554e+03 1.971096782357244592e+01
4.930272999999999683e+01 3.258000000000000000e+03 3.292949461664921728e+03 -3.494946166492172779e+01
4.931586000000000070e+01 3.272000000000000000e+03 3.293651425744234075e+03 -2.165142574423407495e+01
4.932898999999999745e+01 3.364000000000000000e+03 3.294399075079613340e+03 6.960092492038666023e+01
4.934212000000000131e+01 3.326000000000000000e+03 3.295197325652939981e+03 3.080267434706001950e+01
4.935524999999999807e+01 3.249000000000000000e+03 3.296052101301959283e+03 -4.705210130195928286e+01
4.936838000000000193e+01 3.246000000000000000e+03 3.296970664803681757e+03 -5.097066480368175689e+01
4.938150999999999868e+01 3.280000000000000000e+03 3.297962065316836288e+03 -1.796206531683628782e+01
4.939464000000000254e+01 3.269000000000000000e+03 3.299037735379098194e+03 -3.003773537909819424e+01
4.940776999999999930e+01 3.130000000000000000e+03 3.300212275397178928e+03 -1.702122753971789280e+02
4.942090000000000316e+01 3.346000000000000000e+03 3.301504466661494007e+03 4.449553333850599302e+01
4.943402999999999992e+01 3.288000000000000000e+03 3.302938554005736478e+03 -1.493855400573647785e+01
4.944715999999999667e+01 3.329000000000000000e+03 3.304545834638512133e+03 2.445416536148786690e+01
4.946029000000000053e+01 3.370000000000000000e+03 3.306366578497938463e+03 6.363342150206153747e+01
4.947341999999999729e+01 3.295000000000000000e+03 3.308452285783473599e+03 -1.345228578347359871e+01
4.948655000000000115e+01 3.266000000000000000e+03 3.310868257425999218e+03 -4.486825742599921796e+01
4.949967999999999790e+01 3.324000000000000000e+03 3.313696413149927594e+03 1.030358685007240638e+01
4.951281000000000176e+01 3.297000000000000000e+03 3.317038239582892857e+03 -2.003823958289285656e+01
4.952593999999999852e+01 3.393000000000000000e+03 3.321017689343274924e+03 7.198231065672507611e+01
4.953907000000000238e+01 3.310000000000000000e+03 3.325783785031776915e+03 -1.578378503177691528e+01
4.955221000000000231e+01 3.293000000000000000e+03 3.331517395922548531e+03 -3.851739592254853051e+01
4.956533999999999907e+01 3.352000000000000000e+03 3.338414110613750381e+03 1.358588938624961884e+01
4.957847000000000293e+01 3.429000000000000000e+03 3.346709819356517528e+03 8.229018064348247208e+01
4.959159999999999968e+01 3.316000000000000000e+03 3.356661996606845605e+03 -4.066199660684560513e+01
4.960473000000000354e+01 3.408000000000000000e+03 3.368549331076303133e+03 3.945066892369686684e+01
4.961786000000000030e+01 3.472000000000000000e+03 3.382664905940479912e+03 8.933509405952008819e+01
4.963098999999999705e+01 3.358000000000000000e+03 3.399306735339765964e+03 -4.130673533976596445e+01
4.964412000000000091e+01 3.406000000000000000e+03 3.418765666649100240e+03 -1.276566664910023974e+01
4.965724999999999767e+01 3.399000000000000000e+03 3.441310862618607189e+03 -4.231086261860718878e+01
4.967038000000000153e+01 3.335000000000000000e+03 3.467173284576878814e+03 -1.321732845768788138e+02
4.968350999999999829e+01 3.371000000000000000e+03 3.496527771898189712e+03 -1.255277718981897124e+02
4.969664000000000215e+01 3.388000000000000000e+03 3.529474413105687745e+03 -1.414744131056877450e+02
4.970976999999999890e+01 3.394000000000000000e+03 3.566019893297441286e+03 -1.720198932974412855e+02
4.972290000000000276e+01 3.501000000000000000e+03 3.606059363833547195e+03 -1.050593638335471951e+02
4.973602999999999952e+01 3.584000000000000000e+03 3.649359141800476209e+03 -6.535914180047620903e+01
4.974916000000000338e+01 3.504000000000000000e+03 3.695540319048868696e+03 -1.915403190488686960e+02
4.976229000000000013e+01 3.497000000000000000e+03 3.744063375562246620e+03 -2.470633755622466197e+02
4.977541999999999689e+01 3.684000000000000000e+03 3.794214517784615055e+03 -1.102145177846150546e+02
4.978855000000000075e+01 3.699000000000000000e+03 3.845096127486016485e+03 -1.460961274860164849e+02
4.980167999999999751e+01 3.664000000000000000e+03 3.895626628333038298e+03 -2.316266283330382976e+02
4.981481000000000137e+01 3.777000000000000000e+03 3.944558725546018195e+03 -1.675587255460181950e+02
4.982793999999999812e+01 3.808000000000000000e+03 3.990527424904064446e+03 -1.825274249040644463e+02
4.984107000000000198e+01 4.016000000000000000e+03 4.032137070213376774e+03 -1.613707021337677361e+01
4.985419999999999874e+01 4.150000000000000000e+03 4.068086463245374034e+03 8.191353675462596584e+01
4.986733000000000260e+01 4.200000000000000000e+03 4.097313193192345352e+03 1.026868068076546479e+02
4.988045999999999935e+01 4.278000000000000000e+03 4.119120011951501510e+03 1.588799880484984897e+02
4.989359000000000322e+01 4.388000000000000000e+03 4.133240463100473789e+03 2.547595368995262106e+02
4.990671999999999997e+01 4.121000000000000000e+03 4.139817225987821075e+03 -1.881722598782107525e+01
4.991984999999999673e+01 4.197000000000000000e+03 4.139299584514445087e+03 5.770041548555491318e+01
4.993298000000000059e+01 4.062000000000000000e+03 4.132297430372812414e+03 -7.029743037281241413e+01
4.994610999999999734e+01 4.059000000000000000e+03 4.119440972839862297e+03 -6.044097283986229741e+01
4.995924000000000120e+01 3.958000000000000000e+03 4.101285385126750953e+03 -1.432853851267509526e+02
4.997236999999999796e+01 4.056000000000000000e+03 4.078278408028736976e+03 -2.227840802873697612e+01
4.998550000000000182e+01 4.073000000000000000e+03 4.050787764475851873e+03 2.221223552414812730e+01
4.999862999999999857e+01 3.949000000000000000e+03 4.019169084187575208e+03 -7.016908418757520849e+01
5.001176000000000244e+01 3.896000000000000000e+03 3.983845005472649063e+03 -8.784500547264906345e+01
5.002490000000000236e+01 3.950000000000000000e+03 3.945333934284152292e+03 4.666065715847707907e+00
5.003802999999999912e+01 3.893000000000000000e+03 3.904386636979488230e+03 -1.138663697948823028e+01
5.005116000000000298e+01 3.811000000000000000e+03 3.861779456732314884e+03 -5.077945673231488399e+01
5.006428999999999974e+01 3.797000000000000000e+03 3.818366322144137484e+03 -2.136632214413748443e+01
5.007741999999999649e+01 3.696000000000000000e+03 3.774977286687943433e+03 -7.897728668794343321e+01
5.009055000000000035e+01 3.594000000000000000e+03 3.732356486903366658e+03 -1.383564869033666582e+02
5.010367999999999711e+01 3.659000000000000000e+03 3.691122863830118149e+03 -3.212286383011814905e+01
5.011681000000000097e+01 3.595000000000000000e+03 3.651755029109976022e+03 -5.675502910997602157e+01
5.012993999999999772e+01 3.499000000000000000e+03 3.614595327111595907e+03 -1.155953271115959069e+02
5.014307000000000158e+01 3.445000000000000000e+03 3.579866081508522257e+03 -1.348660815085222566e+02
5.015619999999999834e+01 3.514000000000000000e+03 3.547691504897679806e+03 -3.369150489767980616e+01
5.016933000000000220e+01 3.588000000000000000e+03 3.518120097085517045e+03 6.987990291448295466e+01
5.018245999999999896e+01 3.449000000000000000e+03 3.491143883694526721e+03 -4.214388369452672123e+01
5.019559000000000282e+01 3.404000000000000000e+03 3.466712593643375385e+03 -6.271259364337538500e+01
5.020871999999999957e+01 3.332000000000000000e+03 3.444742784951150043e+03 -1.127427849511500426e+02
5.022185000000000343e+01 3.342000000000000000e+03 3.425123467299765252e+03 -8.312346729976525239e+01
5.023498000000000019e+01 3.366000000000000000e+03 3.407720329871641297e+03 -4.172032987164129736e+01
5.024810999999999694e+01 3.344000000000000000e+03 3.392380198705659041e+03 -4.838019870565904057e+01
5.026124000000000080e+01 3.459000000000000000e+03 3.378936353042959126e+03 8.006364695704087353e+01
5.027436999999999756e+01 3.455000000000000000e+03 3.367214470315338076e+03 8.778552968466192397e+01
5.028750000000000142e+01 3.292000000000000000e+03 3.357038565461721646e+03 -6.503856546172164599e+01
5.030062999999999818e+01 3.318000000000000000e+03 3.348236298814313614e+03 -3.023629881431361355e+01
5.031376000000000204e+01 3.374000000000000000e+03 3.340643245951367589e+03 3.335675404863241056e+01
5.032688999999999879e+01 3.368000000000000000e+03 3.334105975262536958e+03 3.389402473746304167e+01
5.034002000000000265e+01 3.358000000000000000e+03 3.328483973863985739e+03 2.951602613601426128e+01
5.035314999999999941e+01 3.347000000000000000e+03 3.323650578706803572e+03 2.334942129319642845e+01
5.036628000000000327e+01 3.451000000000000000e+03 3.319493119747766741e+03 1.315068802522332589e+02
5.037941000000000003e+01 3.378000000000000000e+03 3.315912487170206987e+03 6.208751282979301322e+01
5.039253999999999678e+01 3.231000000000000000e+03 3.312822313757958909e+03 -8.182231375795890926e+01
5.040567000000000064e+01 3.330000000000000000e+03 3.310147930337477646e+03 1.985206966252235361e+01
5.041879999999999740e+01 3.336000000000000000e+03 3.307825215673625280e+03 2.817478432637471997e+01
5.043193000000000126e+01 3.324000000000000000e+03 3.305799427752323936e+03 1.820057224767606385e+01
5.044505999999999801e+01 3.263000000000000000e+03 3.304024073932013380e+03 -4.102407393201337982e+01
5.045819000000000187e+01 3.300000000000000000e+03 3.302459854191429258e+03 -2.459854191429258208e+00
5.047131999999999863e+01 3.319000000000000000e+03 3.301073694674634680e+03 1.792630532536531973e+01
5.048445999999999856e+01 3.219000000000000000e+03 3.299836987172760018e+03 -8.083698717276001844e+01
5.049759000000000242e+01 3.274000000000000000e+03 3.298728462697268242e+03 -2.472846269726824175e+01
5.051071999999999917e+01 3.326000000000000000e+03 3.297727884260277278e+03 2.827211573972272163e+01
5.052385000000000304e+01 3.298000000000000000e+03 3.296819300033646414e+03 1.180699966353586206e+00
5.053697999999999979e+01 3.373000000000000000e+03 3.295989520702715708e+03 7.701047929728429153e+01
5.055010999999999655e+01 3.277000000000000000e+03 3.295227661147452181e+03 -1.822766114745218147e+01
5.056324000000000041e+01 3.276000000000000000e+03 3.294524744964204729e+03 -1.852474496420472860e+01
5.057636999999999716e+01 3.290000000000000000e+03 3.293873365980271956e+03 -3.873365980271955777e+00
5.058950000000000102e+01 3.399000000000000000e+03 3.293267401215320206e+03 1.057325987846797943e+02
5.060262999999999778e+01 3.318000000000000000e+03 3.292701769933463765e+03 2.529823006653623452e+01
5.061576000000000164e+01 3.304000000000000000e+03 3.292172233559852884e+03 1.182776644014711565e+01
5.062888999999999839e+01 3.247000000000000000e+03 3.291641494529029842e+03 -4.464149452902984194e+01
5.064202000000000226e+01 3.273000000000000000e+03 3.291174152390853124e+03 -1.817415239085312351e+01
5.065514999999999901e+01 3.284000000000000000e+03 3.290733748001192907e+03 -6.733748001192907395e+00
5.066828000000000287e+01 3.354000000000000000e+03 3.290318053943539326e+03 6.368194605646067430e+01
5.068140999999999963e+01 3.198000000000000000e+03 3.289925127204520322e+03 -9.192512720452032227e+01
5.069454000000000349e+01 3.308000000000000000e+03 3.289553256352615790e+03 1.844674364738420991e+01
5.070767000000000024e+01 3.362000000000000000e+03 3.289200920305792351e+03 7.279907969420764857e+01
5.072079999999999700e+01 3.184000000000000000e+03 3.288866756199241536e+03 -1.048667561992415358e+02
5.073393000000000086e+01 3.289000000000000000e+03 3.288549534308805960e+03 4.504656911940401187e-01
5.074705999999999761e+01 3.258000000000000000e+03 3.288248138386524261e+03 -3.024813838652426057e+01
5.076019000000000148e+01 3.295000000000000000e+03 3.287943835024324926e+03 7.056164975675073947e+00
5.077331999999999823e+01 3.317000000000000000e+03 3.287671196077860714e+03 2.932880392213928644e+01
5.078645000000000209e+01 3.349000000000000000e+03 3.287411574082970219e+03 6.158842591702978098e+01
5.079957999999999885e+01 3.351000000000000000e+03 3.287164178756015190e+03 6.383582124398481028e+01
5.081271000000000271e+01 3.337000000000000000e+03 3.286928279989418115e+03 5.007172001058188471e+01
5.082583999999999946e+01 3.270000000000000000e+03 3.286703201954386714e+03 -1.670320195438671362e+01
5.083897000000000332e+01 3.234000000000000000e+03 3.286488318020106817e+03 -5.248831802010681713e+01
5.085210000000000008e+01 3.292000000000000000e+03 3.286283046322393147e+03 5.716953677606852580e+00
5.086522999999999683e+01 3.229000000000000000e+03 3.286086845858856123e+03 -5.708684585885612250e+01
5.087836000000000070e+01 3.338000000000000000e+03 3.285899213019308263e+03 5.210078698069173697e+01
5.089148999999999745e+01 3.160000000000000000e+03 3.285719678482464133e+03 -1.257196784824641327e+02
5.090462000000000131e+01 3.336000000000000000e+03 3.285547804425921640e+03 5.045219557407835964e+01
5.091774999999999807e+01 3.307000000000000000e+03 3.285383182007652522e+03 2.161681799234747814e+01
5.093088000000000193e+01 3.334000000000000000e+03 3.285225429085391170e+03 4.877457091460883021e+01
5.094400999999999868e+01 3.237000000000000000e+03 3.285074188146223150e+03 -4.807418814622315040e+01
5.095714999999999861e+01 3.345000000000000000e+03 3.284929016213519844e+03 6.007098378648015569e+01
5.097028000000000247e+01 3.299000000000000000e+03 3.284789820319861519e+03 1.421017968013848076e+01
5.098340999999999923e+01 3.404000000000000000e+03 3.284656193412512948e+03 1.193438065874870517e+02
5.099654000000000309e+01 3.265000000000000000e+03 3.284527859260724654e+03 -1.952785926072465372e+01
5.100966999999999985e+01 3.232000000000000000e+03 3.284404558353528955e+03 -5.240455835352895519e+01
5.102279999999999660e+01 3.262000000000000000e+03 3.284286046699397957e+03 -2.228604669939795713e+01
5.103593000000000046e+01 3.324000000000000000e+03 3.284172094725311581e+03 3.982790527468841901e+01
5.104905999999999722e+01 3.392000000000000000e+03 3.284062486265886037e+03 1.079375137341139634e+02
5.106219000000000108e+01 3.229000000000000000e+03 3.283957017634256317e+03 -5.495701763425631725e+01
5.107531999999999783e+01 3.249000000000000000e+03 3.283855496767204841e+03 -3.485549676720484058e+01
5.108845000000000169e+01 3.339000000000000000e+03 3.283757742437876459e+03 5.524225756212354099e+01
5.110157999999999845e+01 3.087000000000000000e+03 3.283663583530002597e+03 -1.966635835300025974e+02
5.111471000000000231e+01 3.295000000000000000e+03 3.283572858368228935e+03 1.142714163177106457e+01
5.112783999999999907e+01 3.337000000000000000e+03 3.283485414099628542e+03 5.351458590037145768e+01
5.114097000000000293e+01 3.218000000000000000e+03 3.283401106121997145e+03 -6.540110612199714524e+01
5.115409999999999968e+01 3.261000000000000000e+03 3.283319797554911020e+03 -2.231979755491101969e+01
5.116723000000000354e+01 3.271000000000000000e+03 3.283241358749935443e+03 -1.224135874993544348e+01
5.118036000000000030e+01 3.337000000000000000e+03 3.283165666836724085e+03 5.383433316327591456e+01
5.119348999999999705e+01 3.324000000000000000e+03 3.283092605302015727e+03 4.090739469798427308e+01
5.120662000000000091e+01 3.242000000000000000e+03 3.283022063598829391e+03 -4.102206359882939068e+01
5.121974999999999767e+01 3.302000000000000000e+03 3.282953936783428617e+03 1.904606321657138324e+01
5.123288000000000153e+01 3.246000000000000000e+03 3.282888125177799793e+03 -3.688812517779979316e+01
5.124600999999999829e+01 3.302000000000000000e+03 3.282824534055629101e+03 1.917546594437089880e+01
5.125914000000000215e+01 3.263000000000000000e+03 3.282763073349924525e+03 -1.976307334992452525e+01
5.127226999999999890e+01 3.330000000000000000e+03 3.282703657380584445e+03 4.729634261941555451e+01
5.128540000000000276e+01 3.253000000000000000e+03 3.282646204600389410e+03 -2.964620460038941019e+01
5.129852999999999952e+01 3.285000000000000000e+03 3.282590637357992364e+03 2.409362642007636168e+00
5.131166000000000338e+01 3.250000000000000000e+03 3.282536881676627218e+03 -3.253688167662721753e+01
5.132479000000000013e+01 3.224000000000000000e+03 3.282484867047347961e+03 -5.848486704734796149e+01
5.133791999999999689e+01 3.108000000000000000e+03 3.282434526235732847e+03 -1.744345262357328465e+02
5.135105000000000075e+01 3.214000000000000000e+03 3.282385795101037729e+03 -6.838579510103772918e+01
5.136417999999999751e+01 3.296000000000000000e+03 3.282338612426914096e+03 1.366138757308590357e+01
5.137731000000000137e+01 3.311000000000000000e+03 3.282292919762835027e+03 2.870708023716497337e+01
5.139043999999999812e+01 3.230000000000000000e+03 3.282248661275477389e+03 -5.224866127547738870e+01
5.140357000000000198e+01 3.280000000000000000e+03 3.282205783609337232e+03 -2.205783609337231610e+00
5.141669999999999874e+01 3.273000000000000000e+03 3.282164235755941263e+03 -9.164235755941263051e+00
5.142983999999999867e+01 3.168000000000000000e+03 3.282123938739450296e+03 -1.141239387394502955e+02
5.144297000000000253e+01 3.219000000000000000e+03 3.282084907190510421e+03 -6.308490719051042106e+01
5.145609999999999928e+01 3.283000000000000000e+03 3.282047065286460111e+03 9.529347135398893442e-01
5.146923000000000314e+01 3.344000000000000000e+03 3.282010370252206940e+03 6.198962974779306023e+01
5.148235999999999990e+01 3.297000000000000000e+03 3.281974781115077349e+03 1.502521888492265134e+01
5.149548999999999666e+01 3.195000000000000000e+03 3.281940258614467893e+03 -8.694025861446789349e+01
5.150862000000000052e+01 3.263000000000000000e+03 3.281906765116754286e+03 -1.890676511675428628e+01
5.152174999999999727e+01 3.188000000000000000e+03 3.281874264535092607e+03 -9.387426453509260682e+01
5.153488000000000113e+01 3.263000000000000000e+03 3.281842722253797092e+03 -1.884272225379709198e+01
5.154800999999999789e+01 3.248000000000000000e+03 3.281812105057005283e+03 -3.381210505700528302e+01
5.156114000000000175e+01 3.179000000000000000e+03 3.281782381061352680e+03 -1.027823810613526803e+02
5.157426999999999850e+01 3.344000000000000000e+03 3.281753519652389059e+03 6.224648034761094095e+01
5.158740000000000236e+01 3.246000000000000000e+03 3.281725491424521351e+03 -3.572549142452135129e+01
5.160052999999999912e+01 3.170000000000000000e+03 3.281698268124245260e+03 -1.116982681242452600e+02
5.161366000000000298e+01 3.300000000000000000e+03 3.281671822596470065e+03 1.832817740352993496e+01
5.162678999999999974e+01 3.254000000000000000e+03 3.281646128733742444e+03 -2.764612873374244373e+01
5.163991999999999649e+01 3.291000000000000000e+03 3.281621161428181949e+03 9.378838571818050696e+00
5.165305000000000035e+01 3.299000000000000000e+03 3.281596896525984903e+03 1.740310347401509716e+01
5.166617999999999711e+01 3.271000000000000000e+03 3.281573310784322530e+03 -1.057331078432252980e+01
5.167931000000000097e+01 3.159000000000000000e+03 3.281550381830509195e+03 -1.225503818305091954e+02
5.169243999999999772e+01 3.278000000000000000e+03 3.281528088123268844e+03 -3.528088123268844356e+00
5.170557000000000158e+01 3.254000000000000000e+03 3.281506408916024611e+03 -2.750640891602461124e+01
5.171869999999999834e+01 3.258000000000000000e+03 3.281485324222064264e+03 -2.348532422206426418e+01
5.173183000000000220e+01 3.298000000000000000e+03 3.281464814781462337e+03 1.653518521853766288e+01
5.174495999999999896e+01 3.269000000000000000e+03 3.281444862029695287e+03 -1.244486202969528676e+01
5.175809000000000282e+01 3.289000000000000000e+03 3.281425448067806428e+03 7.574551932193571702e+00
5.177121999999999957e+01 3.274000000000000000e+03 3.281406555634080178e+03 -7.406555634080177697e+00
5.178435000000000343e+01 3.295000000000000000e+03 3.281388168077098726e+03 1.361183192290127408e+01
5.179748000000000019e+01 3.303000000000000000e+03 3.281370269330118845e+03 2.162973066988115534e+01
5.181060999999999694e+01 3.273000000000000000e+03 3.281352843886715618e+03 -8.352843886715618282e+00
5.182374000000000080e+01 3.279000000000000000e+03 3.281335876777591238e+03 -2.335876777591238351e+00
5.183686999999999756e+01 3.221000000000000000e+03 3.281319353548491563e+03 -6.031935354849156283e+01
5.185000000000000142e+01 3.346000000000000000e+03 3.281303260239201336e+03 6.469673976079866407e+01
5.186312999999999818e+01 3.414000000000000000e+03 3.281287583363506656e+03 1.327124166364933444e+02
5.187626000000000204e+01 3.322000000000000000e+03 3.281272309890122870e+03 4.072769010987713045e+01
5.188940000000000197e+01 3.193000000000000000e+03 3.281257416035460210e+03 -8.825741603546020997e+01
5.190252999999999872e+01 3.270000000000000000e+03 3.281242912286279989e+03 -1.124291228627998862e+01
5.191566000000000258e+01 3.309000000000000000e+03 3.281228775388586655e+03 2.777122461141334497e+01
5.192878999999999934e+01 3.260000000000000000e+03 3.281214993957432853e+03 -2.121499395743285277e+01
5.194192000000000320e+01 3.266000000000000000e+03 3.281201556979860925e+03 -1.520155697986092491e+01
5.195504999999999995e+01 3.155000000000000000e+03 3.281188453800519710e+03 -1.261884538005197101e+02
5.196817999999999671e+01 3.409000000000000000e+03 3.281175674107929808e+03 1.278243258920701919e+02
5.198131000000000057e+01 3.247000000000000000e+03 3.281163207921359117e+03 -3.416320792135911688e+01
5.199443999999999733e+01 3.321000000000000000e+03 3.281151045578282719e+03 3.984895442171728064e+01
5.200757000000000119e+01 3.305000000000000000e+03 3.281139177722399836e+03 2.386082227760016394e+01
5.202069999999999794e+01 3.244000000000000000e+03 3.281127595292165552e+03 -3.712759529216555165e+01
5.203383000000000180e+01 3.256000000000000000e+03 3.281116289509831859e+03 -2.511628950983185860e+01
5.204695999999999856e+01 3.262000000000000000e+03 3.281105251870962547e+03 -1.910525187096254740e+01
5.206009000000000242e+01 3.213000000000000000e+03 3.281094474134395568e+03 -6.809447413439556840e+01
5.207321999999999917e+01 3.258000000000000000e+03 3.281083948312632856e+03 -2.308394831263285596e+01
5.208635000000000304e+01 3.290000000000000000e+03 3.281073666662641244e+03 8.926333337358755671e+00
5.209947999999999979e+01 3.283000000000000000e+03 3.281063621677049014e+03 1.936378322950986330e+00
5.211260999999999655e+01 3.320000000000000000e+03 3.281053806075696684e+03 3.894619392430331573e+01
5.212574000000000041e+01 3.295000000000000000e+03 3.281044212797554337e+03 1.395578720244566284e+01
5.213886999999999716e+01 3.299000000000000000e+03 3.281034834992964988e+03 1.796516500703501151e+01
5.215200000000000102e+01 3.330000000000000000e+03 3.281025666016219475e+03 4.897433398378052516e+01
5.216512999999999778e+01 3.281000000000000000e+03 3.281016699418418284e+03 -1.669941841828403994e-02
5.217826000000000164e+01 3.099000000000000000e+03 3.281007928940639431e+03 -1.820079289406394309e+02
5.219138999999999839e+01 3.176000000000000000e+03 3.280999348507377363e+03 -1.049993485073773627e+02
5.220452000000000226e+01 3.327000000000000000e+03 3.280990952220246527e+03 4.600904777975347315e+01
5.221764999999999901e+01 3.301000000000000000e+03 3.280982734351939143e+03 2.001726564806085662e+01
5.223078000000000287e+01 3.180000000000000000e+03 3.280974689340418081e+03 -1.009746893404180810e+02
5.224390999999999963e+01 3.348000000000000000e+03 3.280966811783345292e+03 6.703318821665470750e+01
5.225704000000000349e+01 3.286000000000000000e+03 3.280959096432729893e+03 5.040903567270106578e+00
5.227017000000000024e+01 3.193000000000000000e+03 3.280951538189779967e+03 -8.795153818977996707e+01
5.228329999999999700e+01 3.190000000000000000e+03 3.280944132099961735e+03 -9.094413209996173464e+01
5.229643000000000086e+01 3.231000000000000000e+03 3.280936873348246536e+03 -4.993687334824653590e+01
5.230955999999999761e+01 3.235000000000000000e+03 3.280929757254539254e+03 -4.592975725453925406e+01
5.232269000000000148e+01 3.335000000000000000e+03 3.280922779269282728e+03 5.407722073071727209e+01
5.233581999999999823e+01 3.315000000000000000e+03 3.280915934969237242e+03 3.408406503076275840e+01
5.234895000000000209e+01 3.344000000000000000e+03 3.280909220053405079e+03 6.309077994659492106e+01
5.236209000000000202e+01 3.376000000000000000e+03 3.280902625366971733e+03 9.509737463302826654e+01
5.237521999999999878e+01 3.057000000000000000e+03 3.280896156876870464e+03 -2.238961568768704637e+02
5.238835000000000264e+01 3.269000000000000000e+03 3.280889805560084369e+03 -1.188980556008436906e+01
5.240147999999999939e+01 3.477000000000000000e+03 3.280883567566972943e+03 1.961164324330270574e+02
5.241461000000000325e+01 3.289000000000000000e+03 3.280877439151979161e+03 8.122560848020839330e+00
5.242774000000000001e+01 3.279000000000000000e+03 3.280871416670382587e+03 -1.871416670382586744e+00
5.244086999999999676e+01 3.317000000000000000e+03 3.280865496575179804e+03 3.613450342482019551e+01
5.245400000000000063e+01 3.280000000000000000e+03 3.280859675414076264e+03 -8.596754140762641327e-01
5.246712999999999738e+01 3.238000000000000000e+03 3.280853949826584994e+03 -4.285394982658499430e+01
5.248026000000000124e+01 3.380000000000000000e+03 3.280848316541228996e+03 9.915168345877100364e+01
5.249338999999999800e+01 3.212000000000000000e+03 3.280842772372850050e+03 -6.884277237285004958e+01
5.250652000000000186e+01 3.304000000000000000e+03 3.280837314219999826e+03 2.316268578000017442e+01
5.251964999999999861e+01 3.247000000000000000e+03 3.280831939062446963e+03 -3.383193906244696336e+01
5.253278000000000247e+01 3.269000000000000000e+03 3.280826643958736895e+03 -1.182664395873689500e+01
5.254590999999999923e+01 3.195000000000000000e+03 3.280821426043876272e+03 -8.582142604387627216e+01
5.255904000000000309e+01 3.261000000000000000e+03 3.280816282527061503e+03 -1.981628252706150306e+01
5.257216999999999985e+01 3.218000000000000000e+03 3.280811210689519612e+03 -6.281121068951961206e+01
5.258529999999999660e+01 3.373000000000000000e+03 3.280806207882393664e+03 9.219379211760633552e+01
5.259843000000000046e+01 3.321000000000000000e+03 3.280801271524720960e+03 4.019872847527904014e+01
5.261155999999999722e+01 3.270000000000000000e+03 3.280796399101472161e+03 -1.079639910147216142e+01
5.262469000000000108e+01 3.256000000000000000e+03 3.280791588161660457e+03 -2.479158816166045654e+01
5.263781999999999783e+01 3.264000000000000000e+03 3.280786836316507106e+03 -1.678683631650710595e+01
5.265095000000000169e+01 3.290000000000000000e+03 3.280782141237679753e+03 9.217858762320247479e+00
5.266407999999999845e+01 3.323000000000000000e+03 3.280777500655582571e+03 4.222249934441742880e+01
5.267721000000000231e+01 3.275000000000000000e+03 3.280772912357703717e+03 -5.772912357703717134e+00
5.269033999999999907e+01 3.236000000000000000e+03 3.280768374187021891e+03 -4.476837418702189098e+01
5.270347000000000293e+01 3.278000000000000000e+03 3.280763884040455650e+03 -2.763884040455650393e+00
5.271659999999999968e+01 3.299000000000000000e+03 3.280759439867377750e+03 1.824056013262224951e+01
5.272973000000000354e+01 3.228000000000000000e+03 3.280755039668171321e+03 -5.275503966817132095e+01
5.274286000000000030e+01 3.214000000000000000e+03 3.280750681492823787e+03 -6.675068149282378727e+01
5.275598999999999705e+01 3.264000000000000000e+03 3.280746363439581728e+03 -1.674636343958172802e+01
5.276912000000000091e+01 3.317000000000000000e+03 3.280742083653642567e+03 3.625791634635743321e+01
5.278224999999999767e+01 3.289000000000000000e+03 3.280737840325886737e+03 8.262159674113263463e+00
5.279538000000000153e+01 3.308000000000000000e+03 3.280733631691645769e+03 2.726636830835423098e+01
5.280850999999999829e+01 3.298000000000000000e+03 3.280729456029526773e+03 1.727054397047322709e+01
5.282164000000000215e+01 3.322000000000000000e+03 3.280725311660252373e+03 4.127468833974762674e+01
5.283478000000000208e+01 3.175000000000000000e+03 3.280721193822621444e+03 -1.057211938226214443e+02
5.284790999999999883e+01 3.297000000000000000e+03 3.280717107184926135e+03 1.628289281507386477e+01
5.286104000000000269e+01 3.139000000000000000e+03 3.280713047042832386e+03 -1.417130470428323861e+02
5.287416999999999945e+01 3.275000000000000000e+03 3.280709011874780117e+03 -5.709011874780117068e+00
5.288730000000000331e+01 3.234000000000000000e+03 3.280705000196096080e+03 -4.670500019609607989e+01
5.290043000000000006e+01 3.255000000000000000e+03 3.280701010558047528e+03 -2.570101055804752832e+01
5.291355999999999682e+01 3.267000000000000000e+03 3.280697041546914534e+03 -1.369704154691453368e+01
5.292669000000000068e+01 3.413000000000000000e+03 3.280693091783100954e+03 1.323069082168990462e+02
5.293981999999999744e+01 3.302000000000000000e+03 3.280689159920267230e+03 2.131084007973277039e+01
5.295295000000000130e+01 3.276000000000000000e+03 3.280685244644485010e+03 -4.685244644485010213e+00
5.296607999999999805e+01 3.320000000000000000e+03 3.280681344673430431e+03 3.931865532656956930e+01
5.297921000000000191e+01 3.252000000000000000e+03 3.280677458755588759e+03 -2.867745875558875923e+01
5.299233999999999867e+01 3.285000000000000000e+03 3.280673585669484510e+03 4.326414330515490292e+00
5.300547000000000253e+01 3.322000000000000000e+03 3.280669724222944751e+03 4.133027577705524891e+01
5.301859999999999928e+01 3.210000000000000000e+03 3.280665873252368783e+03 -7.066587325236878314e+01
5.303173000000000314e+01 3.214000000000000000e+03 3.280662031622033737e+03 -6.666203162203373722e+01
5.304485999999999990e+01 3.344000000000000000e+03 3.280658198223412001e+03 6.334180177658799948e+01
5.305798999999999666e+01 3.373000000000000000e+03 3.280654371974503647e+03 9.234562802549635308e+01
5.307112000000000052e+01 3.323000000000000000e+03 3.280650551819211614e+03 4.234944818078838580e+01
5.308424999999999727e+01 3.264000000000000000e+03 3.280646736726701420e+03 -1.664673672670141968e+01
5.309738000000000113e+01 3.240000000000000000e+03 3.280642925690804987e+03 -4.064292569080498652e+01
5.311050999999999789e+01 3.153000000000000000e+03 3.280639117729434929e+03 -1.276391177294349291e+02
5.312364000000000175e+01 3.307000000000000000e+03 3.280635311884007933e+03 2.636468811599206674e+01
5.313676999999999850e+01 3.302000000000000000e+03 3.280631507218894058e+03 2.136849278110594241e+01
5.314990000000000236e+01 3.191000000000000000e+03 3.280627702820875584e+03 -8.962770282087558371e+01
5.316302999999999912e+01 3.237000000000000000e+03 3.280623897798629059e+03 -4.362389779862905925e+01
5.317616000000000298e+01 3.307000000000000000e+03 3.280620091282207795e+03 2.637990871779220470e+01
5.318928999999999974e+01 3.278000000000000000e+03 3.280616282422555287e+03 -2.616282422555286757e+00
5.320241999999999649e+01 3.279000000000000000e+03 3.280612470391021361e+03 -1.612470391021361138e+00
5.321555000000000035e+01 3.161000000000000000e+03 3.280608654378891060e+03 -1.196086543788910603e+02
5.322867999999999711e+01 3.333000000000000000e+03 3.280604833596934895e+03 5.239516640306510453e+01
5.324181000000000097e+01 3.242000000000000000e+03 3.280601007274969561e+03 -3.860100727496956097e+01
5.325493999999999772e+01 3.320000000000000000e+03 3.280597174661420468e+03 3.940282533857953240e+01
5.326807000000000158e+01 3.195000000000000000e+03 3.280593335022906103e+03 -8.559333502290610340e+01
5.328119999999999834e+01 3.263000000000000000e+03 3.280589487643836037e+03 -1.758948764383603702e+01
5.329433000000000220e+01 3.237000000000000000e+03 3.280585631826008921e+03 -4.358563182600892105e+01
5.330747000000000213e+01 3.339000000000000000e+03 3.280581763940992914e+03 5.841823605900708571e+01
5.332059999999999889e+01 3.323000000000000000e+03 3.280577889211003367e+03 4.242211078899663335e+01
5.333373000000000275e+01 3.312000000000000000e+03 3.280574004047721246e+03 3.142599595227875398e+01
5.334685999999999950e+01 3.141000000000000000e+03 3.280570107818775796e+03 -1.395701078187757957e+02
5.335999000000000336e+01 3.348000000000000000e+03 3.280566199907366354e+03 6.743380009263364627e+01
5.337312000000000012e+01 3.182000000000000000e+03 3.280562279711921747e+03 -9.856227971192174664e+01
5.338624999999999687e+01 3.327000000000000000e+03 3.280558346645773327e+03 4.644165335422667340e+01
5.339938000000000073e+01 3.384000000000000000e+03 3.280554400136837103e+03 1.034455998631628972e+02
5.341250999999999749e+01 3.303000000000000000e+03 3.280550439627304968e+03 2.244956037269503213e+01
5.342564000000000135e+01 3.337000000000000000e+03 3.280546464573338653e+03 5.645353542666134672e+01
5.343876999999999811e+01 3.275000000000000000e+03 3.280542474444776417e+03 -5.542474444776416931e+00
5.345190000000000197e+01 3.229000000000000000e+03 3.280538468724850190e+03 -5.153846872485019048e+01
5.346502999999999872e+01 3.317000000000000000e+03 3.280534446909899088e+03 3.646555309010091150e+01
5.347816000000000258e+01 3.388000000000000000e+03 3.280530408509103836e+03 1.074695914908961640e+02
5.349128999999999934e+01 3.271000000000000000e+03 3.280526353044219832e+03 -9.526353044219831645e+00
5.350442000000000320e+01 3.302000000000000000e+03 3.280522280049313849e+03 2.147771995068615070e+01
5.351754999999999995e+01 3.250000000000000000e+03 3.280518189070516655e+03 -3.051818907051665519e+01
5.353067999999999671e+01 3.246000000000000000e+03 3.280514079665782447e+03 -3.451407966578244668e+01
5.354381000000000057e+01 3.286000000000000000e+03 3.280509951404635558e+03 5.490048595364442008e+00
5.355693999999999733e+01 3.194000000000000000e+03 3.280505803867950817e+03 -8.650580386795081722e+01
5.357007000000000119e+01 3.316000000000000000e+03 3.280501636647721170e+03 3.549836335227882955e+01
5.358319999999999794e+01 3.237000000000000000e+03 3.280497449346834856e+03 -4.349744934683485553e+01
5.359633000000000180e+01 3.338000000000000000e+03 3.280493241578860761e+03 5.750675842113923864e+01
5.360945999999999856e+01 3.298000000000000000e+03 3.280489012967837880e+03 1.751098703216212016e+01
5.362259000000000242e+01 3.259000000000000000e+03 3.280484763148067032e+03 -2.148476314806703158e+01
5.363571999999999917e+01 3.194000000000000000e+03 3.280480491763919872e+03 -8.648049176391987203e+01
5.364885000000000304e+01 3.298000000000000000e+03 3.280476198469625615e+03 1.752380153037438504e+01
5.366197999999999979e+01 3.306000000000000000e+03 3.280471882929104140e+03 2.552811707089585980e+01
5.367510999999999655e+01 3.220000000000000000e+03 3.280467544815758174e+03 -6.046754481575817408e+01
5.368824000000000041e+01 3.283000000000000000e+03 3.280463183812306852e+03 2.536816187693148095e+00
5.370136999999999716e+01 3.352000000000000000e+03 3.280458799610599726e+03 7.154120038940027371e+01
5.371450000000000102e+01 3.271000000000000000e+03 3.280454391911450784e+03 -9.454391911450784391e+00
5.372762999999999778e+01 3.359000000000000000e+03 3.280449960424467463e+03 7.855003957553253713e+01
5.374076000000000164e+01 3.207000000000000000e+03 3.280445504867884210e+03 -7.344550486788421040e+01
5.375388999999999839e+01 3.210000000000000000e+03 3.280441024968409238e+03 -7.044102496840923777e+01
5.376702999999999832e+01 3.266000000000000000e+03 3.280436517020915289e+03 -1.443651702091528932e+01
5.378016000000000219e+01 3.307000000000000000e+03 3.280431987629835021e+03 2.656801237016497907e+01
5.379328999999999894e+01 3.341000000000000000e+03 3.280427433125064908e+03 6.057256687493509162e+01
5.380642000000000280e+01 3.239000000000000000e+03 3.280422853265666163e+03 -4.142285326566616277e+01
5.381954999999999956e+01 3.198000000000000000e+03 3.280418247818430245e+03 -8.241824781843024539e+01
5.383268000000000342e+01 3.293000000000000000e+03 3.280413616557731530e+03 1.258638344226847039e+01
5.384581000000000017e+01 3.253000000000000000e+03 3.280408959265397698e+03 -2.740895926539769789e+01
5.385893999999999693e+01 3.315000000000000000e+03 3.280404275730581048e+03 3.459572426941895174e+01
5.387207000000000079e+01 3.158000000000000000e+03 3.280399565749618432e+03 -1.223995657496184322e+02
5.388519999999999754e+01 3.220000000000000000e+03 3.280394829125923025e+03 -6.039482912592302455e+01
5.389833000000000141e+01 3.239000000000000000e+03 3.280390065669846990e+03 -4.139006566984699020e+01
5.391145999999999816e+01 3.347000000000000000e+03 3.280385275198571890e+03 6.661472480142811037e+01
5.392459000000000202e+01 3.332000000000000000e+03 3.280380457535988171e+03 5.161954246401182900e+01
5.393771999999999878e+01 3.250000000000000000e+03 3.280375612512581483e+03 -3.037561251258148332e+01
5.395085000000000264e+01 3.377000000000000000e+03 3.280370739965326266e+03 9.662926003467373448e+01
5.396397999999999939e+01 3.356000000000000000e+03 3.280365839737573879e+03 7.563416026242612134e+01
5.397711000000000325e+01 3.243000000000000000e+03 3.280360911678948924e+03 -3.736091167894892351e+01
5.399024000000000001e+01 3.359000000000000000e+03 3.280355955645246013e+03 7.864404435475398714e+01
5.400336999999999676e+01 3.242000000000000000e+03 3.280350971498332910e+03 -3.835097149833291041e+01
5.401650000000000063e+01 3.246000000000000000e+03 3.280345959106045484e+03 -3.434595910604548408e+01
5.402962999999999738e+01 3.282000000000000000e+03 3.280340918342105851e+03 1.659081657894148520e+00
5.404276000000000124e+01 3.305000000000000000e+03 3.280335849086016424e+03 2.466415091398357617e+01
5.405588999999999800e+01 3.309000000000000000e+03 3.280330751222975778e+03 2.866924877702422236e+01
5.406902000000000186e+01 3.227000000000000000e+03 3.280325624643793162e+03 -5.332562464379316225e+01
5.408214999999999861e+01 3.262000000000000000e+03 3.280320469244798005e+03 -1.832046924479800509e+01
5.409528000000000247e+01 3.296000000000000000e+03 3.280360550875635454e+03 1.563944912436454615e+01
5.410840999999999923e+01 3.297000000000000000e+03 3.280355463342919393e+03 1.664453665708060726e+01
5.412154000000000309e+01 3.303000000000000000e+03 3.280350347236729704e+03 2.264965276327029642e+01
5.413466999999999985e+01 3.283000000000000000e+03 3.280345202477603380e+03 2.654797522396620479e+00
5.414779999999999660e+01 3.270000000000000000e+03 3.280340028991224699e+03 -1.034002899122469898e+01
5.416093000000000046e+01 3.286000000000000000e+03 3.280334826708358378e+03 5.665173291641622200e+00
5.417405999999999722e+01 3.286000000000000000e+03 3.280329595564777264e+03 5.670404435222735628e+00
5.418719000000000108e+01 3.279000000000000000e+03 3.280324335501190490e+03 -1.324335501190489595e+00
5.420031999999999783e+01 3.250000000000000000e+03 3.280319046463179802e+03 -3.031904646317980223e+01
5.421345000000000169e+01 3.268000000000000000e+03 3.280313728401140452e+03 -1.231372840114045175e+01
5.422657999999999845e+01 3.307000000000000000e+03 3.280308381270213886e+03 2.669161872978611427e+01
5.423971999999999838e+01 3.240000000000000000e+03 3.280326737508590668e+03 -4.032673750859066786e+01
5.425285000000000224e+01 3.215000000000000000e+03 3.280321397838491066e+03 -6.532139783849106607e+01
5.426597999999999900e+01 3.169000000000000000e+03 3.280316029266221904e+03 -1.113160292662219035e+02
5.427911000000000286e+01 3.342000000000000000e+03 3.280310631766862116e+03 6.168936823313788409e+01
5.429223999999999961e+01 3.212000000000000000e+03 3.280305205319967172e+03 -6.830520531996717182e+01
5.430537000000000347e+01 3.278000000000000000e+03 3.280299749909526781e+03 -2.299749909526781266e+00
5.431850000000000023e+01 3.286000000000000000e+03 3.280294265523908052e+03 5.705734476091947727e+00
5.433162999999999698e+01 3.297000000000000000e+03 3.280288752155821385e+03 1.671124784417861520e+01
5.434476000000000084e+01 3.331000000000000000e+03 3.280283209802265446e+03 5.071679019773455366e+01
5.435788999999999760e+01 3.382000000000000000e+03 3.280277638464496249e+03 1.017223615355037509e+02
5.437102000000000146e+01 3.308000000000000000e+03 3.280272038147974399e+03 2.772796185202560082e+01
5.438414999999999822e+01 3.225000000000000000e+03 3.280266408862344633e+03 -5.526640886234463323e+01
5.439728000000000208e+01 3.311000000000000000e+03 3.280260750621383522e+03 3.073924937861647777e+01
5.441040999999999883e+01 3.226000000000000000e+03 3.280255063442979917e+03 -5.425506344297991745e+01
5.442354000000000269e+01 3.339000000000000000e+03 3.280249347349096752e+03 5.875065265090324829e+01
5.443666999999999945e+01 3.336000000000000000e+03 3.280243602365739207e+03 5.575639763426079298e+01
5.444980000000000331e+01 3.277000000000000000e+03 3.280237828522940163e+03 -3.237828522940162657e+00
5.446293000000000006e+01 3.222000000000000000e+03 3.280232025854721996e+03 -5.823202585472199644e+01
5.447605999999999682e+01 3.233000000000000000e+03 3.280226194399084306e+03 -4.722619439908430650e+01
5.448919000000000068e+01 3.349000000000000000e+03 3.280220334197979355e+03 6.877966580202064506e+01
5.450231999999999744e+01 3.237000000000000000e+03 3.280214445297296152e+03 -4.321444529729615169e+01
5.451545000000000130e+01 3.295000000000000000e+03 3.280208527746846357e+03 1.479147225315364267e+01
5.452857999999999805e+01 3.422000000000000000e+03 3.280202581600350641e+03 1.417974183996493593e+02
5.454171000000000191e+01 3.292000000000000000e+03 3.280196606915432312e+03 1.180339308456768777e+01
5.455483999999999867e+01 3.279000000000000000e+03 3.280190603753606410e+03 -1.190603753606410464e+00
5.456797000000000253e+01 3.365000000000000000e+03 3.280184572180279702e+03 8.481542781972029843e+01
5.458109999999999928e+01 3.220000000000000000e+03 3.280178512264743858e+03 -6.017851226474385840e+01
5.459423000000000314e+01 3.273000000000000000e+03 3.280172424080184101e+03 -7.172424080184100603e+00
5.460735999999999990e+01 3.360000000000000000e+03 3.280166307703682833e+03 7.983369229631716735e+01
5.462048999999999666e+01 3.283000000000000000e+03 3.280160163216222827e+03 2.839836783777172968e+00
5.463362000000000052e+01 3.285000000000000000e+03 3.280153990702707233e+03 4.846009297292766860e+00
5.464674999999999727e+01 3.424000000000000000e+03 3.280147790251965944e+03 1.438522097480340562e+02
5.465988000000000113e+01 3.287000000000000000e+03 3.280141561956783335e+03 6.858438043216665392e+00
5.467300999999999789e+01 3.294000000000000000e+03 3.280135305913912362e+03 1.386469408608763842e+01
5.468614000000000175e+01 3.322000000000000000e+03 3.280129022224113669e+03 4.187097777588633107e+01
5.469926999999999850e+01 3.376000000000000000e+03 3.280122710992171960e+03 9.587728900782803976e+01
5.471240999999999843e+01 3.195000000000000000e+03 3.280116367488894866e+03 -8.511636748889486626e+01
5.472554000000000229e+01 3.292000000000000000e+03 3.280110001482576990e+03 1.188999851742300962e+01
5.473866999999999905e+01 3.226000000000000000e+03 3.280103608273140708e+03 -5.410360827314070775e+01
5.475180000000000291e+01 3.344000000000000000e+03 3.280097187981906245e+03 6.390281201809375489e+01
5.476492999999999967e+01 3.239000000000000000e+03 3.280090740734458905e+03 -4.109074073445890463e+01
5.477806000000000353e+01 3.231000000000000000e+03 3.280084266660698177e+03 -4.908426666069817657e+01
5.479119000000000028e+01 3.180000000000000000e+03 3.280077765894919139e+03 -1.000777658949191391e+02
5.480431999999999704e+01 3.282000000000000000e+03 3.280071238575878851e+03 1.928761424121148593e+00
5.481745000000000090e+01 3.200000000000000000e+03 3.280064684846879572e+03 -8.006468484687957243e+01
5.483057999999999765e+01 3.243000000000000000e+03 3.280058104855854708e+03 -3.705810485585470815e+01
5.484371000000000151e+01 3.311000000000000000e+03 3.280051498755475677e+03 3.094850124452432283e+01
5.485683999999999827e+01 3.284000000000000000e+03 3.280044866703241496e+03 3.955133296758504002e+00
5.486997000000000213e+01 3.210000000000000000e+03 3.280038208861604744e+03 -7.003820886160474402e+01
5.488309999999999889e+01 3.286000000000000000e+03 3.280031525398089343e+03 5.968474601910656929e+00
5.489623000000000275e+01 3.303000000000000000e+03 3.280024816485421979e+03 2.297518351457802055e+01
5.490935999999999950e+01 3.273000000000000000e+03 3.280018082301678078e+03 -7.018082301678077783e+00
5.492249000000000336e+01 3.365000000000000000e+03 3.280011323030436870e+03 8.498867696956313011e+01
5.493562000000000012e+01 3.334000000000000000e+03 3.280004538860948287e+03 5.399546113905171296e+01
5.494874999999999687e+01 3.230000000000000000e+03 3.279997729988308947e+03 -4.999772998830894721e+01
5.496188000000000073e+01 3.332000000000000000e+03 3.279990896613663153e+03 5.200910338633684660e+01
5.497500999999999749e+01 3.230000000000000000e+03 3.279984038944406620e+03 -4.998403894440662043e+01
5.498814000000000135e+01 3.315000000000000000e+03 3.279977157194410665e+03 3.502284280558933460e+01
5.500126999999999811e+01 3.243000000000000000e+03 3.279970251584268681e+03 -3.697025158426868074e+01
5.501440000000000197e+01 3.284000000000000000e+03 3.279963322341553067e+03 4.036677658446933492e+00
5.502752999999999872e+01 3.271000000000000000e+03 3.279956369701094900e+03 -8.956369701094899938e+00
5.504066000000000258e+01 3.215000000000000000e+03 3.279949393905289526e+03 -6.494939390528952572e+01
5.505378999999999934e+01 3.267000000000000000e+03 3.279942395204416243e+03 -1.294239520441624336e+01
5.506692000000000320e+01 3.308000000000000000e+03 3.279935373856990736e+03 2.806462614300926361e+01
5.508004999999999995e+01 3.263000000000000000e+03 3.279928330130141148e+03 -1.692833013014114840e+01
5.509317999999999671e+01 3.283000000000000000e+03 3.279921264300011899e+03 3.078735699988101260e+00
5.510631000000000057e+01 3.219000000000000000e+03 3.279914176652198876e+03 -6.091417665219887567e+01
5.511943999999999733e+01 3.318000000000000000e+03 3.279907067482221009e+03 3.809293251777899059e+01
5.513257000000000119e+01 3.276000000000000000e+03 3.279899937096025951e+03 -3.899937096025951178e+00
5.514569999999999794e+01 3.361000000000000000e+03 3.279892785810536679e+03 8.110721418946332051e+01
5.515883000000000180e+01 3.252000000000000000e+03 3.279885613954240398e+03 -2.788561395424039802e+01
5.517197000000000173e+01 3.336000000000000000e+03 3.279878416382600790e+03 5.612158361739921020e+01
5.518509999999999849e+01 3.350000000000000000e+03 3.279871204404626042e+03 7.012879559537395835e+01
5.519823000000000235e+01 3.280000000000000000e+03 3.279863972917577030e+03 1.360270824229701248e-01
5.521135999999999910e+01 3.303000000000000000e+03 3.279856722303084098e+03 2.314327769691590220e+01
5.522449000000000296e+01 3.329000000000000000e+03 3.279849452958073925e+03 4.915054704192607460e+01
5.523761999999999972e+01 3.181000000000000000e+03 3.279842165295698123e+03 -9.884216529569812337e+01
5.525074999999999648e+01 3.316000000000000000e+03 3.279834859746352777e+03 3.616514025364722329e+01
5.526388000000000034e+01 3.425000000000000000e+03 3.279827536758778024e+03 1.451724632412219762e+02
5.527700999999999709e+01 3.339000000000000000e+03 3.279820196801245856e+03 5.917980319875414352e+01
5.529014000000000095e+01 3.352000000000000000e+03 3.279812840362853876e+03 7.218715963714612371e+01
5.530326999999999771e+01 3.316000000000000000e+03 3.279805467954928190e+03 3.619453204507180999e+01
5.531640000000000157e+01 3.281000000000000000e+03 3.279798080112552270e+03 1.201919887447729707e+00
5.532952999999999832e+01 3.307000000000000000e+03 3.279790677396224055e+03 2.720932260377594503e+01
5.534266000000000219e+01 3.245000000000000000e+03 3.279783260393658111e+03 -3.478326039365811084e+01
5.535578999999999894e+01 3.255000000000000000e+03 3.279775829721762420e+03 -2.477582972176242038e+01
5.536892000000000280e+01 3.384000000000000000e+03 3.279768386028778878e+03 1.042316139712211225e+02
5.538204999999999956e+01 3.251000000000000000e+03 3.279760929996642062e+03 -2.876092999664206218e+01
5.539518000000000342e+01 3.250000000000000000e+03 3.279753462343546744e+03 -2.975346234354674380e+01
5.540831000000000017e+01 3.300000000000000000e+03 3.279745983826768679e+03 2.025401617323132086e+01
5.542143999999999693e+01 3.347000000000000000e+03 3.279738495245777813e+03 6.726150475422218733e+01
5.543457000000000079e+01 3.218000000000000000e+03 3.279730997445672983e+03 -6.173099744567298330e+01
5.544769999999999754e+01 3.236000000000000000e+03 3.279723491320987250e+03 -4.372349132098725022e+01
5.546083000000000141e+01 3.190000000000000000e+03 3.279715977819960244e+03 -8.971597781996024423e+01
5.547395999999999816e+01 3.377000000000000000e+03 3.279708457949323474e+03 9.729154205067652583e+01
5.548709000000000202e+01 3.286000000000000000e+03 3.279700932779765935e+03 6.299067220234064735e+00
5.550021999999999878e+01 3.301000000000000000e+03 3.279693403452205985e+03 2.130659654779401535e+01
5.551335000000000264e+01 3.298000000000000000e+03 3.279685871185132783e+03 1.831412881486721744e+01
5.552647999999999939e+01 3.157000000000000000e+03 3.279678337283319252e+03 -1.226783372833192516e+02
5.553961000000000325e+01 3.250000000000000000e+03 3.279670803148332652e+03 -2.967080314833265220e+01
5.555274000000000001e+01 3.176000000000000000e+03 3.279663270291488516e+03 -1.036632702914885158e+02
5.556586999999999676e+01 3.252000000000000000e+03 3.279655740350056021e+03 -2.765574035005602127e+01
5.557900000000000063e+01 3.306000000000000000e+03 3.279648215107883516e+03 2.635178489211648412e+01
5.559212999999999738e+01 3.229000000000000000e+03 3.279640696521988048e+03 -5.064069652198804761e+01
5.560526000000000124e+01 3.391000000000000000e+03 3.279633186757214389e+03 1.113668132427856108e+02
5.561838999999999800e+01 3.460000000000000000e+03 3.279625688231704316e+03 1.803743117682956836e+02
5.563152000000000186e+01 3.332000000000000000e+03 3.279618203676825033e+03 5.238179632317496726e+01
5.564466000000000179e+01 3.246000000000000000e+03 3.279610730536252049e+03 -3.361073053625204921e+01
5.565778999999999854e+01 3.300000000000000000e+03 3.279603283807019125e+03 2.039671619298087535e+01
5.567092000000000240e+01 3.198000000000000000e+03 3.279595862047935043e+03 -8.159586204793504294e+01
5.568404999999999916e+01 3.252000000000000000e+03 3.279588470322600188e+03 -2.758847032260018750e+01
5.569718000000000302e+01 3.236000000000000000e+03 3.279581114735039137e+03 -4.358111473503913658e+01
5.571030999999999977e+01 3.296000000000000000e+03 3.279573802724228244e+03 1.642619727577175581e+01
5.572343999999999653e+01 3.260000000000000000e+03 3.279566543437548717e+03 -1.956654343754871661e+01
5.573657000000000039e+01 3.276000000000000000e+03 3.279559348198744374e+03 -3.559348198744373803e+00
5.574969999999999715e+01 3.299000000000000000e+03 3.279552231086857773e+03 1.944776891314222667e+01
5.576283000000000101e+01 3.326000000000000000e+03 3.279545209642490590e+03 4.645479035750940966e+01
5.577595999999999776e+01 3.332000000000000000e+03 3.279538305716327159e+03 5.246169428367284127e+01
5.578909000000000162e+01 3.306000000000000000e+03 3.279531546471753700e+03 2.646845352824630027e+01
5.580221999999999838e+01 3.292000000000000000e+03 3.279524965548111595e+03 1.247503445188840487e+01
5.581535000000000224e+01 3.223000000000000000e+03 3.279518604383148613e+03 -5.651860438314861312e+01
5.582847999999999900e+01 3.307000000000000000e+03 3.279512513682396730e+03 2.748748631760327044e+01
5.584161000000000286e+01 3.347000000000000000e+03 3.279506755009143490e+03 6.749324499085651041e+01
5.585473999999999961e+01 3.278000000000000000e+03 3.279501402451536705e+03 -1.501402451536705485e+00
5.586787000000000347e+01 3.333000000000000000e+03 3.279496544303481187e+03 5.350345569651881306e+01
5.588100000000000023e+01 3.352000000000000000e+03 3.279492284674071016e+03 7.250771532592898438e+01
5.589412999999999698e+01 3.274000000000000000e+03 3.279488744917534859e+03 -5.488744917534859269e+00
5.590726000000000084e+01 3.292000000000000000e+03 3.279496906909435438e+03 1.250309309056456186e+01
5.592038999999999760e+01 3.312000000000000000e+03 3.279495273853839535e+03 3.250472614616046485e+01
5.593352000000000146e+01 3.328000000000000000e+03 3.279494837069643381e+03 4.850516293035661874e+01
5.594664999999999822e+01 3.293000000000000000e+03 3.279495792693296153e+03 1.350420730670384728e+01
5.595978000000000208e+01 3.244000000000000000e+03 3.279498353477590172e+03 -3.549835347759017168e+01
5.597290999999999883e+01 3.218000000000000000e+03 3.279502745987414983e+03 -6.150274598741498266e+01
5.598604000000000269e+01 3.332000000000000000e+03 3.279509206578806698e+03 5.249079342119330249e+01
5.599916999999999945e+01 3.222000000000000000e+03 3.279517976091474338e+03 -5.751797609147433832e+01
5.601230000000000331e+01 3.347000000000000000e+03 3.279529293244343989e+03 6.747070675565601050e+01
5.602543000000000006e+01 3.228000000000000000e+03 3.279543386793512127e+03 -5.154338679351212704e+01
5.603855999999999682e+01 3.347000000000000000e+03 3.279560466587849533e+03 6.743953341215046748e+01
5.605169000000000068e+01 3.293000000000000000e+03 3.279580713732256299e+03 1.341928626774370059e+01
5.606481999999999744e+01 3.313000000000000000e+03 3.279609964214691900e+03 3.339003578530810046e+01
5.607795000000000130e+01 3.235000000000000000e+03 3.279636936903076730e+03 -4.463693690307673023e+01
5.609107999999999805e+01 3.160000000000000000e+03 3.279667342188910425e+03 -1.196673421889104247e+02
5.610421000000000191e+01 3.323000000000000000e+03 3.279701140418710111e+03 4.329885958128988932e+01
5.611735000000000184e+01 3.220000000000000000e+03 3.279738240723651870e+03 -5.973824072365187021e+01
5.613047999999999860e+01 3.334000000000000000e+03 3.279778376679694702e+03 5.422162332030529797e+01
5.614361000000000246e+01 3.274000000000000000e+03 3.279821268070866154e+03 -5.821268070866153721e+00
5.615673999999999921e+01 3.194000000000000000e+03 3.279866503444020509e+03 -8.586650344402050905e+01
5.616987000000000307e+01 3.364000000000000000e+03 3.279913561408541227e+03 8.408643859145877286e+01
5.618299999999999983e+01 3.339000000000000000e+03 3.279961806473304478e+03 5.903819352669552245e+01
5.619612999999999658e+01 3.190000000000000000e+03 3.280010487382363863e+03 -9.001048738236386271e+01
5.620926000000000045e+01 3.301000000000000000e+03 3.280058739778990002e+03 2.094126022100999762e+01
5.622238999999999720e+01 3.251000000000000000e+03 3.280105596103071093e+03 -2.910559610307109324e+01
5.623552000000000106e+01 3.207000000000000000e+03 3.280150006510811181e+03 -7.315000651081118122e+01
5.624864999999999782e+01 3.326000000000000000e+03 3.280190874592928139e+03 4.580912540707186054e+01
5.626178000000000168e+01 3.229000000000000000e+03 3.280227109897733953e+03 -5.122710989773395340e+01
5.627490999999999843e+01 3.318000000000000000e+03 3.280257695214945215e+03 3.774230478505478459e+01
5.628804000000000229e+01 3.213000000000000000e+03 3.280281760781705543e+03 -6.728176078170554320e+01
5.630116999999999905e+01 3.207000000000000000e+03 3.280298652088694325e+03 -7.329865208869432536e+01
5.631430000000000291e+01 3.366000000000000000e+03 3.280307975829067800e+03 8.569202417093219992e+01
5.632742999999999967e+01 3.309000000000000000e+03 3.280309612032251607e+03 2.869038796774839284e+01
5.634056000000000353e+01 3.233000000000000000e+03 3.280303689157763984e+03 -4.730368915776398353e+01
5.635369000000000028e+01 3.166000000000000000e+03 3.280290529433497341e+03 -1.142905294334973405e+02
5.636681999999999704e+01 3.282000000000000000e+03 3.280270579439235917e+03 1.729420560764083348e+00
5.637995000000000090e+01 3.267000000000000000e+03 3.280244343018765449e+03 -1.324434301876544851e+01
5.639307999999999765e+01 3.302000000000000000e+03 3.280212330311475398e+03 2.178766968852460195e+01
5.640621000000000151e+01 3.332000000000000000e+03 3.280175030417744892e+03 5.182496958225510753e+01
5.641933999999999827e+01 3.301000000000000000e+03 3.280132908482232324e+03 2.086709151776767612e+01
5.643247000000000213e+01 3.328000000000000000e+03 3.280086422277276597e+03 4.791357772272340299e+01
5.644559999999999889e+01 3.177000000000000000e+03 3.280036049316320259e+03 -1.030360493163202591e+02
5.645873000000000275e+01 3.342000000000000000e+03 3.279982313634932780e+03 6.201768636506722032e+01
5.647185999999999950e+01 3.329000000000000000e+03 3.279925802268209281e+03 4.907419773179071854e+01
5.648499000000000336e+01 3.280000000000000000e+03 3.279867165255760483e+03 1.328347442395170219e-01
5.649812000000000012e+01 3.327000000000000000e+03 3.279807098631668850e+03 4.719290136833114957e+01
5.651124999999999687e+01 3.340000000000000000e+03 3.279746315151754061e+03 6.025368484824593907e+01
5.652438000000000073e+01 3.284000000000000000e+03 3.279685510413582051e+03 4.314489586417948885e+00
5.653750999999999749e+01 3.213000000000000000e+03 3.279625331799607466e+03 -6.662533179960746565e+01
5.655064000000000135e+01 3.247000000000000000e+03 3.279566355159582145e+03 -3.256635515958214455e+01
5.656376999999999811e+01 3.342000000000000000e+03 3.279509070955817606e+03 6.249092904418239414e+01
5.657690000000000197e+01 3.212000000000000000e+03 3.279453879065853016e+03 -6.745387906585301607e+01
5.659004000000000190e+01 3.254000000000000000e+03 3.279401050895465232e+03 -2.540105089546523232e+01
5.660316999999999865e+01 3.302000000000000000e+03 3.279350893869872834e+03 2.264910613012716567e+01
5.661630000000000251e+01 3.209000000000000000e+03 3.279303517685303177e+03 -7.030351768530317713e+01
5.662942999999999927e+01 3.282000000000000000e+03 3.279259005792259359e+03 2.740994207740641286e+00
5.664256000000000313e+01 3.271000000000000000e+03 3.279217382910850574e+03 -8.217382910850574262e+00
5.665568999999999988e+01 3.282000000000000000e+03 3.279178623392766895e+03 2.821376607233105460e+00
5.666881999999999664e+01 3.296000000000000000e+03 3.279142659138404724e+03 1.685734086159527578e+01
5.668195000000000050e+01 3.360000000000000000e+03 3.279109387047125438e+03 8.089061295287456232e+01
5.669507999999999726e+01 3.256000000000000000e+03 3.279078676014559278e+03 -2.307867601455927797e+01
5.670821000000000112e+01 3.365000000000000000e+03 3.279050373484878492e+03 8.594962651512150842e+01
5.672133999999999787e+01 3.160000000000000000e+03 3.279024311544592820e+03 -1.190243115445928197e+02
5.673447000000000173e+01 3.300000000000000000e+03 3.279000312523490265e+03 2.099968747650973455e+01
5.674759999999999849e+01 3.280000000000000000e+03 3.278978194055539461e+03 1.021805944460538740e+00
5.676073000000000235e+01 3.282000000000000000e+03 3.278957773550419006e+03 3.042226449580994085e+00
5.677385999999999910e+01 3.179000000000000000e+03 3.278938872033998905e+03 -9.993887203399890495e+01
5.678699000000000296e+01 3.303000000000000000e+03 3.278921317331544742e+03 2.407868266845525795e+01
5.680011999999999972e+01 3.352000000000000000e+03 3.278904946587363156e+03 7.309505341263684386e+01
5.681324999999999648e+01 3.340000000000000000e+03 3.278889608136417792e+03 6.111039186358220832e+01
5.682638000000000034e+01 3.306000000000000000e+03 3.278875162764343258e+03 2.712483723565674154e+01
5.683950999999999709e+01 3.389000000000000000e+03 3.278861484410324465e+03 1.101385155896755350e+02
5.685264000000000095e+01 3.182000000000000000e+03 3.278848460381199402e+03 -9.684846038119940204e+01
5.686576999999999771e+01 3.270000000000000000e+03 3.278835991154153817e+03 -8.835991154153816751e+00
5.687890000000000157e+01 3.361000000000000000e+03 3.278823989849355712e+03 8.217601015064428793e+01
5.689202999999999832e+01 3.326000000000000000e+03 3.278812381453356920e+03 4.718761854664307975e+01
5.690516000000000219e+01 3.316000000000000000e+03 3.278801101869547892e+03 3.719889813045210758e+01
5.691828999999999894e+01 3.271000000000000000e+03 3.278790096864447150e+03 -7.790096864447150438e+00
5.693142000000000280e+01 3.211000000000000000e+03 3.278779320969104447e+03 -6.777932096910444670e+01
5.694454999999999956e+01 3.359000000000000000e+03 3.278692468050438947e+03 8.030753194956105290e+01
5.695768000000000342e+01 3.199000000000000000e+03 3.278682325836217842e+03 -7.968232583621784215e+01
5.697081000000000017e+01 3.183000000000000000e+03 3.278672316635599600e+03 -9.567231663559959998e+01
5.698393999999999693e+01 3.221000000000000000e+03 3.278662419644675538e+03 -5.766241964467553771e+01
5.699707000000000079e+01 3.323000000000000000e+03 3.278652617994348475e+03 4.434738200565152511e+01
5.701019999999999754e+01 3.305000000000000000e+03 3.278642898050480653e+03 2.635710194951934682e+01
5.702333000000000141e+01 3.265000000000000000e+03 3.278633248812504917e+03 -1.363324881250491671e+01
5.703645999999999816e+01 3.318000000000000000e+03 3.278623661405030361e+03 3.937633859496963851e+01
5.704959999999999809e+01 3.293000000000000000e+03 3.278614121413399062e+03 1.438587858660093843e+01
5.706273000000000195e+01 3.313000000000000000e+03 3.278604637535209804e+03 3.439536246479019610e+01
5.707585999999999871e+01 3.317000000000000000e+03 3.278595197743189146e+03 3.840480225681085358e+01
5.708899000000000257e+01 3.270000000000000000e+03 3.278545686245940942e+03 -8.545686245940942172e+00
5.710211999999999932e+01 3.258000000000000000e+03 3.278536471789996540e+03 -2.053647178999653988e+01
5.711525000000000318e+01 3.221000000000000000e+03 3.278527290755863760e+03 -5.752729075586375984e+01
5.712837999999999994e+01 3.362000000000000000e+03 3.278511197569097931e+03 8.348880243090206932e+01
5.714150999999999669e+01 3.229000000000000000e+03 3.278502102450915118e+03 -4.950210245091511752e+01
5.715464000000000055e+01 3.288000000000000000e+03 3.278493034682459438e+03 9.506965317540561955e+00
5.716776999999999731e+01 3.221000000000000000e+03 3.278483992791513174e+03 -5.748399279151317387e+01
5.718090000000000117e+01 3.311000000000000000e+03 3.278474975483241906e+03 3.252502451675809425e+01
5.719402999999999793e+01 3.316000000000000000e+03 3.278465981610591825e+03 3.753401838940817470e+01
5.720716000000000179e+01 3.300000000000000000e+03 3.278457010151414124e+03 2.154298984858587573e+01
5.722028999999999854e+01 3.226000000000000000e+03 3.278448060190641172e+03 -5.244806019064117208e+01
5.723342000000000240e+01 3.327000000000000000e+03 3.278439130906242099e+03 4.856086909375790128e+01
5.724654999999999916e+01 3.249000000000000000e+03 3.278430221557997811e+03 -2.943022155799781103e+01
5.725968000000000302e+01 3.230000000000000000e+03 3.278421331478401044e+03 -4.842133147840104357e+01
5.727280999999999977e+01 3.244000000000000000e+03 3.278408807807907579e+03 -3.440880780790757854e+01
5.728593999999999653e+01 3.309000000000000000e+03 3.278399967963034669e+03 3.060003203696533092e+01
5.729907000000000039e+01 3.245000000000000000e+03 3.278391145677103395e+03 -3.339114567710339543e+01
5.731219999999999715e+01 3.309000000000000000e+03 3.278382340509635924e+03 3.061765949036407619e+01
5.732533000000000101e+01 3.284000000000000000e+03 3.278373552064947035e+03 5.626447935052965477e+00
5.733845999999999776e+01 3.280000000000000000e+03 3.278364779988529335e+03 1.635220011470664758e+00
5.735159000000000162e+01 3.253000000000000000e+03 3.278356023963823645e+03 -2.535602396382364532e+01
5.736471999999999838e+01 3.262000000000000000e+03 3.278347283709324984e+03 -1.634728370932498365e+01
5.737785000000000224e+01 3.310000000000000000e+03 3.278338558975945489e+03 3.166144102405451122e+01
5.739097999999999900e+01 3.258000000000000000e+03 3.278329849544625631e+03 -2.032984954462563110e+01
5.740411000000000286e+01 3.205000000000000000e+03 3.278321155224164158e+03 -7.332115522416415843e+01
5.741723999999999961e+01 3.380000000000000000e+03 3.278312475849225393e+03 1.016875241507746068e+02
5.743037000000000347e+01 3.246000000000000000e+03 3.278303811278511148e+03 -3.230381127851114798e+01
5.744350000000000023e+01 3.326000000000000000e+03 3.278295161393088165e+03 4.770483860691183509e+01
5.745662999999999698e+01 3.246000000000000000e+03 3.278286526094852888e+03 -3.228652609485288849e+01
5.746976000000000084e+01 3.323000000000000000e+03 3.278277905305111290e+03 4.472209469488871036e+01
5.748288999999999760e+01 3.276000000000000000e+03 3.278269298963275560e+03 -2.269298963275559800e+00
5.749602000000000146e+01 3.350000000000000000e+03 3.278260707025665397e+03 7.173929297433460306e+01
5.750914999999999822e+01 3.196000000000000000e+03 3.278252129464387508e+03 -8.225212946438750805e+01
5.752228999999999814e+01 3.320000000000000000e+03 3.278243559749934320e+03 4.175644025006567972e+01
5.753542000000000201e+01 3.319000000000000000e+03 3.278235010926710856e+03 4.076498907328914356e+01
5.754854999999999876e+01 3.333000000000000000e+03 3.278226476481037025e+03 5.477352351896297478e+01
5.756168000000000262e+01 3.240000000000000000e+03 3.278217956438679266e+03 -3.821795643867926628e+01
5.757480999999999938e+01 3.240000000000000000e+03 3.278209450836780434e+03 -3.820945083678043375e+01
5.758794000000000324e+01 3.378000000000000000e+03 3.278200959723149936e+03 9.979904027685006440e+01
5.760106999999999999e+01 3.227000000000000000e+03 3.278192483155624359e+03 -5.119248315562435891e+01
5.761419999999999675e+01 3.341000000000000000e+03 3.278184021201459927e+03 6.281597879854007260e+01
5.762733000000000061e+01 3.170000000000000000e+03 3.278175573936773617e+03 -1.081755739367736169e+02
5.764045999999999736e+01 3.271000000000000000e+03 3.278167141446019741e+03 -7.167141446019741124e+00
5.765359000000000123e+01 3.288000000000000000e+03 3.278158723821508829e+03 9.841276178491170867e+00
5.766671999999999798e+01 3.244000000000000000e+03 3.278150321162954697e+03 -3.415032116295469677e+01
5.767985000000000184e+01 3.289000000000000000e+03 3.278141933577051532e+03 1.085806642294846824e+01
5.769297999999999860e+01 3.261000000000000000e+03 3.278133561177082811e+03 -1.713356117708281090e+01
5.770611000000000246e+01 3.304000000000000000e+03 3.278125204082558412e+03 2.587479591744158824e+01
5.771923999999999921e+01 3.261000000000000000e+03 3.278116862418865821e+03 -1.711686241886582138e+01
5.773237000000000307e+01 3.279000000000000000e+03 3.278108536316955906e+03 8.914636830440940685e-01
5.774549999999999983e+01 3.224000000000000000e+03 3.278100225913046415e+03 -5.410022591304641537e+01
5.775862999999999658e+01 3.338000000000000000e+03 3.278091931348341859e+03 5.990806865165814088e+01
5.777176000000000045e+01 3.247000000000000000e+03 3.278083652768767479e+03 -3.108365276876747885e+01
5.778488999999999720e+01 3.403000000000000000e+03 3.278075390324735963e+03 1.249246096752640369e+02
5.779802000000000106e+01 3.308000000000000000e+03 3.278067144170908250e+03 2.993285582909174991e+01
5.781114999999999782e+01 3.359000000000000000e+03 3.278058914465990256e+03 8.094108553400974415e+01
5.782428000000000168e+01 3.296000000000000000e+03 3.278050701372520052e+03 1.794929862747994775e+01
5.783740999999999843e+01 3.318000000000000000e+03 3.278042505056695973e+03 3.995749494330402740e+01
5.785054000000000229e+01 3.231000000000000000e+03 3.278034325688187892e+03 -4.703432568818789150e+01
5.786366999999999905e+01 3.215000000000000000e+03 3.278026163439976699e+03 -6.302616343997669901e+01
5.787680000000000291e+01 3.268000000000000000e+03 3.278018018488200596e+03 -1.001801848820059604e+01
5.788992999999999967e+01 3.188000000000000000e+03 3.278015281486134882e+03 -9.001528148613488156e+01
5.790306000000000353e+01 3.196000000000000000e+03 3.278007185284731349e+03 -8.200718528473134938e+01
5.791619000000000028e+01 3.323000000000000000e+03 3.277999106977366864e+03 4.500089302263313584e+01
5.792931999999999704e+01 3.333000000000000000e+03 3.277991046751702925e+03 5.500895324829707533e+01
5.794245000000000090e+01 3.324000000000000000e+03 3.277983004797919875e+03 4.601699520208012473e+01
5.795557999999999765e+01 3.238000000000000000e+03 3.277974981308606402e+03 -3.997498130860640231e+01
5.796871000000000151e+01 3.336000000000000000e+03 3.277966976478666766e+03 5.803302352133323438e+01
5.798183999999999827e+01 3.150000000000000000e+03 3.277958990505220299e+03 -1.279589905052202994e+02
5.799497999999999820e+01 3.227000000000000000e+03 3.277951017527110707e+03 -5.095101752711070731e+01
5.800811000000000206e+01 3.284000000000000000e+03 3.277943069881199335e+03 6.056930118800664786e+00
5.802123999999999882e+01 3.281000000000000000e+03 3.277935141695762923e+03 3.064858304237077391e+00
5.803437000000000268e+01 3.266000000000000000e+03 3.277927233175978472e+03 -1.192723317597847199e+01
5.804749999999999943e+01 3.219000000000000000e+03 3.277922171973244076e+03 -5.892217197324407607e+01
5.806063000000000329e+01 3.312000000000000000e+03 3.277914310525157816e+03 3.408568947484218370e+01
5.807376000000000005e+01 3.362000000000000000e+03 3.277906469395893055e+03 8.409353060410694525e+01
5.808688999999999680e+01 3.391000000000000000e+03 3.277898648797718579e+03 1.131013512022814211e+02
5.810002000000000066e+01 3.191000000000000000e+03 3.277890848944509344e+03 -8.689084894450934371e+01
5.811314999999999742e+01 3.369000000000000000e+03 3.277883070051690083e+03 9.111692994830991665e+01
5.812628000000000128e+01 3.319000000000000000e+03 3.277875312336190291e+03 4.112468766380970919e+01
5.813940999999999804e+01 3.260000000000000000e+03 3.277867576016408748e+03 -1.786757601640874782e+01
5.815254000000000190e+01 3.280000000000000000e+03 3.277859861312160319e+03 2.140138687839680642e+00
5.816566999999999865e+01 3.275000000000000000e+03 3.277852168444653216e+03 -2.852168444653216284e+00
5.817880000000000251e+01 3.234000000000000000e+03 3.277844497636442611e+03 -4.384449763644261111e+01
5.819192999999999927e+01 3.315000000000000000e+03 3.277836849111405172e+03 3.716315088859482785e+01
5.820506000000000313e+01 3.262000000000000000e+03 3.277861707539116651e+03 -1.586170753911665088e+01
5.821818999999999988e+01 3.227000000000000000e+03 3.277854185733710892e+03 -5.085418573371089224e+01
5.823131999999999664e+01 3.230000000000000000e+03 3.277846687197607025e+03 -4.784668719760702515e+01
5.824445000000000050e+01 3.312000000000000000e+03 3.277839212161222804e+03 3.416078783877719616e+01
5.825757999999999726e+01 3.272000000000000000e+03 3.277831760856175606e+03 -5.831760856175606023e+00
5.827071000000000112e+01 3.283000000000000000e+03 3.277824333515268791e+03 5.175666484731209493e+00
5.828383999999999787e+01 3.350000000000000000e+03 3.277816930372461229e+03 7.218306962753877087e+01
5.829697000000000173e+01 3.286000000000000000e+03 3.277809551662863214e+03 8.190448337136785995e+00
5.831009999999999849e+01 3.206000000000000000e+03 3.277802197622714175e+03 -7.180219762271417494e+01
5.832323000000000235e+01 3.295000000000000000e+03 3.277794868489372220e+03 1.720513151062777979e+01
5.833635999999999910e+01 3.233000000000000000e+03 3.277787564501300949e+03 -4.478756450130094890e+01
5.834949000000000296e+01 3.356000000000000000e+03 3.277780285898060811e+03 7.821971410193918928e+01
5.836261999999999972e+01 3.218000000000000000e+03 3.277790068608858746e+03 -5.979006860885874630e+01
5.837574999999999648e+01 3.285000000000000000e+03 3.277782884072706111e+03 7.217115927293889399e+00
5.838888000000000034e+01 3.264000000000000000e+03 3.277775725806326591e+03 -1.377572580632659083e+01
5.840200999999999709e+01 3.410000000000000000e+03 3.277768594054390633e+03 1.322314059456093673e+02
5.841514000000000095e+01 3.385000000000000000e+03 3.277761489062631881e+03 1.072385109373681189e+02
5.842826999999999771e+01 3.319000000000000000e+03 3.277754411077850364e+03 4.124558892214963635e+01
5.844140000000000157e+01 3.392000000000000000e+03 3.277747360347914764e+03 1.142526396520852359e+02
5.845454000000000150e+01 3.272000000000000000e+03 3.277740331783302281e+03 -5.740331783302281110e+00
5.846766999999999825e+01 3.271000000000000000e+03 3.277733336332133604e+03 -6.733336332133603719e+00
5.848080000000000211e+01 3.280000000000000000e+03 3.277726368885974352e+03 2.273631114025647548e+00
5.849392999999999887e+01 3.395000000000000000e+03 3.277719429696953284e+03 1.172805703030467157e+02
5.850706000000000273e+01 3.292000000000000000e+03 3.277712519018262810e+03 1.428748098173718972e+01
5.852018999999999949e+01 3.296000000000000000e+03 3.277705637104173093e+03 1.829436289582690733e+01
5.853332000000000335e+01 3.244000000000000000e+03 3.277698784210035683e+03 -3.369878421003568292e+01
5.854645000000000010e+01 3.211000000000000000e+03 3.277691960592287160e+03 -6.669196059228715967e+01
5.855957999999999686e+01 3.225000000000000000e+03 3.277685166508457314e+03 -5.268516650845731419e+01
5.857271000000000072e+01 3.349000000000000000e+03 3.277678402217176426e+03 7.132159778282357365e+01
5.858583999999999747e+01 3.241000000000000000e+03 3.277671667978186633e+03 -3.667166797818663326e+01
5.859897000000000133e+01 3.260000000000000000e+03 3.277664964052346932e+03 -1.766496405234693157e+01
5.861209999999999809e+01 3.278000000000000000e+03 3.277658290701646365e+03 3.417092983536349493e-01
5.862523000000000195e+01 3.304000000000000000e+03 3.277651648189216303e+03 2.634835181078369715e+01
5.863835999999999871e+01 3.206000000000000000e+03 3.277645036779338170e+03 -7.164503677933817016e+01
5.865149000000000257e+01 3.259000000000000000e+03 3.277638456737460729e+03 -1.863845673746072862e+01
5.866461999999999932e+01 3.363000000000000000e+03 3.277631908330211445e+03 8.536809166978855501e+01
5.867775000000000318e+01 3.255000000000000000e+03 3.277625391825411498e+03 -2.262539182541149785e+01
5.869087999999999994e+01 3.259000000000000000e+03 3.277618907492090329e+03 -1.861890749209032947e+01
5.870400999999999669e+01 3.376000000000000000e+03 3.277612455600499743e+03 9.838754439950025699e+01
5.871714000000000055e+01 3.325000000000000000e+03 3.277606036422133911e+03 4.739396357786608860e+01
5.873026999999999731e+01 3.323000000000000000e+03 3.277599650229745748e+03 4.540034977025425178e+01
5.874340000000000117e+01 3.293000000000000000e+03 3.277593297297363279e+03 1.540670270263672137e+01
5.875652999999999793e+01 3.334000000000000000e+03 3.277586977900311922e+03 5.641302209968807801e+01
5.876966000000000179e+01 3.256000000000000000e+03 3.277580692315228589e+03 -2.158069231522858900e+01
5.878278999999999854e+01 3.330000000000000000e+03 3.277574440820089421e+03 5.242555917991057868e+01
5.879592000000000240e+01 3.240000000000000000e+03 3.277568223694222979e+03 -3.756822369422297925e+01
5.880904999999999916e+01 3.286000000000000000e+03 3.277562041218340710e+03 8.437958781659290253e+00
5.882218000000000302e+01 3.185000000000000000e+03 3.277555893674550589e+03 -9.255589367455058891e+01
5.883530999999999977e+01 3.335000000000000000e+03 3.277549781346390319e+03 5.745021865360968150e+01
5.884843999999999653e+01 3.293000000000000000e+03 3.277543704518840059e+03 1.545629548115994112e+01
5.886157000000000039e+01 3.202000000000000000e+03 3.277537663478358809e+03 -7.553766347835880879e+01
5.887469999999999715e+01 3.264000000000000000e+03 3.277531658512904869e+03 -1.353165851290486899e+01
5.888783000000000101e+01 3.211000000000000000e+03 3.277525689911956306e+03 -6.652568991195630588e+01
5.890095999999999776e+01 3.303000000000000000e+03 3.277519757966555062e+03 2.548024203344493799e+01
5.891409000000000162e+01 3.320000000000000000e+03 3.277513862969316506e+03 4.248613703068349423e+01
5.892723000000000155e+01 3.313000000000000000e+03 3.277508000767383237e+03 3.549199923261676304e+01
5.894035999999999831e+01 3.223000000000000000e+03 3.277502180579498599e+03 -5.450218057949859940e+01
5.895349000000000217e+01 3.267000000000000000e+03 3.277496398227638565e+03 -1.049639822763856500e+01
5.896661999999999892e+01 3.280000000000000000e+03 3.277490654011048719e+03 2.509345988951281470e+00
5.897975000000000279e+01 3.217000000000000000e+03 3.277484948230705868e+03 -6.048494823070586790e+01
5.899287999999999954e+01 3.260000000000000000e+03 3.277479281189353969e+03 -1.747928118935396924e+01
5.900601000000000340e+01 3.304000000000000000e+03 3.277473653191540507e+03 2.652634680845949333e+01
5.901914000000000016e+01 3.187000000000000000e+03 3.277468064543649234e+03 -9.046806454364923411e+01
5.903226999999999691e+01 3.257000000000000000e+03 3.277462515553934736e+03 -2.046251555393473609e+01
5.904540000000000077e+01 3.211000000000000000e+03 3.277457006532560627e+03 -6.645700653256062651e+01
5.905852999999999753e+01 3.131000000000000000e+03 3.277451537791639112e+03 -1.464515377916391117e+02
5.907166000000000139e+01 3.344000000000000000e+03 3.277446109645265096e+03 6.655389035473490367e+01
5.908478999999999814e+01 3.381000000000000000e+03 3.277440722409555747e+03 1.035592775904442533e+02
5.909792000000000201e+01 3.202000000000000000e+03 3.277435376402697329e+03 -7.543537640269732947e+01
5.911104999999999876e+01 3.375000000000000000e+03 3.277430071944981137e+03 9.756992805501886323e+01
5.912418000000000262e+01 3.319000000000000000e+03 3.277424809358843959e+03 4.157519064115604124e+01
5.913730999999999938e+01 3.223000000000000000e+03 3.277419588968916742e+03 -5.441958896891674158e+01
5.915044000000000324e+01 3.255000000000000000e+03 3.277414411102065969e+03 -2.241441110206596932e+01
5.916356999999999999e+01 3.284000000000000000e+03 3.277409276087439139e+03 6.590723912560861208e+00
5.917669999999999675e+01 3.339000000000000000e+03 3.277404184256512053e+03 6.159581574348794675e+01
5.918983000000000061e+01 3.321000000000000000e+03 3.277399135943138390e+03 4.360086405686161015e+01
5.920295999999999736e+01 3.368000000000000000e+03 3.277394131483594720e+03 9.060586851640528039e+01
5.921609000000000123e+01 3.374000000000000000e+03 3.277389171216628711e+03 9.661082878337128932e+01
5.922921999999999798e+01 3.390000000000000000e+03 3.277384255483520974e+03 1.126157445164790261e+02
5.924235000000000184e+01 3.285000000000000000e+03 3.277379384628120988e+03 7.620615371879011946e+00
5.925547999999999860e+01 3.303000000000000000e+03 3.277374558996914857e+03 2.562544100308514317e+01
5.926861000000000246e+01 3.445000000000000000e+03 3.277369778939073967e+03 1.676302210609260328e+02
5.928173999999999921e+01 3.296000000000000000e+03 3.277365044806508649e+03 1.863495519349135066e+01
5.929487000000000307e+01 3.457000000000000000e+03 3.277360356953929568e+03 1.796396430460704323e+02
5.930799999999999983e+01 3.352000000000000000e+03 3.277355715738901381e+03 7.464428426109861903e+01
5.932112999999999658e+01 3.279000000000000000e+03 3.277351121521911864e+03 1.648878478088136035e+00
5.933426000000000045e+01 3.326000000000000000e+03 3.277346574666421930e+03 4.865342533357807042e+01
5.934738999999999720e+01 3.331000000000000000e+03 3.277342075538933841e+03 5.365792446106615898e+01
5.936052000000000106e+01 3.356000000000000000e+03 3.277337624509055331e+03 7.866237549094466885e+01
5.937364999999999782e+01 3.343000000000000000e+03 3.277333221949564177e+03 6.566677805043582339e+01
5.938678000000000168e+01 3.327000000000000000e+03 3.277328868236474136e+03 4.967113176352586379e+01
5.939992000000000161e+01 3.288000000000000000e+03 3.277324560489602845e+03 1.067543951039715466e+01
5.941304999999999836e+01 3.220000000000000000e+03 3.277320305648582689e+03 -5.732030564858268917e+01
5.942618000000000222e+01 3.283000000000000000e+03 3.277316100802418077e+03 5.683899197581922635e+00
5.943930999999999898e+01 3.305000000000000000e+03 3.277311946340775648e+03 2.768805365922435158e+01
5.945244000000000284e+01 3.288000000000000000e+03 3.277307842656916819e+03 1.069215734308318133e+01
5.946556999999999960e+01 3.185000000000000000e+03 3.277303790147777363e+03 -9.230379014777736302e+01
5.947870000000000346e+01 3.298000000000000000e+03 3.277299789214039720e+03 2.070021078596028019e+01
5.949183000000000021e+01 3.321000000000000000e+03 3.277295840260220302e+03 4.370415973977969770e+01
5.950495999999999697e+01 3.312000000000000000e+03 3.277291943694745441e+03 3.470805630525455854e+01
5.951809000000000083e+01 3.333000000000000000e+03 3.277288099930045064e+03 5.571190006995493604e+01
5.953121999999999758e+01 3.223000000000000000e+03 3.277284309382621359e+03 -5.428430938262135896e+01
5.954435000000000144e+01 3.177000000000000000e+03 3.277280572473157008e+03 -1.002805724731570081e+02
5.955747999999999820e+01 3.281000000000000000e+03 3.277276889626588854e+03 3.723110373411145702e+00
5.957061000000000206e+01 3.289000000000000000e+03 3.277273261272209311e+03 1.172673872779068915e+01
5.958373999999999882e+01 3.309000000000000000e+03 3.277269687843755946e+03 3.173031215624405377e+01
5.959687000000000268e+01 3.254000000000000000e+03 3.277266169779509255e+03 -2.326616977950925502e+01
5.960999999999999943e+01 3.185000000000000000e+03 3.277262707522392247e+03 -9.226270752239224748e+01
5.962313000000000329e+01 3.221000000000000000e+03 3.277259301520068220e+03 -5.625930152006822027e+01
5.963626000000000005e+01 3.237000000000000000e+03 3.277255952225047622e+03 -4.025595222504762205e+01
5.964938999999999680e+01 3.378000000000000000e+03 3.277252660094789007e+03 1.007473399052109926e+02
5.966252000000000066e+01 3.214000000000000000e+03 3.277249425591812724e+03 -6.324942559181272372e+01
5.967564999999999742e+01 3.316000000000000000e+03 3.277246249183807777e+03 3.875375081619222328e+01
5.968878000000000128e+01 3.178000000000000000e+03 3.277243131343745063e+03 -9.924313134374506262e+01
5.970190999999999804e+01 3.357000000000000000e+03 3.277240072549993329e+03 7.975992745000667128e+01
5.971504000000000190e+01 3.357000000000000000e+03 3.277237073286440591e+03 7.976292671355940911e+01
5.972816999999999865e+01 3.355000000000000000e+03 3.277234134042614642e+03 7.776586595738535834e+01
5.974130000000000251e+01 3.126000000000000000e+03 3.277231255313799466e+03 -1.512312553137994655e+02
5.975442999999999927e+01 3.295000000000000000e+03 3.277228437601174392e+03 1.777156239882560840e+01
5.976756000000000313e+01 3.326000000000000000e+03 3.277225681411940513e+03 4.877431858805948650e+01
5.978068999999999988e+01 3.295000000000000000e+03 3.277222987259448473e+03 1.777701274055152680e+01
5.979381999999999664e+01 3.364000000000000000e+03 3.277220355663341707e+03 8.677964433665829347e+01
5.980695000000000050e+01 3.276000000000000000e+03 3.277217787149693777e+03 -1.217787149693776882e+00
5.982007999999999726e+01 3.419000000000000000e+03 3.277215282251152075e+03 1.417847177488479247e+02
5.983321000000000112e+01 3.193000000000000000e+03 3.277212841507081976e+03 -8.421284150708197558e+01
5.984633999999999787e+01 3.291000000000000000e+03 3.277210465463724631e+03 1.378953453627536874e+01
5.985947000000000173e+01 3.314000000000000000e+03 3.277208154674340221e+03 3.679184532565977861e+01
5.987261000000000166e+01 3.168000000000000000e+03 3.277205908014797842e+03 -1.092059080147978420e+02
5.988573999999999842e+01 3.159000000000000000e+03 3.277203729472823397e+03 -1.182037294728233974e+02
5.989887000000000228e+01 3.232000000000000000e+03 3.277201617888799774e+03 -4.520161788879977394e+01
5.991199999999999903e+01 3.250000000000000000e+03 3.277199573845714895e+03 -2.719957384571489456e+01
5.992513000000000289e+01 3.287000000000000000e+03 3.277197597934407895e+03 9.802402065592104918e+00
5.993825999999999965e+01 3.323000000000000000e+03 3.277195690753750114e+03 4.580430924624988620e+01
5.995139000000000351e+01 3.379000000000000000e+03 3.277193852910827900e+03 1.018061470891721001e+02
5.996452000000000027e+01 3.287000000000000000e+03 3.277192085021130879e+03 9.807914978869121114e+00
5.997764999999999702e+01 3.315000000000000000e+03 3.277190387708742492e+03 3.780961229125750833e+01
5.999078000000000088e+01 3.376000000000000000e+03 3.277188761606533262e+03 9.881123839346673776e+01
6.000390999999999764e+01 3.305000000000000000e+03 3.277187207356371800e+03 2.781279264362819958e+01
6.001704000000000150e+01 3.355000000000000000e+03 3.277185725609324891e+03 7.781427439067510932e+01
6.003016999999999825e+01 3.237000000000000000e+03 3.277184317025867585e+03 -4.018431702586758547e+01
6.004330000000000211e+01 3.250000000000000000e+03 3.277182982276108305e+03 -2.718298227610830509e+01
6.005642999999999887e+01 3.251000000000000000e+03 3.277181722040007571e+03 -2.618172204000757120e+01
6.006956000000000273e+01 3.284000000000000000e+03 3.277180537007606290e+03 6.819462992393710010e+00
6.008268999999999949e+01 3.404000000000000000e+03 3.277179427879261766e+03 1.268205721207382339e+02
6.009582000000000335e+01 3.229000000000000000e+03 3.277178395365885535e+03 -4.817839536588553528e+01
6.010895000000000010e+01 3.306000000000000000e+03 3.277177440189201207e+03 2.882255981079879348e+01
6.012207999999999686e+01 3.233000000000000000e+03 3.277176563081983659e+03 -4.417656308198365878e+01
6.013521000000000072e+01 3.267000000000000000e+03 3.277175764788328252e+03 -1.017576478832825160e+01
6.014833999999999747e+01 3.371000000000000000e+03 3.277175046063914579e+03 9.382495393608542145e+01
6.016147000000000133e+01 3.401000000000000000e+03 3.277174407676281589e+03 1.238255923237184106e+02
6.017459999999999809e+01 3.244000000000000000e+03 3.277173850405111352e+03 -3.317385040511135230e+01
6.018773000000000195e+01 3.300000000000000000e+03 3.277173375042511907e+03 2.282662495748809306e+01
6.020085999999999871e+01 3.241000000000000000e+03 3.277172982393321035e+03 -3.617298239332103549e+01
6.021399000000000257e+01 3.363000000000000000e+03 3.277172673275402758e+03 8.582732672459724199e+01
6.022711999999999932e+01 3.242000000000000000e+03 3.277172448519967475e+03 -3.517244851996747457e+01
6.024025000000000318e+01 3.244000000000000000e+03 3.277172308971889379e+03 -3.317230897188937888e+01
6.025337999999999994e+01 3.392000000000000000e+03 3.277172255490036150e+03 1.148277445099638499e+02
6.026650999999999669e+01 3.364000000000000000e+03 3.277172288947607740e+03 8.682771105239226017e+01
6.027964000000000055e+01 3.243000000000000000e+03 3.277172410232483799e+03 -3.417241023248379861e+01
6.029276999999999731e+01 3.274000000000000000e+03 3.277172620247586110e+03 -3.172620247586110054e+00
6.030590000000000117e+01 3.305000000000000000e+03 3.277172919911236477e+03 2.782708008876352324e+01
6.031902999999999793e+01 3.301000000000000000e+03 3.277173310157544620e+03 2.382668984245538013e+01
6.033216999999999786e+01 3.303000000000000000e+03 3.277173792338845487e+03 2.582620766115451261e+01
6.034530000000000172e+01 3.226000000000000000e+03 3.277174366688693226e+03 -5.117436668869322602e+01
6.035842999999999847e+01 3.282000000000000000e+03 3.277175034522905662e+03 4.824965477094337984e+00
6.037156000000000233e+01 3.299000000000000000e+03 3.277175796842726868e+03 2.182420315727313209e+01
6.038468999999999909e+01 3.269000000000000000e+03 3.277176654667227467e+03 -8.176654667227467144e+00
6.039782000000000295e+01 3.321000000000000000e+03 3.277177609033765748e+03 4.382239096623425212e+01
6.041094999999999970e+01 3.389000000000000000e+03 3.277178660998431042e+03 1.118213390015689583e+02
6.042407999999999646e+01 3.263000000000000000e+03 3.277179811636525301e+03 -1.417981163652530086e+01
6.043721000000000032e+01 3.284000000000000000e+03 3.277181062043043767e+03 6.818937956956233393e+00
6.045033999999999708e+01 3.381000000000000000e+03 3.277182413333168370e+03 1.038175866668316303e+02
6.046347000000000094e+01 3.269000000000000000e+03 3.277183866642792964e+03 -8.183866642792963830e+00
6.047659999999999769e+01 3.249000000000000000e+03 3.277185423129036735e+03 -2.818542312903673519e+01
6.048973000000000155e+01 3.335000000000000000e+03 3.277187083970801723e+03 5.781291602919827710e+01
6.050285999999999831e+01 3.234000000000000000e+03 3.277189161860496370e+03 -4.318916186049636963e+01
6.051599000000000217e+01 3.210000000000000000e+03 3.277191035778134392e+03 -6.719103577813439188e+01
6.052911999999999892e+01 3.201000000000000000e+03 3.277193017726935068e+03 -7.619301772693506791e+01
6.054225000000000279e+01 3.319000000000000000e+03 3.277195108978668941e+03 4.180489102133105916e+01
6.055537999999999954e+01 3.271000000000000000e+03 3.277197310829842536e+03 -6.197310829842535895e+00
6.056851000000000340e+01 3.264000000000000000e+03 3.277199624602352287e+03 -1.319962460235228718e+01
6.058164000000000016e+01 3.289000000000000000e+03 3.277202051644142557e+03 1.179794835585744295e+01
6.059476999999999691e+01 3.250000000000000000e+03 3.277204593329899126e+03 -2.720459332989912582e+01
6.060790000000000077e+01 3.279000000000000000e+03 3.277207251061753595e+03 1.792748938246404578e+00
6.062102999999999753e+01 3.299000000000000000e+03 3.277210026270006892e+03 2.178997372999310755e+01
6.063416000000000139e+01 3.259000000000000000e+03 3.277212920413891425e+03 -1.821292041389142469e+01
6.064728999999999814e+01 3.259000000000000000e+03 3.277215934982330054e+03 -1.821593498233005448e+01
6.066042000000000201e+01 3.313000000000000000e+03 3.277219071494743730e+03 3.578092850525627000e+01
6.067354999999999876e+01 3.264000000000000000e+03 3.277222495029212496e+03 -1.322249502921249587e+01
6.068668000000000262e+01 3.312000000000000000e+03 3.277225880500264338e+03 3.477411949973566152e+01
6.069980999999999938e+01 3.287000000000000000e+03 3.277229392666238255e+03 9.770607333761745394e+00
6.071294000000000324e+01 3.294000000000000000e+03 3.277233033177016750e+03 1.676696682298324959e+01
6.072606999999999999e+01 3.286000000000000000e+03 3.277236803717350995e+03 8.763196282649005298e+00
6.073919999999999675e+01 3.232000000000000000e+03 3.277240706007821700e+03 -4.524070600782170004e+01
6.075233000000000061e+01 3.345000000000000000e+03 3.277244741805822287e+03 6.775525819417771345e+01
6.076545999999999736e+01 3.413000000000000000e+03 3.277248912906587975e+03 1.357510870934120248e+02
6.077859000000000123e+01 3.280000000000000000e+03 3.277253221144239888e+03 2.746778855760112492e+00
6.079171999999999798e+01 3.214000000000000000e+03 3.277257668392882806e+03 -6.325766839288280607e+01
6.080485999999999791e+01 3.235000000000000000e+03 3.277262260116340258e+03 -4.226226011634025781e+01
6.081799000000000177e+01 3.365000000000000000e+03 3.277266991284409869e+03 8.773300871559013103e+01
6.083111999999999853e+01 3.294000000000000000e+03 3.277271867338597986e+03 1.672813266140201449e+01
6.084425000000000239e+01 3.407000000000000000e+03 3.277276890324550095e+03 1.297231096754499049e+02
6.085737999999999914e+01 3.247000000000000000e+03 3.277282062333885278e+03 -3.028206233388527835e+01
6.087051000000000300e+01 3.253000000000000000e+03 3.277287385505508155e+03 -2.428738550550815489e+01
6.088363999999999976e+01 3.353000000000000000e+03 3.277292862026984949e+03 7.570713797301505110e+01
6.089676999999999651e+01 3.240000000000000000e+03 3.277298494135937290e+03 -3.729849413593728968e+01
6.090990000000000038e+01 3.250000000000000000e+03 3.277304284121505589e+03 -2.730428412150558870e+01
6.092302999999999713e+01 3.332000000000000000e+03 3.277310234325854253e+03 5.468976567414574674e+01
6.093616000000000099e+01 3.274000000000000000e+03 3.277316347145724194e+03 -3.316347145724193979e+00
6.094928999999999775e+01 3.440000000000000000e+03 3.277322625034045359e+03 1.626773749659546411e+02
6.096242000000000161e+01 3.300000000000000000e+03 3.277329070501601109e+03 2.267092949839889116e+01
6.097554999999999836e+01 3.258000000000000000e+03 3.277335686118743524e+03 -1.933568611874352428e+01
6.098868000000000222e+01 3.281000000000000000e+03 3.277342474517185565e+03 3.657525482814435236e+00
6.100180999999999898e+01 3.347000000000000000e+03 3.277349438391829608e+03 6.965056160817039199e+01
6.101494000000000284e+01 3.469000000000000000e+03 3.277356580502692395e+03 1.916434194973076046e+02
6.102806999999999960e+01 3.318000000000000000e+03 3.277363903676859991e+03 4.063609632314000919e+01
6.104120000000000346e+01 3.226000000000000000e+03 3.277371410810545967e+03 -5.137141081054596725e+01
6.105433000000000021e+01 3.292000000000000000e+03 3.277379104871201434e+03 1.462089512879856557e+01
6.106745999999999697e+01 3.325000000000000000e+03 3.277386988899707831e+03 4.761301110029216943e+01
6.108059000000000083e+01 3.419000000000000000e+03 3.277395066012644293e+03 1.416049339873557074e+02
6.109371999999999758e+01 3.244000000000000000e+03 3.277403339404650069e+03 -3.340333940465006890e+01
6.110685000000000144e+01 3.224000000000000000e+03 3.277411812350847867e+03 -5.341181235084786749e+01
6.111997999999999820e+01 3.197000000000000000e+03 3.277420488209376344e+03 -8.042048820937634446e+01
6.113311000000000206e+01 3.295000000000000000e+03 3.277429370424011267e+03 1.757062957598873254e+01
6.114623999999999882e+01 3.182000000000000000e+03 3.277438462526874446e+03 -9.543846252687444576e+01
6.115937000000000268e+01 3.311000000000000000e+03 3.277447768141248162e+03 3.355223185875183844e+01
6.117249999999999943e+01 3.185000000000000000e+03 3.277457290984502379e+03 -9.245729098450237871e+01
6.118563000000000329e+01 3.338000000000000000e+03 3.277467034871110627e+03 6.053296512888937286e+01
6.119876000000000005e+01 3.216000000000000000e+03 3.277477003715803221e+03 -6.147700371580322098e+01
6.121188999999999680e+01 3.326000000000000000e+03 3.277487201536821431e+03 4.851279846317856936e+01
6.122502000000000066e+01 3.274000000000000000e+03 3.277497632459305805e+03 -3.497632459305805241e+00
6.123814999999999742e+01 3.255000000000000000e+03 3.277508300718806822e+03 -2.250830071880682226e+01
6.125128000000000128e+01 3.371000000000000000e+03 3.277519210664931961e+03 9.348078933506803878e+01
6.126440999999999804e+01 3.340000000000000000e+03 3.277530366765139206e+03 6.246963323486079389e+01
6.127754999999999797e+01 3.261000000000000000e+03 3.277541782393040194e+03 -1.654178239304019371e+01
6.129068000000000183e+01 3.236000000000000000e+03 3.277553444891406798e+03 -4.155344489140679798e+01
6.130380999999999858e+01 3.276000000000000000e+03 3.277565367697197871e+03 -1.565367697197871166e+00
6.131694000000000244e+01 3.289000000000000000e+03 3.277577555790301176e+03 1.142244420969882412e+01
6.133006999999999920e+01 3.270000000000000000e+03 3.277590014289740793e+03 -7.590014289740793174e+00
6.134320000000000306e+01 3.253000000000000000e+03 3.277602748458461065e+03 -2.460274845846106473e+01
6.135632999999999981e+01 3.249000000000000000e+03 3.277615763708285613e+03 -2.861576370828561267e+01
6.136945999999999657e+01 3.277000000000000000e+03 3.277629065605091000e+03 -6.290656050910001795e-01
6.138259000000000043e+01 3.365000000000000000e+03 3.277642659874182755e+03 8.735734012581724528e+01
6.139571999999999719e+01 3.240000000000000000e+03 3.277656552405894217e+03 -3.765655240589421737e+01
6.140885000000000105e+01 3.310000000000000000e+03 3.277670749261418223e+03 3.232925073858177711e+01
6.142197999999999780e+01 3.264000000000000000e+03 3.277685256678867972e+03 -1.368525667886797237e+01
6.143511000000000166e+01 3.245000000000000000e+03 3.277700081079597567e+03 -3.270008107959756671e+01
6.144823999999999842e+01 3.252000000000000000e+03 3.277715229074799026e+03 -2.571522907479902642e+01
6.146137000000000228e+01 3.329000000000000000e+03 3.277730707472345330e+03 5.126929252765467027e+01
6.147449999999999903e+01 3.268000000000000000e+03 3.277746523283954957e+03 -9.746523283954957151e+00
6.148763000000000289e+01 3.230000000000000000e+03 3.277762683732642017e+03 -4.776268373264201728e+01
6.150075999999999965e+01 3.307000000000000000e+03 3.277779196260495610e+03 2.922080373950439025e+01
6.151389000000000351e+01 3.282000000000000000e+03 3.277796068536780240e+03 4.203931463219760190e+00
6.152702000000000027e+01 3.311000000000000000e+03 3.277813308466406397e+03 3.318669153359360280e+01
6.154014999999999702e+01 3.253000000000000000e+03 3.277830924198754019e+03 -2.483092419875401902e+01
6.155328000000000088e+01 3.294000000000000000e+03 3.277848924136892037e+03 1.615107586310796250e+01
6.156640999999999764e+01 3.239000000000000000e+03 3.277867316947199015e+03 -3.886731694719901498e+01
6.157954000000000150e+01 3.276000000000000000e+03 3.277886111569416698e+03 -1.886111569416698330e+00
6.159266999999999825e+01 3.290000000000000000e+03 3.277905317227148316e+03 1.209468277285168369e+01
6.160580000000000211e+01 3.294000000000000000e+03 3.277924943438832088e+03 1.607505656116791215e+01
6.161892999999999887e+01 3.120000000000000000e+03 3.277945000029207222e+03 -1.579450000292072218e+02
6.163206000000000273e+01 3.380000000000000000e+03 3.277965497141306969e+03 1.020345028586930312e+02
6.164518999999999949e+01 3.317000000000000000e+03 3.277986445248996915e+03 3.901355475100308468e+01
6.165832000000000335e+01 3.208000000000000000e+03 3.278007855170098082e+03 -7.000785517009808245e+01
6.167145000000000010e+01 3.265000000000000000e+03 3.278029738080108473e+03 -1.302973808010847279e+01
6.168457999999999686e+01 3.325000000000000000e+03 3.278052105526579908e+03 4.694789447342009225e+01
6.169771000000000072e+01 3.208000000000000000e+03 3.278074969444158342e+03 -7.007496944415834150e+01
6.171083999999999747e+01 3.254000000000000000e+03 3.278098342170347223e+03 -2.409834217034722315e+01
6.172397000000000133e+01 3.304000000000000000e+03 3.278122236462010278e+03 2.587776353798972195e+01
6.173711000000000126e+01 3.354000000000000000e+03 3.278146684325436127e+03 7.585331567456387347e+01
6.175023999999999802e+01 3.279000000000000000e+03 3.278171662206444580e+03 8.283377935554199212e-01
6.176337000000000188e+01 3.188000000000000000e+03 3.278197202627898150e+03 -9.019720262789815024e+01
6.177649999999999864e+01 3.301000000000000000e+03 3.278223320206119752e+03 2.277667979388024833e+01
6.178963000000000250e+01 3.306000000000000000e+03 3.278250030072163099e+03 2.774996992783690075e+01
6.180275999999999925e+01 3.355000000000000000e+03 3.278277347893782917e+03 7.672265210621708320e+01
6.181589000000000311e+01 3.340000000000000000e+03 3.278305289898521096e+03 6.169471010147890411e+01
6.182901999999999987e+01 3.401000000000000000e+03 3.278333872897938363e+03 1.226661271020616368e+02
6.184214999999999662e+01 3.338000000000000000e+03 3.278363114313078768e+03 5.963688568692123226e+01
6.185528000000000048e+01 3.187000000000000000e+03 3.278393032201247024e+03 -9.139303220124702420e+01
6.186840999999999724e+01 3.327000000000000000e+03 3.278423645284141458e+03 4.857635471585854248e+01
6.188154000000000110e+01 3.312000000000000000e+03 3.278454972977465331e+03 3.354502702253466850e+01
6.189466999999999786e+01 3.312000000000000000e+03 3.278487035422072495e+03 3.351296457792750516e+01
6.190780000000000172e+01 3.344000000000000000e+03 3.278519853516748753e+03 6.548014648325124654e+01
6.192092999999999847e+01 3.420000000000000000e+03 3.278553448952742656e+03 1.414465510472573442e+02
6.193406000000000233e+01 3.310000000000000000e+03 3.278587844250117541e+03 3.141215574988245862e+01
6.194718999999999909e+01 3.250000000000000000e+03 3.278623062796075828e+03 -2.862306279607582837e+01
6.196032000000000295e+01 3.536000000000000000e+03 3.278659128885348309e+03 2.573408711146516907e+02
6.197344999999999970e+01 3.317000000000000000e+03 3.278696067762791245e+03 3.830393223720875540e+01
6.198657999999999646e+01 3.213000000000000000e+03 3.278733905668320858e+03 -6.573390566832085824e+01
6.199971000000000032e+01 3.309000000000000000e+03 3.278772669884341667e+03 3.022733011565833294e+01
6.201283999999999708e+01 3.288000000000000000e+03 3.278812388785821440e+03 9.187611214178559749e+00
6.202597000000000094e+01 3.307000000000000000e+03 3.278853091893171040e+03 2.814690810682895972e+01
6.203909999999999769e+01 3.257000000000000000e+03 3.278894809928146969e+03 -2.189480992814696947e+01
6.205223000000000155e+01 3.322000000000000000e+03 3.278937574872917139e+03 4.306242512708286085e+01
6.206535999999999831e+01 3.395000000000000000e+03 3.278981420032557253e+03 1.160185799674427471e+02
6.207849000000000217e+01 3.298000000000000000e+03 3.279026380101148334e+03 1.897361989885166622e+01
6.209161999999999892e+01 3.334000000000000000e+03 3.279072491231763706e+03 5.492750876823629369e+01
6.210475000000000279e+01 3.283000000000000000e+03 3.279119791110565984e+03 3.880208889434015873e+00
6.211787999999999954e+01 3.199000000000000000e+03 3.279168319035324203e+03 -8.016831903532420256e+01
6.213101000000000340e+01 3.267000000000000000e+03 3.279218115998627582e+03 -1.221811599862758158e+01
6.214414000000000016e+01 3.378000000000000000e+03 3.279269224776132887e+03 9.873077522386711280e+01
6.215726999999999691e+01 3.268000000000000000e+03 3.279321690020192818e+03 -1.132169002019281834e+01
6.217040000000000077e+01 3.321000000000000000e+03 3.279375558359231945e+03 4.162444164076805464e+01
6.218352999999999753e+01 3.233000000000000000e+03 3.279430878503285840e+03 -4.643087850328583954e+01
6.219666000000000139e+01 3.218000000000000000e+03 3.279487701356129946e+03 -6.148770135612994636e+01
6.220980000000000132e+01 3.331000000000000000e+03 3.279546125203568408e+03 5.145387479643159168e+01
6.222292999999999807e+01 3.321000000000000000e+03 3.279606116813150948e+03 4.139388318684905244e+01
6.223606000000000193e+01 3.295000000000000000e+03 3.279667778281141182e+03 1.533222171885881835e+01
6.224918999999999869e+01 3.306000000000000000e+03 3.279731170559012753e+03 2.626882944098724693e+01
6.226232000000000255e+01 3.308000000000000000e+03 3.279796357469631403e+03 2.820364253036859736e+01
6.227544999999999931e+01 3.178000000000000000e+03 3.279863405870349652e+03 -1.018634058703496521e+02
6.228858000000000317e+01 3.271000000000000000e+03 3.279932385826932205e+03 -8.932385826932204509e+00
6.230170999999999992e+01 3.310000000000000000e+03 3.280003370799129243e+03 2.999662920087075690e+01
6.231483999999999668e+01 3.288000000000000000e+03 3.280076437838822130e+03 7.923562161177869712e+00
6.232797000000000054e+01 3.288000000000000000e+03 3.280151667801686472e+03 7.848332198313528352e+00
6.234109999999999729e+01 3.301000000000000000e+03 3.280229145573459391e+03 2.077085442654060898e+01
6.235423000000000116e+01 3.317000000000000000e+03 3.280308960311946066e+03 3.669103968805393379e+01
6.236735999999999791e+01 3.406000000000000000e+03 3.280391205706069286e+03 1.256087942939307140e+02
6.238049000000000177e+01 3.248000000000000000e+03 3.280475980253320813e+03 -3.247598025332081306e+01
6.239361999999999853e+01 3.320000000000000000e+03 3.280563387557168880e+03 3.943661244283111955e+01
6.240675000000000239e+01 3.312000000000000000e+03 3.280653536646123484e+03 3.134646335387651561e+01
6.241987999999999914e+01 3.346000000000000000e+03 3.280746542316337127e+03 6.525345768366287302e+01
6.243301000000000300e+01 3.358000000000000000e+03 3.280842525499876047e+03 7.715747450012395348e+01
6.244613999999999976e+01 3.319000000000000000e+03 3.280941613661055271e+03 3.805838633894472878e+01
6.245926999999999651e+01 3.328000000000000000e+03 3.281043941223605088e+03 4.695605877639491155e+01
6.247240000000000038e+01 3.294000000000000000e+03 3.281149650031846249e+03 1.285034996815375052e+01
6.248552999999999713e+01 3.331000000000000000e+03 3.281258889849650586e+03 4.974111015034941374e+01
6.249866000000000099e+01 3.206000000000000000e+03 3.281371818901695406e+03 -7.537181890169540566e+01
6.251178999999999775e+01 3.255000000000000000e+03 3.281488604462491367e+03 -2.648860446249136658e+01
6.252492000000000161e+01 3.359000000000000000e+03 3.281609423499992317e+03 7.739057650000768263e+01
6.253804999999999836e+01 3.208000000000000000e+03 3.281734463382339982e+03 -7.373446338233998176e+01
6.255118000000000222e+01 3.252000000000000000e+03 3.281863922658665160e+03 -2.986392265866516027e+01
6.256430999999999898e+01 3.245000000000000000e+03 3.281998011928060805e+03 -3.699801192806080508e+01
6.257744000000000284e+01 3.323000000000000000e+03 3.282136954815082390e+03 4.086304518491760973e+01
6.259056999999999960e+01 3.278000000000000000e+03 3.282280989075958587e+03 -4.280989075958586909e+00
6.260370000000000346e+01 3.354000000000000000e+03 3.282430367867248606e+03 7.156963213275139424e+01
6.261683000000000021e+01 3.187000000000000000e+03 3.282585361218963044e+03 -9.558536121896304394e+01
6.262995999999999697e+01 3.287000000000000000e+03 3.282746257767510542e+03 4.253742232489457820e+00
6.264309000000000083e+01 3.296000000000000000e+03 3.282913366821430373e+03 1.308663317856962749e+01
6.265621999999999758e+01 3.417000000000000000e+03 3.283087020855641640e+03 1.339129791443583599e+02
6.266935000000000144e+01 3.394000000000000000e+03 3.283267578559257799e+03 1.107324214407422005e+02
6.268249000000000137e+01 3.190000000000000000e+03 3.283455574552934195e+03 -9.345557455293419480e+01
6.269561999999999813e+01 3.282000000000000000e+03 3.283651146311073262e+03 -1.651146311073262041e+00
6.270875000000000199e+01 3.283000000000000000e+03 3.283854897993756822e+03 -8.548979937568219611e-01
6.272187999999999874e+01 3.297000000000000000e+03 3.284067341489851970e+03 1.293265851014803047e+01
6.273501000000000261e+01 3.288000000000000000e+03 3.284289046039413734e+03 3.710953960586266476e+00
6.274813999999999936e+01 3.301000000000000000e+03 3.284520650108212976e+03 1.647934989178702381e+01
6.276127000000000322e+01 3.292000000000000000e+03 3.284762876414901712e+03 7.237123585098288459e+00
6.277439999999999998e+01 3.304000000000000000e+03 3.285016550912346247e+03 1.898344908765375294e+01
6.278752999999999673e+01 3.253000000000000000e+03 3.285282626688724122e+03 -3.228262668872412178e+01
6.280066000000000059e+01 3.173000000000000000e+03 3.285562213936769695e+03 -1.125622139367696946e+02
6.281378999999999735e+01 3.176000000000000000e+03 3.285856617337853550e+03 -1.098566173378535495e+02
6.282692000000000121e+01 3.312000000000000000e+03 3.286167382416114833e+03 2.583261758388516682e+01
6.284004999999999797e+01 3.290000000000000000e+03 3.286496352628351360e+03 3.503647371648639819e+00
6.285318000000000183e+01 3.267000000000000000e+03 3.286845739155955471e+03 -1.984573915595547078e+01
6.286630999999999858e+01 3.330000000000000000e+03 3.287218205540498275e+03 4.278179445950172521e+01
6.287944000000000244e+01 3.372000000000000000e+03 3.287616969434484417e+03 8.438303056551558257e+01
6.289256999999999920e+01 3.309000000000000000e+03 3.288045923799162665e+03 2.095407620083733491e+01
6.290570000000000306e+01 3.323000000000000000e+03 3.288509779843268007e+03 3.449022015673199348e+01
6.291882999999999981e+01 3.323000000000000000e+03 3.289014233827901080e+03 3.398576617209891992e+01
6.293195999999999657e+01 3.321000000000000000e+03 3.289566159527912532e+03 3.143384047208746779e+01
6.294509000000000043e+01 3.250000000000000000e+03 3.290173827602887286e+03 -4.017382760288728605e+01
6.295821999999999719e+01 3.223000000000000000e+03 3.290847152355365779e+03 -6.784715235536577893e+01
6.297135000000000105e+01 3.268000000000000000e+03 3.291597965308822495e+03 -2.359796530882249499e+01
6.298447999999999780e+01 3.282000000000000000e+03 3.292440313698637055e+03 -1.044031369863705550e+01
6.299761000000000166e+01 3.314000000000000000e+03 3.293390780323016315e+03 2.060921967698368462e+01
6.301073999999999842e+01 3.291000000000000000e+03 3.294468819250452270e+03 -3.468819250452270353e+00
6.302387000000000228e+01 3.217000000000000000e+03 3.295697099648814401e+03 -7.869709964881440101e+01
6.303699999999999903e+01 3.261000000000000000e+03 3.297101847536429887e+03 -3.610184753642988653e+01
6.305013000000000289e+01 3.252000000000000000e+03 3.298713172633024897e+03 -4.671317263302489664e+01
6.306325999999999965e+01 3.312000000000000000e+03 3.300565364814203804e+03 1.143463518579619631e+01
6.307639000000000351e+01 3.405000000000000000e+03 3.302697142084069583e+03 1.023028579159304172e+02
6.308952000000000027e+01 3.383000000000000000e+03 3.305151829642404664e+03 7.784817035759533610e+01
6.310264999999999702e+01 3.356000000000000000e+03 3.307977447725890670e+03 4.802255227410933003e+01
6.311578000000000088e+01 3.320000000000000000e+03 3.311226684654082874e+03 8.773315345917126251e+00
6.312890999999999764e+01 3.370000000000000000e+03 3.314956731122869314e+03 5.504326887713068572e+01
6.314204000000000150e+01 3.246000000000000000e+03 3.319228952464814029e+03 -7.322895246481402864e+01
6.315518000000000143e+01 3.286000000000000000e+03 3.324112342283007365e+03 -3.811234228300736504e+01
6.316830999999999818e+01 3.280000000000000000e+03 3.329667491499393691e+03 -4.966749149939369090e+01
6.318144000000000204e+01 3.355000000000000000e+03 3.335967881225485598e+03 1.903211877451440159e+01
6.319456999999999880e+01 3.388000000000000000e+03 3.343084389029409977e+03 4.491561097059002350e+01
6.320770000000000266e+01 3.313000000000000000e+03 3.351087394424004742e+03 -3.808739442400474218e+01
6.322082999999999942e+01 3.274000000000000000e+03 3.360045194702374374e+03 -8.604519470237437417e+01
6.323396000000000328e+01 3.430000000000000000e+03 3.370022225801295917e+03 5.997777419870408266e+01
6.324709000000000003e+01 3.369000000000000000e+03 3.381077115499381307e+03 -1.207711549938130702e+01
6.326021999999999679e+01 3.337000000000000000e+03 3.393260605174448756e+03 -5.626060517444875586e+01
6.327335000000000065e+01 3.345000000000000000e+03 3.406613384121997115e+03 -6.161338412199711456e+01
6.328647999999999740e+01 3.318000000000000000e+03 3.421163886330921287e+03 -1.031638863309212866e+02
6.329961000000000126e+01 3.408000000000000000e+03 3.436926102906334563e+03 -2.892610290633456316e+01
6.331273999999999802e+01 3.234000000000000000e+03 3.453897463435595455e+03 -2.198974634355954549e+02
6.332587000000000188e+01 3.433000000000000000e+03 3.472056836197011762e+03 -3.905683619701176212e+01
6.333899999999999864e+01 3.373000000000000000e+03 3.491362690354749247e+03 -1.183626903547492475e+02
6.335213000000000250e+01 3.401000000000000000e+03 3.511751454022852158e+03 -1.107514540228521582e+02
6.336525999999999925e+01 3.413000000000000000e+03 3.533136092167533661e+03 -1.201360921675336613e+02
6.337839000000000311e+01 3.420000000000000000e+03 3.555404920912343187e+03 -1.354049209123431865e+02
6.339151999999999987e+01 3.351000000000000000e+03 3.578420674594794036e+03 -2.274206745947940362e+02
6.340464999999999662e+01 3.361000000000000000e+03 3.602019855026467212e+03 -2.410198550264672122e+02
6.341778000000000048e+01 3.504000000000000000e+03 3.626012425692373654e+03 -1.220124256923736539e+02
6.343090999999999724e+01 3.589000000000000000e+03 3.650181972858473728e+03 -6.118197285847372768e+01
6.344404000000000110e+01 3.563000000000000000e+03 3.674286541955610119e+03 -1.112865419556101187e+02
6.345716999999999786e+01 3.557000000000000000e+03 3.698060462637988167e+03 -1.410604626379881665e+02
6.347030000000000172e+01 3.644000000000000000e+03 3.721217575241068516e+03 -7.721757524106851633e+01
6.348342999999999847e+01 3.693000000000000000e+03 3.743456320828126991e+03 -5.045632082812699082e+01
6.349656000000000233e+01 3.689000000000000000e+03 3.764467095835822420e+03 -7.546709583582241976e+01
6.350968999999999909e+01 3.780000000000000000e+03 3.783942039628017938e+03 -3.942039628017937503e+00
6.352282000000000295e+01 3.799000000000000000e+03 3.801586990477027939e+03 -2.586990477027939050e+00
6.353594999999999970e+01 3.979000000000000000e+03 3.817134756572209426e+03 1.618652434277905741e+02
6.354907999999999646e+01 3.983000000000000000e+03 3.830358245353334041e+03 1.526417546466659587e+02
6.356221000000000032e+01 4.019000000000000000e+03 3.841086397063578261e+03 1.779136029364217393e+02
6.357533999999999708e+01 3.956000000000000000e+03 3.849192296578609330e+03 1.068077034213906700e+02
6.358847000000000094e+01 4.029000000000000000e+03 3.854624135669334464e+03 1.743758643306655358e+02
6.360159999999999769e+01 3.823000000000000000e+03 3.857382789300664172e+03 -3.438278930066417161e+01
6.361473999999999762e+01 3.828000000000000000e+03 3.857517808534758387e+03 -2.951780853475838740e+01
6.362787000000000148e+01 3.704000000000000000e+03 3.855118096175314349e+03 -1.511180961753143492e+02
6.364099999999999824e+01 3.727000000000000000e+03 3.850300539047588700e+03 -1.233005390475886998e+02
6.365413000000000210e+01 3.676000000000000000e+03 3.843196833897426586e+03 -1.671968338974265862e+02
6.366725999999999885e+01 3.635000000000000000e+03 3.833946295794253274e+03 -1.989462957942532739e+02
6.368039000000000271e+01 3.770000000000000000e+03 3.822690921496696774e+03 -5.269092149669677383e+01
6.369351999999999947e+01 3.802000000000000000e+03 3.809573889462350962e+03 -7.573889462350962276e+00
6.370665000000000333e+01 3.803000000000000000e+03 3.794740958189834600e+03 8.259041810165399511e+00
6.371978000000000009e+01 3.764000000000000000e+03 3.778343746712599568e+03 -1.434374671259956813e+01
6.373290999999999684e+01 3.660000000000000000e+03 3.760546118677167215e+03 -1.005461186771672146e+02
6.374604000000000070e+01 3.706000000000000000e+03 3.741517255970626138e+03 -3.551725597062613815e+01
6.375916999999999746e+01 3.650000000000000000e+03 3.721448061045133272e+03 -7.144806104513327227e+01
6.377230000000000132e+01 3.645000000000000000e+03 3.700540033639546436e+03 -5.554003363954643646e+01
6.378542999999999807e+01 3.572000000000000000e+03 3.679004322547525589e+03 -1.070043225475255895e+02
6.379856000000000193e+01 3.632000000000000000e+03 3.657056442469054673e+03 -2.505644246905467298e+01
6.381168999999999869e+01 3.580000000000000000e+03 3.634910060582982169e+03 -5.491006058298216885e+01
6.382482000000000255e+01 3.418000000000000000e+03 3.612770806801855542e+03 -1.947708068018555423e+02
6.383794999999999931e+01 3.479000000000000000e+03 3.590830884752009297e+03 -1.118308847520092968e+02
6.385108000000000317e+01 3.498000000000000000e+03 3.569264954034214952e+03 -7.126495403421495212e+01
6.386420999999999992e+01 3.331000000000000000e+03 3.548227436310463418e+03 -2.172274363104634176e+02
6.387733999999999668e+01 3.506000000000000000e+03 3.527851151261936138e+03 -2.185115126193613833e+01
6.389047000000000054e+01 3.429000000000000000e+03 3.508247045744406932e+03 -7.924704574440693250e+01
6.390359999999999729e+01 3.422000000000000000e+03 3.489504731805558094e+03 -6.750473180555809449e+01
6.391673000000000116e+01 3.422000000000000000e+03 3.471693567195980449e+03 -4.969356719598044947e+01
6.392985999999999791e+01 3.324000000000000000e+03 3.454864063381389315e+03 -1.308640633813893146e+02
6.394299000000000177e+01 3.379000000000000000e+03 3.439049465914879420e+03 -6.004946591487941987e+01
6.395611999999999853e+01 3.397000000000000000e+03 3.424267405497248092e+03 -2.726740549724809171e+01
6.396925000000000239e+01 3.238000000000000000e+03 3.410521558843448020e+03 -1.725215588434480196e+02
6.398237999999999914e+01 3.310000000000000000e+03 3.397803285886492631e+03 -8.780328588649263111e+01
6.399551000000000300e+01 3.467000000000000000e+03 3.386093226029417565e+03 8.090677397058243514e+01
6.400863999999999976e+01 3.318000000000000000e+03 3.375362844183675406e+03 -5.736284418367540638e+01
6.402177000000000362e+01 3.368000000000000000e+03 3.365575920157693872e+03 2.424079842306127830e+00
6.403489999999999327e+01 3.295000000000000000e+03 3.356689974950691976e+03 -6.168997495069197612e+01
6.404802999999999713e+01 3.257000000000000000e+03 3.348657626348109716e+03 -9.165762634810971576e+01
6.406116000000000099e+01 3.282000000000000000e+03 3.341427864987737848e+03 -5.942786498773784842e+01
6.407429000000000485e+01 3.447000000000000000e+03 3.334947241374451096e+03 1.120527586255489041e+02
6.408742999999999768e+01 3.304000000000000000e+03 3.329156798090953998e+03 -2.515679809095399833e+01
6.410056000000000154e+01 3.354000000000000000e+03 3.324010142668342269e+03 2.998985733165773127e+01
6.411369000000000540e+01 3.224000000000000000e+03 3.319447938710551625e+03 -9.544793871055162526e+01
6.412681999999999505e+01 3.448000000000000000e+03 3.315416762375306007e+03 1.325832376246939930e+02
6.413994999999999891e+01 3.271000000000000000e+03 3.311865068013770724e+03 -4.086506801377072406e+01
6.415308000000000277e+01 3.252000000000000000e+03 3.308743698849363227e+03 -5.674369884936322705e+01
6.416621000000000663e+01 3.317000000000000000e+03 3.306006282185496730e+03 1.099371781450327035e+01
6.417933999999999628e+01 3.256000000000000000e+03 3.303609515239244956e+03 -4.760951523924495632e+01
6.419247000000000014e+01 3.271000000000000000e+03 3.301513349828042465e+03 -3.051334982804246465e+01
6.420560000000000400e+01 3.305000000000000000e+03 3.299681085826893195e+03 5.318914173106804810e+00
6.421872999999999365e+01 3.328000000000000000e+03 3.298079384515664060e+03 2.992061548433593998e+01
6.423185999999999751e+01 3.356000000000000000e+03 3.296678213638993384e+03 5.932178636100661606e+01
6.424499000000000137e+01 3.231000000000000000e+03 3.295450736224765024e+03 -6.445073622476502351e+01
6.425812000000000523e+01 3.281000000000000000e+03 3.294373154996421363e+03 -1.337315499642136274e+01
6.427124999999999488e+01 3.318000000000000000e+03 3.293424523632739692e+03 2.457547636726030760e+01
6.428437999999999874e+01 3.383000000000000000e+03 3.292586535250468842e+03 9.041346474953115830e+01
6.429751000000000261e+01 3.218000000000000000e+03 3.291843297389709278e+03 -7.384329738970927792e+01
6.431064000000000647e+01 3.205000000000000000e+03 3.291181101547349499e+03 -8.618110154734949901e+01
6.432376999999999612e+01 3.316000000000000000e+03 3.290588194003315493e+03 2.541180599668450668e+01
6.433689999999999998e+01 3.401000000000000000e+03 3.290054553382035920e+03 1.109454466179640804e+02
6.435003000000000384e+01 3.311000000000000000e+03 3.289571679140793549e+03 2.142832085920645113e+01
6.436315999999999349e+01 3.314000000000000000e+03 3.289132394018740342e+03 2.486760598125965771e+01
6.437628999999999735e+01 3.322000000000000000e+03 3.288730662445010694e+03 3.326933755498930623e+01
6.438942000000000121e+01 3.213000000000000000e+03 3.288361426009143088e+03 -7.536142600914308787e+01
6.440255000000000507e+01 3.353000000000000000e+03 3.288020456350035602e+03 6.497954364996439836e+01
6.441567999999999472e+01 3.374000000000000000e+03 3.287704225220264107e+03 8.629577477973589339e+01
6.442880999999999858e+01 3.231000000000000000e+03 3.287409791023275830e+03 -5.640979102327582950e+01
6.444194000000000244e+01 3.205000000000000000e+03 3.287134700789569251e+03 -8.213470078956925136e+01
6.445507000000000630e+01 3.237000000000000000e+03 3.286876808731302390e+03 -4.987680873130238979e+01
6.446819999999999595e+01 3.357000000000000000e+03 3.286634595958828868e+03 7.036540404117113212e+01
6.448132999999999981e+01 3.341000000000000000e+03 3.286406524252204235e+03 5.459347574779576462e+01
6.449446000000000367e+01 3.322000000000000000e+03 3.286191377775426190e+03 3.580862222457380994e+01
6.450758999999999332e+01 3.347000000000000000e+03 3.285988124127567062e+03 6.101187587243293819e+01
6.452071999999999719e+01 3.183000000000000000e+03 3.285795880695388860e+03 -1.027958806953888597e+02
6.453385000000000105e+01 3.300000000000000000e+03 3.285613887241674547e+03 1.438611275832545289e+01
6.454698000000000491e+01 3.251000000000000000e+03 3.285441483707965745e+03 -3.444148370796574454e+01
6.456011999999999773e+01 3.317000000000000000e+03 3.285277971194666861e+03 3.172202880533313873e+01
6.457325000000000159e+01 3.258000000000000000e+03 3.285123088480347178e+03 -2.712308848034717812e+01
6.458638000000000545e+01 3.364000000000000000e+03 3.284976254509422688e+03 7.902374549057731201e+01
6.459950999999999510e+01 3.358000000000000000e+03 3.284837063395407768e+03 7.316293660459223247e+01
6.461263999999999896e+01 3.339000000000000000e+03 3.284705149351500495e+03 5.429485064849950504e+01
6.462577000000000282e+01 3.271000000000000000e+03 3.284580180905463294e+03 -1.358018090546329404e+01
6.463890000000000668e+01 3.419000000000000000e+03 3.284461805159126015e+03 1.345381948408739845e+02
6.465202999999999633e+01 3.295000000000000000e+03 3.284349848781070250e+03 1.065015121892975003e+01
6.466516000000000020e+01 3.276000000000000000e+03 3.284244007781433083e+03 -8.244007781433083437e+00
6.467829000000000406e+01 3.282000000000000000e+03 3.284144050129621974e+03 -2.144050129621973610e+00
6.469141999999999371e+01 3.219000000000000000e+03 3.284049762517759973e+03 -6.504976251775997298e+01
6.470454999999999757e+01 3.279000000000000000e+03 3.283960948768927665e+03 -4.960948768927664787e+00
6.471768000000000143e+01 3.252000000000000000e+03 3.283877428523332583e+03 -3.187742852333258270e+01
6.473081000000000529e+01 3.339000000000000000e+03 3.283799036146119306e+03 5.520096385388069393e+01
6.474393999999999494e+01 3.363000000000000000e+03 3.283725619814313177e+03 7.927438018568682310e+01
6.475706999999999880e+01 3.375000000000000000e+03 3.283657040751059412e+03 9.134295924894058771e+01
6.477020000000000266e+01 3.330000000000000000e+03 3.283593172583962314e+03 4.640682741603768591e+01
6.478333000000000652e+01 3.237000000000000000e+03 3.283533900811048625e+03 -4.653390081104862475e+01
6.479645999999999617e+01 3.305000000000000000e+03 3.283479122363580700e+03 2.152087763641929996e+01
6.480959000000000003e+01 3.403000000000000000e+03 3.283428745259653624e+03 1.195712547403463759e+02
6.482272000000000389e+01 3.243000000000000000e+03 3.283382688346891427e+03 -4.038268834689142750e+01
6.483584999999999354e+01 3.164000000000000000e+03 3.283340881136721237e+03 -1.193408811367212365e+02
6.484897999999999740e+01 3.312000000000000000e+03 3.283303263737051566e+03 2.869673626294843416e+01
6.486211000000000126e+01 3.255000000000000000e+03 3.283269786894967183e+03 -2.826978689496718289e+01
6.487524000000000513e+01 3.363000000000000000e+03 3.283240412166549049e+03 7.975958783345095071e+01
6.488836999999999477e+01 3.280000000000000000e+03 3.283215112237451194e+03 -3.215112237451194233e+00
6.490149999999999864e+01 3.263000000000000000e+03 3.283193871425658472e+03 -2.019387142565847171e+01
6.491463000000000250e+01 3.296000000000000000e+03 3.283176686407285160e+03 1.282331359271483961e+01
6.492776000000000636e+01 3.404000000000000000e+03 3.283163567217581203e+03 1.208364327824187967e+02
6.494088999999999601e+01 3.257000000000000000e+03 3.283154538592931203e+03 -2.615453859293120331e+01
6.495401999999999987e+01 3.308000000000000000e+03 3.283149641735627029e+03 2.485035826437297146e+01
6.496715000000000373e+01 3.366000000000000000e+03 3.283148936602157846e+03 8.285106339784215379e+01
6.498027999999999338e+01 3.356000000000000000e+03 3.283152504837479228e+03 7.284749516252077228e+01
6.499340999999999724e+01 3.262000000000000000e+03 3.283160453502647670e+03 -2.116045350264766967e+01
6.500654000000000110e+01 3.194000000000000000e+03 3.283172919770958742e+03 -8.917291977095874245e+01
6.501967999999999392e+01 3.352000000000000000e+03 3.283190091704890165e+03 6.880990829510983531e+01
6.503280999999999779e+01 3.445000000000000000e+03 3.283212159744843575e+03 1.617878402551564250e+02
6.504594000000000165e+01 3.295000000000000000e+03 3.283239403845747347e+03 1.176059615425265292e+01
6.505907000000000551e+01 3.302000000000000000e+03 3.283272155904016472e+03 1.872784409598352795e+01
6.507219999999999516e+01 3.330000000000000000e+03 3.283310824302198853e+03 4.668917569780114718e+01
6.508532999999999902e+01 3.330000000000000000e+03 3.283355909889083705e+03 4.664409011091629509e+01
6.509846000000000288e+01 3.356000000000000000e+03 3.283408025038212600e+03 7.259197496178740039e+01
6.511159000000000674e+01 3.286000000000000000e+03 3.283467916179738040e+03 2.532083820261959772e+00
6.512471999999999639e+01 3.275000000000000000e+03 3.283536490195184342e+03 -8.536490195184342156e+00
6.513785000000000025e+01 3.293000000000000000e+03 3.283614845039900501e+03 9.385154960099498567e+00
6.515098000000000411e+01 3.321000000000000000e+03 3.283704304908440918e+03 3.729569509155908236e+01
6.516410999999999376e+01 3.315000000000000000e+03 3.283806460178913312e+03 3.119353982108668788e+01
6.517723999999999762e+01 3.292000000000000000e+03 3.283923212258006060e+03 8.076787741993939562e+00
6.519037000000000148e+01 3.435000000000000000e+03 3.284056823294351034e+03 1.509431767056489662e+02
6.520350000000000534e+01 3.360000000000000000e+03 3.284209970530151168e+03 7.579002946984883238e+01
6.521662999999999499e+01 3.354000000000000000e+03 3.284385804817142798e+03 6.961419518285720187e+01
6.522975999999999885e+01 3.282000000000000000e+03 3.284588012532145967e+03 -2.588012532145967270e+00
6.524289000000000271e+01 3.283000000000000000e+03 3.284820879791875086e+03 -1.820879791875086084e+00
6.525602000000000658e+01 3.298000000000000000e+03 3.285089357490878228e+03 1.291064250912177158e+01
6.526914999999999623e+01 3.371000000000000000e+03 3.285399125279336658e+03 8.560087472066334158e+01
6.528228000000000009e+01 3.321000000000000000e+03 3.285757604469317812e+03 3.524239553068218811e+01
6.529541000000000395e+01 3.353000000000000000e+03 3.286170205351460936e+03 6.682979464853906393e+01
6.530853999999999360e+01 3.238000000000000000e+03 3.286646080205149246e+03 -4.864608020514924647e+01
6.532166999999999746e+01 3.332000000000000000e+03 3.287194352592790892e+03 4.480564740720910777e+01
6.533480000000000132e+01 3.265000000000000000e+03 3.287825083541436015e+03 -2.282508354143601537e+01
6.534793000000000518e+01 3.287000000000000000e+03 3.288549266838050698e+03 -1.549266838050698425e+00
6.536105999999999483e+01 3.279000000000000000e+03 3.289378799662721121e+03 -1.037879966272112142e+01
6.537418999999999869e+01 3.249000000000000000e+03 3.290326424586661233e+03 -4.132642458666123275e+01
6.538732000000000255e+01 3.213000000000000000e+03 3.291405639246777810e+03 -7.840563924677780960e+01
6.540045000000000641e+01 3.350000000000000000e+03 3.292630570500645717e+03 5.736942949935428260e+01
6.541357999999999606e+01 3.255000000000000000e+03 3.294015810576916465e+03 -3.901581057691646492e+01
6.542670999999999992e+01 3.321000000000000000e+03 3.295576213666805415e+03 2.542378633319458459e+01
6.543984000000000378e+01 3.291000000000000000e+03 3.297326652539182760e+03 -6.326652539182759938e+00
6.545296999999999343e+01 3.324000000000000000e+03 3.299281736076268317e+03 2.471826392373168346e+01
6.546609999999999729e+01 3.320000000000000000e+03 3.301455989783264158e+03 1.854401021673584182e+01
6.547923000000000116e+01 3.325000000000000000e+03 3.303861505918980583e+03 2.113849408101941663e+01
6.549236999999999398e+01 3.228000000000000000e+03 3.306512672063314767e+03 -7.851267206331476700e+01
6.550549999999999784e+01 3.339000000000000000e+03 3.309415519330440020e+03 2.958448066955998002e+01
6.551863000000000170e+01 3.294000000000000000e+03 3.312579901909237833e+03 -1.857990190923783302e+01
6.553176000000000556e+01 3.279000000000000000e+03 3.316011204765431103e+03 -3.701120476543110271e+01
6.554488999999999521e+01 3.273000000000000000e+03 3.319711855302854929e+03 -4.671185530285492860e+01
6.555801999999999907e+01 3.353000000000000000e+03 3.323680926095041741e+03 2.931907390495825894e+01
6.557115000000000293e+01 3.282000000000000000e+03 3.327913760863286825e+03 -4.591376086328682504e+01
6.558428000000000679e+01 3.226000000000000000e+03 3.332401631313059625e+03 -1.064016313130596245e+02
6.559740999999999644e+01 3.356000000000000000e+03 3.337131430981994527e+03 1.886856901800547348e+01
6.561054000000000030e+01 3.255000000000000000e+03 3.342085410662627964e+03 -8.708541066262796448e+01
6.562367000000000417e+01 3.384000000000000000e+03 3.347240958665608559e+03 3.675904133439144061e+01
6.563679999999999382e+01 3.351000000000000000e+03 3.352570428808065572e+03 -1.570428808065571502e+00
6.564992999999999768e+01 3.293000000000000000e+03 3.358041020366054909e+03 -6.504102036605490866e+01
6.566306000000000154e+01 3.285000000000000000e+03 3.363614718265587271e+03 -7.861471826558727116e+01
6.567619000000000540e+01 3.306000000000000000e+03 3.369248309385085577e+03 -6.324830938508557665e+01
6.568931999999999505e+01 3.316000000000000000e+03 3.374893502451518088e+03 -5.889350245151808849e+01
6.570244999999999891e+01 3.394000000000000000e+03 3.380497194066895190e+03 1.350280593310480981e+01
6.571558000000000277e+01 3.357000000000000000e+03 3.386001939572648098e+03 -2.900193957264809796e+01
6.572871000000000663e+01 3.397000000000000000e+03 3.391346705763090540e+03 5.653294236909459869e+00
6.574183999999999628e+01 3.288000000000000000e+03 3.396467943419736912e+03 -1.084679434197369119e+02
6.575497000000000014e+01 3.410000000000000000e+03 3.401301120746499691e+03 8.698879253500308550e+00
6.576810000000000400e+01 3.477000000000000000e+03 3.405782610468794246e+03 7.121738953120575388e+01
6.578122999999999365e+01 3.488000000000000000e+03 3.409851951198894312e+03 7.814804880110568774e+01
6.579435999999999751e+01 3.469000000000000000e+03 3.413454288478431408e+03 5.554571152156859171e+01
6.580749000000000137e+01 3.563000000000000000e+03 3.416542751168980885e+03 1.464572488310191147e+02
6.582062000000000523e+01 3.475000000000000000e+03 3.419080458126984013e+03 5.591954187301598722e+01
6.583374999999999488e+01 3.455000000000000000e+03 3.421041859657708756e+03 3.395814034229124445e+01
6.584687999999999874e+01 3.671000000000000000e+03 3.422413204424757168e+03 2.485867955752428315e+02
6.586001000000000261e+01 3.575000000000000000e+03 3.423192070336924644e+03 1.518079296630753561e+02
6.587314000000000647e+01 3.431000000000000000e+03 3.423386067883646774e+03 7.613932116353225865e+00
6.588626999999999612e+01 3.521000000000000000e+03 3.423010967752128181e+03 9.798903224787181898e+01
6.589939999999999998e+01 3.507000000000000000e+03 3.422088583838034538e+03 8.491141616196546238e+01
6.591253000000000384e+01 3.428000000000000000e+03 3.420644748255797367e+03 7.355251744202632835e+00
6.592565999999999349e+01 3.464000000000000000e+03 3.418707631453246904e+03 4.529236854675309587e+01
6.593878999999999735e+01 3.448000000000000000e+03 3.416306623458754075e+03 3.169337654124592518e+01
6.595192000000000121e+01 3.379000000000000000e+03 3.413471773353826393e+03 -3.447177335382639285e+01
6.596505999999999403e+01 3.402000000000000000e+03 3.410231173284531906e+03 -8.231173284531905665e+00
6.597818999999999789e+01 3.489000000000000000e+03 3.406621535293490069e+03 8.237846470650993069e+01
6.599132000000000176e+01 3.364000000000000000e+03 3.402673972743490594e+03 -3.867397274349059444e+01
6.600445000000000562e+01 3.484000000000000000e+03 3.398424196460091025e+03 8.557580353990897493e+01
6.601757999999999527e+01 3.486000000000000000e+03 3.393910601936415787e+03 9.208939806358421265e+01
6.603070999999999913e+01 3.486000000000000000e+03 3.389174318835578106e+03 9.682568116442189421e+01
6.604384000000000299e+01 3.407000000000000000e+03 3.384258843603037803e+03 2.274115639696219660e+01
6.605697000000000685e+01 3.487000000000000000e+03 3.379209286068500205e+03 1.077907139314997949e+02
6.607009999999999650e+01 3.432000000000000000e+03 3.374071338204811582e+03 5.792866179518841818e+01
6.608323000000000036e+01 3.290000000000000000e+03 3.368890115728870114e+03 -7.889011572887011425e+01
6.609636000000000422e+01 3.361000000000000000e+03 3.363709025246163037e+03 -2.709025246163037082e+00
6.610948999999999387e+01 3.271000000000000000e+03 3.358568778825643676e+03 -8.756877882564367610e+01
6.612261999999999773e+01 3.261000000000000000e+03 3.353506629931515363e+03 -9.250662993151536284e+01
6.613575000000000159e+01 3.297000000000000000e+03 3.348555855805298961e+03 -5.155585580529896106e+01
6.614888000000000545e+01 3.359000000000000000e+03 3.343745473037953161e+03 1.525452696204683889e+01
6.616200999999999510e+01 3.325000000000000000e+03 3.339100149807855360e+03 -1.410014980785535954e+01
6.617513999999999896e+01 3.255000000000000000e+03 3.334640269177658865e+03 -7.964026917765886537e+01
6.618827000000000282e+01 3.370000000000000000e+03 3.330382099055457275e+03 3.961790094454272548e+01
6.620140000000000668e+01 3.268000000000000000e+03 3.326338031406065056e+03 -5.833803140606505622e+01
6.621452999999999633e+01 3.220000000000000000e+03 3.322516862312374997e+03 -1.025168623123749967e+02
6.622766000000000020e+01 3.413000000000000000e+03 3.318924093103494215e+03 9.407590689650578497e+01
6.624079000000000406e+01 3.323000000000000000e+03 3.315562239772236353e+03 7.437760227763646981e+00
6.625391999999999371e+01 3.405000000000000000e+03 3.312431142958268993e+03 9.256885704173100748e+01
6.626704999999999757e+01 3.322000000000000000e+03 3.309528274039127609e+03 1.247172596087239071e+01
6.628018000000000143e+01 3.296000000000000000e+03 3.306849034733292228e+03 -1.084903473329222834e+01
6.629331000000000529e+01 3.318000000000000000e+03 3.304387048502971538e+03 1.361295149702846174e+01
6.630643999999999494e+01 3.280000000000000000e+03 3.302134442324158044e+03 -2.213444232415804436e+01
6.631956999999999880e+01 3.376000000000000000e+03 3.300082117357044353e+03 7.591788264295564659e+01
6.633270000000000266e+01 3.367000000000000000e+03 3.298220006904150523e+03 6.877999309584947696e+01
6.634583000000000652e+01 3.344000000000000000e+03 3.296537319914821637e+03 4.746268008517836279e+01
6.635895999999999617e+01 3.329000000000000000e+03 3.295022768254609218e+03 3.397723174539078173e+01
6.637209000000000003e+01 3.224000000000000000e+03 3.293664776036156127e+03 -6.966477603615612679e+01
6.638522000000000389e+01 3.343000000000000000e+03 3.292451669507101542e+03 5.054833049289845803e+01
6.639834999999999354e+01 3.217000000000000000e+03 3.291371846294685383e+03 -7.437184629468538333e+01
6.641147999999999740e+01 3.354000000000000000e+03 3.290413923191154026e+03 6.358607680884597357e+01
6.642461000000000126e+01 3.395000000000000000e+03 3.289566862099136870e+03 1.054331379008631302e+02
6.643774999999999409e+01 3.343000000000000000e+03 3.288819541068491617e+03 5.418045893150838310e+01
6.645087999999999795e+01 3.284000000000000000e+03 3.288163034831991808e+03 -4.163034831991808460e+00
6.646401000000000181e+01 3.291000000000000000e+03 3.287587276535925866e+03 3.412723464074133517e+00
6.647714000000000567e+01 3.289000000000000000e+03 3.287083443457862813e+03 1.916556542137186625e+00
6.649026999999999532e+01 3.343000000000000000e+03 3.286643377627717200e+03 5.635662237228279992e+01
6.650339999999999918e+01 3.295000000000000000e+03 3.286259596497827260e+03 8.740403502172739536e+00
6.651653000000000304e+01 3.240000000000000000e+03 3.285925290037552713e+03 -4.592529003755271333e+01
6.652966000000000690e+01 3.289000000000000000e+03 3.285634306311140790e+03 3.365693688859209942e+00
6.654278999999999655e+01 3.310000000000000000e+03 3.285381127601986464e+03 2.461887239801353644e+01
6.655592000000000041e+01 3.341000000000000000e+03 3.285160839088183366e+03 5.583916091181663433e+01
6.656905000000000427e+01 3.257000000000000000e+03 3.284969091962962466e+03 -2.796909196296246591e+01
6.658217999999999392e+01 3.302000000000000000e+03 3.284802062740608562e+03 1.719793725939143769e+01
6.659530999999999779e+01 3.389000000000000000e+03 3.284656410305139161e+03 1.043435896948608388e+02
6.660844000000000165e+01 3.351000000000000000e+03 3.284529232056515411e+03 6.647076794348458861e+01
6.662157000000000551e+01 3.278000000000000000e+03 3.284418020297975090e+03 -6.418020297975090216e+00
6.663469999999999516e+01 3.204000000000000000e+03 3.284320619797215386e+03 -8.032061979721538592e+01
6.664782999999999902e+01 3.289000000000000000e+03 3.284235187251334992e+03 4.764812748665008257e+00
6.666096000000000288e+01 3.242000000000000000e+03 3.284160153196587999e+03 -4.216015319658799854e+01
6.667409000000000674e+01 3.332000000000000000e+03 3.284094186733567767e+03 4.790581326643223292e+01
6.668721999999999639e+01 3.375000000000000000e+03 3.284036163289080378e+03 9.096383671091962242e+01
6.670035000000000025e+01 3.328000000000000000e+03 3.283985135509229167e+03 4.401486449077083307e+01
6.671348000000000411e+01 3.285000000000000000e+03 3.283940307274104725e+03 1.059692725895274634e+00
6.672660999999999376e+01 3.229000000000000000e+03 3.283901010742367816e+03 -5.490101074236781642e+01
6.673973999999999762e+01 3.215000000000000000e+03 3.283866686272108836e+03 -6.886668627210883642e+01
6.675287000000000148e+01 3.350000000000000000e+03 3.283836865020871755e+03 6.616313497912824459e+01
6.676600000000000534e+01 3.216000000000000000e+03 3.283811153999977705e+03 -6.781115399997770510e+01
6.677912999999999499e+01 3.231000000000000000e+03 3.283789223344038874e+03 -5.278922334403887362e+01
6.679225999999999885e+01 3.257000000000000000e+03 3.283770795552957225e+03 -2.677079555295722457e+01
6.680539000000000271e+01 3.279000000000000000e+03 3.283755636468787543e+03 -4.755636468787542981e+00
6.681852000000000658e+01 3.369000000000000000e+03 3.283743547761029731e+03 8.525645223897026881e+01
6.683164999999999623e+01 3.286000000000000000e+03 3.283734360709561770e+03 2.265639290438230091e+00
6.684478000000000009e+01 3.248000000000000000e+03 3.283727931092796098e+03 -3.572793109279609780e+01
6.685791000000000395e+01 3.256000000000000000e+03 3.283724135008363191e+03 -2.772413500836319145e+01
6.687103999999999360e+01 3.328000000000000000e+03 3.283722865473761885e+03 4.427713452623811463e+01
6.688416999999999746e+01 3.309000000000000000e+03 3.283724029673953282e+03 2.527597032604671767e+01
6.689731000000000449e+01 3.230000000000000000e+03 3.283727550298261576e+03 -5.372755029826157624e+01
6.691043999999999414e+01 3.241000000000000000e+03 3.283733351242167828e+03 -4.273335124216782788e+01
6.692356999999999800e+01 3.352000000000000000e+03 3.283741372332026913e+03 6.825862766797308723e+01
6.693670000000000186e+01 3.321000000000000000e+03 3.283751559186262057e+03 3.724844081373794324e+01
6.694983000000000573e+01 3.210000000000000000e+03 3.283763864091615233e+03 -7.376386409161523261e+01
6.696295999999999538e+01 3.266000000000000000e+03 3.283778245269715626e+03 -1.777824526971562591e+01
6.697608999999999924e+01 3.290000000000000000e+03 3.283794666289776160e+03 6.205333710223840171e+00
6.698922000000000310e+01 3.281000000000000000e+03 3.283813095597597567e+03 -2.813095597597566666e+00
6.700235000000000696e+01 3.256000000000000000e+03 3.283833506137145832e+03 -2.783350613714583233e+01
6.701547999999999661e+01 3.380000000000000000e+03 3.283855875045916491e+03 9.614412495408350878e+01
6.702861000000000047e+01 3.334000000000000000e+03 3.283880183409362417e+03 5.011981659063758343e+01
6.704174000000000433e+01 3.329000000000000000e+03 3.283906416062854532e+03 4.509358393714546764e+01
6.705486999999999398e+01 3.317000000000000000e+03 3.283934561432325154e+03 3.306543856767484613e+01
6.706799999999999784e+01 3.375000000000000000e+03 3.283967048097490078e+03 9.103295190250992164e+01
6.708113000000000170e+01 3.371000000000000000e+03 3.283999002854795890e+03 8.700099714520410998e+01
6.709426000000000556e+01 3.375000000000000000e+03 3.284032856017634913e+03 9.096714398236508714e+01
6.710738999999999521e+01 3.221000000000000000e+03 3.284068609345858476e+03 -6.306860934585847644e+01
6.712051999999999907e+01 3.317000000000000000e+03 3.284106267783364729e+03 3.289373221663527147e+01
6.713365000000000293e+01 3.220000000000000000e+03 3.284145839433086621e+03 -6.414583943308662128e+01
6.714678000000000679e+01 3.312000000000000000e+03 3.284187335547040675e+03 2.781266445295932499e+01
6.715990999999999644e+01 3.280000000000000000e+03 3.284230770530914469e+03 -4.230770530914469418e+00
6.717304000000000030e+01 3.288000000000000000e+03 3.284276161963030518e+03 3.723838036969482346e+00
6.718617000000000417e+01 3.315000000000000000e+03 3.284323530627979835e+03 3.067646937202016488e+01
6.719929999999999382e+01 3.235000000000000000e+03 3.284372900565558666e+03 -4.937290056555866613e+01
6.721242999999999768e+01 3.264000000000000000e+03 3.284424299136147965e+03 -2.042429913614796533e+01
6.722556000000000154e+01 3.239000000000000000e+03 3.284477757104139073e+03 -4.547775710413907291e+01
6.723869000000000540e+01 3.338000000000000000e+03 3.284534583647856380e+03 5.346541635214362032e+01
6.725181999999999505e+01 3.363000000000000000e+03 3.284592269426060739e+03 7.840773057393926138e+01
6.726494999999999891e+01 3.340000000000000000e+03 3.284652128484665354e+03 5.534787151533464566e+01
6.727808000000000277e+01 3.343000000000000000e+03 3.284714206495766575e+03 5.828579350423342476e+01
6.729121000000000663e+01 3.332000000000000000e+03 3.284778553333095260e+03 4.722144666690473969e+01
6.730433999999999628e+01 3.279000000000000000e+03 3.284845223345088016e+03 -5.845223345088015776e+00
6.731747000000000014e+01 3.249000000000000000e+03 3.284914275685839129e+03 -3.591427568583912944e+01
6.733060000000000400e+01 3.293000000000000000e+03 3.284985774717202730e+03 8.014225282797269756e+00
6.734372999999999365e+01 3.246000000000000000e+03 3.285074494959819731e+03 -3.907449495981973087e+01
6.735685999999999751e+01 3.278000000000000000e+03 3.285151133368758110e+03 -7.151133368758110009e+00
6.737000000000000455e+01 3.292000000000000000e+03 3.285230509802232518e+03 6.769490197767481732e+00
6.738312999999999420e+01 3.340000000000000000e+03 3.285312594806658581e+03 5.468740519334141936e+01
6.739625999999999806e+01 3.266000000000000000e+03 3.285397548084163191e+03 -1.939754808416319065e+01
6.740939000000000192e+01 3.308000000000000000e+03 3.285485480314404867e+03 2.251451968559513261e+01
6.742252000000000578e+01 3.322000000000000000e+03 3.285576514168409631e+03 3.642348583159036934e+01
6.743564999999999543e+01 3.334000000000000000e+03 3.285670786302505803e+03 4.832921369749419682e+01
6.744877999999999929e+01 3.354000000000000000e+03 3.285768449781569871e+03 6.823155021843012946e+01
6.746191000000000315e+01 3.362000000000000000e+03 3.285869677013521141e+03 7.613032298647885909e+01
6.747504000000000701e+01 3.379000000000000000e+03 3.285974663288073316e+03 9.302533671192668407e+01
6.748816999999999666e+01 3.301000000000000000e+03 3.286083631023930138e+03 1.491636897606986167e+01
6.750130000000000052e+01 3.242000000000000000e+03 3.286196834839385247e+03 -4.419683483938524660e+01
6.751443000000000438e+01 3.228000000000000000e+03 3.286314567571021598e+03 -5.831456757102159827e+01
6.752755999999999403e+01 3.256000000000000000e+03 3.286444875386457170e+03 -3.044487538645716995e+01
6.754068999999999789e+01 3.274000000000000000e+03 3.286572749457269765e+03 -1.257274945726976512e+01
6.755382000000000176e+01 3.281000000000000000e+03 3.286706337539054402e+03 -5.706337539054402441e+00
6.756695000000000562e+01 3.271000000000000000e+03 3.286846169219738840e+03 -1.584616921973884018e+01
6.758007999999999527e+01 3.339000000000000000e+03 3.286992861363487009e+03 5.200713863651299107e+01
6.759320999999999913e+01 3.324000000000000000e+03 3.287147132632362627e+03 3.685286736763737281e+01
6.760634000000000299e+01 3.390000000000000000e+03 3.287309819819944551e+03 1.026901801800554495e+02
6.761947000000000685e+01 3.262000000000000000e+03 3.287481896042145763e+03 -2.548189604214576320e+01
6.763259999999999650e+01 3.230000000000000000e+03 3.287664490781995937e+03 -5.766449078199593714e+01
6.764573000000000036e+01 3.296000000000000000e+03 3.287858911724090831e+03 8.141088275909169170e+00
6.765886000000000422e+01 3.298000000000000000e+03 3.288066668240701802e+03 9.933331759298198449e+00
6.767198999999999387e+01 3.335000000000000000e+03 3.288289496304898876e+03 4.671050369510112432e+01
6.768511999999999773e+01 3.263000000000000000e+03 3.288529384507887244e+03 -2.552938450788724367e+01
6.769825000000000159e+01 3.400000000000000000e+03 3.288788600749256602e+03 1.112113992507433977e+02
6.771138000000000545e+01 3.335000000000000000e+03 3.289069719053340577e+03 4.593028094665942263e+01
6.772450999999999510e+01 3.291000000000000000e+03 3.289375645845680538e+03 1.624354154319462396e+00
6.773763999999999896e+01 3.366000000000000000e+03 3.289709644906143694e+03 7.629035509385630576e+01
6.775077000000000282e+01 3.299000000000000000e+03 3.290075360105340678e+03 8.924639894659321726e+00
6.776390000000000668e+01 3.323000000000000000e+03 3.290476834936100659e+03 3.252316506389934148e+01
6.777702999999999633e+01 3.310000000000000000e+03 3.290918527779731448e+03 1.908147222026855161e+01
6.779016000000000020e+01 3.238000000000000000e+03 3.291405321806518259e+03 -5.340532180651825911e+01
6.780329000000000406e+01 3.151000000000000000e+03 3.291942528410062550e+03 -1.409425284100625504e+02
6.781641999999999371e+01 3.310000000000000000e+03 3.292535883124537577e+03 1.746411687546242320e+01
6.782954999999999757e+01 3.353000000000000000e+03 3.293191533080161207e+03 5.980846691983879282e+01
6.784269000000000460e+01 3.304000000000000000e+03 3.293916594960865041e+03 1.008340503913495922e+01
6.785581999999999425e+01 3.240000000000000000e+03 3.294716864876776526e+03 -5.471686487677652622e+01
6.786894999999999811e+01 3.300000000000000000e+03 3.295600079673709388e+03 4.399920326290612138e+00
6.788208000000000197e+01 3.317000000000000000e+03 3.296573716670897738e+03 2.042628332910226163e+01
6.789521000000000583e+01 3.374000000000000000e+03 3.297645457627991618e+03 7.635454237200838179e+01
6.790833999999999548e+01 3.273000000000000000e+03 3.298823119699906329e+03 -2.582311969990632861e+01
6.792146999999999935e+01 3.320000000000000000e+03 3.300114579640441661e+03 1.988542035955833853e+01
6.793460000000000321e+01 3.285000000000000000e+03 3.301527693284823727e+03 -1.652769328482372657e+01
6.794773000000000707e+01 3.281000000000000000e+03 3.303070212815260675e+03 -2.207021281526067469e+01
6.796085999999999672e+01 3.228000000000000000e+03 3.304749704727195876e+03 -7.674970472719587633e+01
6.797399000000000058e+01 3.310000000000000000e+03 3.306573471730362598e+03 3.426528269637401536e+00
6.798712000000000444e+01 3.437000000000000000e+03 3.308548481998720490e+03 1.284515180012795099e+02
6.800024999999999409e+01 3.365000000000000000e+03 3.310681309189385047e+03 5.431869081061495308e+01
6.801337999999999795e+01 3.356000000000000000e+03 3.312978086449000330e+03 4.302191355099967041e+01
6.802651000000000181e+01 3.393000000000000000e+03 3.315444477192851537e+03 7.755552280714846347e+01
6.803964000000000567e+01 3.349000000000000000e+03 3.318085664768571405e+03 3.091433523142859485e+01
6.805276999999999532e+01 3.260000000000000000e+03 3.320906362216438538e+03 -6.090636221643853787e+01
6.806589999999999918e+01 3.359000000000000000e+03 3.323910842258507728e+03 3.508915774149227218e+01
6.807903000000000304e+01 3.211000000000000000e+03 3.327102986476915703e+03 -1.161029864769157030e+02
6.809216000000000690e+01 3.314000000000000000e+03 3.330486351518405172e+03 -1.648635151840517210e+01
6.810528999999999655e+01 3.444000000000000000e+03 3.334064249285426285e+03 1.099357507145737145e+02
6.811842000000000041e+01 3.370000000000000000e+03 3.337839837699799318e+03 3.216016230020068178e+01
6.813155000000000427e+01 3.283000000000000000e+03 3.341816219044717400e+03 -5.881621904471739981e+01
6.814467999999999392e+01 3.327000000000000000e+03 3.345996544386136065e+03 -1.899654438613606544e+01
6.815780999999999779e+01 3.366000000000000000e+03 3.350384125323607805e+03 1.561587467639219540e+01
6.817094000000000165e+01 3.384000000000000000e+03 3.354982558259093366e+03 2.901744174090663364e+01
6.818407000000000551e+01 3.435000000000000000e+03 3.359795871007961068e+03 7.520412899203893176e+01
6.819719999999999516e+01 3.326000000000000000e+03 3.364828705807141432e+03 -3.882870580714143216e+01
6.821032999999999902e+01 3.330000000000000000e+03 3.370086554802611317e+03 -4.008655480261131743e+01
6.822346000000000288e+01 3.421000000000000000e+03 3.375576061580492933e+03 4.542393841950706701e+01
6.823659000000000674e+01 3.356000000000000000e+03 3.381305392913299784e+03 -2.530539291329978369e+01
6.824971999999999639e+01 3.655000000000000000e+03 3.387284667316198465e+03 2.677153326838015346e+02
6.826285000000000025e+01 3.390000000000000000e+03 3.393526402239192521e+03 -3.526402239192520938e+00
6.827598000000000411e+01 3.497000000000000000e+03 3.400045914053429442e+03 9.695408594657055801e+01
6.828910999999999376e+01 3.456000000000000000e+03 3.406861581951995049e+03 4.913841804800495083e+01
6.830225000000000080e+01 3.605000000000000000e+03 3.414000437348821833e+03 1.909995626511781666e+02
6.831538000000000466e+01 3.456000000000000000e+03 3.421475902768334890e+03 3.452409723166510958e+01
6.832850999999999431e+01 3.506000000000000000e+03 3.429319694658689968e+03 7.668030534131003151e+01
6.834163999999999817e+01 3.571000000000000000e+03 3.437559309744648999e+03 1.334406902553510008e+02
6.835477000000000203e+01 3.475000000000000000e+03 3.446221964984207716e+03 2.877803501579228396e+01
6.836790000000000589e+01 3.568000000000000000e+03 3.455333002236877746e+03 1.126669977631222537e+02
6.838102999999999554e+01 3.449000000000000000e+03 3.464914192271280626e+03 -1.591419227128062630e+01
6.839415999999999940e+01 3.382000000000000000e+03 3.474982067162556632e+03 -9.298206716255663196e+01
6.840729000000000326e+01 3.546000000000000000e+03 3.485546392971683872e+03 6.045360702831612798e+01
6.842041999999999291e+01 3.489000000000000000e+03 3.496608863727931293e+03 -7.608863727931293397e+00
6.843354999999999677e+01 3.440000000000000000e+03 3.508162060855398522e+03 -6.816206085539852211e+01
6.844668000000000063e+01 3.398000000000000000e+03 3.520188685506117508e+03 -1.221886855061175083e+02
6.845981000000000449e+01 3.494000000000000000e+03 3.532661039038196122e+03 -3.866103903819612242e+01
6.847293999999999414e+01 3.564000000000000000e+03 3.545540702257121211e+03 1.845929774287878899e+01
6.848606999999999800e+01 3.494000000000000000e+03 3.558778350074951049e+03 -6.477835007495104946e+01
6.849920000000000186e+01 3.564000000000000000e+03 3.572313638034257565e+03 -8.313638034257564868e+00
6.851233000000000573e+01 3.601000000000000000e+03 3.586075112882038411e+03 1.492488711796158896e+01
6.852545999999999538e+01 3.583000000000000000e+03 3.599980130889614884e+03 -1.698013088961488393e+01
6.853858999999999924e+01 3.603000000000000000e+03 3.613934811455063937e+03 -1.093481145506393659e+01
6.855172000000000310e+01 3.562000000000000000e+03 3.627834103276086353e+03 -6.583410327608635271e+01
6.856485000000000696e+01 3.536000000000000000e+03 3.641562087941623304e+03 -1.055620879416233038e+02
6.857797999999999661e+01 3.631000000000000000e+03 3.654992682664093081e+03 -2.399268266409308126e+01
6.859111000000000047e+01 3.737000000000000000e+03 3.667990921601416176e+03 6.900907839858382431e+01
6.860424000000000433e+01 3.681000000000000000e+03 3.680414985000616525e+03 5.850149993834747875e-01
6.861736999999999398e+01 3.576000000000000000e+03 3.692119098201671932e+03 -1.161190982016719317e+02
6.863049999999999784e+01 3.587000000000000000e+03 3.702957331313761642e+03 -1.159573313137616424e+02
6.864363000000000170e+01 3.658000000000000000e+03 3.712788195071879727e+03 -5.478819507187972704e+01
6.865676000000000556e+01 3.629000000000000000e+03 3.721479762385966751e+03 -9.247976238596675103e+01
6.866988999999999521e+01 3.602000000000000000e+03 3.728914879268039840e+03 -1.269148792680398401e+02
6.868301999999999907e+01 3.588000000000000000e+03 3.734995908516194504e+03 -1.469959085161945040e+02
6.869615000000000293e+01 3.521000000000000000e+03 3.739648422046303040e+03 -2.186484220463030397e+02
6.870928000000000679e+01 3.490000000000000000e+03 3.742823353052964194e+03 -2.528233530529641939e+02
6.872240999999999644e+01 3.469000000000000000e+03 3.744497332490383542e+03 -2.754973324903835419e+02
6.873554000000000030e+01 3.463000000000000000e+03 3.744671221306494772e+03 -2.816712213064947719e+02
6.874867000000000417e+01 3.577000000000000000e+03 3.743367139341455641e+03 -1.663671393414556405e+02
6.876179999999999382e+01 3.566000000000000000e+03 3.740624511930611334e+03 -1.746245119306113338e+02
6.877494000000000085e+01 3.520000000000000000e+03 3.736492101655113402e+03 -2.164921016551134016e+02
6.878807000000000471e+01 3.420000000000000000e+03 3.731037591034239085e+03 -3.110375910342390853e+02
6.880119999999999436e+01 3.474000000000000000e+03 3.724325307553110633e+03 -2.503253075531106333e+02
6.881432999999999822e+01 3.529000000000000000e+03 3.716425498217310178e+03 -1.874254982173101780e+02
6.882746000000000208e+01 3.540000000000000000e+03 3.707410542849586818e+03 -1.674105428495868182e+02
6.884059000000000594e+01 3.387000000000000000e+03 3.697354847919631084e+03 -3.103548479196310836e+02
6.885371999999999559e+01 3.453000000000000000e+03 3.686335559856855525e+03 -2.333355598568555251e+02
6.886684999999999945e+01 3.417000000000000000e+03 3.674433750653616244e+03 -2.574337506536162437e+02
6.887998000000000332e+01 3.372000000000000000e+03 3.661735674635048781e+03 -2.897356746350487811e+02
6.889310999999999297e+01 3.416000000000000000e+03 3.648333707773867445e+03 -2.323337077738674452e+02
6.890623999999999683e+01 3.439000000000000000e+03 3.634326661588213938e+03 -1.953266615882139376e+02
6.891937000000000069e+01 3.247000000000000000e+03 3.619819299615503951e+03 -3.728192996155039509e+02
6.893250000000000455e+01 3.276000000000000000e+03 3.604921046980209212e+03 -3.289210469802092121e+02
6.894562999999999420e+01 3.320000000000000000e+03 3.589744034909614129e+03 -2.697440349096141290e+02
6.895875999999999806e+01 3.338000000000000000e+03 3.574400727923268278e+03 -2.364007279232682777e+02
6.897189000000000192e+01 3.280000000000000000e+03 3.559001422863387234e+03 -2.790014228633872335e+02
6.898502000000000578e+01 3.288000000000000000e+03 3.543651887315583281e+03 -2.556518873155832807e+02
6.899814999999999543e+01 3.316000000000000000e+03 3.528451338401565408e+03 -2.124513384015654083e+02
6.901127999999999929e+01 3.327000000000000000e+03 3.513490876998842396e+03 -1.864908769988423956e+02
6.902441000000000315e+01 3.324000000000000000e+03 3.498852410555194183e+03 -1.748524105551941830e+02
6.903754000000000701e+01 3.316000000000000000e+03 3.484608034928111920e+03 -1.686080349281119197e+02
6.905066999999999666e+01 3.371000000000000000e+03 3.470819807585790386e+03 -9.981980758579038593e+01
6.906380000000000052e+01 3.281000000000000000e+03 3.457539829069276948e+03 -1.765398290692769478e+02
6.907693000000000438e+01 3.362000000000000000e+03 3.444810550855418569e+03 -8.281055085541856897e+01
6.909005999999999403e+01 3.382000000000000000e+03 3.432665238803804186e+03 -5.066523880380418632e+01
6.910318999999999789e+01 3.389000000000000000e+03 3.421128536400835401e+03 -3.212853640083540085e+01
6.911632000000000176e+01 3.275000000000000000e+03 3.410217087035025088e+03 -1.352170870350250880e+02
6.912945000000000562e+01 3.247000000000000000e+03 3.399940187346745461e+03 -1.529401873467454607e+02
6.914257999999999527e+01 3.362000000000000000e+03 3.390300453461850338e+03 -2.830045346185033850e+01
6.915570999999999913e+01 3.347000000000000000e+03 3.381294488676548553e+03 -3.429448867654855349e+01
6.916884000000000299e+01 3.386000000000000000e+03 3.372913545393265395e+03 1.308645460673460548e+01
6.918197000000000685e+01 3.314000000000000000e+03 3.365144176445528501e+03 -5.114417644552850106e+01
6.919509999999999650e+01 3.346000000000000000e+03 3.357968872009554161e+03 -1.196887200955416120e+01
6.920823000000000036e+01 3.303000000000000000e+03 3.351366678592819426e+03 -4.836667859281942583e+01
6.922136000000000422e+01 3.388000000000000000e+03 3.345313796505809023e+03 4.268620349419097693e+01
6.923448999999999387e+01 3.322000000000000000e+03 3.339784882876324900e+03 -1.778488287632490028e+01
6.924763000000000090e+01 3.311000000000000000e+03 3.334747019982758502e+03 -2.374701998275850201e+01
6.926076000000000477e+01 3.310000000000000000e+03 3.330179560478723943e+03 -2.017956047872394265e+01
6.927388999999999442e+01 3.314000000000000000e+03 3.326048710796791966e+03 -1.204871079679196555e+01
6.928701999999999828e+01 3.398000000000000000e+03 3.322324381698381330e+03 7.567561830161866965e+01
6.930015000000000214e+01 3.361000000000000000e+03 3.318976559697994617e+03 4.202344030200538327e+01
6.931328000000000600e+01 3.301000000000000000e+03 3.315975652988669481e+03 -1.497565298866948069e+01
6.932640999999999565e+01 3.312000000000000000e+03 3.313292791754256086e+03 -1.292791754256086278e+00
6.933953999999999951e+01 3.342000000000000000e+03 3.310900082642765028e+03 3.109991735723497186e+01
6.935267000000000337e+01 3.295000000000000000e+03 3.308770818029757265e+03 -1.377081802975726532e+01
6.936579999999999302e+01 3.277000000000000000e+03 3.306879641511097816e+03 -2.987964151109781596e+01
6.937892999999999688e+01 3.349000000000000000e+03 3.305202671797177118e+03 4.379732820282288230e+01
6.939206000000000074e+01 3.261000000000000000e+03 3.303717587810428995e+03 -4.271758781042899500e+01
6.940519000000000460e+01 3.343000000000000000e+03 3.302403678296900580e+03 4.059632170309942012e+01
6.941831999999999425e+01 3.346000000000000000e+03 3.301241859641369501e+03 4.475814035863049867e+01
6.943144999999999811e+01 3.229000000000000000e+03 3.300215049327717225e+03 -7.121504932771722451e+01
6.944458000000000197e+01 3.257000000000000000e+03 3.299306598788103202e+03 -4.230659878810320151e+01
6.945771000000000583e+01 3.252000000000000000e+03 3.298502538632827054e+03 -4.650253863282705424e+01
6.947083999999999548e+01 3.388000000000000000e+03 3.297789977373565762e+03 9.021002262643423819e+01
6.948396999999999935e+01 3.307000000000000000e+03 3.297157402673383785e+03 9.842597326616214559e+00
6.949710000000000321e+01 3.227000000000000000e+03 3.296594591196276269e+03 -6.959459119627626933e+01
6.951023000000000707e+01 3.316000000000000000e+03 3.296092512968087249e+03 1.990748703191275126e+01
6.952335999999999672e+01 3.306000000000000000e+03 3.295643233018624414e+03 1.035676698137558560e+01
6.953649000000000058e+01 3.246000000000000000e+03 3.295239812690405415e+03 -4.923981269040541520e+01
6.954962000000000444e+01 3.260000000000000000e+03 3.294876212610897255e+03 -3.487621261089725522e+01
6.956274999999999409e+01 3.248000000000000000e+03 3.294547198945266246e+03 -4.654719894526624557e+01
6.957587999999999795e+01 3.276000000000000000e+03 3.294248254186495615e+03 -1.824825418649561470e+01
6.958901000000000181e+01 3.280000000000000000e+03 3.293975493407242539e+03 -1.397549340724253852e+01
6.960214000000000567e+01 3.363000000000000000e+03 3.293725586599102371e+03 6.927441340089762889e+01
6.961526999999999532e+01 3.366000000000000000e+03 3.293495687463366721e+03 7.250431253663327880e+01
6.962839999999999918e+01 3.311000000000000000e+03 3.293283368794718626e+03 1.771663120528137370e+01
6.964153000000000304e+01 3.277000000000000000e+03 3.293086564415297744e+03 -1.608656441529774384e+01
6.965466000000000690e+01 3.381000000000000000e+03 3.292903517469782400e+03 8.809648253021759956e+01
6.966778999999999655e+01 3.227000000000000000e+03 3.292732734779926432e+03 -6.573273477992643166e+01
6.968092000000000041e+01 3.362000000000000000e+03 3.292572946876096921e+03 6.942705312390307881e+01
6.969405000000000427e+01 3.265000000000000000e+03 3.292423073269819270e+03 -2.742307326981926963e+01
6.970717999999999392e+01 3.289000000000000000e+03 3.292282192501369082e+03 -3.282192501369081583e+00
6.972032000000000096e+01 3.316000000000000000e+03 3.292149418386281013e+03 2.385058161371898677e+01
6.973345000000000482e+01 3.291000000000000000e+03 3.292024276086400732e+03 -1.024276086400732311e+00
6.974657999999999447e+01 3.387000000000000000e+03 3.291906078143083050e+03 9.509392185691694976e+01
6.975970999999999833e+01 3.329000000000000000e+03 3.291794318743421627e+03 3.720568125657837300e+01
6.977284000000000219e+01 3.331000000000000000e+03 3.291688556676263488e+03 3.931144332373651196e+01
6.978597000000000605e+01 3.267000000000000000e+03 3.291588404547612754e+03 -2.458840454761275396e+01
6.979909999999999570e+01 3.331000000000000000e+03 3.291493519851784185e+03 3.950648014821581455e+01
6.981222999999999956e+01 3.301000000000000000e+03 3.291403597608967630e+03 9.596402391032370360e+00
6.982536000000000342e+01 3.417000000000000000e+03 3.291318364315435701e+03 1.256816356845642986e+02
6.983848999999999307e+01 3.347000000000000000e+03 3.291237572986303348e+03 5.576242701369665156e+01
6.985161999999999694e+01 3.299000000000000000e+03 3.291160999101773086e+03 7.839000898226913705e+00
6.986475000000000080e+01 3.353000000000000000e+03 3.291088437296135908e+03 6.191156270386409233e+01
6.987788000000000466e+01 3.359000000000000000e+03 3.291019698653991782e+03 6.798030134600821839e+01
6.989100999999999431e+01 3.334000000000000000e+03 3.290954608500393533e+03 4.304539149960646682e+01
6.990413999999999817e+01 3.320000000000000000e+03 3.290893004591032422e+03 2.910699540896757753e+01
6.991727000000000203e+01 3.332000000000000000e+03 3.290834735625106987e+03 4.116526437489301316e+01
6.993040000000000589e+01 3.313000000000000000e+03 3.290779660017765309e+03 2.222033998223469098e+01
6.994352999999999554e+01 3.344000000000000000e+03 3.290727644880807475e+03 5.327235511919252531e+01
6.995665999999999940e+01 3.308000000000000000e+03 3.290678565170309867e+03 1.732143482969013348e+01
6.996979000000000326e+01 3.278000000000000000e+03 3.290632302967990199e+03 -1.263230296799019925e+01
6.998291999999999291e+01 3.277000000000000000e+03 3.290588746869827901e+03 -1.358874686982790081e+01
6.999604999999999677e+01 3.353000000000000000e+03 3.290547791460929147e+03 6.245220853907085257e+01
7.000918000000000063e+01 3.224000000000000000e+03 3.290509336859975065e+03 -6.650933685997506473e+01
7.002231000000000449e+01 3.164000000000000000e+03 3.290473288320134998e+03 -1.264732883201349978e+02
7.003543999999999414e+01 3.335000000000000000e+03 3.290439555876092527e+03 4.456044412390747311e+01
7.004856999999999800e+01 3.223000000000000000e+03 3.290408054029081995e+03 -6.740805402908199540e+01
7.006170000000000186e+01 3.254000000000000000e+03 3.290378701463490415e+03 -3.637870146349041534e+01
7.007483000000000573e+01 3.260000000000000000e+03 3.290351420790040720e+03 -3.035142079004072002e+01
7.008795999999999538e+01 3.434000000000000000e+03 3.290326138311526847e+03 1.436738616884731528e+02
7.010108999999999924e+01 3.251000000000000000e+03 3.290302783807944252e+03 -3.930278380794425175e+01
7.011422000000000310e+01 3.344000000000000000e+03 3.290281290338505642e+03 5.371870966149435844e+01
7.012735000000000696e+01 3.294000000000000000e+03 3.290261594058453738e+03 3.738405941546261602e+00
7.014047999999999661e+01 3.305000000000000000e+03 3.290243634049060802e+03 1.475636595093919823e+01
7.015361000000000047e+01 3.361000000000000000e+03 3.290227352159395195e+03 7.077264784060480451e+01
7.016674000000000433e+01 3.356000000000000000e+03 3.290212692858732225e+03 6.578730714126777457e+01
7.017987999999999715e+01 3.385000000000000000e+03 3.290199593714418370e+03 9.480040628558163007e+01
7.019301000000000101e+01 3.364000000000000000e+03 3.290188023937772869e+03 7.381197606222713148e+01
7.020614000000000487e+01 3.278000000000000000e+03 3.290177924507574971e+03 -1.217792450757497136e+01
7.021926999999999452e+01 3.242000000000000000e+03 3.290169249081411635e+03 -4.816924908141163542e+01
7.023239999999999839e+01 3.270000000000000000e+03 3.290161953329197331e+03 -2.016195332919733119e+01
7.024553000000000225e+01 3.341000000000000000e+03 3.290155994833154637e+03 5.084400516684536342e+01
7.025866000000000611e+01 3.330000000000000000e+03 3.290151332993793403e+03 3.984866700620659685e+01
7.027178999999999576e+01 3.371000000000000000e+03 3.290147928941503324e+03 8.085207105849667641e+01
7.028491999999999962e+01 3.241000000000000000e+03 3.290145745453369727e+03 -4.914574545336972733e+01
7.029805000000000348e+01 3.298000000000000000e+03 3.290144746874892462e+03 7.855253125107537926e+00
7.031117999999999313e+01 3.415000000000000000e+03 3.290144899046310002e+03 1.248551009536899983e+02
7.032430999999999699e+01 3.298000000000000000e+03 3.290146169233218188e+03 7.853830766781811690e+00
7.033744000000000085e+01 3.333000000000000000e+03 3.290148526061266693e+03 4.285147393873330657e+01
7.035057000000000471e+01 3.322000000000000000e+03 3.290151939454666262e+03 3.184806054533373754e+01
7.036369999999999436e+01 3.294000000000000000e+03 3.290156380578321205e+03 3.843619421678795334e+00
7.037682999999999822e+01 3.266000000000000000e+03 3.290161821783376126e+03 -2.416182178337612640e+01
7.038996000000000208e+01 3.188000000000000000e+03 3.290168236556026841e+03 -1.021682365560268408e+02
7.040309000000000594e+01 3.315000000000000000e+03 3.290175599469422195e+03 2.482440053057780460e+01
7.041621999999999559e+01 3.267000000000000000e+03 3.290183886138568596e+03 -2.318388613856859592e+01
7.042934999999999945e+01 3.280000000000000000e+03 3.290193073178089435e+03 -1.019307317808943480e+01
7.044248000000000332e+01 3.189000000000000000e+03 3.290203138162810774e+03 -1.012031381628107738e+02
7.045560999999999297e+01 3.302000000000000000e+03 3.290214059591092791e+03 1.178594040890720862e+01
7.046873999999999683e+01 3.383000000000000000e+03 3.290225816850922456e+03 9.277418314907754393e+01
7.048187000000000069e+01 3.296000000000000000e+03 3.290238390188785161e+03 5.761609811214839283e+00
7.049500000000000455e+01 3.317000000000000000e+03 3.290251760681393989e+03 2.674823931860601078e+01
7.050812999999999420e+01 3.400000000000000000e+03 3.290265910210412130e+03 1.097340897895878697e+02
7.052125999999999806e+01 3.224000000000000000e+03 3.290280821440373529e+03 -6.628082144037352919e+01
7.053439000000000192e+01 3.182000000000000000e+03 3.290296477800064622e+03 -1.082964778000646220e+02
7.054752000000000578e+01 3.328000000000000000e+03 3.290312863467748684e+03 3.768713653225131566e+01
7.056064999999999543e+01 3.323000000000000000e+03 3.290329963360720285e+03 3.267003663927971502e+01
7.057377999999999929e+01 3.237000000000000000e+03 3.290347763129777832e+03 -5.334776312977783164e+01
7.058691000000000315e+01 3.356000000000000000e+03 3.290366249159389099e+03 6.563375084061090092e+01
7.060004000000000701e+01 3.301000000000000000e+03 3.290385408574480152e+03 1.061459142551984769e+01
7.061316999999999666e+01 3.358000000000000000e+03 3.290405229254977712e+03 6.759477074502228788e+01
7.062630000000000052e+01 3.314000000000000000e+03 3.290425699859466022e+03 2.357430014053397827e+01
7.063943000000000438e+01 3.207000000000000000e+03 3.290446809859575751e+03 -8.344680985957575103e+01
7.065256999999999721e+01 3.289000000000000000e+03 3.290468566382005974e+03 -1.468566382005974447e+00
7.066570000000000107e+01 3.353000000000000000e+03 3.290490927560254477e+03 6.250907243974552330e+01
7.067883000000000493e+01 3.343000000000000000e+03 3.290513901968774007e+03 5.248609803122599260e+01
7.069195999999999458e+01 3.278000000000000000e+03 3.290537482963976345e+03 -1.253748296397634476e+01
7.070508999999999844e+01 3.347000000000000000e+03 3.290561665126178923e+03 5.643833487382107705e+01
7.071822000000000230e+01 3.224000000000000000e+03 3.290586444409887918e+03 -6.658644440988791757e+01
7.073135000000000616e+01 3.345000000000000000e+03 3.290611818325250169e+03 5.438818167474983056e+01
7.074447999999999581e+01 3.293000000000000000e+03 3.290637786154933565e+03 2.362213845066435169e+00
7.075760999999999967e+01 3.311000000000000000e+03 3.290664349211061108e+03 2.033565078893889222e+01
7.077074000000000353e+01 3.292000000000000000e+03 3.290691511136877580e+03 1.308488863122420298e+00
7.078386999999999318e+01 3.374000000000000000e+03 3.290719278258020040e+03 8.328072174197995992e+01
7.079699999999999704e+01 3.307000000000000000e+03 3.290747659988122905e+03 1.625234001187709509e+01
7.081013000000000090e+01 3.371000000000000000e+03 3.290776669293245050e+03 8.022333070675495037e+01
7.082326000000000477e+01 3.356000000000000000e+03 3.290806323219139813e+03 6.519367678086018714e+01
7.083638999999999442e+01 3.343000000000000000e+03 3.290836643484624346e+03 5.216335651537565354e+01
7.084951999999999828e+01 3.323000000000000000e+03 3.290867657143235647e+03 3.213234285676435320e+01
7.086265000000000214e+01 3.226000000000000000e+03 3.290899397313983172e+03 -6.489939731398317235e+01
7.087578000000000600e+01 3.295000000000000000e+03 3.290931903980129391e+03 4.068096019870608870e+00
7.088890999999999565e+01 3.195000000000000000e+03 3.290965224852799565e+03 -9.596522485279956527e+01
7.090203999999999951e+01 3.249000000000000000e+03 3.290999416293487684e+03 -4.199941629348768402e+01
7.091517000000000337e+01 3.323000000000000000e+03 3.291034544286468190e+03 3.196545571353181003e+01
7.092829999999999302e+01 3.340000000000000000e+03 3.291070685448572931e+03 4.892931455142706909e+01
7.094142999999999688e+01 3.300000000000000000e+03 3.291107928059910137e+03 8.892071940089863347e+00
7.095456000000000074e+01 3.434000000000000000e+03 3.291146373094820319e+03 1.428536269051796808e+02
7.096769000000000460e+01 3.295000000000000000e+03 3.291186135227883369e+03 3.813864772116630775e+00
7.098081999999999425e+01 3.316000000000000000e+03 3.291227343785224093e+03 2.477265621477590685e+01
7.099394999999999811e+01 3.375000000000000000e+03 3.291270143606681813e+03 8.372985639331818675e+01
7.100708000000000197e+01 3.252000000000000000e+03 3.291314695780110924e+03 -3.931469578011092381e+01
7.102021000000000583e+01 3.339000000000000000e+03 3.291361178205029319e+03 4.763882179497068137e+01
7.103333999999999548e+01 3.205000000000000000e+03 3.291409785939523772e+03 -8.640978593952377196e+01
7.104646999999999935e+01 3.259000000000000000e+03 3.291460731281785684e+03 -3.246073128178568368e+01
7.105960000000000321e+01 3.379000000000000000e+03 3.291514243536377307e+03 8.748575646362269254e+01
7.107273000000000707e+01 3.414000000000000000e+03 3.291570568415309026e+03 1.224294315846909740e+02
7.108585999999999672e+01 3.432000000000000000e+03 3.291629967025664882e+03 1.403700329743351176e+02
7.109899000000000058e+01 3.415000000000000000e+03 3.291692714398998305e+03 1.233072856010016949e+02
7.111212000000000444e+01 3.218000000000000000e+03 3.291759097523147830e+03 -7.375909752314782963e+01
7.112525999999999726e+01 3.221000000000000000e+03 3.291829467973080227e+03 -7.082946797308022724e+01
7.113839000000000112e+01 3.230000000000000000e+03 3.291904021689833371e+03 -6.190402168983337106e+01
7.115152000000000498e+01 3.296000000000000000e+03 3.291983116346908901e+03 4.016883653091099404e+00
7.116464999999999463e+01 3.318000000000000000e+03 3.292067056222929750e+03 2.593294377707024978e+01
7.117777999999999849e+01 3.301000000000000000e+03 3.292156139507753778e+03 8.843860492246221838e+00
7.119091000000000236e+01 3.279000000000000000e+03 3.292250653082282952e+03 -1.325065308228295180e+01
7.120404000000000622e+01 3.310000000000000000e+03 3.292350866841353309e+03 1.764913315864669130e+01
7.121716999999999587e+01 3.268000000000000000e+03 3.292457027626915988e+03 -2.445702762691598764e+01
7.123029999999999973e+01 3.333000000000000000e+03 3.292569352854365206e+03 4.043064714563479356e+01
7.124343000000000359e+01 3.286000000000000000e+03 3.292688023928940765e+03 -6.688023928940765472e+00
7.125655999999999324e+01 3.342000000000000000e+03 3.292813179560585922e+03 4.918682043941407755e+01
7.126968999999999710e+01 3.224000000000000000e+03 3.292944909093716888e+03 -6.894490909371688758e+01
7.128282000000000096e+01 3.281000000000000000e+03 3.293083245972295117e+03 -1.208324597229511710e+01
7.129595000000000482e+01 3.371000000000000000e+03 3.293228161459861894e+03 7.777183854013810560e+01
7.130907999999999447e+01 3.345000000000000000e+03 3.293379558728390293e+03 5.162044127160970675e+01
7.132220999999999833e+01 3.395000000000000000e+03 3.293537267419410000e+03 1.014627325805900000e+02
7.133534000000000219e+01 3.335000000000000000e+03 3.293701038766359943e+03 4.129896123364005689e+01
7.134847000000000605e+01 3.354000000000000000e+03 3.293870541350571784e+03 6.012945864942821572e+01
7.136159999999999570e+01 3.329000000000000000e+03 3.294045357547194726e+03 3.495464245280527393e+01
7.137472999999999956e+01 3.313000000000000000e+03 3.294224980705861981e+03 1.877501929413801918e+01
7.138786000000000342e+01 3.309000000000000000e+03 3.294408813109427683e+03 1.459118689057231677e+01
7.140098999999999307e+01 3.364000000000000000e+03 3.294596164769035113e+03 6.940383523096488716e+01
7.141411999999999694e+01 3.262000000000000000e+03 3.294786253152487916e+03 -3.278625315248791594e+01
7.142725000000000080e+01 3.357000000000000000e+03 3.294978204011642447e+03 6.202179598835755314e+01
7.144038000000000466e+01 3.332000000000000000e+03 3.295171053577021667e+03 3.682894642297833343e+01
7.145350999999999431e+01 3.268000000000000000e+03 3.295363752521319839e+03 -2.736375252131983871e+01
7.146663999999999817e+01 3.209000000000000000e+03 3.295555172244771256e+03 -8.655517224477125637e+01
7.147977000000000203e+01 3.320000000000000000e+03 3.295744114176498442e+03 2.425588582350155775e+01
7.149290000000000589e+01 3.353000000000000000e+03 3.295929322871559634e+03 5.707067712844036578e+01
7.150602999999999554e+01 3.257000000000000000e+03 3.296109503652341118e+03 -3.910950365234111814e+01
7.151915999999999940e+01 3.285000000000000000e+03 3.296283345328450196e+03 -1.128334532845019567e+01
7.153229000000000326e+01 3.242000000000000000e+03 3.296449548078378939e+03 -5.444954807837893895e+01
7.154541999999999291e+01 3.274000000000000000e+03 3.296606855878720580e+03 -2.260685587872058022e+01
7.155854999999999677e+01 3.370000000000000000e+03 3.296754091984304978e+03 7.324590801569502219e+01
7.157168000000000063e+01 3.293000000000000000e+03 3.296890195045189103e+03 -3.890195045189102530e+00
7.158481999999999346e+01 3.371000000000000000e+03 3.297014342413049235e+03 7.398565758695076511e+01
7.159794999999999732e+01 3.305000000000000000e+03 3.297125609067767073e+03 7.874390932232927298e+00
7.161108000000000118e+01 3.353000000000000000e+03 3.297223553965525298e+03 5.577644603447470217e+01
7.162421000000000504e+01 3.360000000000000000e+03 3.297307839613562464e+03 6.269216038643753564e+01
7.163733999999999469e+01 3.242000000000000000e+03 3.297378326808794100e+03 -5.537832680879409963e+01
7.165046999999999855e+01 3.224000000000000000e+03 3.297435059351804284e+03 -7.343505935180428423e+01
7.166360000000000241e+01 3.292000000000000000e+03 3.297478240385844856e+03 -5.478240385844856064e+00
7.167673000000000627e+01 3.290000000000000000e+03 3.297508203816204968e+03 -7.508203816204968462e+00
7.168985999999999592e+01 3.300000000000000000e+03 3.297525384589265741e+03 2.474615410734259058e+00
7.170298999999999978e+01 3.319000000000000000e+03 3.297530291300723093e+03 2.146970869927690728e+01
7.171612000000000364e+01 3.381000000000000000e+03 3.297523483814594329e+03 8.347651618540567142e+01
7.172924999999999329e+01 3.252000000000000000e+03 3.297505557520044022e+03 -4.550555752004402166e+01
7.174237999999999715e+01 3.271000000000000000e+03 3.297477134728032070e+03 -2.647713472803206969e+01
7.175551000000000101e+01 3.162000000000000000e+03 3.297438862660193990e+03 -1.354388626601939905e+02
7.176864000000000487e+01 3.254000000000000000e+03 3.297391416606104485e+03 -4.339141660610448525e+01
7.178176999999999452e+01 3.368000000000000000e+03 3.297335506193933270e+03 7.066449380606673003e+01
7.179489999999999839e+01 3.237000000000000000e+03 3.297271882396267301e+03 -6.027188239626730137e+01
7.180803000000000225e+01 3.199000000000000000e+03 3.297201342926464349e+03 -9.820134292646434915e+01
7.182116000000000611e+01 3.293000000000000000e+03 3.297124734082349732e+03 -4.124734082349732489e+00
7.183428999999999576e+01 3.314000000000000000e+03 3.297042947807613928e+03 1.695705219238607242e+01
7.184741999999999962e+01 3.395000000000000000e+03 3.296956913635721776e+03 9.804308636427822421e+01
7.186055000000000348e+01 3.378000000000000000e+03 3.296867586073754410e+03 8.113241392624559012e+01
7.187367999999999313e+01 3.369000000000000000e+03 3.296775928690922683e+03 7.222407130907731698e+01
7.188680999999999699e+01 3.337000000000000000e+03 3.296682896571177935e+03 4.031710342882206533e+01
7.189994000000000085e+01 3.381000000000000000e+03 3.296589418835016659e+03 8.441058116498334130e+01
7.191307000000000471e+01 3.282000000000000000e+03 3.296496382686016204e+03 -1.449638268601620439e+01
7.192619999999999436e+01 3.313000000000000000e+03 3.296404620006037021e+03 1.659537999396297892e+01
7.193932999999999822e+01 3.343000000000000000e+03 3.296314897036701950e+03 4.668510296329804987e+01
7.195246000000000208e+01 3.371000000000000000e+03 3.296227907248109659e+03 7.477209275189034088e+01
7.196559000000000594e+01 3.257000000000000000e+03 3.296144267170514468e+03 -3.914426717051446758e+01
7.197871999999999559e+01 3.369000000000000000e+03 3.296064514769145262e+03 7.293548523085473789e+01
7.199184999999999945e+01 3.282000000000000000e+03 3.295989109862759960e+03 -1.398910986275996038e+01
7.200498000000000332e+01 3.338000000000000000e+03 3.295918436092796583e+03 4.208156390720341733e+01
7.201810999999999297e+01 3.257000000000000000e+03 3.295852804008277417e+03 -3.885280400827741687e+01
7.203123999999999683e+01 3.225000000000000000e+03 3.295792454913130314e+03 -7.079245491313031380e+01
7.204437000000000069e+01 3.361000000000000000e+03 3.295737565206741692e+03 6.526243479325830776e+01
7.205750999999999351e+01 3.278000000000000000e+03 3.295688215608215614e+03 -1.768821560821561434e+01
7.207063999999999737e+01 3.171000000000000000e+03 3.295644541920769825e+03 -1.246445419207698251e+02
7.208377000000000123e+01 3.305000000000000000e+03 3.295606514499215336e+03 9.393485500784663600e+00
7.209690000000000509e+01 3.272000000000000000e+03 3.295574097689254359e+03 -2.357409768925435856e+01
7.211002999999999474e+01 3.365000000000000000e+03 3.295547214987270763e+03 6.945278501272923677e+01
7.212315999999999860e+01 3.370000000000000000e+03 3.295525753823986179e+03 7.447424617601382124e+01
7.213629000000000246e+01 3.320000000000000000e+03 3.295509570252005688e+03 2.449042974799431249e+01
7.214942000000000633e+01 3.303000000000000000e+03 3.295498493509903255e+03 7.501506490096744528e+00
7.216254999999999598e+01 3.262000000000000000e+03 3.295492330435575241e+03 -3.349233043557524070e+01
7.217567999999999984e+01 3.288000000000000000e+03 3.295490869701301563e+03 -7.490869701301562600e+00
7.218881000000000370e+01 3.258000000000000000e+03 3.295493885843221506e+03 -3.749388584322150564e+01
7.220193999999999335e+01 3.284000000000000000e+03 3.295504014750842089e+03 -1.150401475084208869e+01
7.221506999999999721e+01 3.345000000000000000e+03 3.295515275549802482e+03 4.948472445019751831e+01
7.222820000000000107e+01 3.199000000000000000e+03 3.295530288702825601e+03 -9.653028870282560092e+01
7.224133000000000493e+01 3.361000000000000000e+03 3.295548807511660470e+03 6.545119248833952952e+01
7.225445999999999458e+01 3.364000000000000000e+03 3.295570587374073511e+03 6.842941262592648854e+01
7.226758999999999844e+01 3.188000000000000000e+03 3.295595388128968807e+03 -1.075953881289688070e+02
7.228072000000000230e+01 3.292000000000000000e+03 3.295622976083044705e+03 -3.622976083044704865e+00
7.229385000000000616e+01 3.481000000000000000e+03 3.295653666487836745e+03 1.853463335121632554e+02
7.230697999999999581e+01 3.416000000000000000e+03 3.295686162837110260e+03 1.203138371628897403e+02
7.232010999999999967e+01 3.241000000000000000e+03 3.295720799692495348e+03 -5.472079969249534770e+01
7.233324000000000353e+01 3.302000000000000000e+03 3.295757383319915334e+03 6.242616680084665859e+00
7.234636999999999318e+01 3.374000000000000000e+03 3.295795732063659671e+03 7.820426793634032947e+01
7.235949999999999704e+01 3.341000000000000000e+03 3.295835676673743819e+03 4.516432332625618074e+01
7.237263000000000090e+01 3.391000000000000000e+03 3.295877060419463760e+03 9.512293958053624010e+01
7.238576000000000477e+01 3.321000000000000000e+03 3.295919739014748757e+03 2.508026098525124326e+01
7.239888999999999442e+01 3.380000000000000000e+03 3.295965085277714024e+03 8.403491472228597559e+01
7.241201999999999828e+01 3.289000000000000000e+03 3.296009971836784644e+03 -7.009971836784643529e+00
7.242515000000000214e+01 3.194000000000000000e+03 3.296055792039465359e+03 -1.020557920394653593e+02
7.243828000000000600e+01 3.348000000000000000e+03 3.296102447775217115e+03 5.189755222478288488e+01
7.245140999999999565e+01 3.268000000000000000e+03 3.296149851080144344e+03 -2.814985108014434445e+01
7.246453999999999951e+01 3.233000000000000000e+03 3.296197923458888908e+03 -6.319792345888890850e+01
7.247767000000000337e+01 3.319000000000000000e+03 3.296246595181299199e+03 2.275340481870080112e+01
7.249079999999999302e+01 3.424000000000000000e+03 3.296296087945012459e+03 1.277039120549875406e+02
7.250392999999999688e+01 3.315000000000000000e+03 3.296345781168625763e+03 1.865421883137423720e+01
7.251706000000000074e+01 3.267000000000000000e+03 3.296395910049471695e+03 -2.939591004947169495e+01
7.253019999999999357e+01 3.365000000000000000e+03 3.296446471516847396e+03 6.855352848315260417e+01
7.254332999999999743e+01 3.257000000000000000e+03 3.296497352256323211e+03 -3.949735225632321090e+01
7.255646000000000129e+01 3.234000000000000000e+03 3.296548559030318302e+03 -6.254855903031830167e+01
7.256959000000000515e+01 3.301000000000000000e+03 3.296600064473878774e+03 4.399935526121225848e+00
7.258271999999999480e+01 3.298000000000000000e+03 3.296651844919228097e+03 1.348155080771903158e+00
7.259584999999999866e+01 3.359000000000000000e+03 3.296703879930896164e+03 6.229612006910383570e+01
7.260898000000000252e+01 3.319000000000000000e+03 3.296756151885108466e+03 2.224384811489153435e+01
7.262211000000000638e+01 3.195000000000000000e+03 3.296808645592233916e+03 -1.018086455922339155e+02
7.263523999999999603e+01 3.266000000000000000e+03 3.296861347960503281e+03 -3.086134796050328077e+01
7.264836999999999989e+01 3.311000000000000000e+03 3.296914247698612598e+03 1.408575230138740153e+01
7.266150000000000375e+01 3.212000000000000000e+03 3.296967335054535852e+03 -8.496733505453585167e+01
7.267462999999999340e+01 3.258000000000000000e+03 3.297020601587645615e+03 -3.902060158764561493e+01
7.268775999999999726e+01 3.327000000000000000e+03 3.297074039971138973e+03 2.992596002886102724e+01
7.270089000000000112e+01 3.345000000000000000e+03 3.297127643821762831e+03 4.787235617823716893e+01
7.271402000000000498e+01 3.242000000000000000e+03 3.297181407553900954e+03 -5.518140755390095364e+01
7.272714999999999463e+01 3.330000000000000000e+03 3.297235326255218752e+03 3.276467374478124839e+01
7.274027999999999849e+01 3.341000000000000000e+03 3.297289395581229201e+03 4.371060441877079938e+01
7.275341000000000236e+01 3.306000000000000000e+03 3.297343611666312881e+03 8.656388333687118575e+00
7.276654000000000622e+01 3.179000000000000000e+03 3.297397971048986619e+03 -1.183979710489866193e+02
7.277966999999999587e+01 3.294000000000000000e+03 3.297452470609381635e+03 -3.452470609381634858e+00
7.279279999999999973e+01 3.379000000000000000e+03 3.297507107517136319e+03 8.149289248286368093e+01
7.280593000000000359e+01 3.272000000000000000e+03 3.297561879188117928e+03 -2.556187918811792770e+01
7.281905999999999324e+01 3.368000000000000000e+03 3.297616783248571210e+03 7.038321675142879030e+01
7.283218999999999710e+01 3.289000000000000000e+03 3.297671817505495255e+03 -8.671817505495255318e+00
7.284532000000000096e+01 3.309000000000000000e+03 3.297726979922198552e+03 1.127302007780144777e+01
7.285845000000000482e+01 3.251000000000000000e+03 3.297782268598155952e+03 -4.678226859815595162e+01
7.287157999999999447e+01 3.314000000000000000e+03 3.297837681752408116e+03 1.616231824759188385e+01
7.288470999999999833e+01 3.400000000000000000e+03 3.297893217709881355e+03 1.021067822901186446e+02
7.289784000000000219e+01 3.342000000000000000e+03 3.297948874890085335e+03 4.405112510991466479e+01
7.291097000000000605e+01 3.327000000000000000e+03 3.298004651797770293e+03 2.899534820222970666e+01
7.292409999999999570e+01 3.282000000000000000e+03 3.298060547015159955e+03 -1.606054701515995475e+01
7.293722999999999956e+01 3.370000000000000000e+03 3.298116559195487298e+03 7.188344080451270202e+01
7.295036000000000342e+01 3.265000000000000000e+03 3.298172687057578059e+03 -3.317268705757805947e+01
7.296348999999999307e+01 3.364000000000000000e+03 3.298228929381276885e+03 6.577107061872311533e+01
7.297661999999999694e+01 3.241000000000000000e+03 3.298285285003590616e+03 -5.728528500359061582e+01
7.298975000000000080e+01 3.410000000000000000e+03 3.298341752815377731e+03 1.116582471846222688e+02
7.300288999999999362e+01 3.256000000000000000e+03 3.298398374891962249e+03 -4.239837489196224851e+01
7.301601999999999748e+01 3.343000000000000000e+03 3.298455064040411344e+03 4.454493595958865626e+01
7.302915000000000134e+01 3.476000000000000000e+03 3.298511862346849739e+03 1.774881376531502610e+02
7.304228000000000520e+01 3.248000000000000000e+03 3.298523670944497098e+03 -5.052367094449709839e+01
7.305540999999999485e+01 3.344000000000000000e+03 3.298580809431330181e+03 4.541919056866981919e+01
7.306853999999999871e+01 3.202000000000000000e+03 3.298638053932678758e+03 -9.663805393267875843e+01
7.308167000000000257e+01 3.348000000000000000e+03 3.298695403657575753e+03 4.930459634242424727e+01
7.309480000000000643e+01 3.327000000000000000e+03 3.298752857854133254e+03 2.824714214586674643e+01
7.310792999999999608e+01 3.332000000000000000e+03 3.298810415808561174e+03 3.318958419143882566e+01
7.312105999999999995e+01 3.220000000000000000e+03 3.298868076844280949e+03 -7.886807684428094944e+01
7.313419000000000381e+01 3.332000000000000000e+03 3.298925840321160194e+03 3.307415967883980557e+01
7.314731999999999346e+01 3.285000000000000000e+03 3.298983705634834678e+03 -1.398370563483467777e+01
7.316044999999999732e+01 3.201000000000000000e+03 3.299041672216133065e+03 -9.804167221613306538e+01
7.317358000000000118e+01 3.209000000000000000e+03 3.299099739530575334e+03 -9.009973953057533436e+01
7.318671000000000504e+01 3.376000000000000000e+03 3.299157907077953496e+03 7.684209292204650410e+01
7.319983999999999469e+01 3.310000000000000000e+03 3.299216174391995992e+03 1.078382560800400825e+01
7.321296999999999855e+01 3.318000000000000000e+03 3.299274541040096210e+03 1.872545895990378995e+01
7.322610000000000241e+01 3.352000000000000000e+03 3.299333006623110123e+03 5.266699337688987725e+01
7.323923000000000627e+01 3.369000000000000000e+03 3.299391570775233049e+03 6.960842922476695094e+01
7.325235999999999592e+01 3.306000000000000000e+03 3.299426585226447060e+03 6.573414773552940460e+00
7.326548999999999978e+01 3.361000000000000000e+03 3.299485410651134316e+03 6.151458934886568386e+01
7.327862000000000364e+01 3.270000000000000000e+03 3.299544333478763747e+03 -2.954433347876374683e+01
7.329174999999999329e+01 3.304000000000000000e+03 3.299603353478298686e+03 4.396646521701313759e+00
7.330487999999999715e+01 3.387000000000000000e+03 3.299662470452326033e+03 8.733752954767396659e+01
7.331801000000000101e+01 3.304000000000000000e+03 3.299721684237280897e+03 4.278315762719103077e+00
7.333114000000000487e+01 3.351000000000000000e+03 3.299780994703757187e+03 5.121900529624281262e+01
7.334426999999999452e+01 3.277000000000000000e+03 3.299840401756867777e+03 -2.284040175686777729e+01
7.335739999999999839e+01 3.283000000000000000e+03 3.299899905336652864e+03 -1.689990533665286421e+01
7.337053000000000225e+01 3.388000000000000000e+03 3.299959505418565641e+03 8.804049458143435913e+01
7.338366000000000611e+01 3.269000000000000000e+03 3.300019202014008897e+03 -3.101920201400889709e+01
7.339678999999999576e+01 3.253000000000000000e+03 3.300078995170924372e+03 -4.707899517092437236e+01
7.340991999999999962e+01 3.352000000000000000e+03 3.300138884974458961e+03 5.186111502554103936e+01
7.342305000000000348e+01 3.392000000000000000e+03 3.300198871547673662e+03 9.180112845232633845e+01
7.343617999999999313e+01 3.232000000000000000e+03 3.300258955052334386e+03 -6.825895505233438598e+01
7.344930999999999699e+01 3.273000000000000000e+03 3.300319135689751874e+03 -2.731913568975187445e+01
7.346245000000000402e+01 3.270000000000000000e+03 3.300379459647482236e+03 -3.037945964748223560e+01
7.347557999999999367e+01 3.261000000000000000e+03 3.300439835391629458e+03 -3.943983539162945817e+01
7.348870999999999754e+01 3.379000000000000000e+03 3.300500309119427129e+03 7.849969088057287081e+01
7.350184000000000140e+01 3.187000000000000000e+03 3.300560881200171480e+03 -1.135608812001714796e+02
7.351497000000000526e+01 3.316000000000000000e+03 3.300621552047935893e+03 1.537844795206410708e+01
7.352809999999999491e+01 3.396000000000000000e+03 3.300682322122832375e+03 9.531767787716762541e+01
7.354122999999999877e+01 3.343000000000000000e+03 3.300743191932354421e+03 4.225680806764557929e+01
7.355436000000000263e+01 3.193000000000000000e+03 3.300804162032790373e+03 -1.078041620327903729e+02
7.356749000000000649e+01 3.234000000000000000e+03 3.300865233030728177e+03 -6.686523303072817725e+01
7.358061999999999614e+01 3.279000000000000000e+03 3.300926405584637905e+03 -2.192640558463790512e+01
7.359375000000000000e+01 3.248000000000000000e+03 3.300987680406551135e+03 -5.298768040655113509e+01
7.360688000000000386e+01 3.274000000000000000e+03 3.301049058263831284e+03 -2.704905826383128442e+01
7.362000999999999351e+01 3.343000000000000000e+03 3.301110539981033526e+03 4.188946001896647431e+01
7.363313999999999737e+01 3.335000000000000000e+03 3.301172126441876571e+03 3.382787355812342867e+01
7.364627000000000123e+01 3.364000000000000000e+03 3.301233818591309500e+03 6.276618140869049967e+01
7.365940000000000509e+01 3.273000000000000000e+03 3.301295617437697274e+03 -2.829561743769727400e+01
7.367252999999999474e+01 3.231000000000000000e+03 3.301357524055114936e+03 -7.035752405511493635e+01
7.368565999999999860e+01 3.315000000000000000e+03 3.301419539585767325e+03 1.358046041423267525e+01
7.369879000000000246e+01 3.333000000000000000e+03 3.301481665242530653e+03 3.151833475746934710e+01
7.371192000000000633e+01 3.402000000000000000e+03 3.301543902311630518e+03 1.004560976883694821e+02
7.372504999999999598e+01 3.318000000000000000e+03 3.301606252155452239e+03 1.639374784454776091e+01
7.373817999999999984e+01 3.263000000000000000e+03 3.301668716215511267e+03 -3.866871621551126736e+01
7.375131000000000370e+01 3.335000000000000000e+03 3.301731296015559110e+03 3.326870398444089005e+01
7.376443999999999335e+01 3.388000000000000000e+03 3.301793993164860694e+03 8.620600683513930562e+01
7.377756999999999721e+01 3.348000000000000000e+03 3.301856809361647720e+03 4.614319063835228008e+01
7.379070000000000107e+01 3.402000000000000000e+03 3.301919746396734354e+03 1.000802536032656462e+02
7.380383000000000493e+01 3.411000000000000000e+03 3.301982806157333471e+03 1.090171938426665292e+02
7.381695999999999458e+01 3.358000000000000000e+03 3.302045990631068435e+03 5.595400936893156540e+01
7.383008999999999844e+01 3.269000000000000000e+03 3.302109301910200884e+03 -3.310930191020088387e+01
7.384322000000000230e+01 3.400000000000000000e+03 3.302172742196059971e+03 9.782725780394002868e+01
7.385635000000000616e+01 3.386000000000000000e+03 3.302236313803729445e+03 8.376368619627055523e+01
7.386947999999999581e+01 3.369000000000000000e+03 3.302300019166968013e+03 6.669998083303198655e+01
7.388260999999999967e+01 3.239000000000000000e+03 3.302363860843388011e+03 -6.336386084338801084e+01
7.389574000000000353e+01 3.280000000000000000e+03 3.302427841519924641e+03 -2.242784151992464103e+01
7.390886999999999318e+01 3.296000000000000000e+03 3.302491964018579438e+03 -6.491964018579437834e+00
7.392199999999999704e+01 3.359000000000000000e+03 3.302556231302486594e+03 5.644376869751340564e+01
7.393514000000000408e+01 3.358000000000000000e+03 3.302620695599031023e+03 5.537930440096897655e+01
7.394826999999999373e+01 3.242000000000000000e+03 3.302685262056084866e+03 -6.068526205608486634e+01
7.396139999999999759e+01 3.275000000000000000e+03 3.302749983102924034e+03 -2.774998310292403403e+01
7.397453000000000145e+01 3.312000000000000000e+03 3.302814862334837017e+03 9.185137665162983467e+00
7.398766000000000531e+01 3.446000000000000000e+03 3.302879903523908069e+03 1.431200964760919305e+02
7.400078999999999496e+01 3.334000000000000000e+03 3.302945110627390022e+03 3.105488937260997773e+01
7.401391999999999882e+01 3.274000000000000000e+03 3.303010487796548205e+03 -2.901048779654820464e+01
7.402705000000000268e+01 3.336000000000000000e+03 3.303076039386015964e+03 3.292396061398403617e+01
7.404018000000000654e+01 3.301000000000000000e+03 3.303141769963703155e+03 -2.141769963703154644e+00
7.405330999999999619e+01 3.180000000000000000e+03 3.303207684321290344e+03 -1.232076843212903441e+02
7.406644000000000005e+01 3.371000000000000000e+03 3.303273787485368757e+03 6.772621251463124281e+01
7.407957000000000392e+01 3.376000000000000000e+03 3.303340084729264618e+03 7.265991527073538236e+01
7.409269999999999357e+01 3.215000000000000000e+03 3.303406581585634285e+03 -8.840658158563428515e+01
7.410582999999999743e+01 3.191000000000000000e+03 3.303473283859870662e+03 -1.124732838598706621e+02
7.411896000000000129e+01 3.282000000000000000e+03 3.303540197644446835e+03 -2.154019764444683460e+01
7.413209000000000515e+01 3.255000000000000000e+03 3.303607329334265614e+03 -4.860732933426561431e+01
7.414521999999999480e+01 3.291000000000000000e+03 3.303674685643168687e+03 -1.267468564316868651e+01
7.415834999999999866e+01 3.344000000000000000e+03 3.303742273621726326e+03 4.025772637827367362e+01
7.417148000000000252e+01 3.348000000000000000e+03 3.303810100676521415e+03 4.418989932347858485e+01
7.418461000000000638e+01 3.407000000000000000e+03 3.303878174591131028e+03 1.031218254088689719e+02
7.419773999999999603e+01 3.277000000000000000e+03 3.303946503549102545e+03 -2.694650354910254464e+01
7.421086999999999989e+01 3.277000000000000000e+03 3.304022215867354589e+03 -2.702221586735458914e+01
7.422400000000000375e+01 3.322000000000000000e+03 3.304091093237914720e+03 1.790890676208528021e+01
7.423712999999999340e+01 3.231000000000000000e+03 3.304160252900186606e+03 -7.316025290018660598e+01
7.425025999999999726e+01 3.372000000000000000e+03 3.304229704921049688e+03 6.777029507895031202e+01
7.426339000000000112e+01 3.262000000000000000e+03 3.304299459927416137e+03 -4.229945992741613736e+01
7.427652000000000498e+01 3.415000000000000000e+03 3.304369529152078030e+03 1.106304708479219698e+02
7.428964999999999463e+01 3.228000000000000000e+03 3.304439924486597192e+03 -7.643992448659719230e+01
7.430277999999999849e+01 3.380000000000000000e+03 3.304510658542787041e+03 7.548934145721295863e+01
7.431591000000000236e+01 3.357000000000000000e+03 3.304581744724695454e+03 5.241825527530454565e+01
7.432904000000000622e+01 3.225000000000000000e+03 3.304653197313439705e+03 -7.965319731343970489e+01
7.434216999999999587e+01 3.456000000000000000e+03 3.304725031567751557e+03 1.512749684322484427e+02
7.435529999999999973e+01 3.335000000000000000e+03 3.304797263843706332e+03 3.020273615629366759e+01
7.436843000000000359e+01 3.330000000000000000e+03 3.304869911737868279e+03 2.513008826213172142e+01
7.438155999999999324e+01 3.149000000000000000e+03 3.304942994258943145e+03 -1.559429942589431448e+02
7.439468999999999710e+01 3.284000000000000000e+03 3.305016532034022021e+03 -2.101653203402202053e+01
7.440783000000000413e+01 3.328000000000000000e+03 3.305094332251427659e+03 2.290566774857234122e+01
7.442095999999999378e+01 3.267000000000000000e+03 3.305168856845421487e+03 -3.816885684542148738e+01
7.443408999999999764e+01 3.355000000000000000e+03 3.305243911066685087e+03 4.975608893331491345e+01
7.444722000000000151e+01 3.300000000000000000e+03 3.305319525057504507e+03 -5.319525057504506549e+00
7.446035000000000537e+01 3.413000000000000000e+03 3.305395732435667469e+03 1.076042675643325310e+02
7.447347999999999502e+01 3.388000000000000000e+03 3.305472570915740562e+03 8.252742908425943824e+01
7.448660999999999888e+01 3.292000000000000000e+03 3.305550083051471574e+03 -1.355008305147157444e+01
7.449974000000000274e+01 3.302000000000000000e+03 3.305628317120396332e+03 -3.628317120396332029e+00
7.451287000000000660e+01 3.325000000000000000e+03 3.305707328174424219e+03 1.929267182557578053e+01
7.452599999999999625e+01 3.409000000000000000e+03 3.305789453048095311e+03 1.032105469519046892e+02
7.453913000000000011e+01 3.371000000000000000e+03 3.305870220578020508e+03 6.512977942197949233e+01
7.455226000000000397e+01 3.343000000000000000e+03 3.305951984481433101e+03 3.704801551856689912e+01
7.456538999999999362e+01 3.261000000000000000e+03 3.306034841729213440e+03 -4.503484172921343998e+01
7.457851999999999748e+01 3.388000000000000000e+03 3.306118904845643556e+03 8.188109515435644425e+01
7.459165000000000134e+01 3.312000000000000000e+03 3.306204304615938781e+03 5.795695384061218647e+00
7.460478000000000520e+01 3.253000000000000000e+03 3.306291193204237970e+03 -5.329119320423797035e+01
7.461790999999999485e+01 3.357000000000000000e+03 3.306379747724884510e+03 5.062025227511549019e+01
7.463103999999999871e+01 3.351000000000000000e+03 3.306470174309828963e+03 4.452982569017103742e+01
7.464417000000000257e+01 3.444000000000000000e+03 3.306562712713672681e+03 1.374372872863273187e+02
7.465730000000000643e+01 3.392000000000000000e+03 3.306657641495080952e+03 8.534235850491904785e+01
7.467042999999999608e+01 3.392000000000000000e+03 3.306755283808716740e+03 8.524471619128325983e+01
7.468355999999999995e+01 3.284000000000000000e+03 3.306856013835178601e+03 -2.285601383517860086e+01
7.469669000000000381e+01 3.280000000000000000e+03 3.306960263867344565e+03 -2.696026386734456537e+01
7.470981999999999346e+01 3.438000000000000000e+03 3.307068532059814515e+03 1.309314679401854846e+02
7.472294999999999732e+01 3.422000000000000000e+03 3.307181390833552996e+03 1.148186091664470041e+02
7.473608000000000118e+01 3.276000000000000000e+03 3.307300688386987531e+03 -3.130068838698753098e+01
7.474921000000000504e+01 3.347000000000000000e+03 3.307424790395576110e+03 3.957520960442388969e+01
7.476233999999999469e+01 3.370000000000000000e+03 3.307555739036504747e+03 6.244426096349525324e+01
7.477546999999999855e+01 3.304000000000000000e+03 3.307694499584678397e+03 -3.694499584678396786e+00
7.478860000000000241e+01 3.319000000000000000e+03 3.307842161731722626e+03 1.115783826827737357e+01
7.480173000000000627e+01 3.317000000000000000e+03 3.307999950536065626e+03 9.000049463934374216e+00
7.481485999999999592e+01 3.252000000000000000e+03 3.308169237298111966e+03 -5.616923729811196608e+01
7.482798999999999978e+01 3.339000000000000000e+03 3.308351550125998074e+03 3.064844987400192622e+01
7.484112000000000364e+01 3.309000000000000000e+03 3.308548583919786324e+03 4.514160802136757411e-01
7.485424999999999329e+01 3.332000000000000000e+03 3.308762209464764510e+03 2.323779053523549010e+01
7.486739000000000033e+01 3.363000000000000000e+03 3.308994665854743289e+03 5.400533414525671105e+01
7.488052000000000419e+01 3.280000000000000000e+03 3.309247845287889959e+03 -2.924784528788995885e+01
7.489364999999999384e+01 3.317000000000000000e+03 3.309524356173384149e+03 7.475643826615851140e+00
7.490677999999999770e+01 3.276000000000000000e+03 3.309826833378314404e+03 -3.382683337831440440e+01
7.491991000000000156e+01 3.271000000000000000e+03 3.310158106651527305e+03 -3.915810665152730508e+01
7.493304000000000542e+01 3.216000000000000000e+03 3.310521196181948199e+03 -9.452119618194819850e+01
7.494616999999999507e+01 3.337000000000000000e+03 3.310919304387679404e+03 2.608069561232059641e+01
7.495929999999999893e+01 3.259000000000000000e+03 3.311355803518837092e+03 -5.235580351883709227e+01
7.497243000000000279e+01 3.256000000000000000e+03 3.311834218691532442e+03 -5.583421869153244188e+01
7.498556000000000665e+01 3.211000000000000000e+03 3.312358206020056969e+03 -1.013582060200569686e+02
7.499868999999999630e+01 3.293000000000000000e+03 3.312931525579489971e+03 -1.993152557948997128e+01
7.501182000000000016e+01 3.226000000000000000e+03 3.313558009011850572e+03 -8.755800901185057228e+01
7.502495000000000402e+01 3.254000000000000000e+03 3.314241521684844429e+03 -6.024152168484442882e+01
7.503807999999999367e+01 3.195000000000000000e+03 3.314985919421946164e+03 -1.199859194219461642e+02
7.505120999999999754e+01 3.406000000000000000e+03 3.315794999944118445e+03 9.020500005588155545e+01
7.506434000000000140e+01 3.262000000000000000e+03 3.316672449294016133e+03 -5.467244929401613263e+01
7.507747000000000526e+01 3.338000000000000000e+03 3.317621783649682584e+03 2.037821635031741607e+01
7.509059999999999491e+01 3.347000000000000000e+03 3.318646287072147970e+03 2.835371292785202968e+01
7.510372999999999877e+01 3.232000000000000000e+03 3.319748945865250334e+03 -8.774894586525033446e+01
7.511686000000000263e+01 3.372000000000000000e+03 3.320932380350795938e+03 5.106761964920406172e+01
7.512999000000000649e+01 3.277000000000000000e+03 3.322198774972295723e+03 -4.519877497229572327e+01
7.514311999999999614e+01 3.347000000000000000e+03 3.323549807729962595e+03 2.345019227003740525e+01
7.515625000000000000e+01 3.291000000000000000e+03 3.324986580012884588e+03 -3.398658001288458763e+01
7.516938000000000386e+01 3.238000000000000000e+03 3.326509547926259074e+03 -8.850954792625907430e+01
7.518250999999999351e+01 3.328000000000000000e+03 3.328118456208750558e+03 -1.184562087505582895e-01
7.519563999999999737e+01 3.285000000000000000e+03 3.329812275795314690e+03 -4.481227579531469019e+01
7.520877000000000123e+01 3.462000000000000000e+03 3.331589146005254861e+03 1.304108539947451391e+02
7.522190000000000509e+01 3.496000000000000000e+03 3.333446322228568533e+03 1.625536777714314667e+02
7.523502999999999474e+01 3.379000000000000000e+03 3.335380129854829647e+03 4.361987014517035277e+01
7.524815999999999860e+01 3.224000000000000000e+03 3.337385925053904430e+03 -1.133859250539044297e+02
7.526129000000000246e+01 3.348000000000000000e+03 3.339458062898835578e+03 8.541937101164421620e+00
7.527442000000000633e+01 3.324000000000000000e+03 3.341589873249221910e+03 -1.758987324922190965e+01
7.528754999999999598e+01 3.392000000000000000e+03 3.343773644826071632e+03 4.822635517392836846e+01
7.530067999999999984e+01 3.301000000000000000e+03 3.346000618051228230e+03 -4.500061805122822989e+01
7.531381000000000370e+01 3.381000000000000000e+03 3.348260987541462782e+03 3.273901245853721775e+01
7.532693999999999335e+01 3.369000000000000000e+03 3.350543915679109887e+03 1.845608432089011330e+01
7.534008000000000038e+01 3.390000000000000000e+03 3.352839307207695128e+03 3.716069279230487155e+01
7.535321000000000424e+01 3.325000000000000000e+03 3.355130854752928371e+03 -3.013085475292837145e+01
7.536633999999999389e+01 3.277000000000000000e+03 3.357406598731347003e+03 -8.040659873134700319e+01
7.537946999999999775e+01 3.378000000000000000e+03 3.359652027216818169e+03 1.834797278318183089e+01
7.539260000000000161e+01 3.281000000000000000e+03 3.361851942662803594e+03 -8.085194266280359443e+01
7.540573000000000548e+01 3.325000000000000000e+03 3.363990622806116335e+03 -3.899062280611633469e+01
7.541885999999999513e+01 3.298000000000000000e+03 3.366052025426478849e+03 -6.805202542647884911e+01
7.543198999999999899e+01 3.415000000000000000e+03 3.368020039810771777e+03 4.697996018922822259e+01
7.544512000000000285e+01 3.422000000000000000e+03 3.369878783574552017e+03 5.212121642544798306e+01
7.545825000000000671e+01 3.235000000000000000e+03 3.371612937659051113e+03 -1.366129376590511129e+02
7.547137999999999636e+01 3.387000000000000000e+03 3.373208105419565072e+03 1.379189458043492778e+01
7.548451000000000022e+01 3.361000000000000000e+03 3.374651174847996572e+03 -1.365117484799657177e+01
7.549764000000000408e+01 3.444000000000000000e+03 3.375930657628679455e+03 6.806934237132054477e+01
7.551076999999999373e+01 3.436000000000000000e+03 3.377036976493262500e+03 5.896302350673749970e+01
7.552389999999999759e+01 3.441000000000000000e+03 3.377962674406060160e+03 6.303732559393984047e+01
7.553703000000000145e+01 3.390000000000000000e+03 3.378702525806629637e+03 1.129747419337036263e+01
7.555016000000000531e+01 3.368000000000000000e+03 3.379253540671784322e+03 -1.125354067178432160e+01
7.556328999999999496e+01 3.396000000000000000e+03 3.379614864716868396e+03 1.638513528313160350e+01
7.557641999999999882e+01 3.392000000000000000e+03 3.379787591252600123e+03 1.221240874739987703e+01
7.558955000000000268e+01 3.365000000000000000e+03 3.379774509767715699e+03 -1.477450976771569913e+01
7.560268000000000654e+01 3.334000000000000000e+03 3.379579821657344837e+03 -4.557982165734483715e+01
7.561580999999999619e+01 3.522000000000000000e+03 3.379208854151112973e+03 1.427911458488870267e+02
7.562894000000000005e+01 3.354000000000000000e+03 3.378667799908307188e+03 -2.466779990830718816e+01
7.564207000000000392e+01 3.369000000000000000e+03 3.377963503103260337e+03 -8.963503103260336502e+00
7.565519999999999357e+01 3.518000000000000000e+03 3.377103304512060276e+03 1.408966954879397235e+02
7.566832999999999743e+01 3.376000000000000000e+03 3.376094949392022045e+03 -9.494939202204477624e-02
7.568146000000000129e+01 3.382000000000000000e+03 3.374946553784649950e+03 7.053446215350049897e+00
7.569459000000000515e+01 3.391000000000000000e+03 3.373666617960639087e+03 1.733338203936091304e+01
7.570771999999999480e+01 3.363000000000000000e+03 3.372264070583531065e+03 -9.264070583531065495e+00
7.572084999999999866e+01 3.278000000000000000e+03 3.370748324234889424e+03 -9.274832423488942368e+01
7.573398000000000252e+01 3.379000000000000000e+03 3.369129322557892465e+03 9.870677442107535171e+00
7.574711000000000638e+01 3.338000000000000000e+03 3.367406753612092871e+03 -2.940675361209287075e+01
7.576023999999999603e+01 3.353000000000000000e+03 3.365613292873381852e+03 -1.261329287338185168e+01
7.577336999999999989e+01 3.347000000000000000e+03 3.363749607625658882e+03 -1.674960762565888217e+01
7.578650000000000375e+01 3.430000000000000000e+03 3.361827567972658017e+03 6.817243202734198348e+01
7.579962999999999340e+01 3.360000000000000000e+03 3.359859266475722052e+03 1.407335242779481632e-01
7.581277000000000044e+01 3.228000000000000000e+03 3.357855313880066660e+03 -1.298553138800666602e+02
7.582590000000000430e+01 3.375000000000000000e+03 3.355830786123967300e+03 1.916921387603269977e+01
7.583902999999999395e+01 3.429000000000000000e+03 3.353795881920730608e+03 7.520411807926939218e+01
7.585215999999999781e+01 3.278000000000000000e+03 3.351761844246802411e+03 -7.376184424680241136e+01
7.586529000000000167e+01 3.313000000000000000e+03 3.349739306189746912e+03 -3.673930618974691242e+01
7.587842000000000553e+01 3.420000000000000000e+03 3.347738178425860951e+03 7.226182157413904861e+01
7.589154999999999518e+01 3.383000000000000000e+03 3.345767566192391314e+03 3.723243380760868604e+01
7.590467999999999904e+01 3.274000000000000000e+03 3.343835714553953039e+03 -6.983571455395303929e+01
7.591781000000000290e+01 3.393000000000000000e+03 3.341949978967542847e+03 5.105002103245715261e+01
7.593094000000000676e+01 3.334000000000000000e+03 3.340116817215083302e+03 -6.116817215083301562e+00
7.594406999999999641e+01 3.284000000000000000e+03 3.338341798532305802e+03 -5.434179853230580193e+01
7.595720000000000027e+01 3.368000000000000000e+03 3.336629626002942587e+03 3.137037399705741336e+01
7.597033000000000413e+01 3.377000000000000000e+03 3.334978504739276559e+03 4.202149526072344088e+01
7.598345999999999378e+01 3.336000000000000000e+03 3.333402852321690261e+03 2.597147678309738694e+00
7.599658999999999764e+01 3.252000000000000000e+03 3.331899313878945577e+03 -7.989931387894557702e+01
7.600972000000000151e+01 3.327000000000000000e+03 3.330469510552399697e+03 -3.469510552399697190e+00
7.602285000000000537e+01 3.249000000000000000e+03 3.329114409973894453e+03 -8.011440997389445329e+01
7.603597999999999502e+01 3.240000000000000000e+03 3.327834376951504510e+03 -8.783437695150450963e+01
7.604910999999999888e+01 3.268000000000000000e+03 3.326629224727322708e+03 -5.862922472732270762e+01
7.606224000000000274e+01 3.415000000000000000e+03 3.325498266335874632e+03 8.950173366412536780e+01
7.607537000000000660e+01 3.380000000000000000e+03 3.324440365685656161e+03 5.555963431434383892e+01
7.608849999999999625e+01 3.302000000000000000e+03 3.323453988038142143e+03 -2.145398803814214261e+01
7.610163000000000011e+01 3.318000000000000000e+03 3.322537249583735047e+03 -4.537249583735047054e+00
7.611476000000000397e+01 3.232000000000000000e+03 3.321687965824644834e+03 -8.968796582464483436e+01
7.612788999999999362e+01 3.286000000000000000e+03 3.320903698479481136e+03 -3.490369847948113602e+01
7.614101999999999748e+01 3.367000000000000000e+03 3.320181800629563895e+03 4.681819937043610480e+01
7.615415000000000134e+01 3.231000000000000000e+03 3.319519459836324586e+03 -8.851945983632458592e+01
7.616728000000000520e+01 3.358000000000000000e+03 3.318913738974760236e+03 3.908626102523976442e+01
7.618040999999999485e+01 3.393000000000000000e+03 3.318361614550485228e+03 7.463838544951477161e+01
7.619353999999999871e+01 3.359000000000000000e+03 3.317860012297134290e+03 4.113998770286571016e+01
7.620667000000000257e+01 3.431000000000000000e+03 3.317405839886010654e+03 1.135941601139893464e+02
7.621980000000000643e+01 3.451000000000000000e+03 3.316996016619503735e+03 1.340039833804962655e+02
7.623292999999999608e+01 3.279000000000000000e+03 3.316627500022612367e+03 -3.762750002261236659e+01
7.624605999999999995e+01 3.400000000000000000e+03 3.316297309291225702e+03 8.370269070877429840e+01
7.625919000000000381e+01 3.312000000000000000e+03 3.316002545600193571e+03 -4.002545600193570863e+00
7.627231999999999346e+01 3.301000000000000000e+03 3.315740409317178091e+03 -1.474040931717809144e+01
7.628546000000000049e+01 3.316000000000000000e+03 3.315508048116691953e+03 4.919518833080473996e-01
7.629859000000000435e+01 3.263000000000000000e+03 3.315303252579450600e+03 -5.230325257945060002e+01
7.631171999999999400e+01 3.331000000000000000e+03 3.315123406705347406e+03 1.587659329465259361e+01
7.632484999999999786e+01 3.416000000000000000e+03 3.314966221757901167e+03 1.010337782420988333e+02
7.633798000000000172e+01 3.294000000000000000e+03 3.314829552061386948e+03 -2.082955206138694848e+01
7.635111000000000558e+01 3.231000000000000000e+03 3.314711396578232325e+03 -8.371139657823232483e+01
7.636423999999999523e+01 3.366000000000000000e+03 3.314609898594061178e+03 5.139010140593882170e+01
7.637736999999999910e+01 3.352000000000000000e+03 3.314523343745919647e+03 3.747665625408035339e+01
7.639050000000000296e+01 3.300000000000000000e+03 3.314450156629158300e+03 -1.445015662915830035e+01
7.640363000000000682e+01 3.254000000000000000e+03 3.314388896213933549e+03 -6.038889621393354901e+01
7.641675999999999647e+01 3.339000000000000000e+03 3.314338250293801138e+03 2.466174970619886153e+01
7.642989000000000033e+01 3.391000000000000000e+03 3.314297029176967499e+03 7.670297082303250136e+01
7.644302000000000419e+01 3.312000000000000000e+03 3.314264158816232339e+03 -2.264158816232338722e+00
7.645614999999999384e+01 3.293000000000000000e+03 3.314238673557051698e+03 -2.123867355705169757e+01
7.646927999999999770e+01 3.374000000000000000e+03 3.314219708665069447e+03 5.978029133493055269e+01
7.648241000000000156e+01 3.394000000000000000e+03 3.314206492775731476e+03 7.979350722426852371e+01
7.649554000000000542e+01 3.307000000000000000e+03 3.314198340389415989e+03 -7.198340389415989193e+00
7.650866999999999507e+01 3.279000000000000000e+03 3.314194644516756853e+03 -3.519464451675685268e+01
7.652179999999999893e+01 3.387000000000000000e+03 3.314194869560518327e+03 7.280513043948167251e+01
7.653493000000000279e+01 3.373000000000000000e+03 3.314198544503270114e+03 5.880145549672988636e+01
7.654806000000000665e+01 3.234000000000000000e+03 3.314205256454026767e+03 -8.020525645402676673e+01
7.656118999999999630e+01 3.251000000000000000e+03 3.314214644592583682e+03 -6.321464459258368151e+01
7.657432000000000016e+01 3.306000000000000000e+03 3.314226394537271062e+03 -8.226394537271062291e+00
7.658745000000000402e+01 3.454000000000000000e+03 3.314240233150580025e+03 1.397597668494199752e+02
7.660057999999999367e+01 3.470000000000000000e+03 3.314255923787450229e+03 1.557440762125497713e+02
7.661370999999999754e+01 3.329000000000000000e+03 3.314273261982966233e+03 1.472673801703376739e+01
7.662684000000000140e+01 3.249000000000000000e+03 3.314292071569771906e+03 -6.529207156977190607e+01
7.663997000000000526e+01 3.397000000000000000e+03 3.314312201210443163e+03 8.268779878955683671e+01
7.665309999999999491e+01 3.336000000000000000e+03 3.314333521326377650e+03 2.166647867362235047e+01
7.666622999999999877e+01 3.325000000000000000e+03 3.314355921402248441e+03 1.064407859775155885e+01
7.667936000000000263e+01 3.204000000000000000e+03 3.314379307643612265e+03 -1.103793076436122647e+02
7.669249000000000649e+01 3.269000000000000000e+03 3.314403600964653378e+03 -4.540360096465337847e+01
7.670561999999999614e+01 3.379000000000000000e+03 3.314428735283289825e+03 6.457126471671017498e+01
7.671875000000000000e+01 3.272000000000000000e+03 3.314454656101578621e+03 -4.245465610157862102e+01
7.673188000000000386e+01 3.223000000000000000e+03 3.314481319350672038e+03 -9.148131935067203813e+01
7.674501999999999668e+01 3.241000000000000000e+03 3.314508711590070561e+03 -7.350871159007056121e+01
7.675815000000000055e+01 3.368000000000000000e+03 3.314536765402050150e+03 5.346323459794984956e+01
7.677128000000000441e+01 3.286000000000000000e+03 3.314565484030447806e+03 -2.856548403044780571e+01
7.678440999999999406e+01 3.346000000000000000e+03 3.314594858236924665e+03 3.140514176307533489e+01
7.679753999999999792e+01 3.327000000000000000e+03 3.314624886799409524e+03 1.237511320059047648e+01
7.681067000000000178e+01 3.240000000000000000e+03 3.314655576607582134e+03 -7.465557660758213387e+01
7.682380000000000564e+01 3.414000000000000000e+03 3.314686942927849941e+03 9.931305707215005896e+01
7.683692999999999529e+01 3.324000000000000000e+03 3.314719009830726918e+03 9.280990169273081847e+00
7.685005999999999915e+01 3.332000000000000000e+03 3.314751810774556816e+03 1.724818922544318411e+01
7.686319000000000301e+01 3.332000000000000000e+03 3.314785389339913309e+03 1.721461066008669150e+01
7.687632000000000687e+01 3.247000000000000000e+03 3.314819800109237349e+03 -6.781980010923734881e+01
7.688944999999999652e+01 3.289000000000000000e+03 3.314855109685746356e+03 -2.585510968574635626e+01
7.690258000000000038e+01 3.302000000000000000e+03 3.314891397844899984e+03 -1.289139784489998419e+01
7.691571000000000424e+01 3.396000000000000000e+03 3.314928758810180170e+03 8.107124118981982974e+01
7.692883999999999389e+01 3.270000000000000000e+03 3.314967302643093717e+03 -4.496730264309371705e+01
7.694196999999999775e+01 3.338000000000000000e+03 3.315007156734767250e+03 2.299284326523275013e+01
7.695510000000000161e+01 3.297000000000000000e+03 3.315048467383480329e+03 -1.804846738348032886e+01
7.696823000000000548e+01 3.249000000000000000e+03 3.315091401439037327e+03 -6.609140143903732678e+01
7.698135999999999513e+01 3.333000000000000000e+03 3.315136147990799600e+03 1.786385200920040006e+01
7.699448999999999899e+01 3.286000000000000000e+03 3.315182920071907120e+03 -2.918292007190711956e+01
7.700762000000000285e+01 3.268000000000000000e+03 3.315231956347487085e+03 -4.723195634748708471e+01
7.702075000000000671e+01 3.418000000000000000e+03 3.315283522749723943e+03 1.027164772502760570e+02
7.703387999999999636e+01 3.305000000000000000e+03 3.315337914017668481e+03 -1.033791401766848139e+01
7.704701000000000022e+01 3.318000000000000000e+03 3.315395455094727367e+03 2.604544905272632604e+00
7.706014000000000408e+01 3.363000000000000000e+03 3.315456502332017862e+03 4.754349766798213750e+01
7.707326999999999373e+01 3.310000000000000000e+03 3.315521444441461881e+03 -5.521444441461881070e+00
7.708639999999999759e+01 3.289000000000000000e+03 3.315590703138788740e+03 -2.659070313878874003e+01
7.709953000000000145e+01 3.293000000000000000e+03 3.315664733413721478e+03 -2.266473341372147843e+01
7.711266000000000531e+01 3.359000000000000000e+03 3.315744023362802182e+03 4.325597663719781849e+01
7.712578999999999496e+01 3.450000000000000000e+03 3.315829093519732851e+03 1.341709064802671492e+02
7.713891999999999882e+01 3.354000000000000000e+03 3.315920495619041503e+03 3.807950438095849677e+01
7.715205000000000268e+01 3.304000000000000000e+03 3.316018810731449321e+03 -1.201881073144932088e+01
7.716518000000000654e+01 3.169000000000000000e+03 3.316124646713811671e+03 -1.471246467138116714e+02
7.717830999999999619e+01 3.326000000000000000e+03 3.316238634922864094e+03 9.761365077135906176e+00
7.719144000000000005e+01 3.381000000000000000e+03 3.316361426150516309e+03 6.463857384948369145e+01
7.720457000000000392e+01 3.349000000000000000e+03 3.316493685748997450e+03 3.250631425100255001e+01
7.721770999999999674e+01 3.275000000000000000e+03 3.316636200419696706e+03 -4.163620041969670638e+01
7.723084000000000060e+01 3.388000000000000000e+03 3.316789430200362858e+03 7.121056979963714184e+01
7.724397000000000446e+01 3.265000000000000000e+03 3.316954151079019084e+03 -5.195415107901908414e+01
7.725709999999999411e+01 3.408000000000000000e+03 3.317131021331649208e+03 9.086897866835079185e+01
7.727022999999999797e+01 3.366000000000000000e+03 3.317320677133508070e+03 4.867932286649192974e+01
7.728336000000000183e+01 3.339000000000000000e+03 3.317523722982103664e+03 2.147627701789633647e+01
7.729649000000000569e+01 3.270000000000000000e+03 3.317740721528336962e+03 -4.774072152833696236e+01
7.730961999999999534e+01 3.354000000000000000e+03 3.317972182920483647e+03 3.602781707951635326e+01
7.732274999999999920e+01 3.283000000000000000e+03 3.318218553782815434e+03 -3.521855378281543381e+01
7.733588000000000306e+01 3.433000000000000000e+03 3.318480205965690857e+03 1.145197940343091432e+02
7.734901000000000693e+01 3.338000000000000000e+03 3.318757425216202137e+03 1.924257478379786335e+01
7.736213999999999658e+01 3.294000000000000000e+03 3.319050399927050421e+03 -2.505039992705042096e+01
7.737527000000000044e+01 3.401000000000000000e+03 3.319359210125960999e+03 8.164078987403900101e+01
7.738840000000000430e+01 3.299000000000000000e+03 3.319683816867825499e+03 -2.068381686782549878e+01
7.740152999999999395e+01 3.313000000000000000e+03 3.320024052186876361e+03 -7.024052186876360793e+00
7.741465999999999781e+01 3.349000000000000000e+03 3.320379609756498667e+03 2.862039024350133332e+01
7.742779000000000167e+01 3.247000000000000000e+03 3.320750036390292735e+03 -7.375003639029273472e+01
7.744092000000000553e+01 3.274000000000000000e+03 3.321134724500853736e+03 -4.713472450085373566e+01
7.745404999999999518e+01 3.243000000000000000e+03 3.321532905613987623e+03 -7.853290561398762293e+01
7.746717999999999904e+01 3.309000000000000000e+03 3.321943645018418465e+03 -1.294364501841846504e+01
7.748031000000000290e+01 3.369000000000000000e+03 3.322365837617848229e+03 4.663416238215177145e+01
7.749344000000000676e+01 3.419000000000000000e+03 3.322798205047931333e+03 9.620179495206866704e+01
7.750656999999999641e+01 3.356000000000000000e+03 3.323239294130278722e+03 3.276070586972127785e+01
7.751970000000000027e+01 3.309000000000000000e+03 3.323687476765026986e+03 -1.468747676502698596e+01
7.753283000000000413e+01 3.351000000000000000e+03 3.324140951417711221e+03 2.685904858228877856e+01
7.754595999999999378e+01 3.360000000000000000e+03 3.324597746439393632e+03 3.540225356060636841e+01
7.755908999999999764e+01 3.427000000000000000e+03 3.325055725571781750e+03 1.019442744282182503e+02
7.757222000000000151e+01 3.318000000000000000e+03 3.325512596126653534e+03 -7.512596126653534157e+00
7.758535000000000537e+01 3.251000000000000000e+03 3.325965920478196495e+03 -7.496592047819649451e+01
7.759847999999999502e+01 3.350000000000000000e+03 3.326413131644183522e+03 2.358686835581647756e+01
7.761160999999999888e+01 3.446000000000000000e+03 3.326851553821347807e+03 1.191484461786521933e+02
7.762474000000000274e+01 3.363000000000000000e+03 3.327278428735049147e+03 3.572157126495085322e+01
7.763787000000000660e+01 3.257000000000000000e+03 3.327690948510856288e+03 -7.069094851085628761e+01
7.765099999999999625e+01 3.366000000000000000e+03 3.328086295428349331e+03 3.791370457165066910e+01
7.766413000000000011e+01 3.420000000000000000e+03 3.328461688348410007e+03 9.153831165158999283e+01
7.767726000000000397e+01 3.375000000000000000e+03 3.328814434827043442e+03 4.618556517295655794e+01
7.769039999999999679e+01 3.325000000000000000e+03 3.329142226265536920e+03 -4.142226265536919527e+00
7.770353000000000065e+01 3.393000000000000000e+03 3.329442215918655620e+03 6.355778408134437996e+01
7.771666000000000452e+01 3.399000000000000000e+03 3.329712572557615204e+03 6.928742744238479645e+01
7.772978999999999417e+01 3.400000000000000000e+03 3.329951508775678121e+03 7.004849122432187869e+01
7.774291999999999803e+01 3.345000000000000000e+03 3.330157577375737219e+03 1.484242262426278103e+01
7.775605000000000189e+01 3.399000000000000000e+03 3.330329694734399254e+03 6.867030526560074577e+01
7.776918000000000575e+01 3.342000000000000000e+03 3.330467148632282260e+03 1.153285136771773978e+01
7.778230999999999540e+01 3.260000000000000000e+03 3.330569590291869645e+03 -7.056959029186964472e+01
7.779543999999999926e+01 3.360000000000000000e+03 3.330637012063932616e+03 2.936298793606738400e+01
7.780857000000000312e+01 3.301000000000000000e+03 3.330669713687885633e+03 -2.966971368788563268e+01
7.782170000000000698e+01 3.419000000000000000e+03 3.330668261079484637e+03 8.833173892051536313e+01
7.783482999999999663e+01 3.340000000000000000e+03 3.330633442039043985e+03 9.366557960956015449e+00
7.784796000000000049e+01 3.262000000000000000e+03 3.330566223118910330e+03 -6.856622311891032950e+01
7.786109000000000435e+01 3.327000000000000000e+03 3.330467711239141408e+03 -3.467711239141408441e+00
7.787421999999999400e+01 3.226000000000000000e+03 3.330339122653604136e+03 -1.043391226536041358e+02
7.788734999999999786e+01 3.358000000000000000e+03 3.330181760714737720e+03 2.781823928526227974e+01
7.790048000000000172e+01 3.319000000000000000e+03 3.329997002712275844e+03 -1.099700271227584381e+01
7.791361000000000558e+01 3.388000000000000000e+03 3.329786294981918218e+03 5.821370501808178233e+01
7.792673999999999523e+01 3.243000000000000000e+03 3.329551154577667603e+03 -8.655115457766760301e+01
7.793986999999999910e+01 3.476000000000000000e+03 3.329293175141340726e+03 1.467068248586592745e+02
7.795300000000000296e+01 3.386000000000000000e+03 3.329014034238089607e+03 5.698596576191039276e+01
7.796613000000000682e+01 3.309000000000000000e+03 3.328715499397729673e+03 -1.971549939772967264e+01
7.797925999999999647e+01 3.298000000000000000e+03 3.328399430418313386e+03 -3.039943041831338633e+01
7.799239000000000033e+01 3.374000000000000000e+03 3.328067776116846744e+03 4.593222388315325588e+01
7.800552000000000419e+01 3.320000000000000000e+03 3.327722564564201093e+03 -7.722564564201093162e+00
7.801864999999999384e+01 3.338000000000000000e+03 3.327365886783847145e+03 1.063411321615285487e+01
7.803177999999999770e+01 3.175000000000000000e+03 3.326999874774143791e+03 -1.519998747741437910e+02
7.804491000000000156e+01 3.326000000000000000e+03 3.326626675393482856e+03 -6.266753934828557249e-01
7.805804000000000542e+01 3.380000000000000000e+03 3.326248422036767352e+03 5.375157796323264847e+01
7.807116999999999507e+01 3.278000000000000000e+03 3.325867206105735477e+03 -4.786720610573547674e+01
7.808429999999999893e+01 3.360000000000000000e+03 3.325485050073520142e+03 3.451494992647985782e+01
7.809743000000000279e+01 3.274000000000000000e+03 3.325103883549156308e+03 -5.110388354915630771e+01
7.811056000000000665e+01 3.286000000000000000e+03 3.324725523261724447e+03 -3.872552326172444737e+01
7.812368999999999630e+01 3.393000000000000000e+03 3.324351657399527539e+03 6.864834260047246062e+01
7.813682000000000016e+01 3.239000000000000000e+03 3.323983834325540556e+03 -8.498383432554055616e+01
7.814995999999999299e+01 3.317000000000000000e+03 3.323623184077586757e+03 -6.623184077586756757e+00
7.816308999999999685e+01 3.323000000000000000e+03 3.323271507067939183e+03 -2.715070679391828889e-01
7.817622000000000071e+01 3.375000000000000000e+03 3.322929625312422559e+03 5.207037468757744136e+01
7.818935000000000457e+01 3.280000000000000000e+03 3.322598489090630665e+03 -4.259848909063066458e+01
7.820247999999999422e+01 3.361000000000000000e+03 3.322278903341498335e+03 3.872109665850166493e+01
7.821560999999999808e+01 3.276000000000000000e+03 3.321971533002930755e+03 -4.597153300293075517e+01
7.822874000000000194e+01 3.372000000000000000e+03 3.321676909445096953e+03 5.032309055490304672e+01
7.824187000000000580e+01 3.244000000000000000e+03 3.321395437696032332e+03 -7.739543769603233159e+01
7.825499999999999545e+01 3.275000000000000000e+03 3.321127404225303508e+03 -4.612740422530350770e+01
7.826812999999999931e+01 3.420000000000000000e+03 3.320872985104527288e+03 9.912701489547271194e+01
7.828126000000000317e+01 3.340000000000000000e+03 3.320632254402563831e+03 1.936774559743616919e+01
7.829439000000000703e+01 3.349000000000000000e+03 3.320405192700405223e+03 2.859480729959477685e+01
7.830751999999999668e+01 3.331000000000000000e+03 3.320191695629242986e+03 1.080830437075701411e+01
7.832065000000000055e+01 3.336000000000000000e+03 3.319991582348412066e+03 1.600841765158793351e+01
7.833378000000000441e+01 3.339000000000000000e+03 3.319804603890518592e+03 1.919539610948140762e+01
7.834690999999999406e+01 3.357000000000000000e+03 3.319630451311140405e+03 3.736954868885959513e+01
7.836003999999999792e+01 3.212000000000000000e+03 3.319468763590949948e+03 -1.074687635909499477e+02
7.837317000000000178e+01 3.268000000000000000e+03 3.319319135248626026e+03 -5.131913524862602571e+01
7.838630000000000564e+01 3.359000000000000000e+03 3.319181123632974959e+03 3.981887636702504096e+01
7.839942999999999529e+01 3.238000000000000000e+03 3.319054255871176338e+03 -8.105425587117633768e+01
7.841255999999999915e+01 3.327000000000000000e+03 3.318938035456352736e+03 8.061964543647263781e+00
7.842569000000000301e+01 3.325000000000000000e+03 3.318831948461570391e+03 6.168051538429608627e+00
7.843882000000000687e+01 3.345000000000000000e+03 3.318735469369054954e+03 2.626453063094504614e+01
7.845194999999999652e+01 3.156000000000000000e+03 3.318648066503600148e+03 -1.626480665036001483e+02
7.846508000000000038e+01 3.197000000000000000e+03 3.318569207058636493e+03 -1.215692070586364935e+02
7.847821000000000424e+01 3.353000000000000000e+03 3.318498361702840612e+03 3.450163829715938846e+01
7.849133999999999389e+01 3.306000000000000000e+03 3.318435008755058334e+03 -1.243500875505833392e+01
7.850446999999999775e+01 3.275000000000000000e+03 3.318378637916099251e+03 -4.337863791609925102e+01
7.851760000000000161e+01 3.339000000000000000e+03 3.318328753547775250e+03 2.067124645222475010e+01
7.853073000000000548e+01 3.315000000000000000e+03 3.318284877492564192e+03 -3.284877492564191925e+00
7.854385999999999513e+01 3.362000000000000000e+03 3.318246551431611806e+03 4.375344856838819396e+01
7.855698999999999899e+01 3.284000000000000000e+03 3.318213338784572443e+03 -3.421333878457244282e+01
7.857012000000000285e+01 3.377000000000000000e+03 3.318184826161612364e+03 5.881517383838763635e+01
7.858325000000000671e+01 3.281000000000000000e+03 3.318160624385827759e+03 -3.716062438582775940e+01
7.859637999999999636e+01 3.335000000000000000e+03 3.318140369112301869e+03 1.685963088769813112e+01
7.860951000000000022e+01 3.378000000000000000e+03 3.318123721077585742e+03 5.987627892241425798e+01
7.862264999999999304e+01 3.286000000000000000e+03 3.318110357027894679e+03 -3.211035702789467905e+01
7.863577999999999690e+01 3.315000000000000000e+03 3.318100007502990138e+03 -3.100007502990138164e+00
7.864891000000000076e+01 3.334000000000000000e+03 3.318092395538180426e+03 1.590760446181957377e+01
7.866204000000000462e+01 3.305000000000000000e+03 3.318087278784525097e+03 -1.308727878452509685e+01
7.867516999999999427e+01 3.312000000000000000e+03 3.318084437171554328e+03 -6.084437171554327506e+00
7.868829999999999814e+01 3.411000000000000000e+03 3.318083671843973207e+03 9.291632815602679329e+01
7.870143000000000200e+01 3.319000000000000000e+03 3.318084804020912998e+03 9.151959790870023426e-01
7.871456000000000586e+01 3.297000000000000000e+03 3.318087673807602187e+03 -2.108767380760218657e+01
7.872768999999999551e+01 3.269000000000000000e+03 3.318086766947975775e+03 -4.908676694797577511e+01
7.874081999999999937e+01 3.303000000000000000e+03 3.318092715257317650e+03 -1.509271525731764996e+01
7.875395000000000323e+01 3.350000000000000000e+03 3.318100022666918903e+03 3.189997733308109673e+01
7.876708000000000709e+01 3.296000000000000000e+03 3.318108592800211682e+03 -2.210859280021168161e+01
7.878020999999999674e+01 3.398000000000000000e+03 3.318118342270752692e+03 7.988165772924730845e+01
7.879334000000000060e+01 3.339000000000000000e+03 3.318129199619277188e+03 2.087080038072281241e+01
7.880647000000000446e+01 3.356000000000000000e+03 3.318141104314152017e+03 3.785889568584798326e+01
7.881959999999999411e+01 3.281000000000000000e+03 3.318154005822270392e+03 -3.715400582227039195e+01
7.883272999999999797e+01 3.305000000000000000e+03 3.318167862756111845e+03 -1.316786275611184465e+01
7.884586000000000183e+01 3.321000000000000000e+03 3.318182642101520287e+03 2.817357898479713185e+00
7.885899000000000569e+01 3.243000000000000000e+03 3.318198318529859080e+03 -7.519831852985907972e+01
7.887211999999999534e+01 3.426000000000000000e+03 3.318214873797344353e+03 1.077851262026556469e+02
7.888524999999999920e+01 3.399000000000000000e+03 3.318232296233887155e+03 8.076770376611284519e+01
7.889838000000000306e+01 3.303000000000000000e+03 3.318250580323350277e+03 -1.525058032335027747e+01
7.891151000000000693e+01 3.325000000000000000e+03 3.318269726376974177e+03 6.730273623025823326e+00
7.892463999999999658e+01 3.299000000000000000e+03 3.318289740301772326e+03 -1.928974030177232635e+01
7.893777000000000044e+01 3.258000000000000000e+03 3.318310633465931460e+03 -6.031063346593145980e+01
7.895090000000000430e+01 3.346000000000000000e+03 3.318332422663665056e+03 2.766757733633494354e+01
7.896402999999999395e+01 3.370000000000000000e+03 3.318352315572713906e+03 5.164768442728609443e+01
7.897715999999999781e+01 3.285000000000000000e+03 3.318375976409863597e+03 -3.337597640986359693e+01
7.899029000000000167e+01 3.320000000000000000e+03 3.318400617402046919e+03 1.599382597953081131e+00
7.900342000000000553e+01 3.296000000000000000e+03 3.318426278807323797e+03 -2.242627880732379708e+01
7.901654999999999518e+01 3.392000000000000000e+03 3.318453007759626416e+03 7.354699224037358363e+01
7.902967999999999904e+01 3.291000000000000000e+03 3.318480858923060168e+03 -2.748085892306016831e+01
7.904281000000000290e+01 3.410000000000000000e+03 3.318509895285395032e+03 9.149010471460496774e+01
7.905594000000000676e+01 3.246000000000000000e+03 3.318540189100373937e+03 -7.254018910037393653e+01
7.906906999999999641e+01 3.236000000000000000e+03 3.318571822989389148e+03 -8.257182298938914755e+01
7.908220000000000027e+01 3.311000000000000000e+03 3.318604891213853080e+03 -7.604891213853079535e+00
7.909533999999999310e+01 3.362000000000000000e+03 3.318639528107179558e+03 4.336047189282044201e+01
7.910846999999999696e+01 3.314000000000000000e+03 3.318675803134640773e+03 -4.675803134640773351e+00
7.912160000000000082e+01 3.310000000000000000e+03 3.318713880771786535e+03 -8.713880771786534751e+00
7.913473000000000468e+01 3.295000000000000000e+03 3.318753918417198292e+03 -2.375391841719829245e+01
7.914785999999999433e+01 3.301000000000000000e+03 3.318796094459595224e+03 -1.779609445959522418e+01
7.916098999999999819e+01 3.444000000000000000e+03 3.318840610828992340e+03 1.251593891710076605e+02
7.917412000000000205e+01 3.315000000000000000e+03 3.318887695799595349e+03 -3.887695799595348944e+00
7.918725000000000591e+01 3.280000000000000000e+03 3.318905204951821361e+03 -3.890520495182136074e+01
7.920037999999999556e+01 3.153000000000000000e+03 3.318958313762668240e+03 -1.659583137626682401e+02
7.921350999999999942e+01 3.284000000000000000e+03 3.319014865707039462e+03 -3.501486570703946200e+01
7.922664000000000328e+01 3.369000000000000000e+03 3.319075227712856758e+03 4.992477228714324156e+01
7.923976999999999293e+01 3.342000000000000000e+03 3.319139811014500083e+03 2.286018898549991718e+01
7.925289999999999679e+01 3.390000000000000000e+03 3.319209075524939180e+03 7.079092447506081953e+01
7.926603000000000065e+01 3.336000000000000000e+03 3.319283534445689384e+03 1.671646555431061643e+01
7.927916000000000452e+01 3.279000000000000000e+03 3.319363759095591831e+03 -4.036375909559183128e+01
7.929228999999999417e+01 3.380000000000000000e+03 3.319450383934149613e+03 6.054961606585038680e+01
7.930541999999999803e+01 3.300000000000000000e+03 3.319544111749764397e+03 -1.954411174976439725e+01
7.931855000000000189e+01 3.372000000000000000e+03 3.319645718977813431e+03 5.235428102218656932e+01
7.933168000000000575e+01 3.430000000000000000e+03 3.319756061108425001e+03 1.102439388915749987e+02
7.934480999999999540e+01 3.375000000000000000e+03 3.319876078138935100e+03 5.512392186106490044e+01
7.935793999999999926e+01 3.380000000000000000e+03 3.320006800021880736e+03 5.999319997811926441e+01
7.937107000000000312e+01 3.321000000000000000e+03 3.320149352055848794e+03 8.506479441512055928e-01
7.938420000000000698e+01 3.428000000000000000e+03 3.320304960164115073e+03 1.076950398358849270e+02
7.939732999999999663e+01 3.415000000000000000e+03 3.320474956004581600e+03 9.452504399541840030e+01
7.941046000000000049e+01 3.312000000000000000e+03 3.320660781854599918e+03 -8.660781854599918006e+00
7.942359000000000435e+01 3.319000000000000000e+03 3.320847012508964781e+03 -1.847012508964780864e+00
7.943671999999999400e+01 3.295000000000000000e+03 3.321069332597246557e+03 -2.606933259724655727e+01
7.944984999999999786e+01 3.273000000000000000e+03 3.321312517425912574e+03 -4.831251742591257425e+01
7.946298000000000172e+01 3.331000000000000000e+03 3.321578494246495666e+03 9.421505753504334280e+00
7.947611000000000558e+01 3.324000000000000000e+03 3.321869320191446604e+03 2.130679808553395560e+00
7.948923999999999523e+01 3.278000000000000000e+03 3.322187184813785279e+03 -4.418718481378527940e+01
7.950236999999999910e+01 3.452000000000000000e+03 3.322534412133279147e+03 1.294655878667208526e+02
7.951550000000000296e+01 3.260000000000000000e+03 3.322913462184931632e+03 -6.291346218493163178e+01
7.952863000000000682e+01 3.378000000000000000e+03 3.323326932076111916e+03 5.467306792388808390e+01
7.954175999999999647e+01 3.352000000000000000e+03 3.323777556568711134e+03 2.822244343128886612e+01
7.955489000000000033e+01 3.287000000000000000e+03 3.324268208211525234e+03 -3.726820821152523422e+01
7.956802999999999315e+01 3.319000000000000000e+03 3.324802320712667552e+03 -5.802320712667551561e+00
7.958115999999999701e+01 3.279000000000000000e+03 3.325382230049829559e+03 -4.638223004982955899e+01
7.959429000000000087e+01 3.304000000000000000e+03 3.326011608730800162e+03 -2.201160873080016245e+01
7.960742000000000473e+01 3.325000000000000000e+03 3.326693874059876634e+03 -1.693874059876634419e+00
7.962054999999999438e+01 3.362000000000000000e+03 3.327432576217604947e+03 3.456742378239505342e+01
7.963367999999999824e+01 3.485000000000000000e+03 3.328231396356288315e+03 1.567686036437116854e+02
7.964681000000000211e+01 3.396000000000000000e+03 3.329094144391648115e+03 6.690585560835188517e+01
7.965994000000000597e+01 3.239000000000000000e+03 3.330024756442340731e+03 -9.102475644234073116e+01
7.967306999999999562e+01 3.322000000000000000e+03 3.331027291830585909e+03 -9.027291830585909338e+00
7.968619999999999948e+01 3.252000000000000000e+03 3.332105929511351405e+03 -8.010592951135140538e+01
7.969933000000000334e+01 3.216000000000000000e+03 3.333264963744562920e+03 -1.172649637445629196e+02
7.971245999999999299e+01 3.327000000000000000e+03 3.334508798766165910e+03 -7.508798766165909910e+00
7.972558999999999685e+01 3.383000000000000000e+03 3.335841942150994782e+03 4.715805784900521758e+01
7.973872000000000071e+01 3.244000000000000000e+03 3.337268996496100499e+03 -9.326899649610049892e+01
7.975185000000000457e+01 3.436000000000000000e+03 3.338794648990895439e+03 9.720535100910456094e+01
7.976497999999999422e+01 3.324000000000000000e+03 3.340423658384680493e+03 -1.642365838468049333e+01
7.977810999999999808e+01 3.411000000000000000e+03 3.342160838818874709e+03 6.883916118112529148e+01
7.979124000000000194e+01 3.303000000000000000e+03 3.344011039967312172e+03 -4.101103996731217194e+01
7.980437000000000580e+01 3.355000000000000000e+03 3.345979122932048085e+03 9.020877067951914796e+00
7.981749999999999545e+01 3.462000000000000000e+03 3.348069931383300172e+03 1.139300686166998275e+02
7.983062999999999931e+01 3.331000000000000000e+03 3.350288257520653588e+03 -1.928825752065358756e+01
7.984376000000000317e+01 3.354000000000000000e+03 3.352638802577931529e+03 1.361197422068471496e+00
7.985689000000000703e+01 3.326000000000000000e+03 3.355126131804158376e+03 -2.912613180415837633e+01
7.987001999999999668e+01 3.339000000000000000e+03 3.357754624131035143e+03 -1.875462413103514336e+01
7.988315000000000055e+01 3.351000000000000000e+03 3.360528417080175132e+03 -9.528417080175131559e+00
7.989628000000000441e+01 3.384000000000000000e+03 3.363451347856224857e+03 2.054865214377514349e+01
7.990940999999999406e+01 3.428000000000000000e+03 3.366526891986245118e+03 6.147310801375488154e+01
7.992253999999999792e+01 3.358000000000000000e+03 3.369758101254112262e+03 -1.175810125411226181e+01
7.993567000000000178e+01 3.482000000000000000e+03 3.373147542976087152e+03 1.088524570239128479e+02
7.994880000000000564e+01 3.320000000000000000e+03 3.376697242789502525e+03 -5.669724278950252483e+01
7.996192999999999529e+01 3.420000000000000000e+03 3.380408632994133313e+03 3.959136700586668667e+01
7.997505999999999915e+01 3.395000000000000000e+03 3.384282508020770365e+03 1.071749197922963504e+01
7.998819000000000301e+01 3.348000000000000000e+03 3.388318987763550467e+03 -4.031898776355046721e+01
8.000132000000000687e+01 3.166000000000000000e+03 3.392517488324187070e+03 -2.265174883241870702e+02
8.001444999999999652e+01 3.408000000000000000e+03 3.396876698282785583e+03 1.112330171721441729e+01
8.002759000000000356e+01 3.378000000000000000e+03 3.401398057787335802e+03 -2.339805778733580155e+01
8.004071999999999321e+01 3.370000000000000000e+03 3.406071849280641800e+03 -3.607184928064179985e+01
8.005384999999999707e+01 3.456000000000000000e+03 3.410897814345315510e+03 4.510218565468449015e+01
8.006698000000000093e+01 3.400000000000000000e+03 3.415871463775731172e+03 -1.587146377573117206e+01
8.008011000000000479e+01 3.461000000000000000e+03 3.420987395933630978e+03 4.001260406636902189e+01
8.009323999999999444e+01 3.484000000000000000e+03 3.426239214326179990e+03 5.776078567382000983e+01
8.010636999999999830e+01 3.498000000000000000e+03 3.431619425201206468e+03 6.638057479879353195e+01
8.011950000000000216e+01 3.511000000000000000e+03 3.437119317888875230e+03 7.388068211112477002e+01
8.013263000000000602e+01 3.395000000000000000e+03 3.442728833173872317e+03 -4.772883317387231727e+01
8.014575999999999567e+01 3.501000000000000000e+03 3.448436426948323060e+03 5.256357305167693994e+01
8.015888999999999953e+01 3.459000000000000000e+03 3.454228937515393682e+03 4.771062484606318321e+00
8.017202000000000339e+01 3.458000000000000000e+03 3.460091465118672659e+03 -2.091465118672658718e+00
8.018514999999999304e+01 3.415000000000000000e+03 3.466007271680767644e+03 -5.100727168076764428e+01
8.019827999999999690e+01 3.416000000000000000e+03 3.471957707595230204e+03 -5.595770759523020388e+01
8.021141000000000076e+01 3.490000000000000000e+03 3.477922171038831948e+03 1.207782896116805205e+01
8.022454000000000462e+01 3.470000000000000000e+03 3.483878103953499703e+03 -1.387810395349970349e+01
8.023766999999999427e+01 3.495000000000000000e+03 3.489801027823702043e+03 5.198972176297957049e+00
8.025079999999999814e+01 3.405000000000000000e+03 3.495664621792113849e+03 -9.066462179211384864e+01
8.026393000000000200e+01 3.526000000000000000e+03 3.501440845559728132e+03 2.455915444027186822e+01
8.027706000000000586e+01 3.432000000000000000e+03 3.507100109847717249e+03 -7.510010984771724907e+01
8.029018999999999551e+01 3.541000000000000000e+03 3.512611497783842879e+03 2.838850221615712144e+01
8.030331999999999937e+01 3.572000000000000000e+03 3.517943041118734982e+03 5.405695888126501814e+01
8.031645000000000323e+01 3.514000000000000000e+03 3.523062055254837105e+03 -9.062055254837105167e+00
8.032958000000000709e+01 3.613000000000000000e+03 3.527935536170857176e+03 8.506446382914282367e+01
8.034270999999999674e+01 3.602000000000000000e+03 3.532530619929588738e+03 6.946938007041126184e+01
8.035584000000000060e+01 3.550000000000000000e+03 3.536815101189574307e+03 1.318489881042569323e+01
8.036897000000000446e+01 3.469000000000000000e+03 3.540758000943919797e+03 -7.175800094391979655e+01
8.038209999999999411e+01 3.565000000000000000e+03 3.544330166014170118e+03 2.066983398582988229e+01
8.039522999999999797e+01 3.409000000000000000e+03 3.547504874633931195e+03 -1.385048746339311947e+02
8.040836000000000183e+01 3.547000000000000000e+03 3.550258415264081123e+03 -3.258415264081122587e+00
8.042149000000000569e+01 3.507000000000000000e+03 3.552570601323782284e+03 -4.557060132378228445e+01
8.043461999999999534e+01 3.471000000000000000e+03 3.554425184356845421e+03 -8.342518435684542055e+01
8.044774999999999920e+01 3.451000000000000000e+03 3.555810133198938729e+03 -1.048101331989387290e+02
8.046088000000000306e+01 3.475000000000000000e+03 3.556717756882201684e+03 -8.171775688220168377e+01
8.047401000000000693e+01 3.423000000000000000e+03 3.557144663108654186e+03 -1.341446631086541856e+02
8.048713999999999658e+01 3.410000000000000000e+03 3.557091560027643936e+03 -1.470915600276439363e+02
8.050028000000000361e+01 3.425000000000000000e+03 3.556562342170057491e+03 -1.315623421700574909e+02
8.051340999999999326e+01 3.457000000000000000e+03 3.555565635298006782e+03 -9.856563529800678225e+01
8.052653999999999712e+01 3.514000000000000000e+03 3.554111883174762170e+03 -4.011188317476216980e+01
8.053967000000000098e+01 3.309000000000000000e+03 3.552214101667608247e+03 -2.432141016676082472e+02
8.055280000000000484e+01 3.478000000000000000e+03 3.549887184343725039e+03 -7.188718434372503907e+01
8.056592999999999449e+01 3.412000000000000000e+03 3.547147491915945011e+03 -1.351474919159450110e+02
8.057905999999999835e+01 3.488000000000000000e+03 3.544012526264109511e+03 -5.601252626410951052e+01
8.059219000000000221e+01 3.415000000000000000e+03 3.540500700922529177e+03 -1.255007009225291768e+02
8.060532000000000608e+01 3.329000000000000000e+03 3.536631208648623669e+03 -2.076312086486236694e+02
8.061844999999999573e+01 3.352000000000000000e+03 3.532423976396561102e+03 -1.804239763965611019e+02
8.063157999999999959e+01 3.408000000000000000e+03 3.527899689445783679e+03 -1.198996894457836788e+02
8.064471000000000345e+01 3.524000000000000000e+03 3.523079860164114507e+03 9.201398358854930848e-01
8.065783999999999310e+01 3.349000000000000000e+03 3.517986913399144214e+03 -1.689869133991442141e+02
8.067096999999999696e+01 3.318000000000000000e+03 3.512644260129644863e+03 -1.946442601296448629e+02
8.068410000000000082e+01 3.321000000000000000e+03 3.507076333860436080e+03 -1.860763338604360797e+02
8.069723000000000468e+01 3.335000000000000000e+03 3.501308570025408244e+03 -1.663085700254082440e+02
8.071035999999999433e+01 3.452000000000000000e+03 3.495367316650451357e+03 -4.336731665045135742e+01
8.072348999999999819e+01 3.384000000000000000e+03 3.489279673605776679e+03 -1.052796736057766793e+02
8.073662000000000205e+01 3.341000000000000000e+03 3.483073266623025575e+03 -1.420732666230255745e+02
8.074975000000000591e+01 3.309000000000000000e+03 3.476775969599590098e+03 -1.677759695995900984e+02
8.076287999999999556e+01 3.397000000000000000e+03 3.470415593620763957e+03 -7.341559362076395701e+01
8.077600999999999942e+01 3.411000000000000000e+03 3.464019563164789815e+03 -5.301956316478981535e+01
8.078914000000000328e+01 3.365000000000000000e+03 3.457614599232180353e+03 -9.261459923218035328e+01
8.080226999999999293e+01 3.267000000000000000e+03 3.451226426223651742e+03 -1.842264262236517425e+02
8.081539999999999679e+01 3.314000000000000000e+03 3.444879515107242696e+03 -1.308795151072426961e+02
8.082853000000000065e+01 3.313000000000000000e+03 3.438596870635838968e+03 -1.255968706358389682e+02
8.084166000000000452e+01 3.412000000000000000e+03 3.432399865843428870e+03 -2.039986584342886999e+01
8.085478999999999417e+01 3.442000000000000000e+03 3.426308123272856392e+03 1.569187672714360815e+01
8.086791999999999803e+01 3.360000000000000000e+03 3.420339439622471218e+03 -6.033943962247121817e+01
8.088105000000000189e+01 3.409000000000000000e+03 3.414509748777198638e+03 -5.509748777198637981e+00
8.089418000000000575e+01 3.374000000000000000e+03 3.408833117387439870e+03 -3.483311738743987007e+01
8.090730999999999540e+01 3.380000000000000000e+03 3.403321767072325201e+03 -2.332176707232520130e+01
8.092043999999999926e+01 3.338000000000000000e+03 3.397986117723737152e+03 -5.998611772373715212e+01
8.093357000000000312e+01 3.389000000000000000e+03 3.392834847066964358e+03 -3.834847066964357509e+00
8.094670000000000698e+01 3.310000000000000000e+03 3.387874962426079492e+03 -7.787496242607949171e+01
8.095982999999999663e+01 3.294000000000000000e+03 3.383111881430016638e+03 -8.911188143001663775e+01
8.097297000000000367e+01 3.361000000000000000e+03 3.378546121559253152e+03 -1.754612155925315164e+01
8.098609999999999332e+01 3.325000000000000000e+03 3.374187137242522567e+03 -4.918713724252256725e+01
8.099922999999999718e+01 3.300000000000000000e+03 3.370032563298458172e+03 -7.003256329845817163e+01
8.101236000000000104e+01 3.282000000000000000e+03 3.366082365819543156e+03 -8.408236581954315625e+01
8.102549000000000490e+01 3.359000000000000000e+03 3.362335387830447416e+03 -3.335387830447416491e+00
8.103861999999999455e+01 3.267000000000000000e+03 3.358789446706453418e+03 -9.178944670645341830e+01
8.105174999999999841e+01 3.394000000000000000e+03 3.355441431203852517e+03 3.855856879614748323e+01
8.106488000000000227e+01 3.340000000000000000e+03 3.352287397561683520e+03 -1.228739756168351960e+01
8.107801000000000613e+01 3.262000000000000000e+03 3.349322664168994834e+03 -8.732266416899483374e+01
8.109113999999999578e+01 3.399000000000000000e+03 3.346541904311013695e+03 5.245809568898630459e+01
8.110426999999999964e+01 3.343000000000000000e+03 3.343939236519630867e+03 -9.392365196308674058e-01
8.111740000000000350e+01 3.443000000000000000e+03 3.341508312065691825e+03 1.014916879343081746e+02
8.113052999999999315e+01 3.391000000000000000e+03 3.339242399146663502e+03 5.175760085333649840e+01
8.114365999999999701e+01 3.323000000000000000e+03 3.337134463346362736e+03 -1.413446334636273605e+01
8.115679000000000087e+01 3.311000000000000000e+03 3.335177243974322209e+03 -2.417724397432220940e+01
8.116992000000000473e+01 3.438000000000000000e+03 3.333363325931443796e+03 1.046366740685562036e+02
8.118304999999999438e+01 3.366000000000000000e+03 3.331685206795300019e+03 3.431479320469998129e+01
8.119617999999999824e+01 3.255000000000000000e+03 3.330135358871320477e+03 -7.513535887132047719e+01
8.120931000000000211e+01 3.300000000000000000e+03 3.328706286014118177e+03 -2.870628601411817726e+01
8.122244000000000597e+01 3.296000000000000000e+03 3.327390575084410102e+03 -3.139057508441010214e+01
8.123556999999999562e+01 3.346000000000000000e+03 3.326180941969817468e+03 1.981905803018253209e+01
8.124869999999999948e+01 3.294000000000000000e+03 3.325070272160660352e+03 -3.107027216066035180e+01
8.126183000000000334e+01 3.307000000000000000e+03 3.324051655933047186e+03 -1.705165593304718641e+01
8.127495999999999299e+01 3.396000000000000000e+03 3.323118418249701335e+03 7.288158175029866470e+01
8.128808999999999685e+01 3.301000000000000000e+03 3.322264143542933198e+03 -2.126414354293319775e+01
8.130122000000000071e+01 3.269000000000000000e+03 3.321482695592834716e+03 -5.248269559283471608e+01
8.131435000000000457e+01 3.360000000000000000e+03 3.320768232756428915e+03 3.923176724357108469e+01
8.132747999999999422e+01 3.261000000000000000e+03 3.320115218839471709e+03 -5.911521883947170863e+01
8.134060999999999808e+01 3.227000000000000000e+03 3.319518429931758419e+03 -9.251842993175841912e+01
8.135374000000000194e+01 3.285000000000000000e+03 3.318972957548683098e+03 -3.397295754868309814e+01
8.136687000000000580e+01 3.282000000000000000e+03 3.318474208436815388e+03 -3.647420843681538827e+01
8.137999999999999545e+01 3.317000000000000000e+03 3.318017901409380102e+03 -1.017901409380101541e+00
8.139312999999999931e+01 3.388000000000000000e+03 3.317600061579278645e+03 7.039993842072135521e+01
8.140626000000000317e+01 3.327000000000000000e+03 3.317217012353129576e+03 9.782987646870424214e+00
8.141939000000000703e+01 3.278000000000000000e+03 3.316865365540364564e+03 -3.886536554036456437e+01
8.143252999999999986e+01 3.369000000000000000e+03 3.316541773686749821e+03 5.245822631325017937e+01
8.144566000000000372e+01 3.303000000000000000e+03 3.316243880695831194e+03 -1.324388069583119432e+01
8.145878999999999337e+01 3.317000000000000000e+03 3.315968833903910763e+03 1.031166096089236817e+00
8.147191999999999723e+01 3.346000000000000000e+03 3.315714273796004363e+03 3.028572620399563675e+01
8.148505000000000109e+01 3.381000000000000000e+03 3.315478062725900145e+03 6.552193727409985513e+01
8.149818000000000495e+01 3.343000000000000000e+03 3.315258270128344066e+03 2.774172987165593440e+01
8.151130999999999460e+01 3.372000000000000000e+03 3.315053157762174123e+03 5.694684223782587651e+01
8.152443999999999846e+01 3.484000000000000000e+03 3.314861165156397874e+03 1.691388348436021261e+02
8.153757000000000232e+01 3.381000000000000000e+03 3.314680895405178944e+03 6.631910459482105580e+01
8.155070000000000618e+01 3.368000000000000000e+03 3.314511101432732630e+03 5.348889856726736980e+01
8.156382999999999583e+01 3.358000000000000000e+03 3.314350672825521087e+03 4.364932717447891264e+01
8.157695999999999970e+01 3.404000000000000000e+03 3.314198623307205708e+03 8.980137669279429247e+01
8.159009000000000356e+01 3.289000000000000000e+03 3.314054078911731267e+03 -2.505407891173126700e+01
8.160321999999999321e+01 3.392000000000000000e+03 3.313916266891799751e+03 7.808373310820024926e+01
8.161634999999999707e+01 3.332000000000000000e+03 3.313784505383910982e+03 1.821549461608901765e+01
8.162948000000000093e+01 3.276000000000000000e+03 3.313658193837192357e+03 -3.765819383719235702e+01
8.164261000000000479e+01 3.299000000000000000e+03 3.313536804201182804e+03 -1.453680420118280381e+01
8.165573999999999444e+01 3.225000000000000000e+03 3.313419872857796690e+03 -8.841987285779669037e+01
8.166886999999999830e+01 3.349000000000000000e+03 3.313306993274426986e+03 3.569300672557301368e+01
8.168200000000000216e+01 3.227000000000000000e+03 3.313197809348760984e+03 -8.619780934876098399e+01
8.169513000000000602e+01 3.286000000000000000e+03 3.313092009410946957e+03 -2.709200941094695736e+01
8.170825999999999567e+01 3.355000000000000000e+03 3.312989320845301791e+03 4.201067915469820946e+01
8.172138999999999953e+01 3.305000000000000000e+03 3.312889505291519527e+03 -7.889505291519526509e+00
8.173452000000000339e+01 3.243000000000000000e+03 3.312792354384233022e+03 -6.979235438423302185e+01
8.174764999999999304e+01 3.291000000000000000e+03 3.312697685989548063e+03 -2.169768598954806293e+01
8.176077999999999690e+01 3.319000000000000000e+03 3.312605340897783663e+03 6.394659102216337487e+00
8.177391000000000076e+01 3.326000000000000000e+03 3.312515179932840056e+03 1.348482006715994430e+01
8.178704000000000462e+01 3.328000000000000000e+03 3.312427081440338043e+03 1.557291855966195726e+01
8.180016999999999427e+01 3.283000000000000000e+03 3.312340939118751521e+03 -2.934093911875152116e+01
8.181329999999999814e+01 3.352000000000000000e+03 3.312256660160115189e+03 3.974333983988481123e+01
8.182643000000000200e+01 3.269000000000000000e+03 3.312174163669444624e+03 -4.317416366944462425e+01
8.183956000000000586e+01 3.337000000000000000e+03 3.312093379334572091e+03 2.490662066542790853e+01
8.185268999999999551e+01 3.296000000000000000e+03 3.312014246320834445e+03 -1.601424632083444521e+01
8.186581999999999937e+01 3.371000000000000000e+03 3.311936712367563814e+03 5.906328763243618596e+01
8.187895000000000323e+01 3.281000000000000000e+03 3.311860733065931072e+03 -3.086073306593107191e+01
8.189208000000000709e+01 3.287000000000000000e+03 3.311786271300007684e+03 -2.478627130000768375e+01
8.190521999999999991e+01 3.250000000000000000e+03 3.311713241817193648e+03 -6.171324181719364788e+01
8.191835000000000377e+01 3.280000000000000000e+03 3.311641732129732645e+03 -3.164173212973264526e+01
8.193147999999999342e+01 3.330000000000000000e+03 3.311571668917280022e+03 1.842833108271997844e+01
8.194460999999999729e+01 3.337000000000000000e+03 3.311503041402168492e+03 2.549695859783150809e+01
8.195774000000000115e+01 3.283000000000000000e+03 3.311435845265563330e+03 -2.843584526556333003e+01
8.197087000000000501e+01 3.259000000000000000e+03 3.311370082798979638e+03 -5.237008279897963803e+01
8.198399999999999466e+01 3.345000000000000000e+03 3.311305763143299828e+03 3.369423685670017221e+01
8.199712999999999852e+01 3.335000000000000000e+03 3.311242902609053999e+03 2.375709739094600081e+01
8.201026000000000238e+01 3.462000000000000000e+03 3.311181525072148816e+03 1.508184749278511845e+02
8.202339000000000624e+01 3.303000000000000000e+03 3.311121662439379634e+03 -8.121662439379633724e+00
8.203651999999999589e+01 3.307000000000000000e+03 3.311063355178053826e+03 -4.063355178053825512e+00
8.204964999999999975e+01 3.291000000000000000e+03 3.311006652903713984e+03 -2.000665290371398441e+01
8.206278000000000361e+01 3.294000000000000000e+03 3.310951615019475867e+03 -1.695161501947586657e+01
8.207590999999999326e+01 3.369000000000000000e+03 3.310898311399723298e+03 5.810168860027670235e+01
8.208903999999999712e+01 3.345000000000000000e+03 3.310846823110027344e+03 3.415317688997265577e+01
8.210217000000000098e+01 3.271000000000000000e+03 3.310797243153991985e+03 -3.979724315399198531e+01
8.211530000000000484e+01 3.390000000000000000e+03 3.310749677236507523e+03 7.925032276349247695e+01
8.212842999999999449e+01 3.284000000000000000e+03 3.310704244531440963e+03 -2.670424453144096333e+01
8.214155999999999835e+01 3.353000000000000000e+03 3.310661078440293295e+03 4.233892155970670501e+01
8.215469000000000221e+01 3.417000000000000000e+03 3.310620327326793813e+03 1.063796726732061870e+02
8.216782000000000608e+01 3.325000000000000000e+03 3.310582155210714518e+03 1.441784478928548197e+01
8.218094999999999573e+01 3.283000000000000000e+03 3.310546742402627842e+03 -2.754674240262784224e+01
8.219407999999999959e+01 3.428000000000000000e+03 3.310514286059785263e+03 1.174857139402147368e+02
8.220721000000000345e+01 3.344000000000000000e+03 3.310485000641786428e+03 3.351499935821357212e+01
8.222033999999999310e+01 3.207000000000000000e+03 3.310459118243522880e+03 -1.034591182435228802e+02
8.223346999999999696e+01 3.424000000000000000e+03 3.310436888781778634e+03 1.135631112182213656e+02
8.224660000000000082e+01 3.282000000000000000e+03 3.310418580011139511e+03 -2.841858001113951104e+01
8.225973000000000468e+01 3.339000000000000000e+03 3.310404477344466159e+03 2.859552265553384132e+01
8.227285999999999433e+01 3.305000000000000000e+03 3.310394883453180682e+03 -5.394883453180682409e+00
8.228598999999999819e+01 3.352000000000000000e+03 3.310390117623125207e+03 4.160988237687479341e+01
8.229912000000000205e+01 3.282000000000000000e+03 3.310390514842722951e+03 -2.839051484272295056e+01
8.231225000000000591e+01 3.205000000000000000e+03 3.310396424601755825e+03 -1.053964246017558253e+02
8.232537999999999556e+01 3.329000000000000000e+03 3.310408209381282632e+03 1.859179061871736849e+01
8.233850999999999942e+01 3.341000000000000000e+03 3.310426242817914954e+03 3.057375718208504622e+01
8.235164000000000328e+01 3.291000000000000000e+03 3.310450907529242613e+03 -1.945090752924261324e+01
8.236476999999999293e+01 3.327000000000000000e+03 3.310482592591154571e+03 1.651740740884542902e+01
8.237790999999999997e+01 3.301000000000000000e+03 3.310521723365251546e+03 -9.521723365251546056e+00
8.239104000000000383e+01 3.267000000000000000e+03 3.310568633554985809e+03 -4.356863355498580859e+01
8.240416999999999348e+01 3.351000000000000000e+03 3.310623739860786372e+03 4.037626013921362755e+01
8.241729999999999734e+01 3.393000000000000000e+03 3.310687424950017885e+03 8.231257504998211516e+01
8.243043000000000120e+01 3.359000000000000000e+03 3.310760060143731152e+03 4.823993985626884751e+01
8.244356000000000506e+01 3.361000000000000000e+03 3.310842000907971851e+03 5.015799909202814888e+01
8.245668999999999471e+01 3.279000000000000000e+03 3.310933582088709954e+03 -3.193358208870995441e+01
8.246981999999999857e+01 3.413000000000000000e+03 3.311035112929015668e+03 1.019648870709843322e+02
8.248295000000000243e+01 3.343000000000000000e+03 3.311146871913130326e+03 3.185312808686967401e+01
8.249608000000000629e+01 3.327000000000000000e+03 3.311269101487720036e+03 1.573089851227996405e+01
8.250920999999999594e+01 3.267000000000000000e+03 3.311402002715381059e+03 -4.440200271538105881e+01
8.252233999999999980e+01 3.369000000000000000e+03 3.311545729919376754e+03 5.745427008062324603e+01
8.253547000000000367e+01 3.343000000000000000e+03 3.311700385381355773e+03 3.129961461864422745e+01
8.254859999999999332e+01 3.361000000000000000e+03 3.311866014155345965e+03 4.913398584465403474e+01
8.256172999999999718e+01 3.318000000000000000e+03 3.312042599061361216e+03 5.957400938638784282e+00
8.257486000000000104e+01 3.384000000000000000e+03 3.312230055920684208e+03 7.176994407931579190e+01
8.258799000000000490e+01 3.282000000000000000e+03 3.312428229092011406e+03 -3.042822909201140646e+01
8.260111999999999455e+01 3.340000000000000000e+03 3.312636887363499227e+03 2.736311263650077308e+01
8.261424999999999841e+01 3.304000000000000000e+03 3.312855720250477589e+03 -8.855720250477588706e+00
8.262738000000000227e+01 3.382000000000000000e+03 3.313084334742449755e+03 6.891566525755024486e+01
8.264051000000000613e+01 3.307000000000000000e+03 3.313322252536756423e+03 -6.322252536756423069e+00
8.265363999999999578e+01 3.314000000000000000e+03 3.313568907790469439e+03 4.310922095305613766e-01
8.266676999999999964e+01 3.270000000000000000e+03 3.313823645417744501e+03 -4.382364541774450117e+01
8.267990000000000350e+01 3.389000000000000000e+03 3.314085719958150548e+03 7.491428004184945166e+01
8.269302999999999315e+01 3.346000000000000000e+03 3.314354295043771799e+03 3.164570495622820090e+01
8.270615999999999701e+01 3.204000000000000000e+03 3.314628132810863463e+03 -1.106281328108634625e+02
8.271929000000000087e+01 3.399000000000000000e+03 3.314906838176268138e+03 8.409316182373186166e+01
8.273242000000000473e+01 3.230000000000000000e+03 3.315188994040004673e+03 -8.518899404000467257e+01
8.274554999999999438e+01 3.332000000000000000e+03 3.315473408646936605e+03 1.652659135306339522e+01
8.275867999999999824e+01 3.358000000000000000e+03 3.315758807560885998e+03 4.224119243911400190e+01
8.277181000000000211e+01 3.348000000000000000e+03 3.316043838247892381e+03 3.195616175210761867e+01
8.278494000000000597e+01 3.330000000000000000e+03 3.316327076073472654e+03 1.367292392652734634e+01
8.279806999999999562e+01 3.319000000000000000e+03 3.316607031983245179e+03 2.392968016754821292e+00
8.281119999999999948e+01 3.237000000000000000e+03 3.316882162160504322e+03 -7.988216216050432195e+01
8.282433000000000334e+01 3.363000000000000000e+03 3.317150879951206662e+03 4.584912004879333836e+01
8.283745999999999299e+01 3.247000000000000000e+03 3.317411570303169810e+03 -7.041157030316981036e+01
8.285060000000000002e+01 3.311000000000000000e+03 3.317662793971264819e+03 -6.662793971264818538e+00
8.286373000000000388e+01 3.344000000000000000e+03 3.317902549676990020e+03 2.609745032300997991e+01
8.287685999999999353e+01 3.373000000000000000e+03 3.318129445302260592e+03 5.487055469773940786e+01
8.288998999999999739e+01 3.360000000000000000e+03 3.318341948457025410e+03 4.165805154297459012e+01
8.290312000000000126e+01 3.237000000000000000e+03 3.318538606820835867e+03 -8.153860682083586653e+01
8.291625000000000512e+01 3.367000000000000000e+03 3.318718073481039482e+03 4.828192651896051757e+01
8.292937999999999477e+01 3.310000000000000000e+03 3.318879131047809096e+03 -8.879131047809096344e+00
8.294250999999999863e+01 3.341000000000000000e+03 3.319020713143332159e+03 2.197928685666784077e+01
8.295564000000000249e+01 3.330000000000000000e+03 3.319141759019223628e+03 1.085824098077637245e+01
8.296877000000000635e+01 3.407000000000000000e+03 3.319241877830575959e+03 8.775812216942404120e+01
8.298189999999999600e+01 3.498000000000000000e+03 3.319320376613265580e+03 1.786796233867344199e+02
8.299502999999999986e+01 3.360000000000000000e+03 3.319376913159152082e+03 4.062308684084791821e+01
8.300816000000000372e+01 3.347000000000000000e+03 3.319411326935576199e+03 2.758867306442380141e+01
8.302128999999999337e+01 3.394000000000000000e+03 3.319423628013330472e+03 7.457637198666952827e+01
8.303441999999999723e+01 3.378000000000000000e+03 3.319413981900479030e+03 5.858601809952097028e+01
8.304755000000000109e+01 3.335000000000000000e+03 3.319382691720102230e+03 1.561730827989777026e+01
8.306068000000000495e+01 3.376000000000000000e+03 3.319330179272301393e+03 5.666982072769860679e+01
8.307380999999999460e+01 3.347000000000000000e+03 3.319256966455722704e+03 2.774303354427729573e+01
8.308693999999999846e+01 3.317000000000000000e+03 3.319163658318301259e+03 -2.163658318301258987e+00
8.310007000000000232e+01 3.355000000000000000e+03 3.319050928701076373e+03 3.594907129892362718e+01
8.311320000000000618e+01 3.398000000000000000e+03 3.318919509076976738e+03 7.908049092302326244e+01
8.312632999999999583e+01 3.466000000000000000e+03 3.318770180808608075e+03 1.472298191913919254e+02
8.313945999999999970e+01 3.378000000000000000e+03 3.318603770688668192e+03 5.939622931133180828e+01
8.315259000000000356e+01 3.328000000000000000e+03 3.318421149309223892e+03 9.578850690776107513e+00
8.316571999999999321e+01 3.324000000000000000e+03 3.318223231552189645e+03 5.776768447810354701e+00
8.317884999999999707e+01 3.303000000000000000e+03 3.318010978319193327e+03 -1.501097831919332748e+01
8.319198000000000093e+01 3.340000000000000000e+03 3.317785398537604124e+03 2.221460146239587630e+01
8.320511000000000479e+01 3.288000000000000000e+03 3.317547550498343753e+03 -2.954755049834375313e+01
8.321823999999999444e+01 3.263000000000000000e+03 3.317298541699224643e+03 -5.429854169922464280e+01
8.323136999999999830e+01 3.300000000000000000e+03 3.317039526572914383e+03 -1.703952657291438300e+01
8.324450000000000216e+01 3.277000000000000000e+03 3.316771701746542931e+03 -3.977170174654293078e+01
8.325763000000000602e+01 3.403000000000000000e+03 3.316496298775934974e+03 8.650370122406502560e+01
8.327075999999999567e+01 3.502000000000000000e+03 3.316214574582220393e+03 1.857854254177796065e+02
8.328388999999999953e+01 3.282000000000000000e+03 3.315927800055267198e+03 -3.392780005526719833e+01
8.329702000000000339e+01 3.338000000000000000e+03 3.315637247449820279e+03 2.236275255017972086e+01
8.331015999999999622e+01 3.267000000000000000e+03 3.315343953423378480e+03 -4.834395342337847978e+01
8.332329000000000008e+01 3.248000000000000000e+03 3.315049600986667429e+03 -6.704960098666742851e+01
8.333642000000000394e+01 3.215000000000000000e+03 3.314755166686605662e+03 -9.975516668660566211e+01
8.334954999999999359e+01 3.302000000000000000e+03 3.314461801724757152e+03 -1.246180172475715153e+01
8.336267999999999745e+01 3.273000000000000000e+03 3.314170600210836255e+03 -4.117060021083625543e+01
8.337581000000000131e+01 3.428000000000000000e+03 3.313882591554666760e+03 1.141174084453332398e+02
8.338894000000000517e+01 3.302000000000000000e+03 3.313598734620714822e+03 -1.159873462071482209e+01
8.340206999999999482e+01 3.264000000000000000e+03 3.313319913572126552e+03 -4.931991357212655203e+01
8.341519999999999868e+01 3.374000000000000000e+03 3.313046935258949816e+03 6.095306474105018424e+01
8.342833000000000254e+01 3.298000000000000000e+03 3.312780527963564964e+03 -1.478052796356496401e+01
8.344146000000000640e+01 3.291000000000000000e+03 3.312521341300315726e+03 -2.152134130031572568e+01
8.345458999999999605e+01 3.399000000000000000e+03 3.312269947069479258e+03 8.673005293052074194e+01
8.346771999999999991e+01 3.354000000000000000e+03 3.312026840881520002e+03 4.197315911847999814e+01
8.348085000000000377e+01 3.357000000000000000e+03 3.311792444390314358e+03 4.520755560968564168e+01
8.349397999999999342e+01 3.272000000000000000e+03 3.311567107999348082e+03 -3.956710799934808165e+01
8.350710999999999729e+01 3.285000000000000000e+03 3.311351113929551047e+03 -2.635111392955104748e+01
8.352024000000000115e+01 3.327000000000000000e+03 3.311144679559609358e+03 1.585532044039064203e+01
8.353337000000000501e+01 3.344000000000000000e+03 3.310947960968327607e+03 3.305203903167239332e+01
8.354649999999999466e+01 3.354000000000000000e+03 3.310761056623540298e+03 4.323894337645970154e+01
8.355962999999999852e+01 3.300000000000000000e+03 3.310584011173563795e+03 -1.058401117356379473e+01
8.357276000000000238e+01 3.355000000000000000e+03 3.310416819305531135e+03 4.458318069446886511e+01
8.358589000000000624e+01 3.309000000000000000e+03 3.310259429640805592e+03 -1.259429640805592499e+00
8.359901999999999589e+01 3.311000000000000000e+03 3.310111748641593294e+03 8.882513584067055490e-01
8.361214999999999975e+01 3.329000000000000000e+03 3.309973644505374978e+03 1.902635549462502240e+01
8.362528000000000361e+01 3.328000000000000000e+03 3.309844951025380851e+03 1.815504897461914879e+01
8.363840999999999326e+01 3.355000000000000000e+03 3.309725471396341163e+03 4.527452860365883680e+01
8.365153999999999712e+01 3.268000000000000000e+03 3.309614981945482214e+03 -4.161498194548221363e+01
8.366467000000000098e+01 3.294000000000000000e+03 3.309513235769449693e+03 -1.551323576944969318e+01
8.367780000000000484e+01 3.359000000000000000e+03 3.309419966258585191e+03 4.958003374141480890e+01
8.369092999999999449e+01 3.304000000000000000e+03 3.309334890490998077e+03 -5.334890490998077439e+00
8.370405999999999835e+01 3.313000000000000000e+03 3.309257712479995007e+03 3.742287520004992984e+00
8.371719000000000221e+01 3.350000000000000000e+03 3.309188126259929959e+03 4.081187374007004109e+01
8.373032000000000608e+01 3.303000000000000000e+03 3.309125818797189368e+03 -6.125818797189367615e+00
8.374344999999999573e+01 3.293000000000000000e+03 3.309070472714893640e+03 -1.607047271489363993e+01
8.375657999999999959e+01 3.305000000000000000e+03 3.309021768821992737e+03 -4.021768821992736775e+00
8.376971000000000345e+01 3.283000000000000000e+03 3.308979388439575814e+03 -2.597938843957581412e+01
8.378284999999999627e+01 3.328000000000000000e+03 3.308942990027232099e+03 1.905700997276790076e+01
8.379598000000000013e+01 3.239000000000000000e+03 3.308912317281223750e+03 -6.991231728122374989e+01
8.380911000000000399e+01 3.327000000000000000e+03 3.308887034986150411e+03 1.811296501384958901e+01
8.382223999999999364e+01 3.365000000000000000e+03 3.308866845601104160e+03 5.613315439889584013e+01
8.383536999999999750e+01 3.258000000000000000e+03 3.308851460594851687e+03 -5.085146059485168735e+01
8.384850000000000136e+01 3.343000000000000000e+03 3.308840601529909236e+03 3.415939847009076402e+01
8.386163000000000523e+01 3.325000000000000000e+03 3.308834000954802832e+03 1.616599904519716802e+01
8.387475999999999487e+01 3.260000000000000000e+03 3.308831403113528722e+03 -4.883140311352872232e+01
8.388788999999999874e+01 3.402000000000000000e+03 3.308832564482566340e+03 9.316743551743365970e+01
8.390102000000000260e+01 3.343000000000000000e+03 3.308837254146825217e+03 3.416274585317478341e+01
8.391415000000000646e+01 3.274000000000000000e+03 3.308845254026818111e+03 -3.484525402681811102e+01
8.392727999999999611e+01 3.353000000000000000e+03 3.308856358969885150e+03 4.414364103011484985e+01
8.394040999999999997e+01 3.336000000000000000e+03 3.308870376718750322e+03 2.712962328124967826e+01
8.395354000000000383e+01 3.408000000000000000e+03 3.308887127770793995e+03 9.911287222920600470e+01
8.396666999999999348e+01 3.220000000000000000e+03 3.308906445141417407e+03 -8.890644514141740729e+01
8.397979999999999734e+01 3.373000000000000000e+03 3.308928174044655862e+03 6.407182595534413849e+01
8.399293000000000120e+01 3.238000000000000000e+03 3.308952171503792670e+03 -7.095217150379266968e+01
8.400606000000000506e+01 3.417000000000000000e+03 3.308978305904199715e+03 1.080216940958002851e+02
8.401918999999999471e+01 3.329000000000000000e+03 3.309006456499998421e+03 1.999354350000157865e+01
8.403231999999999857e+01 3.370000000000000000e+03 3.309036512885358661e+03 6.096348711464133885e+01
8.404545000000000243e+01 3.221000000000000000e+03 3.309068374440436855e+03 -8.806837444043685537e+01
8.405858000000000629e+01 3.387000000000000000e+03 3.309101949761114156e+03 7.789805023888584401e+01
8.407170999999999594e+01 3.357000000000000000e+03 3.309137156080715613e+03 4.786284391928438708e+01
8.408483999999999980e+01 3.363000000000000000e+03 3.309173918691059498e+03 5.382608130894050191e+01
8.409797000000000367e+01 3.258000000000000000e+03 3.309212170369174601e+03 -5.121217036917460064e+01
8.411109999999999332e+01 3.272000000000000000e+03 3.309251850815207490e+03 -3.725185081520749009e+01
8.412422999999999718e+01 3.316000000000000000e+03 3.309292906106125429e+03 6.707093893874571222e+00
8.413736000000000104e+01 3.455000000000000000e+03 3.309335288169013438e+03 1.456647118309865618e+02
8.415049000000000490e+01 3.261000000000000000e+03 3.309378954276982768e+03 -4.837895427698276762e+01
8.416361999999999455e+01 3.344000000000000000e+03 3.309423866570035443e+03 3.457613342996455685e+01
8.417674999999999841e+01 3.308000000000000000e+03 3.309469991602503342e+03 -1.469991602503341710e+00
8.418988000000000227e+01 3.348000000000000000e+03 3.309517299918180470e+03 3.848270008181953017e+01
8.420301000000000613e+01 3.211000000000000000e+03 3.309565765653678682e+03 -9.856576565367868170e+01
8.421613999999999578e+01 3.289000000000000000e+03 3.309615366170145535e+03 -2.061536617014553485e+01
8.422926999999999964e+01 3.405000000000000000e+03 3.309666081713033691e+03 9.533391828696630910e+01
8.424240000000000350e+01 3.314000000000000000e+03 3.309717895099351153e+03 4.282104900648846524e+00
8.425553999999999633e+01 3.304000000000000000e+03 3.309770832127427184e+03 -5.770832127427183877e+00
8.426867000000000019e+01 3.262000000000000000e+03 3.309824799343065933e+03 -4.782479934306593350e+01
8.428180000000000405e+01 3.328000000000000000e+03 3.309879825539324429e+03 1.812017446067557103e+01
8.429492999999999370e+01 3.251000000000000000e+03 3.309935901207677034e+03 -5.893590120767703411e+01
8.430805999999999756e+01 3.370000000000000000e+03 3.309993018222308820e+03 6.000698177769118047e+01
8.432119000000000142e+01 3.317000000000000000e+03 3.310051169668069633e+03 6.948830331930366810e+00
8.433432000000000528e+01 3.210000000000000000e+03 3.310110349686926838e+03 -1.001103496869268383e+02
8.434744999999999493e+01 3.335000000000000000e+03 3.310170553341381947e+03 2.482944665861805333e+01
8.436057999999999879e+01 3.409000000000000000e+03 3.310231776493412326e+03 9.876822350658767391e+01
8.437371000000000265e+01 3.275000000000000000e+03 3.310294015697566920e+03 -3.529401569756691970e+01
8.438684000000000651e+01 3.378000000000000000e+03 3.310357268106797619e+03 6.764273189320238089e+01
8.439996999999999616e+01 3.420000000000000000e+03 3.310421531389826214e+03 1.095784686101737861e+02
8.441310000000000002e+01 3.227000000000000000e+03 3.310486803658808640e+03 -8.348680365880863974e+01
8.442623000000000388e+01 3.389000000000000000e+03 3.310553083406191490e+03 7.844691659380850979e+01
8.443935999999999353e+01 3.317000000000000000e+03 3.310620369449754435e+03 6.379630550245565246e+00
8.445248999999999739e+01 3.299000000000000000e+03 3.310688660884863566e+03 -1.168866088486356603e+01
8.446562000000000126e+01 3.320000000000000000e+03 3.310757957043096667e+03 9.242042956903333106e+00
8.447875000000000512e+01 3.339000000000000000e+03 3.310828257456462779e+03 2.817174254353722063e+01
8.449187999999999477e+01 3.307000000000000000e+03 3.310899561826498029e+03 -3.899561826498029404e+00
8.450500999999999863e+01 3.248000000000000000e+03 3.310971869997629256e+03 -6.297186999762925552e+01
8.451814000000000249e+01 3.330000000000000000e+03 3.311045181934218363e+03 1.895481806578163742e+01
8.453127000000000635e+01 3.301000000000000000e+03 3.311119497700823558e+03 -1.011949770082355826e+01
8.454439999999999600e+01 3.319000000000000000e+03 3.311194817445211356e+03 7.805182554788643756e+00
8.455752999999999986e+01 3.257000000000000000e+03 3.311271141383746908e+03 -5.427114138374690810e+01
8.457066000000000372e+01 3.370000000000000000e+03 3.311348469788817056e+03 5.865153021118294419e+01
8.458378999999999337e+01 3.305000000000000000e+03 3.311426802978015075e+03 -6.426802978015075496e+00
8.459691999999999723e+01 3.328000000000000000e+03 3.311506141304785615e+03 1.649385869521438508e+01
8.461005000000000109e+01 3.440000000000000000e+03 3.311586485150382941e+03 1.284135148496170586e+02
8.462318000000000495e+01 3.332000000000000000e+03 3.311667834916871470e+03 2.033216508312852966e+01
8.463630999999999460e+01 3.370000000000000000e+03 3.311750191021068076e+03 5.824980897893192378e+01
8.464943999999999846e+01 3.289000000000000000e+03 3.311833553889261111e+03 -2.283355388926111118e+01
8.466257000000000232e+01 3.261000000000000000e+03 3.311917923952599722e+03 -5.091792395259972182e+01
8.467570000000000618e+01 3.303000000000000000e+03 3.312003301643032955e+03 -9.003301643032955326e+00
8.468882999999999583e+01 3.257000000000000000e+03 3.312089687389750452e+03 -5.508968738975045198e+01
8.470195999999999970e+01 3.343000000000000000e+03 3.312177081616013311e+03 3.082291838398668915e+01
8.471510000000000673e+01 3.356000000000000000e+03 3.312265552450046471e+03 4.373444754995352923e+01
8.472822999999999638e+01 3.273000000000000000e+03 3.312354965636574889e+03 -3.935496563657488878e+01
8.474136000000000024e+01 3.240000000000000000e+03 3.312445388510524026e+03 -7.244538851052402606e+01
8.475449000000000410e+01 3.341000000000000000e+03 3.312536821446140948e+03 2.846317855385905204e+01
8.476761999999999375e+01 3.374000000000000000e+03 3.312629264800310011e+03 6.137073519968998880e+01
8.478074999999999761e+01 3.269000000000000000e+03 3.312722718910898493e+03 -4.372271891089849305e+01
8.479388000000000147e+01 3.294000000000000000e+03 3.312817184095250923e+03 -1.881718409525092284e+01
8.480701000000000533e+01 3.300000000000000000e+03 3.312912660648810743e+03 -1.291266064881074271e+01
8.482013999999999498e+01 3.321000000000000000e+03 3.313009148843876119e+03 7.990851156123881083e+00
8.483326999999999884e+01 3.326000000000000000e+03 3.313106648928463983e+03 1.289335107153601712e+01
8.484640000000000271e+01 3.346000000000000000e+03 3.313205161125276391e+03 3.279483887472360948e+01
8.485953000000000657e+01 3.274000000000000000e+03 3.313304685630761014e+03 -3.930468563076101418e+01
8.487265999999999622e+01 3.297000000000000000e+03 3.313405222614268951e+03 -1.640522261426895057e+01
8.488579000000000008e+01 3.344000000000000000e+03 3.313506772217301659e+03 3.049322778269834089e+01
8.489892000000000394e+01 3.331000000000000000e+03 3.313609334552822475e+03 1.739066544717752549e+01
8.491204999999999359e+01 3.311000000000000000e+03 3.313712909704673621e+03 -2.712909704673620581e+00
8.492517999999999745e+01 3.300000000000000000e+03 3.313817497727059163e+03 -1.381749772705916257e+01
8.493831000000000131e+01 3.309000000000000000e+03 3.313923098644102993e+03 -4.923098644102992694e+00
8.495144000000000517e+01 3.370000000000000000e+03 3.314029712449495491e+03 5.597028755050450854e+01
8.496456999999999482e+01 3.426000000000000000e+03 3.314137339106203854e+03 1.118626608937961464e+02
8.497769999999999868e+01 3.287000000000000000e+03 3.314245978546271999e+03 -2.724597854627199922e+01
8.499083000000000254e+01 3.324000000000000000e+03 3.314355630670692335e+03 9.644369329307664884e+00
8.500396000000000640e+01 3.361000000000000000e+03 3.314466295349358006e+03 4.653370465064199379e+01
8.501708999999999605e+01 3.286000000000000000e+03 3.314577972421091545e+03 -2.857797242109154467e+01
8.503021999999999991e+01 3.380000000000000000e+03 3.314690661693765833e+03 6.530933830623416725e+01
8.504335000000000377e+01 3.367000000000000000e+03 3.314804362944500099e+03 5.219563705549990118e+01
8.505647999999999342e+01 3.452000000000000000e+03 3.314919075919948682e+03 1.370809240800513180e+02
8.506960999999999729e+01 3.339000000000000000e+03 3.315034800336679837e+03 2.396519966332016338e+01
8.508274000000000115e+01 3.392000000000000000e+03 3.315151535881643667e+03 7.684846411835633262e+01
8.509587000000000501e+01 3.375000000000000000e+03 3.315269282212735561e+03 5.973071778726443881e+01
8.510899999999999466e+01 3.235000000000000000e+03 3.315388038959481037e+03 -8.038803895948103673e+01
8.512212999999999852e+01 3.337000000000000000e+03 3.315507805723799720e+03 2.149219427620028000e+01
8.513526000000000238e+01 3.271000000000000000e+03 3.315628582080899378e+03 -4.462858208089937762e+01
8.514839000000000624e+01 3.281000000000000000e+03 3.315750367580290913e+03 -3.475036758029091288e+01
8.516151999999999589e+01 3.222000000000000000e+03 3.315873161746919777e+03 -9.387316174691977722e+01
8.517464999999999975e+01 3.359000000000000000e+03 3.315996964082445629e+03 4.300303591755437083e+01
8.518779000000000678e+01 3.357000000000000000e+03 3.316121869507646807e+03 4.087813049235319340e+01
8.520091999999999643e+01 3.358000000000000000e+03 3.316247687366879290e+03 4.175231263312070951e+01
8.521405000000000030e+01 3.408000000000000000e+03 3.316374511774856728e+03 9.162548822514327185e+01
8.522718000000000416e+01 3.256000000000000000e+03 3.316502342155963561e+03 -6.050234215596356080e+01
8.524030999999999381e+01 3.493000000000000000e+03 3.316631177920153277e+03 1.763688220798467228e+02
8.525343999999999767e+01 3.354000000000000000e+03 3.316761018465348570e+03 3.723898153465142968e+01
8.526657000000000153e+01 3.254000000000000000e+03 3.316891863180083419e+03 -6.289186318008341914e+01
8.527970000000000539e+01 3.336000000000000000e+03 3.317023711446449852e+03 1.897628855355014821e+01
8.529282999999999504e+01 3.416000000000000000e+03 3.317156562643382586e+03 9.884343735661741448e+01
8.530595999999999890e+01 3.177000000000000000e+03 3.317290416150312922e+03 -1.402904161503129217e+02
8.531909000000000276e+01 3.225000000000000000e+03 3.317425271351260562e+03 -9.242527135126056237e+01
8.533222000000000662e+01 3.326000000000000000e+03 3.317561127639439746e+03 8.438872360560253583e+00
8.534534999999999627e+01 3.283000000000000000e+03 3.317697984422421996e+03 -3.469798442242199599e+01
8.535848000000000013e+01 3.343000000000000000e+03 3.317835841127992353e+03 2.516415887200764701e+01
8.537161000000000399e+01 3.342000000000000000e+03 3.317974697210775048e+03 2.402530278922495199e+01
8.538473999999999364e+01 3.256000000000000000e+03 3.318114552159784125e+03 -6.211455215978412525e+01
8.539786999999999750e+01 3.277000000000000000e+03 3.318255405507039995e+03 -4.125540550703999543e+01
8.541100000000000136e+01 3.283000000000000000e+03 3.318397256837444729e+03 -3.539725683744472917e+01
8.542413000000000523e+01 3.279000000000000000e+03 3.318540105800123911e+03 -3.954010580012391074e+01
8.543725999999999487e+01 3.337000000000000000e+03 3.318683952121517905e+03 1.831604787848209526e+01
8.545038999999999874e+01 3.241000000000000000e+03 3.318828795620475375e+03 -7.782879562047537547e+01
8.546352000000000260e+01 3.346000000000000000e+03 3.318974636225770155e+03 2.702536377422984515e+01
8.547665000000000646e+01 3.341000000000000000e+03 3.319121473996392979e+03 2.187852600360702127e+01
8.548977999999999611e+01 3.553000000000000000e+03 3.319269309145148782e+03 2.337306908548512183e+02
8.550290999999999997e+01 3.400000000000000000e+03 3.319418142066083419e+03 8.058185793391658081e+01
8.551604000000000383e+01 3.316000000000000000e+03 3.319567973366442402e+03 -3.567973366442402039e+00
8.552916999999999348e+01 3.354000000000000000e+03 3.319718803903863773e+03 3.428119609613622742e+01
8.554229999999999734e+01 3.393000000000000000e+03 3.319870634829725077e+03 7.312936517027492300e+01
8.555543000000000120e+01 3.204000000000000000e+03 3.320023467639603496e+03 -1.160234676396034956e+02
8.556856000000000506e+01 3.217000000000000000e+03 3.320177304232032839e+03 -1.031773042320328386e+02
8.558168999999999471e+01 3.317000000000000000e+03 3.320332146976843433e+03 -3.332146976843432640e+00
8.559481999999999857e+01 3.259000000000000000e+03 3.320487998794581472e+03 -6.148799879458147188e+01
8.560795000000000243e+01 3.297000000000000000e+03 3.320644863248688580e+03 -2.364486324868857992e+01
8.562108000000000629e+01 3.494000000000000000e+03 3.320802744652338333e+03 1.731972553476616667e+02
8.563420999999999594e+01 3.273000000000000000e+03 3.320961648192085249e+03 -4.796164819208524932e+01
8.564733999999999980e+01 3.366000000000000000e+03 3.321121580070668188e+03 4.487841992933181245e+01
8.566048000000000684e+01 3.251000000000000000e+03 3.321282670663802037e+03 -7.028267066380203687e+01
8.567360999999999649e+01 3.341000000000000000e+03 3.321444683540343249e+03 1.955531645965675125e+01
8.568674000000000035e+01 3.332000000000000000e+03 3.321607751243384882e+03 1.039224875661511760e+01
8.569987000000000421e+01 3.282000000000000000e+03 3.321771885952888169e+03 -3.977188595288816941e+01
8.571299999999999386e+01 3.328000000000000000e+03 3.321937101970401727e+03 6.062898029598272842e+00
8.572612999999999772e+01 3.359000000000000000e+03 3.322103416043309608e+03 3.689658395669039237e+01
8.573926000000000158e+01 3.295000000000000000e+03 3.322270847733314895e+03 -2.727084773331489487e+01
8.575239000000000544e+01 3.377000000000000000e+03 3.322439419834033743e+03 5.456058016596625748e+01
8.576551999999999509e+01 3.296000000000000000e+03 3.322609158842837587e+03 -2.660915884283758714e+01
8.577864999999999895e+01 3.273000000000000000e+03 3.322780095492433247e+03 -4.978009549243324727e+01
8.579178000000000281e+01 3.385000000000000000e+03 3.322952265347858429e+03 6.204773465214157113e+01
8.580491000000000668e+01 3.394000000000000000e+03 3.323125709474809355e+03 7.087429052519064498e+01
8.581803999999999633e+01 3.315000000000000000e+03 3.323300475185347750e+03 -8.300475185347750084e+00
8.583117000000000019e+01 3.312000000000000000e+03 3.323476616867109442e+03 -1.147661686710944196e+01
8.584430000000000405e+01 3.419000000000000000e+03 3.323654196902091826e+03 9.534580309790817410e+01
8.585742999999999370e+01 3.308000000000000000e+03 3.323833286681036043e+03 -1.583328668103604286e+01
8.587055999999999756e+01 3.330000000000000000e+03 3.324013967719048651e+03 5.986032280951349094e+00
8.588369000000000142e+01 3.323000000000000000e+03 3.324196332877848363e+03 -1.196332877848362841e+00
8.589682000000000528e+01 3.288000000000000000e+03 3.324380487699324931e+03 -3.638048769932493087e+01
8.590994999999999493e+01 3.353000000000000000e+03 3.324566551854458339e+03 2.843344814554166078e+01
8.592307999999999879e+01 3.350000000000000000e+03 3.324754660710593726e+03 2.524533928940627447e+01
8.593621000000000265e+01 3.255000000000000000e+03 3.324944967018961961e+03 -6.994496701896196100e+01
8.594934000000000651e+01 3.242000000000000000e+03 3.325137642722878354e+03 -8.313764272287835411e+01
8.596246999999999616e+01 3.339000000000000000e+03 3.325332880885362556e+03 1.366711911463744400e+01
8.597560000000000002e+01 3.277000000000000000e+03 3.325530897733009624e+03 -4.853089773300962406e+01
8.598873000000000388e+01 3.403000000000000000e+03 3.325731934810670282e+03 7.726806518932971812e+01
8.600185999999999353e+01 3.315000000000000000e+03 3.325936261239022770e+03 -1.093626123902276959e+01
8.601498999999999739e+01 3.313000000000000000e+03 3.326144176064291969e+03 -1.314417606429196894e+01
8.602812000000000126e+01 3.314000000000000000e+03 3.326356010686306035e+03 -1.235601068630603550e+01
8.604125000000000512e+01 3.406000000000000000e+03 3.326572131347746563e+03 7.942786865225343718e+01
8.605437999999999477e+01 3.311000000000000000e+03 3.326792941663859892e+03 -1.579294166385989229e+01
8.606750999999999863e+01 3.327000000000000000e+03 3.327018885168082306e+03 -1.888516808230633615e-02
8.608064000000000249e+01 3.306000000000000000e+03 3.327250447845103736e+03 -2.125044784510373574e+01
8.609377000000000635e+01 3.335000000000000000e+03 3.327488160618741404e+03 7.511839381258596404e+00
8.610689999999999600e+01 3.290000000000000000e+03 3.327732601757859811e+03 -3.773260175785981119e+01
8.612002999999999986e+01 3.413000000000000000e+03 3.327984399159406621e+03 8.501560084059337896e+01
8.613317000000000689e+01 3.426000000000000000e+03 3.328244433601722903e+03 9.775556639827709660e+01
8.614629999999999654e+01 3.333000000000000000e+03 3.328513043062087036e+03 4.486956937912964349e+00
8.615943000000000040e+01 3.314000000000000000e+03 3.328791210880231120e+03 -1.479121088023111952e+01
8.617256000000000427e+01 3.370000000000000000e+03 3.329079782224739120e+03 4.092021777526088044e+01
8.618568999999999392e+01 3.376000000000000000e+03 3.329379659757271838e+03 4.662034024272816168e+01
8.619881999999999778e+01 3.360000000000000000e+03 3.329691804106144900e+03 3.030819589385509971e+01
8.621195000000000164e+01 3.401000000000000000e+03 3.330017233832187230e+03 7.098276616781276971e+01
8.622508000000000550e+01 3.346000000000000000e+03 3.330357024823657412e+03 1.564297517634258838e+01
8.623820999999999515e+01 3.294000000000000000e+03 3.330712309057217226e+03 -3.671230905721722593e+01
8.625133999999999901e+01 3.341000000000000000e+03 3.331084272663254069e+03 9.915727336745931098e+00
8.626447000000000287e+01 3.362000000000000000e+03 3.331474153236222264e+03 3.052584676377773576e+01
8.627760000000000673e+01 3.310000000000000000e+03 3.331883236334389494e+03 -2.188323633438949400e+01
8.629072999999999638e+01 3.358000000000000000e+03 3.332312851118187154e+03 2.568714888181284550e+01
8.630386000000000024e+01 3.329000000000000000e+03 3.332764365082747645e+03 -3.764365082747644919e+00
8.631699000000000410e+01 3.302000000000000000e+03 3.333239177847767223e+03 -3.123917784776722328e+01
8.633011999999999375e+01 3.253000000000000000e+03 3.333738713976829331e+03 -8.073871397682933093e+01
8.634324999999999761e+01 3.313000000000000000e+03 3.334264414808643778e+03 -2.126441480864377809e+01
8.635638000000000147e+01 3.331000000000000000e+03 3.334817729294157743e+03 -3.817729294157743425e+00
8.636951000000000533e+01 3.393000000000000000e+03 3.335400103846206548e+03 5.759989615379345196e+01
8.638263999999999498e+01 3.230000000000000000e+03 3.336012971221986390e+03 -1.060129712219863904e+02
8.639576999999999884e+01 3.282000000000000000e+03 3.336657738473146765e+03 -5.465773847314676459e+01
8.640890000000000271e+01 3.387000000000000000e+03 3.337335774013281934e+03 4.966422598671806554e+01
8.642203000000000657e+01 3.287000000000000000e+03 3.338048393868002222e+03 -5.104839386800222201e+01
8.643515999999999622e+01 3.326000000000000000e+03 3.338796847188094489e+03 -1.279684718809448896e+01
8.644829000000000008e+01 3.366000000000000000e+03 3.339582301121360615e+03 2.641769887863938493e+01
8.646142000000000394e+01 3.375000000000000000e+03 3.340405825153122350e+03 3.459417484687764954e+01
8.647454999999999359e+01 3.320000000000000000e+03 3.341268375038701379e+03 -2.126837503870137880e+01
8.648767999999999745e+01 3.315000000000000000e+03 3.342170776463222865e+03 -2.717077646322286455e+01
8.650081000000000131e+01 3.377000000000000000e+03 3.343113708574125212e+03 3.388629142587478782e+01
8.651394000000000517e+01 3.365000000000000000e+03 3.344097687539936032e+03 2.090231246006396759e+01
8.652706999999999482e+01 3.412000000000000000e+03 3.345123050294325367e+03 6.687694970567463315e+01
8.654019999999999868e+01 3.258000000000000000e+03 3.346189938627432639e+03 -8.818993862743263890e+01
8.655333000000000254e+01 3.327000000000000000e+03 3.347298283786320098e+03 -2.029828378632009844e+01
8.656646000000000640e+01 3.332000000000000000e+03 3.348447791743628386e+03 -1.644779174362838603e+01
8.657958999999999605e+01 3.356000000000000000e+03 3.349637929287516727e+03 6.362070712483273383e+00
8.659273000000000309e+01 3.264000000000000000e+03 3.350868862784901921e+03 -8.686886278490192126e+01
8.660586000000000695e+01 3.404000000000000000e+03 3.352137668587191001e+03 5.186233141280899872e+01
8.661898999999999660e+01 3.234000000000000000e+03 3.353443944304145134e+03 -1.194439443041451341e+02
8.663212000000000046e+01 3.364000000000000000e+03 3.354786081933168134e+03 9.213918066831865872e+00
8.664525000000000432e+01 3.422000000000000000e+03 3.356162181733832767e+03 6.583781826616723265e+01
8.665837999999999397e+01 3.349000000000000000e+03 3.357570045900739387e+03 -8.570045900739387434e+00
8.667150999999999783e+01 3.311000000000000000e+03 3.359007173850357503e+03 -4.800717385035750340e+01
8.668464000000000169e+01 3.230000000000000000e+03 3.360470759215086218e+03 -1.304707592150862183e+02
8.669777000000000555e+01 3.299000000000000000e+03 3.361957688651959870e+03 -6.295768865195987019e+01
8.671089999999999520e+01 3.363000000000000000e+03 3.363464542599803735e+03 -4.645425998037353565e-01
8.672402999999999906e+01 3.232000000000000000e+03 3.364987598159083973e+03 -1.329875981590839729e+02
8.673716000000000292e+01 3.381000000000000000e+03 3.366522834324163796e+03 1.447716567583620417e+01
8.675029000000000678e+01 3.332000000000000000e+03 3.368065939867657562e+03 -3.606593986765756199e+01
8.676341999999999643e+01 3.374000000000000000e+03 3.369612324257928776e+03 4.387675742071223794e+00
8.677655000000000030e+01 3.391000000000000000e+03 3.371157132077725691e+03 1.984286792227430851e+01
8.678968000000000416e+01 3.424000000000000000e+03 3.372695261494297483e+03 5.130473850570251670e+01
8.680280999999999381e+01 3.295000000000000000e+03 3.374221387395375586e+03 -7.922138739537558649e+01
8.681593999999999767e+01 3.328000000000000000e+03 3.375729989832342653e+03 -4.772998983234265324e+01
8.682907000000000153e+01 3.391000000000000000e+03 3.377215388381085177e+03 1.378461161891482334e+01
8.684220000000000539e+01 3.400000000000000000e+03 3.378671782919869656e+03 2.132821708013034367e+01
8.685532999999999504e+01 3.331000000000000000e+03 3.380093301113137841e+03 -4.909330111313784073e+01
8.686845999999999890e+01 3.413000000000000000e+03 3.381474052568429670e+03 3.152594743157033008e+01
8.688159000000000276e+01 3.433000000000000000e+03 3.382808189202271478e+03 5.019181079772852172e+01
8.689472000000000662e+01 3.379000000000000000e+03 3.384089970829095819e+03 -5.089970829095818772e+00
8.690784999999999627e+01 3.355000000000000000e+03 3.385313834415706424e+03 -3.031383441570642390e+01
8.692098000000000013e+01 3.320000000000000000e+03 3.386474464883858673e+03 -6.647446488385867269e+01
8.693411000000000399e+01 3.318000000000000000e+03 3.387566864871469079e+03 -6.956686487146907893e+01
8.694723999999999364e+01 3.490000000000000000e+03 3.388586420559916860e+03 1.014135794400831401e+02
8.696036999999999750e+01 3.311000000000000000e+03 3.389528960611318325e+03 -7.852896061131832539e+01
8.697350000000000136e+01 3.354000000000000000e+03 3.390390805479652045e+03 -3.639080547965204460e+01
8.698663000000000523e+01 3.472000000000000000e+03 3.391168804868023471e+03 8.083119513197652850e+01
8.699975999999999487e+01 3.452000000000000000e+03 3.391860361859778550e+03 6.013963814022145016e+01
8.701288999999999874e+01 3.400000000000000000e+03 3.392463443170785467e+03 7.536556829214532627e+00
8.702602000000000260e+01 3.389000000000000000e+03 3.392976575942438558e+03 -3.976575942438557831e+00
8.703915000000000646e+01 3.545000000000000000e+03 3.393398832400695028e+03 1.516011675993049721e+02
8.705227999999999611e+01 3.399000000000000000e+03 3.393729804440944463e+03 5.270195559055537160e+00
8.706542000000000314e+01 3.473000000000000000e+03 3.393969718648810158e+03 7.903028135118984210e+01
8.707855000000000700e+01 3.383000000000000000e+03 3.394118738023938477e+03 -1.111873802393847654e+01
8.709167999999999665e+01 3.452000000000000000e+03 3.394178017141125565e+03 5.782198285887443490e+01
8.710481000000000051e+01 3.422000000000000000e+03 3.394148863340507432e+03 2.785113665949256756e+01
8.711794000000000437e+01 3.353000000000000000e+03 3.394032917241843279e+03 -4.103291724184327904e+01
8.713106999999999402e+01 3.507000000000000000e+03 3.393832120017344096e+03 1.131678799826559043e+02
8.714419999999999789e+01 3.366000000000000000e+03 3.393548685670160012e+03 -2.754868567016001180e+01
8.715733000000000175e+01 3.444000000000000000e+03 3.393185078724515733e+03 5.081492127548426652e+01
8.717046000000000561e+01 3.293000000000000000e+03 3.392743997194093026e+03 -9.974399719409302634e+01
8.718358999999999526e+01 3.406000000000000000e+03 3.392228360207117930e+03 1.377163979288206974e+01
8.719671999999999912e+01 3.412000000000000000e+03 3.391641299254101796e+03 2.035870074589820433e+01
8.720985000000000298e+01 3.402000000000000000e+03 3.390986151713272193e+03 1.101384828672780714e+01
8.722298000000000684e+01 3.338000000000000000e+03 3.390266455125627999e+03 -5.226645512562799922e+01
8.723610999999999649e+01 3.351000000000000000e+03 3.389485940657203628e+03 -3.848594065720362778e+01
8.724924000000000035e+01 3.350000000000000000e+03 3.388648524309188360e+03 -3.864852430918836035e+01
8.726237000000000421e+01 3.479000000000000000e+03 3.387758294707272853e+03 9.124170529272714703e+01
8.727549999999999386e+01 3.240000000000000000e+03 3.386819496689523021e+03 -1.468194966895230209e+02
8.728862999999999772e+01 3.360000000000000000e+03 3.385836510368846120e+03 -2.583651036884612040e+01
8.730176000000000158e+01 3.287000000000000000e+03 3.384813825812732830e+03 -9.781382581273282995e+01
8.731489000000000544e+01 3.377000000000000000e+03 3.383756013900806920e+03 -6.756013900806919992e+00
8.732801999999999509e+01 3.386000000000000000e+03 3.382667694242694779e+03 3.332305757305221050e+00
8.734114999999999895e+01 3.382000000000000000e+03 3.381553501236375268e+03 4.464987636247315095e-01
8.735428000000000281e+01 3.222000000000000000e+03 3.380418049415153746e+03 -1.584180494151537459e+02
8.736741000000000668e+01 3.397000000000000000e+03 3.379265899184296359e+03 1.773410081570364127e+01
8.738053999999999633e+01 3.344000000000000000e+03 3.378101523915334383e+03 -3.410152391533438276e+01
8.739367000000000019e+01 3.412000000000000000e+03 3.376929279181972561e+03 3.507072081802743924e+01
8.740680000000000405e+01 3.344000000000000000e+03 3.375753374719886779e+03 -3.175337471988677862e+01
8.741992999999999370e+01 3.334000000000000000e+03 3.374577849499381500e+03 -4.057784949938150021e+01
8.743305999999999756e+01 3.380000000000000000e+03 3.373406550131299355e+03 6.593449868700645311e+00
8.744619000000000142e+01 3.316000000000000000e+03 3.372243112689546251e+03 -5.624311268954625120e+01
8.745932000000000528e+01 3.386000000000000000e+03 3.371090947928008063e+03 1.490905207199193683e+01
8.747244999999999493e+01 3.349000000000000000e+03 3.369948433039133306e+03 -2.094843303913330601e+01
8.748557999999999879e+01 3.379000000000000000e+03 3.368828100819329848e+03 1.017189918067015242e+01
8.749871000000000265e+01 3.342000000000000000e+03 3.367727822171470052e+03 -2.572782217147005213e+01
8.751184000000000651e+01 3.359000000000000000e+03 3.366650022008558608e+03 -7.650022008558607922e+00
8.752496999999999616e+01 3.384000000000000000e+03 3.365596871711517906e+03 1.840312828848209392e+01
8.753811000000000320e+01 3.321000000000000000e+03 3.364569519800059425e+03 -4.356951980005942460e+01
8.755124000000000706e+01 3.294000000000000000e+03 3.363571203101358151e+03 -6.957120310135815089e+01
8.756436999999999671e+01 3.278000000000000000e+03 3.362602559348837531e+03 -8.460255934883753071e+01
8.757750000000000057e+01 3.376000000000000000e+03 3.361664783498299130e+03 1.433521650170087014e+01
8.759063000000000443e+01 3.329000000000000000e+03 3.360758843823830375e+03 -3.175884382383037519e+01
8.760375999999999408e+01 3.340000000000000000e+03 3.359885491228715182e+03 -1.988549122871518193e+01
8.761688999999999794e+01 3.292000000000000000e+03 3.359045269385140728e+03 -6.704526938514072754e+01
8.763002000000000180e+01 3.247000000000000000e+03 3.358238525533240590e+03 -1.112385255332405904e+02
8.764315000000000566e+01 3.425000000000000000e+03 3.357465421789074753e+03 6.753457821092524682e+01
8.765627999999999531e+01 3.280000000000000000e+03 3.356725946828540600e+03 -7.672594682854060011e+01
8.766940999999999917e+01 3.342000000000000000e+03 3.356019927829665903e+03 -1.401992782966590312e+01
8.768254000000000303e+01 3.224000000000000000e+03 3.355347042568947472e+03 -1.313470425689474723e+02
8.769567000000000689e+01 3.423000000000000000e+03 3.354706831578715537e+03 6.829316842128446297e+01
8.770879999999999654e+01 3.358000000000000000e+03 3.354098710281713466e+03 3.901289718286534480e+00
8.772193000000000040e+01 3.264000000000000000e+03 3.353521981027020047e+03 -8.952198102702004689e+01
8.773506000000000427e+01 3.396000000000000000e+03 3.352975844958009930e+03 4.302415504199007046e+01
8.774818999999999392e+01 3.262000000000000000e+03 3.352456901144285894e+03 -9.045690114428589368e+01
8.776131999999999778e+01 3.374000000000000000e+03 3.351969213427302293e+03 2.203078657269770702e+01
8.777445000000000164e+01 3.398000000000000000e+03 3.351509229935593339e+03 4.649077006440666082e+01
8.778758000000000550e+01 3.453000000000000000e+03 3.351075860192854634e+03 1.019241398071453659e+02
8.780070999999999515e+01 3.391000000000000000e+03 3.350667967289507033e+03 4.033203271049296745e+01
8.781383999999999901e+01 3.395000000000000000e+03 3.350284377582604975e+03 4.471562241739502497e+01
8.782697000000000287e+01 3.318000000000000000e+03 3.349923889886531470e+03 -3.192388988653146953e+01
8.784010000000000673e+01 3.360000000000000000e+03 3.349585284125580074e+03 1.041471587441992597e+01
8.785322999999999638e+01 3.413000000000000000e+03 3.349267329424857508e+03 6.373267057514249245e+01
8.786636000000000024e+01 3.431000000000000000e+03 3.348968791621364289e+03 8.203120837863571069e+01
8.787949000000000410e+01 3.338000000000000000e+03 3.348688440182513204e+03 -1.068844018251320449e+01
8.789261999999999375e+01 3.347000000000000000e+03 3.348425054524790994e+03 -1.425054524790994037e+00
8.790574999999999761e+01 3.304000000000000000e+03 3.348177429730548283e+03 -4.417742973054828326e+01
8.791888000000000147e+01 3.432000000000000000e+03 3.347944381666049594e+03 8.405561833395040594e+01
8.793201000000000533e+01 3.330000000000000000e+03 3.347724751508766985e+03 -1.772475150876698535e+01
8.794513999999999498e+01 3.310000000000000000e+03 3.347517409696528375e+03 -3.751740969652837521e+01
8.795826999999999884e+01 3.323000000000000000e+03 3.347321259315265252e+03 -2.432125931526525164e+01
8.797140000000000271e+01 3.467000000000000000e+03 3.347135238946046229e+03 1.198647610539537709e+02
8.798453000000000657e+01 3.275000000000000000e+03 3.346958324995314342e+03 -7.195832499531434223e+01
8.799766999999999939e+01 3.448000000000000000e+03 3.346789407834402482e+03 1.012105921655975180e+02
8.801080000000000325e+01 3.377000000000000000e+03 3.346627801102286867e+03 3.037219889771313319e+01
8.802392999999999290e+01 3.358000000000000000e+03 3.346472472422792180e+03 1.152752757720782029e+01
8.803705999999999676e+01 3.358000000000000000e+03 3.346322563492823519e+03 1.167743650717648052e+01
8.805019000000000062e+01 3.365000000000000000e+03 3.346177258750983128e+03 1.882274124901687173e+01
8.806332000000000448e+01 3.378000000000000000e+03 3.346035785240232144e+03 3.196421475976785587e+01
8.807644999999999413e+01 3.405000000000000000e+03 3.345897412176561829e+03 5.910258782343817074e+01
8.808957999999999799e+01 3.259000000000000000e+03 3.345761450257826255e+03 -8.676145025782625453e+01
8.810271000000000186e+01 3.303000000000000000e+03 3.345627250746315895e+03 -4.262725074631589450e+01
8.811584000000000572e+01 3.315000000000000000e+03 3.345494204357678427e+03 -3.049420435767842719e+01
8.812896999999999537e+01 3.315000000000000000e+03 3.345361739987628425e+03 -3.036173998762842530e+01
8.814209999999999923e+01 3.315000000000000000e+03 3.345229323306431525e+03 -3.022932330643152454e+01
8.815523000000000309e+01 3.282000000000000000e+03 3.345096455249569317e+03 -6.309645524956931695e+01
8.816836000000000695e+01 3.362000000000000000e+03 3.344962670431193601e+03 1.703732956880639904e+01
8.818148999999999660e+01 3.337000000000000000e+03 3.344827535505164178e+03 -7.827535505164178176e+00
8.819462000000000046e+01 3.319000000000000000e+03 3.344690647496524434e+03 -2.569064749652443425e+01
8.820775000000000432e+01 3.374000000000000000e+03 3.344551632124337630e+03 2.944836787566237035e+01
8.822087999999999397e+01 3.438000000000000000e+03 3.344410142134884154e+03 9.358985786511584593e+01
8.823400999999999783e+01 3.341000000000000000e+03 3.344265855662329614e+03 -3.265855662329613551e+00
8.824714000000000169e+01 3.321000000000000000e+03 3.344118474632180096e+03 -2.311847463218009580e+01
8.826027000000000555e+01 3.323000000000000000e+03 3.343967723221071992e+03 -2.096772322107199216e+01
8.827339999999999520e+01 3.473000000000000000e+03 3.343813346384931265e+03 1.291866536150687352e+02
8.828652999999999906e+01 3.371000000000000000e+03 3.343655108465947706e+03 2.734489153405229445e+01
8.829966000000000292e+01 3.333000000000000000e+03 3.343492791887586009e+03 -1.049279188758600867e+01
8.831279000000000678e+01 3.277000000000000000e+03 3.343326195945615382e+03 -6.632619594561538179e+01
8.832591999999999643e+01 3.311000000000000000e+03 3.343155135702136704e+03 -3.215513570213670391e+01
8.833905000000000030e+01 3.341000000000000000e+03 3.342979440988745864e+03 -1.979440988745864161e+00
8.835218000000000416e+01 3.355000000000000000e+03 3.342798955524234316e+03 1.220104447576568418e+01
8.836530999999999381e+01 3.443000000000000000e+03 3.342613536151731751e+03 1.003864638482682494e+02
8.837843999999999767e+01 3.341000000000000000e+03 3.342423052199766971e+03 -1.423052199766971171e+00
8.839157000000000153e+01 3.439000000000000000e+03 3.342227384971475658e+03 9.677261502852434205e+01
8.840470000000000539e+01 3.332000000000000000e+03 3.342026427366081862e+03 -1.002642736608186169e+01
8.841782999999999504e+01 3.322000000000000000e+03 3.341820083636734580e+03 -1.982008363673458007e+01
8.843095999999999890e+01 3.357000000000000000e+03 3.341608269288876727e+03 1.539173071112327307e+01
8.844409000000000276e+01 3.354000000000000000e+03 3.341390911123545266e+03 1.260908887645473442e+01
8.845722000000000662e+01 3.314000000000000000e+03 3.341167947430143613e+03 -2.716794743014361302e+01
8.847035999999999945e+01 3.327000000000000000e+03 3.340939152048322740e+03 -1.393915204832273957e+01
8.848349000000000331e+01 3.308000000000000000e+03 3.340704835668766918e+03 -3.270483566876691839e+01
8.849661999999999296e+01 3.406000000000000000e+03 3.340464801820361117e+03 6.553519817963888272e+01
8.850974999999999682e+01 3.383000000000000000e+03 3.340219039850764602e+03 4.278096014923539769e+01
8.852288000000000068e+01 3.362000000000000000e+03 3.339967553983196012e+03 2.203244601680398773e+01
8.853601000000000454e+01 3.281000000000000000e+03 3.339710364517833113e+03 -5.871036451783311350e+01
8.854913999999999419e+01 3.329000000000000000e+03 3.339447509221723521e+03 -1.044750922172352148e+01
8.856226999999999805e+01 3.274000000000000000e+03 3.339179044913013513e+03 -6.517904491301351300e+01
8.857540000000000191e+01 3.311000000000000000e+03 3.338905049244994188e+03 -2.790504924499418848e+01
8.858853000000000577e+01 3.333000000000000000e+03 3.338625622694919912e+03 -5.625622694919911737e+00
8.860165999999999542e+01 3.304000000000000000e+03 3.338340890761770424e+03 -3.434089076177042443e+01
8.861478999999999928e+01 3.396000000000000000e+03 3.338051006376071200e+03 5.794899362392879993e+01
8.862792000000000314e+01 3.308000000000000000e+03 3.337756152523593755e+03 -2.975615252359375518e+01
8.864105000000000700e+01 3.239000000000000000e+03 3.337456545083035053e+03 -9.845654508303505281e+01
8.865417999999999665e+01 3.294000000000000000e+03 3.337152435875795618e+03 -4.315243587579561790e+01
8.866731000000000051e+01 3.360000000000000000e+03 3.336844115923619484e+03 2.315588407638051649e+01
8.868044000000000437e+01 3.295000000000000000e+03 3.336531918907068302e+03 -4.153191890706830236e+01
8.869356999999999402e+01 3.271000000000000000e+03 3.336216224814657380e+03 -6.521622481465738019e+01
8.870669999999999789e+01 3.407000000000000000e+03 3.335897463768971193e+03 7.110253623102880738e+01
8.871983000000000175e+01 3.408000000000000000e+03 3.335576120012048250e+03 7.242387998795175008e+01
8.873296000000000561e+01 3.226000000000000000e+03 3.335252736028089657e+03 -1.092527360280896573e+02
8.874608999999999526e+01 3.310000000000000000e+03 3.334927916776739949e+03 -2.492791677673994855e+01
8.875921999999999912e+01 3.341000000000000000e+03 3.334602334005222019e+03 6.397665994777980814e+00
8.877235000000000298e+01 3.251000000000000000e+03 3.334276730602222869e+03 -8.327673060222286949e+01
8.878548000000000684e+01 3.349000000000000000e+03 3.333951924950843022e+03 1.504807504915697791e+01
8.879860999999999649e+01 3.258000000000000000e+03 3.333628815232109901e+03 -7.562881523210990053e+01
8.881174000000000035e+01 3.345000000000000000e+03 3.333308383624708767e+03 1.169161637529123254e+01
8.882487000000000421e+01 3.317000000000000000e+03 3.332991700340614443e+03 -1.599170034061444312e+01
8.883799999999999386e+01 3.347000000000000000e+03 3.332679927430456701e+03 1.432007256954329932e+01
8.885112999999999772e+01 3.338000000000000000e+03 3.332374322286838833e+03 5.625677713161167048e+00
8.886426000000000158e+01 3.426000000000000000e+03 3.332076240768383286e+03 9.392375923161671381e+01
8.887739000000000544e+01 3.295000000000000000e+03 3.331787139862432923e+03 -3.678713986243292311e+01
8.889051999999999509e+01 3.287000000000000000e+03 3.331508579799970448e+03 -4.450857979997044822e+01
8.890364999999999895e+01 3.346000000000000000e+03 3.331242225532688735e+03 1.475777446731126474e+01
8.891678000000000281e+01 3.275000000000000000e+03 3.330989847479448599e+03 -5.598984747944859919e+01
8.892991000000000668e+01 3.373000000000000000e+03 3.330753321447623421e+03 4.224667855237657932e+01
8.894304999999999950e+01 3.261000000000000000e+03 3.330534468392655981e+03 -6.953446839265598101e+01
8.895618000000000336e+01 3.319000000000000000e+03 3.330335705358234463e+03 -1.133570535823446335e+01
8.896930999999999301e+01 3.353000000000000000e+03 3.330159040645841742e+03 2.284095935415825807e+01
8.898243999999999687e+01 3.229000000000000000e+03 3.330006751100743259e+03 -1.010067511007432586e+02
8.899557000000000073e+01 3.271000000000000000e+03 3.329881202916733855e+03 -5.888120291673385509e+01
8.900870000000000459e+01 3.355000000000000000e+03 3.329784844692562729e+03 2.521515530743727140e+01
8.902182999999999424e+01 3.326000000000000000e+03 3.329720199070203307e+03 -3.720199070203307201e+00
8.903495999999999810e+01 3.460000000000000000e+03 3.329689852899844936e+03 1.303101471001550635e+02
8.904809000000000196e+01 3.315000000000000000e+03 3.329696445889439929e+03 -1.469644588943992858e+01
8.906122000000000583e+01 3.383000000000000000e+03 3.329742657711123684e+03 5.325734228887631616e+01
8.907434999999999548e+01 3.322000000000000000e+03 3.329831193553272442e+03 -7.831193553272441932e+00
8.908747999999999934e+01 3.315000000000000000e+03 3.329964768124756120e+03 -1.496476812475611951e+01
8.910061000000000320e+01 3.341000000000000000e+03 3.330146088137231345e+03 1.085391186276865483e+01
8.911374000000000706e+01 3.330000000000000000e+03 3.330377833311724316e+03 -3.778333117243164452e-01
8.912686999999999671e+01 3.335000000000000000e+03 3.330662635976965248e+03 4.337364023034751881e+00
8.914000000000000057e+01 3.253000000000000000e+03 3.331003059348752686e+03 -7.800305934875268576e+01
8.915313000000000443e+01 3.329000000000000000e+03 3.331401574601507491e+03 -2.401574601507491025e+00
8.916625999999999408e+01 3.331000000000000000e+03 3.331860536864892765e+03 -8.605368648927651520e-01
8.917938999999999794e+01 3.339000000000000000e+03 3.332382160299281622e+03 6.617839700718377571e+00
8.919252000000000180e+01 3.241000000000000000e+03 3.332968492423618500e+03 -9.196849242361849974e+01
8.920565000000000566e+01 3.364000000000000000e+03 3.333621387887335004e+03 3.037861211266499595e+01
8.921877999999999531e+01 3.331000000000000000e+03 3.334342481893786044e+03 -3.342481893786043656e+00
8.923190999999999917e+01 3.324000000000000000e+03 3.335133163495938334e+03 -1.113316349593833365e+01
8.924504000000000303e+01 3.281000000000000000e+03 3.335994548995041441e+03 -5.499454899504144123e+01
8.925817000000000689e+01 3.411000000000000000e+03 3.336927455679525792e+03 7.407254432047420778e+01
8.927129999999999654e+01 3.365000000000000000e+03 3.337932376143876354e+03 2.706762385612364596e+01
8.928443000000000040e+01 3.493000000000000000e+03 3.339009453425655465e+03 1.539905465743445347e+02
8.929756000000000427e+01 3.474000000000000000e+03 3.340158457192850165e+03 1.338415428071498354e+02
8.931068999999999392e+01 3.405000000000000000e+03 3.341378761203591694e+03 6.362123879640830637e+01
8.932381999999999778e+01 3.436000000000000000e+03 3.342669322246051706e+03 9.333067775394829368e+01
8.933695000000000164e+01 3.239000000000000000e+03 3.344028660748564562e+03 -1.050286607485645618e+02
8.935008000000000550e+01 3.389000000000000000e+03 3.345454843229689686e+03 4.354515677031031373e+01
8.936320999999999515e+01 3.260000000000000000e+03 3.346945466735789068e+03 -8.694546673578906848e+01
8.937633999999999901e+01 3.323000000000000000e+03 3.348497645391828428e+03 -2.549764539182842782e+01
8.938947000000000287e+01 3.364000000000000000e+03 3.350107999170876155e+03 1.389200082912384460e+01
8.940260000000000673e+01 3.265000000000000000e+03 3.351772644972218131e+03 -8.677264497221813144e+01
8.941573999999999955e+01 3.314000000000000000e+03 3.353488513714219607e+03 -3.948851371421960721e+01
8.942887000000000342e+01 3.361000000000000000e+03 3.355248084042840219e+03 5.751915957159781101e+00
8.944199999999999307e+01 3.422000000000000000e+03 3.357047221469155375e+03 6.495277853084462549e+01
8.945512999999999693e+01 3.339000000000000000e+03 3.358879990147949684e+03 -1.987999014794968389e+01
8.946826000000000079e+01 3.382000000000000000e+03 3.360739944412883233e+03 2.126005558711676713e+01
8.948139000000000465e+01 3.550000000000000000e+03 3.362620136037691736e+03 1.873798639623082636e+02
8.949451999999999430e+01 3.386000000000000000e+03 3.364513125008703810e+03 2.148687499129619027e+01
8.950764999999999816e+01 3.336000000000000000e+03 3.366410994288592519e+03 -3.041099428859251930e+01
8.952078000000000202e+01 3.348000000000000000e+03 3.368305369186933603e+03 -2.030536918693360349e+01
8.953391000000000588e+01 3.447000000000000000e+03 3.370187442094857488e+03 7.681255790514251203e+01
8.954703999999999553e+01 3.283000000000000000e+03 3.372048003473784775e+03 -8.904800347378477454e+01
8.956016999999999939e+01 3.449000000000000000e+03 3.373877480091409325e+03 7.512251990859067519e+01
8.957330000000000325e+01 3.393000000000000000e+03 3.375665981545369959e+03 1.733401845463004065e+01
8.958642999999999290e+01 3.398000000000000000e+03 3.377403356076411455e+03 2.059664392358854457e+01
8.959955999999999676e+01 3.479000000000000000e+03 3.379079256516400619e+03 9.992074348359938085e+01
8.961269000000000062e+01 3.316000000000000000e+03 3.380683216914123022e+03 -6.468321691412302243e+01
8.962582000000000448e+01 3.435000000000000000e+03 3.382204739913713638e+03 5.279526008628636191e+01
8.963894999999999413e+01 3.337000000000000000e+03 3.383633394323273933e+03 -4.663339432327393297e+01
8.965207999999999799e+01 3.367000000000000000e+03 3.384958921524194920e+03 -1.795892152419492049e+01
8.966521000000000186e+01 3.388000000000000000e+03 3.386171348481816494e+03 1.828651518183505686e+00
8.967834000000000572e+01 3.288000000000000000e+03 3.387261104202235856e+03 -9.926110420223585606e+01
8.969146999999999537e+01 3.405000000000000000e+03 3.388219135640186323e+03 1.678086435981367686e+01
8.970459999999999923e+01 3.370000000000000000e+03 3.389037018416410319e+03 -1.903701841641031933e+01
8.971773000000000309e+01 3.400000000000000000e+03 3.389707057365681067e+03 1.029294263431893341e+01
8.973086000000000695e+01 3.361000000000000000e+03 3.390222372002966495e+03 -2.922237200296649462e+01
8.974398999999999660e+01 3.423000000000000000e+03 3.390576962517090124e+03 3.242303748290987642e+01
8.975712000000000046e+01 3.483000000000000000e+03 3.390765752873047404e+03 9.223424712695259586e+01
8.977025000000000432e+01 3.412000000000000000e+03 3.390784608955813837e+03 2.121539104418616262e+01
8.978337999999999397e+01 3.445000000000000000e+03 3.390630331292049505e+03 5.436966870795049545e+01
8.979650999999999783e+01 3.256000000000000000e+03 3.390300623572773475e+03 -1.343006235727734747e+02
8.980964000000000169e+01 3.369000000000000000e+03 3.389794039787321708e+03 -2.079403978732170799e+01
8.982277000000000555e+01 3.440000000000000000e+03 3.389109914099253274e+03 5.089008590074672611e+01
8.983589999999999520e+01 3.413000000000000000e+03 3.388248278521421071e+03 2.475172147857892924e+01
8.984902999999999906e+01 3.423000000000000000e+03 3.387209773910086824e+03 3.579022608991317611e+01
8.986216000000000292e+01 3.480000000000000000e+03 3.385995559787642378e+03 9.400444021235762193e+01
8.987529999999999575e+01 3.475000000000000000e+03 3.384606104810318811e+03 9.039389518968118864e+01
8.988842999999999961e+01 3.364000000000000000e+03 3.383045471386990812e+03 -1.904547138699081188e+01
8.990156000000000347e+01 3.371000000000000000e+03 3.381314902239356798e+03 -1.031490223935679751e+01
8.991468999999999312e+01 3.264000000000000000e+03 3.379416865984012475e+03 -1.154168659840124747e+02
8.992781999999999698e+01 3.334000000000000000e+03 3.377354027204132308e+03 -4.335402720413230782e+01
8.994095000000000084e+01 3.433000000000000000e+03 3.375129222133181884e+03 5.787077786681811631e+01
8.995408000000000470e+01 3.356000000000000000e+03 3.372745447374752075e+03 -1.674544737475207512e+01
8.996720999999999435e+01 3.305000000000000000e+03 3.370205859590252658e+03 -6.520585959025265765e+01
8.998033999999999821e+01 3.375000000000000000e+03 3.367513783468211841e+03 7.486216531788159045e+00
8.999347000000000207e+01 3.357000000000000000e+03 3.364672724923329497e+03 -7.672724923329496960e+00
