# 2theta y_obs y_calc y_diff
1.500769999999999982e+01 3.091000000000000000e+03 3.064041930571625471e+03 2.695806942837452880e+01
1.502440999999999960e+01 3.096000000000000000e+03 3.064031590334411703e+03 3.196840966558829678e+01
1.504111999999999938e+01 3.083000000000000000e+03 3.063991679781827315e+03 1.900832021817268469e+01
1.505782999999999916e+01 3.121000000000000000e+03 3.063922818602837651e+03 5.707718139716234873e+01
1.507454000000000072e+01 3.047000000000000000e+03 3.063825619294217177e+03 -1.682561929421717650e+01
1.509125000000000050e+01 3.106000000000000000e+03 3.063700687216585266e+03 4.229931278341473444e+01
1.510796000000000028e+01 3.115000000000000000e+03 3.063548620650127759e+03 5.145137934987224071e+01
1.512467000000000006e+01 3.030000000000000000e+03 3.063370010849984283e+03 -3.337001084998428269e+01
1.514138999999999946e+01 3.083000000000000000e+03 3.063165312021867521e+03 1.983468797813247875e+01
1.515809999999999924e+01 3.011000000000000000e+03 3.062935346676714744e+03 -5.193534667671474381e+01
1.517481000000000080e+01 3.011000000000000000e+03 3.062680570601590262e+03 -5.168057060159026150e+01
1.519152000000000058e+01 3.011000000000000000e+03 3.062401547494982424e+03 -5.140154749498242381e+01
1.520823000000000036e+01 2.989000000000000000e+03 3.062098834302571504e+03 -7.309883430257150394e+01
1.522494000000000014e+01 3.086000000000000000e+03 3.061772981270722084e+03 2.422701872927791555e+01
1.524164999999999992e+01 3.114000000000000000e+03 3.061424531999668034e+03 5.257546800033196632e+01
1.525835999999999970e+01 3.068000000000000000e+03 3.061054023496381433e+03 6.945976503618567222e+00
1.527508000000000088e+01 3.138000000000000000e+03 3.060661745273975612e+03 7.733825472602438822e+01
1.529179000000000066e+01 3.073000000000000000e+03 3.060248690802013243e+03 1.275130919798675677e+01
1.530850000000000044e+01 3.023000000000000000e+03 3.059815149391077284e+03 -3.681514939107728424e+01
1.532521000000000022e+01 3.063000000000000000e+03 3.059361632193853893e+03 3.638367806146106886e+00
1.534192000000000000e+01 3.230000000000000000e+03 3.058888644029557327e+03 1.711113559704426734e+02
1.535862999999999978e+01 3.042000000000000000e+03 3.058396683434960323e+03 -1.639668343496032321e+01
1.537533999999999956e+01 3.081000000000000000e+03 3.057886242715137541e+03 2.311375728486245862e+01
1.539204999999999934e+01 3.106000000000000000e+03 3.057357807993899769e+03 4.864219200610023108e+01
1.540877000000000052e+01 3.107000000000000000e+03 3.056811527395378107e+03 5.018847260462189297e+01
1.542548000000000030e+01 3.074000000000000000e+03 3.056248528511232962e+03 1.775147148876703795e+01
1.544219000000000008e+01 3.145000000000000000e+03 3.055668957687652437e+03 8.933104231234756298e+01
1.545889999999999986e+01 3.037000000000000000e+03 3.055073276818269733e+03 -1.807327681826973276e+01
1.547560999999999964e+01 3.022000000000000000e+03 3.054461941863233278e+03 -3.246194186323327813e+01
1.549231999999999942e+01 3.009000000000000000e+03 3.053835402897874701e+03 -4.483540289787470101e+01
1.550902999999999921e+01 3.076000000000000000e+03 3.053194104161084852e+03 2.280589583891514849e+01
1.552574000000000076e+01 3.068000000000000000e+03 3.052538484103408337e+03 1.546151589659166348e+01
1.554246000000000016e+01 3.017000000000000000e+03 3.051868570698646636e+03 -3.486857069864663572e+01
1.555916999999999994e+01 3.000000000000000000e+03 3.051185592506885314e+03 -5.118559250688531392e+01
1.557587999999999973e+01 2.887000000000000000e+03 3.050489574342880132e+03 -1.634895743428801325e+02
1.559258999999999951e+01 3.078000000000000000e+03 3.049780931975628846e+03 2.821906802437115402e+01
1.560929999999999929e+01 3.137000000000000000e+03 3.049060075621979649e+03 8.793992437802035056e+01
1.562601000000000084e+01 3.066000000000000000e+03 3.048327409993014498e+03 1.767259000698550153e+01
1.564272000000000062e+01 2.992000000000000000e+03 3.047583334340157762e+03 -5.558333434015776220e+01
1.565943000000000040e+01 3.033000000000000000e+03 3.046828242500999295e+03 -1.382824250099929486e+01
1.567614999999999981e+01 3.028000000000000000e+03 3.046062061599357548e+03 -1.806206159935754840e+01
1.569285999999999959e+01 3.099000000000000000e+03 3.045286091455380756e+03 5.371390854461924391e+01
1.570956999999999937e+01 3.023000000000000000e+03 3.044500254833581039e+03 -2.150025483358103884e+01
1.572627999999999915e+01 2.916000000000000000e+03 3.043704924365859370e+03 -1.277049243658593696e+02
1.574299000000000071e+01 3.006000000000000000e+03 3.042900467495318480e+03 -3.690046749531848036e+01
1.575970000000000049e+01 3.140000000000000000e+03 3.042087246520451117e+03 9.791275347954888275e+01
1.577641000000000027e+01 3.129000000000000000e+03 3.041265618639051354e+03 8.773438136094864603e+01
1.579312000000000005e+01 3.152000000000000000e+03 3.040435935991858969e+03 1.115640640081410311e+02
1.580983999999999945e+01 3.029000000000000000e+03 3.039598042335598620e+03 -1.059804233559862041e+01
1.582654999999999923e+01 3.057000000000000000e+03 3.038753282261096047e+03 1.824671773890395343e+01
1.584326000000000079e+01 3.012000000000000000e+03 3.037901494133524466e+03 -2.590149413352446572e+01
1.585997000000000057e+01 2.951000000000000000e+03 3.037043010293652515e+03 -8.604301029365251452e+01
1.587668000000000035e+01 2.977000000000000000e+03 3.036178158239467848e+03 -5.917815823946784803e+01
1.589339000000000013e+01 3.016000000000000000e+03 3.035307260668251729e+03 -1.930726066825172893e+01
1.591009999999999991e+01 2.955000000000000000e+03 3.034430635518375766e+03 -7.943063551837576597e+01
1.592680999999999969e+01 3.120000000000000000e+03 3.033548596010844449e+03 8.645140398915555124e+01
1.594353000000000087e+01 3.054000000000000000e+03 3.032660918315976687e+03 2.133908168402331285e+01
1.596024000000000065e+01 3.015000000000000000e+03 3.031768968309285810e+03 -1.676896830928581039e+01
1.597695000000000043e+01 3.006000000000000000e+03 3.030872515893130640e+03 -2.487251589313063960e+01
1.599366000000000021e+01 2.986000000000000000e+03 3.029971855826672709e+03 -4.397185582667270864e+01
1.601037000000000177e+01 3.019000000000000000e+03 3.029067278355624239e+03 -1.006727835562423934e+01
1.602708000000000155e+01 2.978000000000000000e+03 3.028159069252263180e+03 -5.015906925226317981e+01
1.604379000000000133e+01 3.068000000000000000e+03 3.027247509855211774e+03 4.075249014478822573e+01
1.606051000000000073e+01 3.106000000000000000e+03 3.026332328886905088e+03 7.966767111309491156e+01
1.607722000000000051e+01 3.030000000000000000e+03 3.025414893785693494e+03 4.585106214306506445e+00
1.609393000000000029e+01 2.996000000000000000e+03 3.024494926357913755e+03 -2.849492635791375506e+01
1.611064000000000007e+01 2.903000000000000000e+03 3.023572690597728524e+03 -1.205726905977285242e+02
1.612734999999999985e+01 3.057000000000000000e+03 3.022648446260800029e+03 3.435155373919997146e+01
1.614405999999999963e+01 2.956000000000000000e+03 3.021722448902580709e+03 -6.572244890258070882e+01
1.616076999999999941e+01 2.932000000000000000e+03 3.020794949916370570e+03 -8.879494991637056955e+01
1.617747999999999919e+01 3.014000000000000000e+03 3.019866196571125784e+03 -5.866196571125783521e+00
1.619419999999999860e+01 2.997000000000000000e+03 3.018935875382182530e+03 -2.193587538218253030e+01
1.621090999999999838e+01 3.028000000000000000e+03 3.018005338424736692e+03 9.994661575263307896e+00
1.622762000000000171e+01 2.917000000000000000e+03 3.017074264683088586e+03 -1.000742646830885860e+02
1.624433000000000149e+01 3.014000000000000000e+03 3.016142885299780119e+03 -2.142885299780118658e+00
1.626104000000000127e+01 3.003000000000000000e+03 3.015211427478517635e+03 -1.221142747851763488e+01
1.627775000000000105e+01 2.993000000000000000e+03 3.014280114520554889e+03 -2.128011452055488917e+01
1.629446000000000083e+01 3.047000000000000000e+03 3.013349165860857738e+03 3.365083413914226185e+01
1.631117000000000061e+01 3.023000000000000000e+03 3.012418797104025998e+03 1.058120289597400188e+01
1.632789000000000001e+01 3.037000000000000000e+03 3.011488664038907245e+03 2.551133596109275459e+01
1.634459999999999980e+01 2.943000000000000000e+03 3.010560087418237799e+03 -6.756008741823779928e+01
1.636130999999999958e+01 2.956000000000000000e+03 3.009632715009013737e+03 -5.363271500901373656e+01
1.637801999999999936e+01 2.972000000000000000e+03 3.008706747446839927e+03 -3.670674744683992685e+01
1.639472999999999914e+01 3.037000000000000000e+03 3.007782381713165705e+03 2.921761828683429485e+01
1.641143999999999892e+01 2.962000000000000000e+03 3.006859811169847490e+03 -4.485981116984748951e+01
1.642814999999999870e+01 3.050000000000000000e+03 3.005939225593482206e+03 4.406077440651779398e+01
1.644485999999999848e+01 3.040000000000000000e+03 3.005020811209521526e+03 3.497918879047847440e+01
1.646158000000000143e+01 2.944000000000000000e+03 3.004104203255930315e+03 -6.010420325593031521e+01
1.647829000000000121e+01 3.120000000000000000e+03 3.003190677466663601e+03 1.168093225333363989e+02
1.649500000000000099e+01 2.946000000000000000e+03 3.002279860681223909e+03 -5.627986068122390861e+01
1.651171000000000078e+01 3.021000000000000000e+03 3.001371925255131373e+03 1.962807474486862702e+01
1.652842000000000056e+01 3.028000000000000000e+03 3.000467040160028773e+03 2.753295983997122676e+01
1.654513000000000034e+01 3.034000000000000000e+03 2.999565371016485187e+03 3.443462898351481272e+01
1.656184000000000012e+01 3.117000000000000000e+03 2.998667080126564542e+03 1.183329198734354577e+02
1.657854999999999990e+01 3.042000000000000000e+03 2.997772326506207264e+03 4.422767349379273583e+01
1.659526999999999930e+01 3.010000000000000000e+03 2.996880733803779094e+03 1.311926619622090584e+01
1.661197999999999908e+01 2.945000000000000000e+03 2.995993521132774276e+03 -5.099352113277427634e+01
1.662868999999999886e+01 2.973000000000000000e+03 2.995110303471256884e+03 -2.211030347125688422e+01
1.664539999999999864e+01 3.064000000000000000e+03 2.994231227008169753e+03 6.976877299183024661e+01
1.666210999999999842e+01 2.990000000000000000e+03 2.993356434805002664e+03 -3.356434805002663779e+00
1.667882000000000176e+01 3.035000000000000000e+03 2.992486066826887964e+03 4.251393317311203646e+01
1.669553000000000154e+01 2.970000000000000000e+03 2.991620259973494740e+03 -2.162025997349473982e+01
1.671224000000000132e+01 2.975000000000000000e+03 2.990759148109719717e+03 -1.575914810971971747e+01
1.672896000000000072e+01 2.939000000000000000e+03 2.989902351127452221e+03 -5.090235112745222068e+01
1.674567000000000050e+01 2.935000000000000000e+03 2.989051021852963004e+03 -5.405102185296300377e+01
1.676238000000000028e+01 2.939000000000000000e+03 2.988204771331858410e+03 -4.920477133185841012e+01
1.677909000000000006e+01 3.085000000000000000e+03 2.987363721591013473e+03 9.763627840898652721e+01
1.679579999999999984e+01 2.895000000000000000e+03 2.986527991772927180e+03 -9.152799177292718014e+01
1.681250999999999962e+01 2.927000000000000000e+03 2.985697698165210113e+03 -5.869769816521011307e+01
1.682921999999999940e+01 2.920000000000000000e+03 2.984872954229850166e+03 -6.487295422985016558e+01
1.684592999999999918e+01 3.001000000000000000e+03 2.984053870632289090e+03 1.694612936771090972e+01
1.686264999999999858e+01 2.938000000000000000e+03 2.983240070294715679e+03 -4.524007029471567876e+01
1.687935999999999837e+01 2.883000000000000000e+03 2.982432631872937691e+03 -9.943263187293769079e+01
1.689607000000000170e+01 2.949000000000000000e+03 2.981631169354329813e+03 -3.263116935432981336e+01
1.691278000000000148e+01 3.058000000000000000e+03 2.980835782503385417e+03 7.716421749661458307e+01
1.692949000000000126e+01 3.070000000000000000e+03 2.980046568430517254e+03 8.995343156948274554e+01
1.694620000000000104e+01 2.974000000000000000e+03 2.979263621619957121e+03 -5.263621619957120856e+00
1.696291000000000082e+01 2.956000000000000000e+03 2.978487033957474978e+03 -2.248703395747497780e+01
1.697962000000000060e+01 3.034000000000000000e+03 2.977716894757904356e+03 5.628310524209564392e+01
1.699634000000000000e+01 2.885000000000000000e+03 2.976952835791835696e+03 -9.195283579183569600e+01
1.701304999999999978e+01 3.029000000000000000e+03 2.976195855301461052e+03 5.280414469853894843e+01
1.702975999999999956e+01 2.919000000000000000e+03 2.975445576113501374e+03 -5.644557611350137449e+01
1.704646999999999935e+01 2.891000000000000000e+03 2.974702077529068447e+03 -8.370207752906844689e+01
1.706317999999999913e+01 3.019000000000000000e+03 2.973965436413162479e+03 4.503456358683752114e+01
1.707988999999999891e+01 3.056000000000000000e+03 2.973235727221076559e+03 8.276427277892344136e+01
1.709659999999999869e+01 3.027000000000000000e+03 2.972513022024617385e+03 5.448697797538261511e+01
1.711332000000000164e+01 2.997000000000000000e+03 2.971796964404186838e+03 2.520303559581316222e+01
1.713003000000000142e+01 2.951000000000000000e+03 2.971088478303716784e+03 -2.008847830371678356e+01
1.714674000000000120e+01 2.970000000000000000e+03 2.970387198411097870e+03 -3.871984110978701210e-01
1.716345000000000098e+01 2.906000000000000000e+03 2.969693187521392701e+03 -6.369318752139270146e+01
1.718016000000000076e+01 2.897000000000000000e+03 2.969006506174572678e+03 -7.200650617457267799e+01
1.719687000000000054e+01 2.997000000000000000e+03 2.968327212680652337e+03 2.867278731934766256e+01
1.721358000000000033e+01 3.082000000000000000e+03 2.967655363144649982e+03 1.143446368553500179e+02
1.723029000000000011e+01 3.033000000000000000e+03 2.966991011491372774e+03 6.600898850862722611e+01
1.724700999999999951e+01 2.940000000000000000e+03 2.966333818701167274e+03 -2.633381870116727441e+01
1.726371999999999929e+01 3.023000000000000000e+03 2.965684620551970056e+03 5.731537944802994389e+01
1.728042999999999907e+01 2.920000000000000000e+03 2.965043069251680663e+03 -4.504306925168066300e+01
1.729713999999999885e+01 3.013000000000000000e+03 2.964409210247359624e+03 4.859078975264037581e+01
1.731384999999999863e+01 2.977000000000000000e+03 2.963783086927180193e+03 1.321691307281980698e+01
1.733055999999999841e+01 2.943000000000000000e+03 2.963164740644167978e+03 -2.016474064416797773e+01
1.734727000000000174e+01 2.878000000000000000e+03 2.962554210739770951e+03 -8.455421073977095148e+01
1.736398000000000152e+01 2.892000000000000000e+03 2.961951534567274393e+03 -6.995153456727439334e+01
1.738070000000000093e+01 2.904000000000000000e+03 2.961356393937046050e+03 -5.735639393704605027e+01
1.739741000000000071e+01 2.943000000000000000e+03 2.960769534202387149e+03 -1.776953420238714898e+01
1.741412000000000049e+01 2.936000000000000000e+03 2.960190628580298835e+03 -2.419062858029883500e+01
1.743083000000000027e+01 2.879000000000000000e+03 2.959619706700963889e+03 -8.061970670096388858e+01
1.744754000000000005e+01 2.949000000000000000e+03 2.959056796320925969e+03 -1.005679632092596876e+01
1.746424999999999983e+01 3.040000000000000000e+03 2.958501923345504110e+03 8.149807665449588967e+01
1.748095999999999961e+01 3.039000000000000000e+03 2.957955111851031688e+03 8.104488814896831173e+01
1.749766999999999939e+01 2.932000000000000000e+03 2.957416384106938494e+03 -2.541638410693849437e+01
1.751438999999999879e+01 2.871000000000000000e+03 2.956885445479442751e+03 -8.588544547944275109e+01
1.753109999999999857e+01 2.950000000000000000e+03 2.956362949792644031e+03 -6.362949792644030822e+00
1.754780999999999835e+01 2.872000000000000000e+03 2.955848594051170949e+03 -8.384859405117094866e+01
1.756452000000000169e+01 2.989000000000000000e+03 2.955342393513442403e+03 3.365760648655759724e+01
1.758123000000000147e+01 2.967000000000000000e+03 2.954844361738989846e+03 1.215563826101015366e+01
1.759794000000000125e+01 2.859000000000000000e+03 2.954354510609596218e+03 -9.535451060959621827e+01
1.761465000000000103e+01 2.973000000000000000e+03 2.953872850350258432e+03 1.912714964974156828e+01
1.763136000000000081e+01 2.972000000000000000e+03 2.953399389550000706e+03 1.860061044999929436e+01
1.764808000000000021e+01 3.027000000000000000e+03 2.952933859212004791e+03 7.406614078799520939e+01
1.766478999999999999e+01 2.887000000000000000e+03 2.952476821571860455e+03 -6.547682157186045515e+01
1.768149999999999977e+01 2.975000000000000000e+03 2.952027999549690776e+03 2.297200045030922411e+01
1.769820999999999955e+01 2.910000000000000000e+03 2.951587395394782561e+03 -4.158739539478256120e+01
1.771491999999999933e+01 2.949000000000000000e+03 2.951155009822222837e+03 -2.155009822222837101e+00
1.773162999999999911e+01 2.942000000000000000e+03 2.950730842032804958e+03 -8.730842032804957853e+00
1.774833999999999889e+01 2.920000000000000000e+03 2.950314889732777829e+03 -3.031488973277782861e+01
1.776504999999999868e+01 3.056000000000000000e+03 2.949907149153440969e+03 1.060928508465590312e+02
1.778177000000000163e+01 2.994000000000000000e+03 2.949507378427578715e+03 4.449262157242128524e+01
1.779848000000000141e+01 2.957000000000000000e+03 2.949116049085695067e+03 7.883950914304932667e+00
1.781519000000000119e+01 2.970000000000000000e+03 2.948732911497222631e+03 2.126708850277736929e+01
1.783190000000000097e+01 2.951000000000000000e+03 2.948357956185864168e+03 2.642043814135831781e+00
1.784861000000000075e+01 2.926000000000000000e+03 2.947991172296172408e+03 -2.199117229617240810e+01
1.786532000000000053e+01 3.004000000000000000e+03 2.947632547612269263e+03 5.636745238773073652e+01
1.788203000000000031e+01 2.942000000000000000e+03 2.947282068576415895e+03 -5.282068576415895222e+00
1.789874000000000009e+01 2.980000000000000000e+03 2.946939720307453626e+03 3.306027969254637355e+01
1.791545999999999950e+01 2.985000000000000000e+03 2.946605289025020284e+03 3.839471097497971641e+01
1.793216999999999928e+01 3.009000000000000000e+03 2.946279157284168377e+03 6.272084271583162263e+01
1.794887999999999906e+01 2.999000000000000000e+03 2.945961103896814620e+03 5.303889610318537962e+01
1.796558999999999884e+01 2.955000000000000000e+03 2.945651108868873507e+03 9.348891131126492837e+00
1.798229999999999862e+01 3.004000000000000000e+03 2.945349150972900588e+03 5.865084902709941161e+01
1.799900999999999840e+01 2.974000000000000000e+03 2.945055207765693012e+03 2.894479223430698767e+01
1.801572000000000173e+01 2.996000000000000000e+03 2.944769255605729086e+03 5.123074439427091420e+01
1.803243000000000151e+01 2.932000000000000000e+03 2.944491269670498696e+03 -1.249126967049869563e+01
1.804915000000000092e+01 2.975000000000000000e+03 2.944221064738401310e+03 3.077893526159868998e+01
1.806586000000000070e+01 2.940000000000000000e+03 2.943958936874120809e+03 -3.958936874120809080e+00
1.808257000000000048e+01 2.889000000000000000e+03 2.943704693834995851e+03 -5.470469383499585092e+01
1.809928000000000026e+01 2.975000000000000000e+03 2.943458306244366213e+03 3.154169375563378708e+01
1.811599000000000004e+01 2.950000000000000000e+03 2.943219743629153072e+03 6.780256370846927894e+00
1.813269999999999982e+01 2.843000000000000000e+03 2.942988974436378612e+03 -9.998897443637861215e+01
1.814940999999999960e+01 3.027000000000000000e+03 2.942765966049548751e+03 8.423403395045124853e+01
1.816612999999999900e+01 2.970000000000000000e+03 2.942550558277759137e+03 2.744944172224086287e+01
1.818283999999999878e+01 3.000000000000000000e+03 2.942342974073285404e+03 5.765702592671459570e+01
1.819954999999999856e+01 2.868000000000000000e+03 2.942143046584338663e+03 -7.414304658433866280e+01
1.821625999999999834e+01 3.062000000000000000e+03 2.941950739100968804e+03 1.200492608990311965e+02
1.823297000000000168e+01 2.938000000000000000e+03 2.941766013929669043e+03 -3.766013929669043137e+00
1.824968000000000146e+01 3.016000000000000000e+03 2.941588832408996041e+03 7.441116759100395939e+01
1.826639000000000124e+01 2.968000000000000000e+03 2.941419154925043131e+03 2.658084507495686921e+01
1.828310000000000102e+01 2.956000000000000000e+03 2.941256940926800326e+03 1.474305907319967446e+01
1.829982000000000042e+01 2.943000000000000000e+03 2.941102058520777973e+03 1.897941479222026828e+00
1.831653000000000020e+01 2.924000000000000000e+03 2.940954650571947695e+03 -1.695465057194769543e+01
1.833323999999999998e+01 2.916000000000000000e+03 2.940814578958671518e+03 -2.481457895867151819e+01
1.834994999999999976e+01 2.932000000000000000e+03 2.940681799532047989e+03 -8.681799532047989487e+00
1.836665999999999954e+01 3.021000000000000000e+03 2.940556267280992415e+03 8.044373271900758482e+01
1.838336999999999932e+01 2.933000000000000000e+03 2.940437936346842889e+03 -7.437936346842889179e+00
1.840007999999999910e+01 2.981000000000000000e+03 2.940326760037864915e+03 4.067323996213508508e+01
1.841678999999999888e+01 2.941000000000000000e+03 2.940222690843613236e+03 7.773091563867637888e-01
1.843350999999999829e+01 2.999000000000000000e+03 2.940125624497550234e+03 5.887437550244976592e+01
1.845022000000000162e+01 2.953000000000000000e+03 2.940035627977799322e+03 1.296437202220067775e+01
1.846693000000000140e+01 2.843000000000000000e+03 2.939952591241065875e+03 -9.695259124106587478e+01
1.848364000000000118e+01 2.873000000000000000e+03 2.939876463642977797e+03 -6.687646364297779655e+01
1.850035000000000096e+01 3.007000000000000000e+03 2.939807193790544716e+03 6.719280620945528426e+01
1.851706000000000074e+01 2.967000000000000000e+03 2.939744729555829508e+03 2.725527044417049183e+01
1.853377000000000052e+01 3.053000000000000000e+03 2.939689018089493402e+03 1.133109819105065981e+02
1.855048000000000030e+01 2.919000000000000000e+03 2.939640005834234216e+03 -2.064000583423421631e+01
1.856719999999999970e+01 2.963000000000000000e+03 2.939597615162215334e+03 2.340238483778466616e+01
1.858390999999999948e+01 2.940000000000000000e+03 2.939561841818994708e+03 4.381581810052921355e-01
1.860061999999999927e+01 2.867000000000000000e+03 2.939532602866301204e+03 -7.253260286630120390e+01
1.861732999999999905e+01 3.019000000000000000e+03 2.939509842046642007e+03 7.949015795335799339e+01
1.863403999999999883e+01 2.969000000000000000e+03 2.939493502460044510e+03 2.950649753995548963e+01
1.865074999999999861e+01 2.976000000000000000e+03 2.939483526576794247e+03 3.651647342320575262e+01
1.866745999999999839e+01 2.940000000000000000e+03 2.939479856250105513e+03 5.201437498944869731e-01
1.868417000000000172e+01 2.875000000000000000e+03 2.939482432728641925e+03 -6.448243272864192477e+01
1.870089000000000112e+01 2.941000000000000000e+03 2.939491203754277649e+03 1.508796245722351159e+00
1.871760000000000090e+01 2.952000000000000000e+03 2.939506098882048718e+03 1.249390111795128178e+01
1.873431000000000068e+01 2.923000000000000000e+03 2.939527061021148256e+03 -1.652706102114825626e+01
1.875102000000000046e+01 2.958000000000000000e+03 2.939554029124942190e+03 1.844597087505781019e+01
1.876773000000000025e+01 3.049000000000000000e+03 2.939586941603318337e+03 1.094130583966816630e+02
1.878444000000000003e+01 2.966000000000000000e+03 2.939625736334587600e+03 2.637426366541239986e+01
1.880114999999999981e+01 2.898000000000000000e+03 2.939670350677266015e+03 -4.167035067726601483e+01
1.881785999999999959e+01 2.966000000000000000e+03 2.939720721481759028e+03 2.627927851824097161e+01
1.883457999999999899e+01 2.943000000000000000e+03 2.939776820344533917e+03 3.223179655466083204e+00
1.885128999999999877e+01 2.909000000000000000e+03 2.939838515998366802e+03 -3.083851599836680180e+01
1.886799999999999855e+01 2.963000000000000000e+03 2.939905775693024225e+03 2.309422430697577511e+01
1.888470999999999833e+01 2.950000000000000000e+03 2.939978534360932827e+03 1.002146563906717347e+01
1.890142000000000166e+01 2.989000000000000000e+03 2.940056726483284365e+03 4.894327351671563520e+01
1.891813000000000144e+01 2.943000000000000000e+03 2.940140286101087895e+03 2.859713898912104924e+00
1.893484000000000123e+01 2.990000000000000000e+03 2.940229146826141005e+03 4.977085317385899543e+01
1.895155000000000101e+01 2.889000000000000000e+03 2.940323241851888724e+03 -5.132324185188872434e+01
1.896827000000000041e+01 2.962000000000000000e+03 2.940422564900575253e+03 2.157743509942474702e+01
1.898498000000000019e+01 2.968000000000000000e+03 2.940526929519840905e+03 2.747307048015909459e+01
1.900168999999999997e+01 3.012000000000000000e+03 2.940636325576429044e+03 7.136367442357095570e+01
1.901839999999999975e+01 2.965000000000000000e+03 2.940750684696858116e+03 2.424931530314188421e+01
1.903510999999999953e+01 2.880000000000000000e+03 2.940869938142151568e+03 -6.086993814215156817e+01
1.905181999999999931e+01 2.857000000000000000e+03 2.940994016818119235e+03 -8.399401681811923481e+01
1.906852999999999909e+01 2.974000000000000000e+03 2.941122851285541401e+03 3.287714871445859899e+01
1.908523999999999887e+01 2.912000000000000000e+03 2.941256371770254191e+03 -2.925637177025419078e+01
1.910195999999999827e+01 2.912000000000000000e+03 2.941394592208019276e+03 -2.939459220801927586e+01
1.911867000000000161e+01 2.979000000000000000e+03 2.941537276814000961e+03 3.746272318599903883e+01
1.913538000000000139e+01 2.865000000000000000e+03 2.941684436162162001e+03 -7.668443616216200098e+01
1.915209000000000117e+01 2.870000000000000000e+03 2.941835999237373017e+03 -7.183599923737301651e+01
1.916880000000000095e+01 2.899000000000000000e+03 2.941991894738595420e+03 -4.299189473859541977e+01
1.918551000000000073e+01 2.945000000000000000e+03 2.942152051088406097e+03 2.847948911593903176e+00
1.920222000000000051e+01 3.014000000000000000e+03 2.942316396442431596e+03 7.168360355756840363e+01
1.921893999999999991e+01 2.953000000000000000e+03 2.942484960732102536e+03 1.051503926789746401e+01
1.923564999999999969e+01 2.917000000000000000e+03 2.942657469939015300e+03 -2.565746993901530004e+01
1.925235999999999947e+01 2.957000000000000000e+03 2.942833951064828398e+03 1.416604893517160235e+01
1.926906999999999925e+01 2.979000000000000000e+03 2.943014331289799884e+03 3.598566871020011604e+01
1.928577999999999903e+01 2.907000000000000000e+03 2.943198537573067370e+03 -3.619853757306736952e+01
1.930248999999999882e+01 2.875000000000000000e+03 2.943386496661560159e+03 -6.838649666156015883e+01
1.931919999999999860e+01 2.891000000000000000e+03 2.943578135098805433e+03 -5.257813509880543279e+01
1.933590999999999838e+01 2.918000000000000000e+03 2.943773379233654396e+03 -2.577337923365439565e+01
1.935263000000000133e+01 2.944000000000000000e+03 2.943972275227906721e+03 2.772477209327917080e-02
1.936934000000000111e+01 3.024000000000000000e+03 2.944174511116055783e+03 7.982548888394421738e+01
1.938605000000000089e+01 2.911000000000000000e+03 2.944380130621826993e+03 -3.338013062182699286e+01
1.940276000000000067e+01 2.958000000000000000e+03 2.944589059400810129e+03 1.341094059918987114e+01
1.941947000000000045e+01 2.896000000000000000e+03 2.944801222956263246e+03 -4.880122295626324558e+01
1.943618000000000023e+01 3.028000000000000000e+03 2.945016546647332689e+03 8.298345335266731126e+01
1.945289000000000001e+01 2.979000000000000000e+03 2.945234955697180339e+03 3.376504430281966052e+01
1.946959999999999980e+01 2.922000000000000000e+03 2.945456375201035826e+03 -2.345637520103582574e+01
1.948631999999999920e+01 2.987000000000000000e+03 2.945680865261909275e+03 4.131913473809072457e+01
1.950302999999999898e+01 3.011000000000000000e+03 2.945908082176690641e+03 6.509191782330935894e+01
1.951973999999999876e+01 3.036000000000000000e+03 2.946138084097768569e+03 8.986191590223143066e+01
1.953644999999999854e+01 2.901000000000000000e+03 2.946370795687430473e+03 -4.537079568743047275e+01
1.955315999999999832e+01 2.941000000000000000e+03 2.946606141519065204e+03 -5.606141519065204193e+00
1.956987000000000165e+01 3.054000000000000000e+03 2.946844046084711408e+03 1.071559539152885918e+02
1.958658000000000143e+01 3.039000000000000000e+03 2.947084433802552212e+03 9.191556619744778800e+01
1.960329000000000121e+01 2.908000000000000000e+03 2.947327229024317603e+03 -3.932722902431760303e+01
1.962001000000000062e+01 2.990000000000000000e+03 2.947572503420429712e+03 4.242749657957028830e+01
1.963672000000000040e+01 3.031000000000000000e+03 2.947819887803392703e+03 8.318011219660729694e+01
1.965343000000000018e+01 2.977000000000000000e+03 2.948069452374256343e+03 2.893054762574365668e+01
1.967013999999999996e+01 3.007000000000000000e+03 2.948321121291417512e+03 5.867887870858248789e+01
1.968684999999999974e+01 2.882000000000000000e+03 2.948574818682687237e+03 -6.657481868268723701e+01
1.970355999999999952e+01 2.933000000000000000e+03 2.948830468652243781e+03 -1.583046865224378053e+01
1.972026999999999930e+01 2.932000000000000000e+03 2.949087995287495232e+03 -1.708799528749523233e+01
1.973697999999999908e+01 2.924000000000000000e+03 2.949347322665870706e+03 -2.534732266587070626e+01
1.975369999999999848e+01 3.097000000000000000e+03 2.949608531587933612e+03 1.473914684120663878e+02
1.977040999999999826e+01 3.040000000000000000e+03 2.949871233642525567e+03 9.012876635747443288e+01
1.978712000000000160e+01 2.924000000000000000e+03 2.950135508634098187e+03 -2.613550863409818703e+01
1.980383000000000138e+01 2.977000000000000000e+03 2.950401280666668754e+03 2.659871933333124616e+01
1.982054000000000116e+01 3.017000000000000000e+03 2.950668473867145622e+03 6.633152613285437837e+01
1.983725000000000094e+01 2.846000000000000000e+03 2.950937012391695134e+03 -1.049370123916951343e+02
1.985396000000000072e+01 2.907000000000000000e+03 2.951206820432022141e+03 -4.420682043202214118e+01
1.987067000000000050e+01 2.900000000000000000e+03 2.951477822221585484e+03 -5.147782222158548393e+01
1.988738999999999990e+01 3.000000000000000000e+03 2.951750105209856429e+03 4.824989479014357130e+01
1.990409999999999968e+01 2.989000000000000000e+03 2.952023267997086350e+03 3.697673200291364992e+01
1.992080999999999946e+01 2.899000000000000000e+03 2.952297397500312854e+03 -5.329739750031285439e+01
1.993751999999999924e+01 2.966000000000000000e+03 2.952572418180786372e+03 1.342758181921362848e+01
1.995422999999999902e+01 2.919000000000000000e+03 2.952848254571540565e+03 -3.384825457154056494e+01
1.997093999999999880e+01 3.069000000000000000e+03 2.953124831283189906e+03 1.158751687168100943e+02
1.998764999999999858e+01 2.898000000000000000e+03 2.953402073009656760e+03 -5.540207300965676041e+01
2.000435999999999837e+01 2.988000000000000000e+03 2.953679904533832087e+03 3.432009546616791340e+01
2.002108000000000132e+01 2.874000000000000000e+03 2.953958417446918702e+03 -7.995841744691870190e+01
2.003779000000000110e+01 2.949000000000000000e+03 2.954237203539673828e+03 -5.237203539673828345e+00
2.005450000000000088e+01 2.998000000000000000e+03 2.954516354323495307e+03 4.348364567650469326e+01
2.007121000000000066e+01 2.861000000000000000e+03 2.954795794992542596e+03 -9.379579499254259645e+01
2.008792000000000044e+01 2.891000000000000000e+03 2.955075450857272699e+03 -6.407545085727269907e+01
2.010463000000000022e+01 2.979000000000000000e+03 2.955355247349717047e+03 2.364475265028295325e+01
2.012134000000000000e+01 3.012000000000000000e+03 2.955635110028680174e+03 5.636488997131982615e+01
2.013804999999999978e+01 2.956000000000000000e+03 2.955914964584882000e+03 8.503541511799994623e-02
2.015476999999999919e+01 2.897000000000000000e+03 2.956194904234651858e+03 -5.919490423465185813e+01
2.017147999999999897e+01 2.902000000000000000e+03 2.956474520054795903e+03 -5.447452005479590298e+01
2.018818999999999875e+01 2.980000000000000000e+03 2.956753905622136699e+03 2.324609437786330091e+01
2.020489999999999853e+01 2.945000000000000000e+03 2.957032987205304380e+03 -1.203298720530438004e+01
2.022160999999999831e+01 2.973000000000000000e+03 2.957311691229621829e+03 1.568830877037817118e+01
2.023832000000000164e+01 3.081000000000000000e+03 2.957589944281859971e+03 1.234100557181400291e+02
2.025503000000000142e+01 3.003000000000000000e+03 2.957867673114955778e+03 4.513232688504422185e+01
2.027175000000000082e+01 2.882000000000000000e+03 2.958144970306974301e+03 -7.614497030697430091e+01
2.028846000000000060e+01 3.015000000000000000e+03 2.958421431225543074e+03 5.657856877445692589e+01
2.030517000000000039e+01 3.047000000000000000e+03 2.958697149183448801e+03 8.830285081655119939e+01
2.032188000000000017e+01 2.807000000000000000e+03 2.958972051644258499e+03 -1.519720516442584994e+02
2.033858999999999995e+01 2.891000000000000000e+03 2.959246066260341195e+03 -6.824606626034119472e+01
2.035529999999999973e+01 2.898000000000000000e+03 2.959519120877225305e+03 -6.151912087722530487e+01
2.037200999999999951e+01 2.995000000000000000e+03 2.959791143537890093e+03 3.520885646210990672e+01
2.038871999999999929e+01 2.865000000000000000e+03 2.960062062486998457e+03 -9.506206248699845673e+01
2.040543999999999869e+01 2.983000000000000000e+03 2.960331967235453703e+03 2.266803276454629668e+01
2.042214999999999847e+01 3.037000000000000000e+03 2.960600463555690567e+03 7.639953644430943314e+01
2.043885999999999825e+01 2.901000000000000000e+03 2.960867642107491974e+03 -5.986764210749197446e+01
2.045557000000000158e+01 2.917000000000000000e+03 2.961133431983626451e+03 -4.413343198362645126e+01
2.047228000000000137e+01 2.928000000000000000e+03 2.961397762498892916e+03 -3.339776249889291648e+01
2.048899000000000115e+01 2.862000000000000000e+03 2.961660563194002862e+03 -9.966056319400286156e+01
2.050570000000000093e+01 2.916000000000000000e+03 2.961921763839443884e+03 -4.592176383944388363e+01
2.052241000000000071e+01 2.973000000000000000e+03 2.962181294439257272e+03 1.081870556074272827e+01
2.053913000000000011e+01 2.919000000000000000e+03 2.962439238973361626e+03 -4.343923897336162554e+01
2.055583999999999989e+01 2.960000000000000000e+03 2.962695219343380359e+03 -2.695219343380358623e+00
2.057254999999999967e+01 2.986000000000000000e+03 2.962949321076982415e+03 2.305067892301758548e+01
2.058925999999999945e+01 2.973000000000000000e+03 2.963201475149435282e+03 9.798524850564717781e+00
2.060596999999999923e+01 2.899000000000000000e+03 2.963464758204599093e+03 -6.446475820459909301e+01
2.062267999999999901e+01 2.951000000000000000e+03 2.963712916978306112e+03 -1.271291697830611156e+01
2.063938999999999879e+01 3.034000000000000000e+03 2.963958923830193726e+03 7.004107616980627427e+01
2.065609999999999857e+01 2.936000000000000000e+03 2.964209605010671112e+03 -2.820960501067111181e+01
2.067282000000000153e+01 2.878000000000000000e+03 2.964451303683078095e+03 -8.645130368307809476e+01
2.068953000000000131e+01 2.933000000000000000e+03 2.964690502689515597e+03 -3.169050268951559701e+01
2.070624000000000109e+01 2.906000000000000000e+03 2.964927280119439729e+03 -5.892728011943972888e+01
2.072295000000000087e+01 3.000000000000000000e+03 2.965164795839386443e+03 3.483520416061355718e+01
2.073966000000000065e+01 2.969000000000000000e+03 2.965396568955101884e+03 3.603431044898115942e+00
2.075637000000000043e+01 3.109000000000000000e+03 2.965625721405021977e+03 1.433742785949780227e+02
2.077308000000000021e+01 2.964000000000000000e+03 2.965852187169813533e+03 -1.852187169813532819e+00
2.078978999999999999e+01 2.858000000000000000e+03 2.966077609836977445e+03 -1.080776098369774445e+02
2.080650999999999939e+01 2.856000000000000000e+03 2.966298657504844414e+03 -1.102986575048444138e+02
2.082321999999999917e+01 3.027000000000000000e+03 2.966516689461009264e+03 6.048331053899073595e+01
2.083992999999999896e+01 3.060000000000000000e+03 2.966731773922273533e+03 9.326822607772646734e+01
2.085663999999999874e+01 2.971000000000000000e+03 2.966943846350655349e+03 4.056153649344651058e+00
2.087334999999999852e+01 2.978000000000000000e+03 2.967152842511289236e+03 1.084715748871076357e+01
2.089005999999999830e+01 3.049000000000000000e+03 2.967358698475184156e+03 8.164130152481584446e+01
2.090677000000000163e+01 3.011000000000000000e+03 2.967561350621922884e+03 4.343864937807711613e+01
2.092348000000000141e+01 3.000000000000000000e+03 2.967760735642330019e+03 3.223926435766998111e+01
2.094020000000000081e+01 2.932000000000000000e+03 2.967956906859406899e+03 -3.595690685940689946e+01
2.095691000000000059e+01 2.990000000000000000e+03 2.968149566908546149e+03 2.185043309145385138e+01
2.097362000000000037e+01 2.980000000000000000e+03 2.968338771760045802e+03 1.166122823995419822e+01
2.099033000000000015e+01 3.012000000000000000e+03 2.968524459375673814e+03 4.347554062432618593e+01
2.100703999999999994e+01 2.860000000000000000e+03 2.968706568041127866e+03 -1.087065680411278663e+02
2.102374999999999972e+01 2.988000000000000000e+03 2.968885036368446890e+03 1.911496363155310974e+01
2.104045999999999950e+01 3.035000000000000000e+03 2.969059803298390761e+03 6.594019670160923852e+01
2.105716999999999928e+01 2.995000000000000000e+03 2.969230808102770879e+03 2.576919189722912051e+01
2.107388999999999868e+01 2.863000000000000000e+03 2.969398089279518899e+03 -1.063980892795188993e+02
2.109059999999999846e+01 2.996000000000000000e+03 2.969561386642450998e+03 2.643861335754900210e+01
2.110730999999999824e+01 2.971000000000000000e+03 2.969720741668721075e+03 1.279258331278924743e+00
2.112402000000000157e+01 2.982000000000000000e+03 2.969876094977152206e+03 1.212390502284779359e+01
2.114073000000000135e+01 2.992000000000000000e+03 2.970027387528726649e+03 2.197261247127335082e+01
2.115744000000000113e+01 2.999000000000000000e+03 2.970174560628700874e+03 2.882543937129912592e+01
2.117415000000000092e+01 2.993000000000000000e+03 2.970317555928683305e+03 2.268244407131669504e+01
2.119086000000000070e+01 3.001000000000000000e+03 2.970456315428668859e+03 3.054368457133114134e+01
2.120758000000000010e+01 2.987000000000000000e+03 2.970590860652535412e+03 1.640913934746458835e+01
2.122428999999999988e+01 2.973000000000000000e+03 2.970720973335308372e+03 2.279026664691627957e+00
2.124099999999999966e+01 2.972000000000000000e+03 2.970846678294335106e+03 1.153321705664893670e+00
2.125770999999999944e+01 2.974000000000000000e+03 2.970967918943111272e+03 3.032081056888728199e+00
2.127441999999999922e+01 2.962000000000000000e+03 2.971084639053226965e+03 -9.084639053226965189e+00
2.129112999999999900e+01 2.921000000000000000e+03 2.971196782756204357e+03 -5.019678275620435670e+01
2.130783999999999878e+01 2.878000000000000000e+03 2.971304294545320772e+03 -9.330429454532077216e+01
2.132456000000000174e+01 2.943000000000000000e+03 2.971407179397966047e+03 -2.840717939796604696e+01
2.134127000000000152e+01 2.996000000000000000e+03 2.971505259441021735e+03 2.449474055897826474e+01
2.135798000000000130e+01 2.974000000000000000e+03 2.971598543205784154e+03 2.401456794215846458e+00
2.137469000000000108e+01 2.945000000000000000e+03 2.971686976650308679e+03 -2.668697665030867938e+01
2.139140000000000086e+01 2.972000000000000000e+03 2.971770506103041953e+03 2.294938969580471166e-01
2.140811000000000064e+01 2.915000000000000000e+03 2.971849078264471700e+03 -5.684907826447170009e+01
2.142482000000000042e+01 3.026000000000000000e+03 2.971922640208751545e+03 5.407735979124845471e+01
2.144153000000000020e+01 3.016000000000000000e+03 2.971991139385298538e+03 4.400886061470146160e+01
2.145824999999999960e+01 2.934000000000000000e+03 2.972054560010517434e+03 -3.805456001051743442e+01
2.147495999999999938e+01 2.966000000000000000e+03 2.972112774401358365e+03 -6.112774401358365139e+00
2.149166999999999916e+01 2.973000000000000000e+03 2.972165770609341962e+03 8.342293906580380281e-01
2.150837999999999894e+01 2.852000000000000000e+03 2.972213497600750088e+03 -1.202134976007500882e+02
2.152508999999999872e+01 3.018000000000000000e+03 2.972255904724826905e+03 4.574409527517309471e+01
2.154179999999999851e+01 2.934000000000000000e+03 2.972292941715249071e+03 -3.829294171524907142e+01
2.155850999999999829e+01 2.981000000000000000e+03 2.972324558691600487e+03 8.675441308399513218e+00
2.157522000000000162e+01 2.843000000000000000e+03 2.972350706160830669e+03 -1.293507061608306685e+02
2.159194000000000102e+01 3.002000000000000000e+03 2.972371345701882092e+03 2.962865429811790818e+01
2.160865000000000080e+01 3.023000000000000000e+03 2.972386403888114728e+03 5.061359611188527197e+01
2.162536000000000058e+01 2.938000000000000000e+03 2.972395846397811965e+03 -3.439584639781196529e+01
2.164207000000000036e+01 2.940000000000000000e+03 2.972399625301929063e+03 -3.239962530192906343e+01
2.165878000000000014e+01 2.985000000000000000e+03 2.972397693065920521e+03 1.260230693407947911e+01
2.167548999999999992e+01 2.987000000000000000e+03 2.972390002551136604e+03 1.460999744886339613e+01
2.169219999999999970e+01 2.971000000000000000e+03 2.972376507016242613e+03 -1.376507016242612735e+00
2.170890999999999948e+01 3.041000000000000000e+03 2.972357160118626325e+03 6.864283988137367487e+01
2.172562999999999889e+01 2.996000000000000000e+03 2.972331899033797072e+03 2.366810096620292825e+01
2.174233999999999867e+01 2.988000000000000000e+03 2.972300708414867131e+03 1.569929158513286893e+01
2.175904999999999845e+01 2.919000000000000000e+03 2.972263529785041555e+03 -5.326352978504155544e+01
2.177575999999999823e+01 3.011000000000000000e+03 2.972220318411114931e+03 3.877968158888506878e+01
2.179247000000000156e+01 2.933000000000000000e+03 2.972171029965801608e+03 -3.917102996580160834e+01
2.180918000000000134e+01 3.024000000000000000e+03 2.972115620529228181e+03 5.188437947077181889e+01
2.182589000000000112e+01 3.030000000000000000e+03 2.972054046590454163e+03 5.794595340954583662e+01
2.184260000000000090e+01 3.085000000000000000e+03 2.971986265049007216e+03 1.130137349509927844e+02
2.185932000000000031e+01 2.892000000000000000e+03 2.971912187032757629e+03 -7.991218703275762891e+01
2.187603000000000009e+01 3.011000000000000000e+03 2.971831858856076451e+03 3.916814114392354895e+01
2.189273999999999987e+01 2.991000000000000000e+03 2.971745196229253452e+03 1.925480377074654825e+01
2.190944999999999965e+01 2.894000000000000000e+03 2.971652157710209394e+03 -7.765215771020939428e+01
2.192615999999999943e+01 3.040000000000000000e+03 2.971552702275712363e+03 6.844729772428763681e+01
2.194286999999999921e+01 2.886000000000000000e+03 2.971446789323218582e+03 -8.544678932321858156e+01
2.195957999999999899e+01 2.918000000000000000e+03 2.971334378672800995e+03 -5.333437867280099454e+01
2.197628999999999877e+01 2.995000000000000000e+03 2.971215430569145155e+03 2.378456943085484454e+01
2.199301000000000172e+01 2.906000000000000000e+03 2.971089828587147622e+03 -6.508982858714762187e+01
2.200972000000000151e+01 2.915000000000000000e+03 2.970957684049453746e+03 -5.595768404945374641e+01
2.202643000000000129e+01 2.915000000000000000e+03 2.970818885338891050e+03 -5.581888533889105020e+01
2.204314000000000107e+01 2.942000000000000000e+03 2.970673394420941349e+03 -2.867339442094134938e+01
2.205985000000000085e+01 3.020000000000000000e+03 2.970521173697351060e+03 4.947882630264894033e+01
2.207656000000000063e+01 3.067000000000000000e+03 2.970362186008881508e+03 9.663781399111849169e+01
2.209327000000000041e+01 2.966000000000000000e+03 2.970196394638217498e+03 -4.196394638217498141e+00
2.210998000000000019e+01 2.957000000000000000e+03 2.970023763313095515e+03 -1.302376331309551460e+01
2.212669999999999959e+01 2.995000000000000000e+03 2.969844146718963657e+03 2.515585328103634311e+01
2.214340999999999937e+01 2.947000000000000000e+03 2.969657724318747114e+03 -2.265772431874711401e+01
2.216011999999999915e+01 2.904000000000000000e+03 2.969464355831285502e+03 -6.546435583128550206e+01
2.217682999999999893e+01 3.040000000000000000e+03 2.969264006800568950e+03 7.073599319943105002e+01
2.219353999999999871e+01 3.066000000000000000e+03 2.969056643234923285e+03 9.694335676507671451e+01
2.221024999999999849e+01 2.940000000000000000e+03 2.968842231611827174e+03 -2.884223161182717377e+01
2.222695999999999827e+01 3.004000000000000000e+03 2.968620738883112153e+03 3.537926111688784658e+01
2.224368000000000123e+01 2.942000000000000000e+03 2.968391993536194150e+03 -2.639199353619414978e+01
2.226039000000000101e+01 2.973000000000000000e+03 2.968156237092031006e+03 4.843762907968994114e+00
2.227710000000000079e+01 3.040000000000000000e+03 2.967913303284088670e+03 7.208669671591133010e+01
2.229381000000000057e+01 2.925000000000000000e+03 2.967663161023589964e+03 -4.266316102358996432e+01
2.231052000000000035e+01 3.005000000000000000e+03 2.967406731961895730e+03 3.759326803810427009e+01
2.232723000000000013e+01 2.965000000000000000e+03 2.967142093180559641e+03 -2.142093180559641041e+00
2.234393999999999991e+01 3.073000000000000000e+03 2.966870155978355797e+03 1.061298440216442032e+02
2.236064999999999969e+01 2.962000000000000000e+03 2.966590891360087426e+03 -4.590891360087425710e+00
2.237736999999999910e+01 2.954000000000000000e+03 2.966304600109040166e+03 -1.230460010904016599e+01
2.239407999999999888e+01 2.952000000000000000e+03 2.966010597592919567e+03 -1.401059759291956652e+01
2.241078999999999866e+01 3.024000000000000000e+03 2.965709184116751203e+03 5.829081588324879704e+01
2.242749999999999844e+01 2.835000000000000000e+03 2.965400332965512916e+03 -1.304003329655129164e+02
2.244421000000000177e+01 2.951000000000000000e+03 2.965084018032830045e+03 -1.408401803283004483e+01
2.246092000000000155e+01 2.914000000000000000e+03 2.964760213840209417e+03 -5.076021384020941696e+01
2.247763000000000133e+01 3.006000000000000000e+03 2.964428895558437034e+03 4.157110444156296580e+01
2.249434000000000111e+01 2.971000000000000000e+03 2.964090039031421838e+03 6.909960968578161555e+00
2.251106000000000051e+01 2.899000000000000000e+03 2.963743411222331360e+03 -6.474341122233136048e+01
2.252777000000000029e+01 2.883000000000000000e+03 2.963389404019807898e+03 -8.038940401980789829e+01
2.254448000000000008e+01 2.878000000000000000e+03 2.963027790412058948e+03 -8.502779041205894828e+01
2.256118999999999986e+01 2.949000000000000000e+03 2.962658549236080034e+03 -1.365854923608003446e+01
2.257789999999999964e+01 2.939000000000000000e+03 2.962281660171493968e+03 -2.328166017149396794e+01
2.259460999999999942e+01 2.962000000000000000e+03 2.961897103788153345e+03 1.028962118466552056e-01
2.261131999999999920e+01 2.997000000000000000e+03 2.961504861599950800e+03 3.549513840004919984e+01
2.262802999999999898e+01 2.996000000000000000e+03 2.961104916125777436e+03 3.489508387422256419e+01
2.264474999999999838e+01 2.926000000000000000e+03 2.960697004679578640e+03 -3.469700467957864021e+01
2.266146000000000171e+01 2.971000000000000000e+03 2.960281599932634435e+03 1.071840006736556461e+01
2.267817000000000149e+01 3.021000000000000000e+03 2.959858446220212954e+03 6.114155377978704564e+01
2.269488000000000127e+01 2.924000000000000000e+03 2.959427530878288053e+03 -3.542753087828805292e+01
2.271159000000000106e+01 2.966000000000000000e+03 2.958988842706996820e+03 7.011157293003179802e+00
2.272830000000000084e+01 2.993000000000000000e+03 2.958542372106586299e+03 3.445762789341370080e+01
2.274501000000000062e+01 2.877000000000000000e+03 2.958088111234337703e+03 -8.108811123433770263e+01
2.276172000000000040e+01 2.952000000000000000e+03 2.957626054186247529e+03 -5.626054186247529287e+00
2.277843999999999980e+01 3.044000000000000000e+03 2.957155913689241515e+03 8.684408631075848461e+01
2.279514999999999958e+01 3.040000000000000000e+03 2.956678250753885550e+03 8.332174924611445022e+01
2.281185999999999936e+01 2.877000000000000000e+03 2.956192787856386985e+03 -7.919278785638698537e+01
2.282856999999999914e+01 2.914000000000000000e+03 2.955699529344632538e+03 -4.169952934463253769e+01
2.284527999999999892e+01 2.947000000000000000e+03 2.955198482985924784e+03 -8.198482985924783861e+00
2.286198999999999870e+01 2.909000000000000000e+03 2.954689660438065857e+03 -4.568966043806585731e+01
2.287869999999999848e+01 2.941000000000000000e+03 2.954173077809230108e+03 -1.317307780923010796e+01
2.289540999999999826e+01 2.997000000000000000e+03 2.953648756326373586e+03 4.335124367362641351e+01
2.291213000000000122e+01 2.968000000000000000e+03 2.953116402442502022e+03 1.488359755749797841e+01
2.292884000000000100e+01 2.849000000000000000e+03 2.952576686998749210e+03 -1.035766869987492100e+02
2.294555000000000078e+01 2.892000000000000000e+03 2.952029336005381992e+03 -6.002933600538199244e+01
2.296226000000000056e+01 2.966000000000000000e+03 2.951474401050108099e+03 1.452559894989190070e+01
2.297897000000000034e+01 2.861000000000000000e+03 2.950911944960952951e+03 -8.991194496095295108e+01
2.299568000000000012e+01 3.046000000000000000e+03 2.950342043968415510e+03 9.565795603158449012e+01
2.301238999999999990e+01 2.912000000000000000e+03 2.949764790392277064e+03 -3.776479039227706380e+01
2.302909999999999968e+01 3.063000000000000000e+03 2.949180296004757110e+03 1.138197039952428895e+02
2.304581999999999908e+01 2.924000000000000000e+03 2.948588340137918294e+03 -2.458834013791829420e+01
2.306252999999999886e+01 3.013000000000000000e+03 2.947989795525751560e+03 6.501020447424843951e+01
2.307923999999999864e+01 2.994000000000000000e+03 2.947384510846421563e+03 4.661548915357843725e+01
2.309594999999999843e+01 2.924000000000000000e+03 2.946772731720557204e+03 -2.277273172055720352e+01
2.311266000000000176e+01 2.882000000000000000e+03 2.946154760556077235e+03 -6.415476055607723538e+01
2.312937000000000154e+01 2.955000000000000000e+03 2.945530972156867847e+03 9.469027843132153066e+00
2.314608000000000132e+01 2.863000000000000000e+03 2.944901834679753392e+03 -8.190183467975339227e+01
2.316279000000000110e+01 2.901000000000000000e+03 2.944267938169259196e+03 -4.326793816925919600e+01
2.317951000000000050e+01 2.924000000000000000e+03 2.943629651247780203e+03 -1.962965124778020254e+01
2.319622000000000028e+01 2.921000000000000000e+03 2.942988706236457347e+03 -2.198870623645734668e+01
2.321293000000000006e+01 3.000000000000000000e+03 2.942345987489562958e+03 5.765401251043704178e+01
2.322963999999999984e+01 3.004000000000000000e+03 2.941703173709912789e+03 6.229682629008721051e+01
2.324634999999999962e+01 3.040000000000000000e+03 2.941062536184073451e+03 9.893746381592654870e+01
2.326305999999999941e+01 3.016000000000000000e+03 2.940427234203429634e+03 7.557276579657036564e+01
2.327976999999999919e+01 2.931000000000000000e+03 2.939801879993967759e+03 -8.801879993967759219e+00
2.329648999999999859e+01 2.910000000000000000e+03 2.939193448472770342e+03 -2.919344847277034205e+01
2.331319999999999837e+01 3.028000000000000000e+03 2.938615674431206571e+03 8.938432556879342883e+01
2.332991000000000170e+01 2.945000000000000000e+03 2.938092877388487068e+03 6.907122611512932053e+00
2.334662000000000148e+01 2.978000000000000000e+03 2.937670800026315192e+03 4.032919997368480836e+01
2.336333000000000126e+01 2.863000000000000000e+03 2.937425640611452764e+03 -7.442564061145276355e+01
2.338004000000000104e+01 2.881000000000000000e+03 2.937466088258488526e+03 -5.646608825848852575e+01
2.339675000000000082e+01 2.944000000000000000e+03 2.937922116139345235e+03 6.077883860654765158e+00
2.341346000000000060e+01 2.949000000000000000e+03 2.938922377161008626e+03 1.007762283899137401e+01
2.343018000000000001e+01 3.039000000000000000e+03 2.940646898222938034e+03 9.835310177706196555e+01
2.344688999999999979e+01 2.986000000000000000e+03 2.943384136563146512e+03 4.261586343685348766e+01
2.346359999999999957e+01 2.949000000000000000e+03 2.947166534389906246e+03 1.833465610093753639e+00
2.348030999999999935e+01 2.879000000000000000e+03 2.951801323955643966e+03 -7.280132395564396575e+01
2.349701999999999913e+01 2.918000000000000000e+03 2.956086654397954590e+03 -3.808665439795458951e+01
2.351372999999999891e+01 2.944000000000000000e+03 2.957813857297525374e+03 -1.381385729752537372e+01
2.353043999999999869e+01 2.960000000000000000e+03 2.955446602541030188e+03 4.553397458969811851e+00
2.354714999999999847e+01 2.899000000000000000e+03 2.950883274109070499e+03 -5.188327410907049853e+01
2.356387000000000143e+01 2.871000000000000000e+03 2.946219879937756559e+03 -7.521987993775655923e+01
2.358058000000000121e+01 2.950000000000000000e+03 2.941257852625658415e+03 8.742147374341584509e+00
2.359729000000000099e+01 2.864000000000000000e+03 2.935716975735964297e+03 -7.171697573596429720e+01
2.361400000000000077e+01 2.979000000000000000e+03 2.930711616969239913e+03 4.828838303076008742e+01
2.363071000000000055e+01 2.823000000000000000e+03 2.926938014782650953e+03 -1.039380147826509528e+02
2.364742000000000033e+01 2.986000000000000000e+03 2.924295217199294257e+03 6.170478280070574328e+01
2.366413000000000011e+01 3.011000000000000000e+03 2.922411568917360455e+03 8.858843108263954491e+01
2.368083999999999989e+01 2.889000000000000000e+03 2.920942465428192918e+03 -3.194246542819291790e+01
2.369755999999999929e+01 2.948000000000000000e+03 2.919672881049013085e+03 2.832711895098691457e+01
2.371426999999999907e+01 2.897000000000000000e+03 2.918500980938888915e+03 -2.150098093888891526e+01
2.373097999999999885e+01 2.882000000000000000e+03 2.917381329408685360e+03 -3.538132940868536025e+01
2.374768999999999863e+01 2.922000000000000000e+03 2.916293164153661564e+03 5.706835846338435658e+00
2.376439999999999841e+01 2.946000000000000000e+03 2.915224925935226111e+03 3.077507406477388940e+01
2.378111000000000175e+01 2.904000000000000000e+03 2.914169227119490188e+03 -1.016922711949018776e+01
2.379782000000000153e+01 2.924000000000000000e+03 2.913121021882387595e+03 1.087897811761240519e+01
2.381453000000000131e+01 2.824000000000000000e+03 2.912076748537782350e+03 -8.807674853778235047e+01
2.383125000000000071e+01 2.952000000000000000e+03 2.911033212747733614e+03 4.096678725226638562e+01
2.384796000000000049e+01 2.882000000000000000e+03 2.909989774398188274e+03 -2.798977439818827406e+01
2.386467000000000027e+01 2.834000000000000000e+03 2.908944403314309056e+03 -7.494440331430905644e+01
2.388138000000000005e+01 2.897000000000000000e+03 2.907896040611807621e+03 -1.089604061180762073e+01
2.389808999999999983e+01 2.889000000000000000e+03 2.906843882615266921e+03 -1.784388261526692077e+01
2.391479999999999961e+01 2.849000000000000000e+03 2.905787317023045034e+03 -5.678731702304503415e+01
2.393150999999999939e+01 2.761000000000000000e+03 2.904725877788019261e+03 -1.437258777880192611e+02
2.394821999999999917e+01 2.956000000000000000e+03 2.903659212802918319e+03 5.234078719708168137e+01
2.396493999999999858e+01 2.920000000000000000e+03 2.902586417214369703e+03 1.741358278563029671e+01
2.398164999999999836e+01 2.891000000000000000e+03 2.901508586188542722e+03 -1.050858618854272208e+01
2.399836000000000169e+01 2.885000000000000000e+03 2.900424952921067415e+03 -1.542495292106741545e+01
2.401507000000000147e+01 2.972000000000000000e+03 2.899335442700901240e+03 7.266455729909876027e+01
2.403178000000000125e+01 2.864000000000000000e+03 2.898240026551085066e+03 -3.424002655108506588e+01
2.404849000000000103e+01 2.914000000000000000e+03 2.897138716848576678e+03 1.686128315142332212e+01
2.406520000000000081e+01 2.945000000000000000e+03 2.896031564569364491e+03 4.896843543063550896e+01
2.408191000000000059e+01 2.949000000000000000e+03 2.894918657893913405e+03 5.408134210608659487e+01
2.409863000000000000e+01 2.947000000000000000e+03 2.893799450968574547e+03 5.320054903142545299e+01
2.411533999999999978e+01 2.849000000000000000e+03 2.892675445730936190e+03 -4.367544573093618965e+01
2.413204999999999956e+01 2.910000000000000000e+03 2.891546177436830931e+03 1.845382256316906933e+01
2.414875999999999934e+01 2.896000000000000000e+03 2.890411891979182656e+03 5.588108020817344368e+00
2.416546999999999912e+01 2.863000000000000000e+03 2.889272882411634782e+03 -2.627288241163478233e+01
2.418217999999999890e+01 2.895000000000000000e+03 2.888129494496983170e+03 6.870505503016829607e+00
2.419888999999999868e+01 2.928000000000000000e+03 2.886982133769493430e+03 4.101786623050656999e+01
2.421559999999999846e+01 2.922000000000000000e+03 2.885831274387948724e+03 3.616872561205127568e+01
2.423232000000000141e+01 2.851000000000000000e+03 2.884676778904431558e+03 -3.367677890443155775e+01
2.424903000000000119e+01 2.746000000000000000e+03 2.883520675745914559e+03 -1.375206757459145592e+02
2.426574000000000098e+01 2.882000000000000000e+03 2.882363032667812149e+03 -3.630326678121491568e-01
2.428245000000000076e+01 2.881000000000000000e+03 2.881204738442012058e+03 -2.047384420120579307e-01
2.429916000000000054e+01 2.973000000000000000e+03 2.880046839521362017e+03 9.295316047863798303e+01
2.431587000000000032e+01 2.873000000000000000e+03 2.878890573089456666e+03 -5.890573089456665912e+00
2.433258000000000010e+01 2.927000000000000000e+03 2.877737408801029687e+03 4.926259119897031269e+01
2.434929999999999950e+01 2.831000000000000000e+03 2.876588416528646121e+03 -4.558841652864612115e+01
2.436600999999999928e+01 2.813000000000000000e+03 2.875447080669906427e+03 -6.244708066990642692e+01
2.438271999999999906e+01 2.911000000000000000e+03 2.874315263128989500e+03 3.668473687101050018e+01
2.439942999999999884e+01 2.833000000000000000e+03 2.873196071269301683e+03 -4.019607126930168306e+01
2.441613999999999862e+01 2.904000000000000000e+03 2.872093320891116036e+03 3.190667910888396364e+01
2.443284999999999840e+01 2.844000000000000000e+03 2.871011739670250790e+03 -2.701173967025079037e+01
2.444956000000000174e+01 2.831000000000000000e+03 2.869957245148631500e+03 -3.895724514863150034e+01
2.446627000000000152e+01 2.827000000000000000e+03 2.868937335124237052e+03 -4.193733512423705179e+01
2.448299000000000092e+01 2.931000000000000000e+03 2.867961087703709836e+03 6.303891229629016379e+01
2.449970000000000070e+01 2.909000000000000000e+03 2.867042334914159710e+03 4.195766508584028998e+01
2.451641000000000048e+01 2.824000000000000000e+03 2.866197502249936406e+03 -4.219750224993640586e+01
2.453312000000000026e+01 2.790000000000000000e+03 2.865450142189717553e+03 -7.545014218971755326e+01
2.454983000000000004e+01 2.901000000000000000e+03 2.864833773467227275e+03 3.616622653277272548e+01
2.456653999999999982e+01 2.799000000000000000e+03 2.864397178074053045e+03 -6.539717807405304484e+01
2.458324999999999960e+01 2.915000000000000000e+03 2.864212151383531818e+03 5.078784861646818172e+01
2.459995999999999938e+01 2.853000000000000000e+03 2.864383997197526242e+03 -1.138399719752624151e+01
2.461667999999999878e+01 2.911000000000000000e+03 2.865064555573733287e+03 4.593544442626671298e+01
2.463338999999999857e+01 2.782000000000000000e+03 2.866460881308682929e+03 -8.446088130868292865e+01
2.465009999999999835e+01 2.804000000000000000e+03 2.868836931142276626e+03 -6.483693114227662591e+01
2.466681000000000168e+01 2.905000000000000000e+03 2.872488901394760887e+03 3.251109860523911266e+01
2.468352000000000146e+01 2.941000000000000000e+03 2.877690369727954931e+03 6.330963027204506943e+01
2.470023000000000124e+01 2.868000000000000000e+03 2.884575748354967345e+03 -1.657574835496734522e+01
2.471694000000000102e+01 2.878000000000000000e+03 2.893010980238052980e+03 -1.501098023805297998e+01
2.473365000000000080e+01 2.883000000000000000e+03 2.902619390329568887e+03 -1.961939032956888695e+01
2.475037000000000020e+01 2.926000000000000000e+03 2.912498852483885003e+03 1.350114751611499742e+01
2.476707999999999998e+01 2.834000000000000000e+03 2.920563866673162920e+03 -8.656386667316292005e+01
2.478378999999999976e+01 2.874000000000000000e+03 2.924178956727734203e+03 -5.017895672773420301e+01
2.480049999999999955e+01 2.897000000000000000e+03 2.922014139440199870e+03 -2.501413944019986957e+01
2.481720999999999933e+01 2.893000000000000000e+03 2.915220861608069299e+03 -2.222086160806929911e+01
2.483391999999999911e+01 2.869000000000000000e+03 2.905830860381455750e+03 -3.683086038145575003e+01
2.485062999999999889e+01 2.852000000000000000e+03 2.894825308534701435e+03 -4.282530853470143484e+01
2.486733999999999867e+01 2.893000000000000000e+03 2.882708640898866634e+03 1.029135910113336649e+01
2.488406000000000162e+01 2.831000000000000000e+03 2.870643938479396638e+03 -3.964393847939663829e+01
2.490077000000000140e+01 2.769000000000000000e+03 2.859950931073874472e+03 -9.095093107387447162e+01
2.491748000000000118e+01 2.801000000000000000e+03 2.851186822412287711e+03 -5.018682241228771090e+01
2.493419000000000096e+01 2.860000000000000000e+03 2.844269061035269260e+03 1.573093896473073983e+01
2.495090000000000074e+01 2.880000000000000000e+03 2.838873957565882392e+03 4.112604243411760763e+01
2.496761000000000053e+01 2.781000000000000000e+03 2.834668463301978591e+03 -5.366846330197859061e+01
2.498432000000000031e+01 2.791000000000000000e+03 2.831387138932253038e+03 -4.038713893225303764e+01
2.500103000000000009e+01 2.780000000000000000e+03 2.828842626262241083e+03 -4.884262626224108317e+01
2.501774999999999949e+01 2.845000000000000000e+03 2.826938542108613547e+03 1.806145789138645341e+01
2.503445999999999927e+01 2.914000000000000000e+03 2.825630755227172358e+03 8.836924477282764201e+01
2.505116999999999905e+01 2.754000000000000000e+03 2.824802728952791313e+03 -7.080272895279131262e+01
2.506787999999999883e+01 2.800000000000000000e+03 2.824184913184630659e+03 -2.418491318463065909e+01
2.508458999999999861e+01 2.818000000000000000e+03 2.823148388725461700e+03 -5.148388725461700233e+00
2.510129999999999839e+01 2.746000000000000000e+03 2.821029133209049178e+03 -7.502913320904917782e+01
2.511801000000000172e+01 2.757000000000000000e+03 2.818027518263565526e+03 -6.102751826356552556e+01
2.513472000000000151e+01 2.759000000000000000e+03 2.814990209295540808e+03 -5.599020929554080794e+01
2.515144000000000091e+01 2.825000000000000000e+03 2.812067232661427624e+03 1.293276733857237559e+01
2.516815000000000069e+01 2.751000000000000000e+03 2.808965082383963818e+03 -5.796508238396381785e+01
2.518486000000000047e+01 2.864000000000000000e+03 2.805772167602147874e+03 5.822783239785212572e+01
2.520157000000000025e+01 2.744000000000000000e+03 2.802846709077272408e+03 -5.884670907727240774e+01
2.521828000000000003e+01 2.783000000000000000e+03 2.800295717697389136e+03 -1.729571769738913645e+01
2.523498999999999981e+01 2.778000000000000000e+03 2.798046535539776869e+03 -2.004653553977686897e+01
2.525169999999999959e+01 2.740000000000000000e+03 2.795985358093575542e+03 -5.598535809357554172e+01
2.526840999999999937e+01 2.824000000000000000e+03 2.794023328492280143e+03 2.997667150771985689e+01
2.528512999999999877e+01 2.859000000000000000e+03 2.792109671865683595e+03 6.689032813431640534e+01
2.530183999999999855e+01 2.783000000000000000e+03 2.790223678690962970e+03 -7.223678690962969995e+00
2.531854999999999833e+01 2.759000000000000000e+03 2.788353616435991626e+03 -2.935361643599162562e+01
2.533526000000000167e+01 2.850000000000000000e+03 2.786493779229222582e+03 6.350622077077741778e+01
2.535197000000000145e+01 2.664000000000000000e+03 2.784640501021555338e+03 -1.206405010215553375e+02
2.536868000000000123e+01 2.824000000000000000e+03 2.782791183955137512e+03 4.120881604486248762e+01
2.538539000000000101e+01 2.726000000000000000e+03 2.780943898901339253e+03 -5.494389890133925292e+01
2.540211000000000041e+01 2.810000000000000000e+03 2.779096066548936051e+03 3.090393345106394918e+01
2.541882000000000019e+01 2.770000000000000000e+03 2.777248745317737757e+03 -7.248745317737757432e+00
2.543552999999999997e+01 2.752000000000000000e+03 2.775399914215372519e+03 -2.339991421537251881e+01
2.545223999999999975e+01 2.791000000000000000e+03 2.773548833515077604e+03 1.745116648492239619e+01
2.546894999999999953e+01 2.748000000000000000e+03 2.774770641207505832e+03 -2.677064120750583243e+01
2.548565999999999931e+01 2.774000000000000000e+03 2.772940730536063711e+03 1.059269463936288957e+00
2.550236999999999910e+01 2.764000000000000000e+03 2.771107413646323948e+03 -7.107413646323948342e+00
2.551907999999999888e+01 2.792000000000000000e+03 2.769270345541322968e+03 2.272965445867703238e+01
2.553579999999999828e+01 2.773000000000000000e+03 2.767428132197489504e+03 5.571867802510496404e+00
2.555251000000000161e+01 2.717000000000000000e+03 2.767213286166150283e+03 -5.021328616615028295e+01
2.556922000000000139e+01 2.745000000000000000e+03 2.765377936012508144e+03 -2.037793601250814390e+01
2.558593000000000117e+01 2.600000000000000000e+03 2.763538104208266759e+03 -1.635381042082667591e+02
2.560264000000000095e+01 2.774000000000000000e+03 2.761693641609526821e+03 1.230635839047317859e+01
2.561935000000000073e+01 2.863000000000000000e+03 2.759844421354628139e+03 1.031555786453718611e+02
2.563606000000000051e+01 2.799000000000000000e+03 2.757990335684085039e+03 4.100966431591496075e+01
2.565277000000000029e+01 2.827000000000000000e+03 2.756131293317752807e+03 7.086870668224719338e+01
2.566948999999999970e+01 2.786000000000000000e+03 2.754266100209520118e+03 3.173389979047988163e+01
2.568619999999999948e+01 2.763000000000000000e+03 2.752396922918632754e+03 1.060307708136724614e+01
2.570290999999999926e+01 2.765000000000000000e+03 2.750522593854890602e+03 1.447740614510939849e+01
2.571961999999999904e+01 2.703000000000000000e+03 2.748643069101032779e+03 -4.564306910103277914e+01
2.573632999999999882e+01 2.757000000000000000e+03 2.746758313273428485e+03 1.024168672657151546e+01
2.575303999999999860e+01 2.737000000000000000e+03 2.744868298575904646e+03 -7.868298575904645986e+00
2.576974999999999838e+01 2.775000000000000000e+03 2.742973003987035554e+03 3.202699601296444598e+01
2.578646000000000171e+01 2.665000000000000000e+03 2.741072414559309891e+03 -7.607241455930989105e+01
2.580318000000000112e+01 2.709000000000000000e+03 2.739165378652517120e+03 -3.016537865251711992e+01
2.581989000000000090e+01 2.765000000000000000e+03 2.737254172869601007e+03 2.774582713039899318e+01
2.583660000000000068e+01 2.756000000000000000e+03 2.735337658171399198e+03 2.066234182860080182e+01
2.585331000000000046e+01 2.808000000000000000e+03 2.733502511340893307e+03 7.449748865910669338e+01
2.587002000000000024e+01 2.754000000000000000e+03 2.731576459772355520e+03 2.242354022764448018e+01
2.588673000000000002e+01 2.742000000000000000e+03 2.729645142003137153e+03 1.235485799686284736e+01
2.590343999999999980e+01 2.765000000000000000e+03 2.727708572853457554e+03 3.729142714654244628e+01
2.592014999999999958e+01 2.674000000000000000e+03 2.725766770071728388e+03 -5.176677007172838785e+01
2.593686999999999898e+01 2.699000000000000000e+03 2.723864623087185919e+03 -2.486462308718591885e+01
2.595357999999999876e+01 2.722000000000000000e+03 2.721912981857654358e+03 8.701814234564153594e-02
2.597028999999999854e+01 2.790000000000000000e+03 2.719956186425947635e+03 7.004381357405236486e+01
2.598699999999999832e+01 2.714000000000000000e+03 2.717994264653329992e+03 -3.994264653329992143e+00
2.600371000000000166e+01 2.685000000000000000e+03 2.716027246507255313e+03 -3.102724650725531319e+01
2.602042000000000144e+01 2.628000000000000000e+03 2.714055163949031339e+03 -8.605516394903133914e+01
2.603713000000000122e+01 2.699000000000000000e+03 2.712078050834780242e+03 -1.307805083478024244e+01
2.605384000000000100e+01 2.774000000000000000e+03 2.710095942828234456e+03 6.390405717176554390e+01
2.607056000000000040e+01 2.736000000000000000e+03 2.708107686700085651e+03 2.789231329991434905e+01
2.608727000000000018e+01 2.635000000000000000e+03 2.706115699825867523e+03 -7.111569982586752303e+01
2.610397999999999996e+01 2.722000000000000000e+03 2.704118835202015362e+03 1.788116479798463843e+01
2.612068999999999974e+01 2.761000000000000000e+03 2.702117135048654291e+03 5.888286495134570941e+01
2.613739999999999952e+01 2.648000000000000000e+03 2.700110643097187221e+03 -5.211064309718722143e+01
2.615410999999999930e+01 2.750000000000000000e+03 2.698099404553152908e+03 5.190059544684709181e+01
2.617081999999999908e+01 2.683000000000000000e+03 2.696083466064982531e+03 -1.308346606498253095e+01
2.618752999999999886e+01 2.710000000000000000e+03 2.694062875698187327e+03 1.593712430181267337e+01
2.620424999999999827e+01 2.642000000000000000e+03 2.692036469582097197e+03 -5.003646958209719742e+01
2.622096000000000160e+01 2.731000000000000000e+03 2.690006722515127876e+03 4.099327748487212375e+01
2.623767000000000138e+01 2.659000000000000000e+03 2.687972476115017344e+03 -2.897247611501734355e+01
2.625438000000000116e+01 2.712000000000000000e+03 2.685933783953244983e+03 2.606621604675501658e+01
2.627109000000000094e+01 2.626000000000000000e+03 2.683890700957827903e+03 -5.789070095782790304e+01
2.628780000000000072e+01 2.718000000000000000e+03 2.681843283412983055e+03 3.615671658701694469e+01
2.630451000000000050e+01 2.692000000000000000e+03 2.679791588962214973e+03 1.220841103778502656e+01
2.632122000000000028e+01 2.719000000000000000e+03 2.677735676614691783e+03 4.126432338530821653e+01
2.633793999999999969e+01 2.786000000000000000e+03 2.675671288706728774e+03 1.103287112932712262e+02
2.635464999999999947e+01 2.836000000000000000e+03 2.673607156659869815e+03 1.623928433401301845e+02
2.637135999999999925e+01 2.705000000000000000e+03 2.671538991460365651e+03 3.346100853963434929e+01
2.638806999999999903e+01 2.670000000000000000e+03 2.669466857720892676e+03 5.331422791073237022e-01
2.640477999999999881e+01 2.748000000000000000e+03 2.667389204766745479e+03 8.061079523325452101e+01
2.642148999999999859e+01 2.648000000000000000e+03 2.665309352397357543e+03 -1.730935239735754294e+01
2.643819999999999837e+01 2.787000000000000000e+03 2.663225733755492001e+03 1.237742662445079986e+02
2.645492000000000132e+01 2.731000000000000000e+03 2.661137169155571428e+03 6.986283084442857216e+01
2.647163000000000110e+01 2.750000000000000000e+03 2.659046229020534611e+03 9.095377097946538925e+01
2.648834000000000088e+01 2.814000000000000000e+03 2.656951739003476632e+03 1.570482609965233678e+02
2.650505000000000067e+01 2.594000000000000000e+03 2.654853774429980604e+03 -6.085377442998060360e+01
2.652176000000000045e+01 2.657000000000000000e+03 2.652752412296506463e+03 4.247587703493536537e+00
2.653847000000000023e+01 2.763000000000000000e+03 2.650647731314496468e+03 1.123522686855035317e+02
2.655518000000000001e+01 2.668000000000000000e+03 2.648539811957514303e+03 1.946018804248569722e+01
2.657188999999999979e+01 2.688000000000000000e+03 2.646428736511484203e+03 4.157126348851579678e+01
2.658860999999999919e+01 2.646000000000000000e+03 2.644313323026548915e+03 1.686676973451085360e+00
2.660531999999999897e+01 2.692000000000000000e+03 2.642196188019338479e+03 4.980381198066152137e+01
2.662202999999999875e+01 2.675000000000000000e+03 2.640076155259126153e+03 3.492384474087384660e+01
2.663873999999999853e+01 2.698000000000000000e+03 2.637953314850243260e+03 6.004668514975674043e+01
2.665544999999999831e+01 2.725000000000000000e+03 2.635827759010623140e+03 8.917224098937685994e+01
2.667216000000000165e+01 2.690000000000000000e+03 2.633699582142932741e+03 5.630041785706725932e+01
2.668887000000000143e+01 2.658000000000000000e+03 2.631568880909651398e+03 2.643111909034860219e+01
2.670558000000000121e+01 2.714000000000000000e+03 2.629435754312316476e+03 8.456424568768352401e+01
2.672230000000000061e+01 2.729000000000000000e+03 2.627299025152280592e+03 1.017009748477194080e+02
2.673901000000000039e+01 2.584000000000000000e+03 2.625161353313208565e+03 -4.116135331320856494e+01
2.675572000000000017e+01 2.695000000000000000e+03 2.623021568072327682e+03 7.197843192767231812e+01
2.677242999999999995e+01 2.701000000000000000e+03 2.620879778671398071e+03 8.012022132860192869e+01
2.678913999999999973e+01 2.690000000000000000e+03 2.618736097156918277e+03 7.126390284308172340e+01
2.680584999999999951e+01 2.752000000000000000e+03 2.616590638488813511e+03 1.354093615111864892e+02
2.682255999999999929e+01 2.613000000000000000e+03 2.614443520654922850e+03 -1.443520654922849644e+00
2.683926999999999907e+01 2.686000000000000000e+03 2.612294864791657346e+03 7.370513520834265364e+01
2.685598999999999847e+01 2.744000000000000000e+03 2.610143508216935516e+03 1.338564917830644845e+02
2.687269999999999825e+01 2.588000000000000000e+03 2.607992152210329095e+03 -1.999215221032909540e+01
2.688941000000000159e+01 2.569000000000000000e+03 2.605839641860453867e+03 -3.683964186045386668e+01
2.690612000000000137e+01 2.764000000000000000e+03 2.603686112241797673e+03 1.603138877582023269e+02
2.692283000000000115e+01 2.609000000000000000e+03 2.601531702285537449e+03 7.468297714462551085e+00
2.693954000000000093e+01 2.692000000000000000e+03 2.599376554945026783e+03 9.262344505497321734e+01
2.695625000000000071e+01 2.663000000000000000e+03 2.597220817370392524e+03 6.577918262960747597e+01
2.697296000000000049e+01 2.619000000000000000e+03 2.595064641092738839e+03 2.393535890726116122e+01
2.698967999999999989e+01 2.661000000000000000e+03 2.592906891645899123e+03 6.809310835410087748e+01
2.700638999999999967e+01 2.586000000000000000e+03 2.590982195715399939e+03 -4.982195715399939218e+00
2.702309999999999945e+01 2.544000000000000000e+03 2.588827682230326900e+03 -4.482768223032690003e+01
2.703980999999999923e+01 2.584000000000000000e+03 2.586673410720612083e+03 -2.673410720612082514e+00
2.705651999999999902e+01 2.572000000000000000e+03 2.584519558238022000e+03 -1.251955823802200030e+01
2.707322999999999880e+01 2.638000000000000000e+03 2.582487904985416208e+03 5.551209501458379236e+01
2.708993999999999858e+01 2.650000000000000000e+03 2.580336502350639421e+03 6.966349764936057909e+01
2.710664999999999836e+01 2.601000000000000000e+03 2.578186099265420125e+03 2.281390073457987455e+01
2.712337000000000131e+01 2.596000000000000000e+03 2.576035611883025013e+03 1.996438811697498750e+01
2.714008000000000109e+01 2.598000000000000000e+03 2.573887821517549582e+03 2.411217848245041750e+01
2.715679000000000087e+01 2.646000000000000000e+03 2.571741657738095000e+03 7.425834226190499976e+01
2.717350000000000065e+01 2.504000000000000000e+03 2.569597344299664655e+03 -6.559734429966465541e+01
2.719021000000000043e+01 2.571000000000000000e+03 2.567455112970760638e+03 3.544887029239362164e+00
2.720692000000000021e+01 2.654000000000000000e+03 2.565315203941338041e+03 8.868479605866195925e+01
2.722363000000000000e+01 2.524000000000000000e+03 2.563177866256135076e+03 -3.917786625613507567e+01
2.724033999999999978e+01 2.576000000000000000e+03 2.561043358275258015e+03 1.495664172474198494e+01
2.725705999999999918e+01 2.561000000000000000e+03 2.558910673616912845e+03 2.089326383087154682e+00
2.727376999999999896e+01 2.499000000000000000e+03 2.556782641973228692e+03 -5.778264197322869222e+01
2.729047999999999874e+01 2.578000000000000000e+03 2.554658276240998930e+03 2.334172375900106999e+01
2.730718999999999852e+01 2.578000000000000000e+03 2.552537877273891354e+03 2.546212272610864602e+01
2.732389999999999830e+01 2.535000000000000000e+03 2.550421758029956891e+03 -1.542175802995689082e+01
2.734061000000000163e+01 2.542000000000000000e+03 2.548310244244819387e+03 -6.310244244819386950e+00
2.735732000000000141e+01 2.630000000000000000e+03 2.546203675150624804e+03 8.379632484937519621e+01
2.737403000000000119e+01 2.594000000000000000e+03 2.544102404244420995e+03 4.989759575557900462e+01
2.739075000000000060e+01 2.588000000000000000e+03 2.542005547780823235e+03 4.599445221917676463e+01
2.740746000000000038e+01 2.662000000000000000e+03 2.539915998708613188e+03 1.220840012913868122e+02
2.742417000000000016e+01 2.562000000000000000e+03 2.537832902664114954e+03 2.416709733588504605e+01
2.744087999999999994e+01 2.528000000000000000e+03 2.535756679038611765e+03 -7.756679038611764554e+00
2.745758999999999972e+01 2.636000000000000000e+03 2.533687766229617864e+03 1.023122337703821358e+02
2.747429999999999950e+01 2.473000000000000000e+03 2.531626622806920295e+03 -5.862662280692029526e+01
2.749100999999999928e+01 2.521000000000000000e+03 2.529573728766648856e+03 -8.573728766648855526e+00
2.750772999999999868e+01 2.566000000000000000e+03 2.527528366301315145e+03 3.847163369868485461e+01
2.752443999999999846e+01 2.499000000000000000e+03 2.525493509291629834e+03 -2.649350929162983448e+01
2.754114999999999824e+01 2.587000000000000000e+03 2.523468484586888735e+03 6.353151541311126493e+01
2.755786000000000158e+01 2.594000000000000000e+03 2.521453872508921449e+03 7.254612749107855052e+01
2.757457000000000136e+01 2.577000000000000000e+03 2.519450282713821707e+03 5.754971728617829285e+01
2.759128000000000114e+01 2.533000000000000000e+03 2.517458356179114162e+03 1.554164382088583807e+01
2.760799000000000092e+01 2.607000000000000000e+03 2.515478767358768891e+03 9.152123264123110857e+01
2.762470000000000070e+01 2.552000000000000000e+03 2.513512226523516802e+03 3.848777347648319846e+01
2.764142000000000010e+01 2.550000000000000000e+03 2.511558317984252426e+03 3.844168201574757404e+01
2.765812999999999988e+01 2.589000000000000000e+03 2.509620169126319524e+03 7.937983087368047563e+01
2.767483999999999966e+01 2.530000000000000000e+03 2.507697441093255293e+03 2.230255890674470720e+01
2.769154999999999944e+01 2.551000000000000000e+03 2.505791015306523150e+03 4.520898469347685023e+01
2.770825999999999922e+01 2.445000000000000000e+03 2.503901824274503269e+03 -5.890182427450326941e+01
2.772496999999999900e+01 2.567000000000000000e+03 2.502030855562859415e+03 6.496914443714058507e+01
2.774167999999999878e+01 2.632000000000000000e+03 2.500179156158349087e+03 1.318208438416509125e+02
2.775838999999999857e+01 2.531000000000000000e+03 2.498347837275126949e+03 3.265216272487305105e+01
2.777511000000000152e+01 2.593000000000000000e+03 2.496537003323811405e+03 9.646299667618859530e+01
2.779182000000000130e+01 2.517000000000000000e+03 2.494750077174008766e+03 2.224992282599123428e+01
2.780853000000000108e+01 2.529000000000000000e+03 2.492987307332721684e+03 3.601269266727831564e+01
2.782524000000000086e+01 2.565000000000000000e+03 2.491250121074033814e+03 7.374987892596618622e+01
2.784195000000000064e+01 2.497000000000000000e+03 2.489540042906746294e+03 7.459957093253706262e+00
2.785866000000000042e+01 2.471000000000000000e+03 2.487858703606771542e+03 -1.685870360677154167e+01
2.787537000000000020e+01 2.615000000000000000e+03 2.486207850351618617e+03 1.287921496483813826e+02
2.789207999999999998e+01 2.529000000000000000e+03 2.484588438628034055e+03 4.441156137196594500e+01
2.790879999999999939e+01 2.477000000000000000e+03 2.483003396666278149e+03 -6.003396666278149496e+00
2.792550999999999917e+01 2.480000000000000000e+03 2.481455862076509675e+03 -1.455862076509674807e+00
2.794221999999999895e+01 2.486000000000000000e+03 2.479947219450320972e+03 6.052780549679027899e+00
2.795892999999999873e+01 2.445000000000000000e+03 2.478479519435300517e+03 -3.347951943530051722e+01
2.797563999999999851e+01 2.530000000000000000e+03 2.477056481528196400e+03 5.294351847180359982e+01
2.799234999999999829e+01 2.456000000000000000e+03 2.475680601563389246e+03 -1.968060156338924571e+01
2.800906000000000162e+01 2.499000000000000000e+03 2.474355131977521523e+03 2.464486802247847663e+01
2.802577000000000140e+01 2.545000000000000000e+03 2.473083626756109879e+03 7.191637324389012065e+01
2.804249000000000080e+01 2.470000000000000000e+03 2.471869273388970214e+03 -1.869273388970214000e+00
2.805920000000000059e+01 2.505000000000000000e+03 2.470717811347620227e+03 3.428218865237977298e+01
2.807591000000000037e+01 2.448000000000000000e+03 2.469633226844203818e+03 -2.163322684420381847e+01
2.809262000000000015e+01 2.537000000000000000e+03 2.468620762871809802e+03 6.837923712819019784e+01
2.810932999999999993e+01 2.402000000000000000e+03 2.467686256565353688e+03 -6.568625656535368762e+01
2.812603999999999971e+01 2.523000000000000000e+03 2.466836238192056044e+03 5.616376180794395623e+01
2.814274999999999949e+01 2.490000000000000000e+03 2.466078052631423361e+03 2.392194736857663884e+01
2.815945999999999927e+01 2.477000000000000000e+03 2.465420009846120593e+03 1.157999015387940744e+01
2.817617999999999867e+01 2.445000000000000000e+03 2.464871279821023563e+03 -1.987127982102356327e+01
2.819288999999999845e+01 2.424000000000000000e+03 2.464443379448899577e+03 -4.044337944889957726e+01
2.820959999999999823e+01 2.601000000000000000e+03 2.464148498222904436e+03 1.368515017770955637e+02
2.822631000000000157e+01 2.557000000000000000e+03 2.464001277735232179e+03 9.299872226476782089e+01
2.824302000000000135e+01 2.545000000000000000e+03 2.464018966782713505e+03 8.098103321728649462e+01
2.825973000000000113e+01 2.565000000000000000e+03 2.464222109488197475e+03 1.007778905118025250e+02
2.827644000000000091e+01 2.484000000000000000e+03 2.464635475268610662e+03 1.936452473138933783e+01
2.829315000000000069e+01 2.577000000000000000e+03 2.465289336969609849e+03 1.117106630303901511e+02
2.830987000000000009e+01 2.555000000000000000e+03 2.466221909978360145e+03 8.877809002163985497e+01
2.832657999999999987e+01 2.469000000000000000e+03 2.467479520590482480e+03 1.520479409517520253e+00
2.834328999999999965e+01 2.471000000000000000e+03 2.469123649915442456e+03 1.876350084557543596e+00
2.835999999999999943e+01 2.475000000000000000e+03 2.471234532992107233e+03 3.765467007892766560e+00
2.837670999999999921e+01 2.530000000000000000e+03 2.473920586738545808e+03 5.607941326145419225e+01
2.839341999999999899e+01 2.564000000000000000e+03 2.477334286631223677e+03 8.666571336877632348e+01
2.841012999999999877e+01 2.484000000000000000e+03 2.481705412567411258e+03 2.294587432588741649e+00
2.842683999999999855e+01 2.512000000000000000e+03 2.487419565312774466e+03 2.458043468722553371e+01
2.844356000000000151e+01 2.568000000000000000e+03 2.495203301620275397e+03 7.279669837972460300e+01
2.846027000000000129e+01 2.644000000000000000e+03 2.506449180856323437e+03 1.375508191436765628e+02
2.847698000000000107e+01 2.585000000000000000e+03 2.523741523853034778e+03 6.125847614696522214e+01
2.849369000000000085e+01 2.643000000000000000e+03 2.551320175878470309e+03 9.167982412152969118e+01
2.851040000000000063e+01 2.767000000000000000e+03 2.595216374812292997e+03 1.717836251877070026e+02
2.852711000000000041e+01 2.758000000000000000e+03 2.662659649545308639e+03 9.534035045469136094e+01
2.854382000000000019e+01 2.755000000000000000e+03 2.759883499538366323e+03 -4.883499538366322668e+00
2.856053999999999959e+01 2.864000000000000000e+03 2.891604122382354490e+03 -2.760412238235448967e+01
2.857724999999999937e+01 2.863000000000000000e+03 3.046595722122586722e+03 -1.835957221225867215e+02
2.859395999999999916e+01 2.930000000000000000e+03 3.185609886208352691e+03 -2.556098862083526910e+02
2.861066999999999894e+01 3.064000000000000000e+03 3.244585969954389839e+03 -1.805859699543898387e+02
2.862737999999999872e+01 3.166000000000000000e+03 3.190633689532502103e+03 -2.463368953250210325e+01
2.864408999999999850e+01 3.232000000000000000e+03 3.098154923617149962e+03 1.338450763828500385e+02
2.866079999999999828e+01 3.090000000000000000e+03 3.031333099192215741e+03 5.866690080778425909e+01
2.867751000000000161e+01 3.154000000000000000e+03 2.980079548120002528e+03 1.739204518799974721e+02
2.869423000000000101e+01 3.065000000000000000e+03 2.901940341449987500e+03 1.630596585500125002e+02
2.871094000000000079e+01 3.000000000000000000e+03 2.801591160218509685e+03 1.984088397814903146e+02
2.872765000000000057e+01 3.028000000000000000e+03 2.717551654450939623e+03 3.104483455490603774e+02
2.874436000000000035e+01 2.887000000000000000e+03 2.665455999236558455e+03 2.215440007634415451e+02
2.876107000000000014e+01 2.767000000000000000e+03 2.641382609359772232e+03 1.256173906402277680e+02
2.877777999999999992e+01 2.696000000000000000e+03 2.635860162036856309e+03 6.013983796314369101e+01
2.879448999999999970e+01 2.591000000000000000e+03 2.641068542750176221e+03 -5.006854275017622058e+01
2.881119999999999948e+01 2.678000000000000000e+03 2.652732689907854365e+03 2.526731009214563528e+01
2.882791999999999888e+01 2.532000000000000000e+03 2.669144977800915967e+03 -1.371449778009159672e+02
2.884462999999999866e+01 2.707000000000000000e+03 2.689811662999561577e+03 1.718833700043842327e+01
2.886133999999999844e+01 2.634000000000000000e+03 2.714803986974996860e+03 -8.080398697499686023e+01
2.887805000000000177e+01 2.666000000000000000e+03 2.744470143866403305e+03 -7.847014386640330486e+01
2.889476000000000155e+01 2.591000000000000000e+03 2.779382159975554259e+03 -1.883821599755542593e+02
2.891147000000000133e+01 2.624000000000000000e+03 2.820339971880707708e+03 -1.963399718807077079e+02
2.892818000000000112e+01 2.707000000000000000e+03 2.868406932106601289e+03 -1.614069321066012890e+02
2.894489000000000090e+01 2.727000000000000000e+03 2.924972690952083667e+03 -1.979726909520836671e+02
2.896161000000000030e+01 2.841000000000000000e+03 2.991893477158092992e+03 -1.508934771580929919e+02
2.897832000000000008e+01 3.000000000000000000e+03 3.071472500871367629e+03 -7.147250087136762886e+01
2.899502999999999986e+01 2.925000000000000000e+03 3.166925177097927644e+03 -2.419251770979276444e+02
2.901173999999999964e+01 3.114000000000000000e+03 3.282584940869093771e+03 -1.685849408690937707e+02
2.902844999999999942e+01 3.214000000000000000e+03 3.424626410574755937e+03 -2.106264105747559370e+02
2.904515999999999920e+01 3.488000000000000000e+03 3.602100267024071400e+03 -1.141002670240713996e+02
2.906186999999999898e+01 3.772000000000000000e+03 3.828891692875347871e+03 -5.689169287534787145e+01
2.907857999999999876e+01 4.087000000000000000e+03 4.126796061745571933e+03 -3.979606174557193299e+01
2.909530000000000172e+01 4.530000000000000000e+03 4.530410481647650158e+03 -4.104816476501582656e-01
2.911201000000000150e+01 5.001000000000000000e+03 5.091925854031628660e+03 -9.092585403162865987e+01
2.912872000000000128e+01 5.786000000000000000e+03 5.887892407948161235e+03 -1.018924079481612353e+02
2.914543000000000106e+01 6.442000000000000000e+03 7.017995411333168704e+03 -5.759954113331687040e+02
2.916214000000000084e+01 7.560000000000000000e+03 8.590559772580940262e+03 -1.030559772580940262e+03
2.917885000000000062e+01 9.600000000000000000e+03 1.068575966534395775e+04 -1.085759665343957749e+03
2.919556000000000040e+01 1.274900000000000000e+04 1.329255309708638015e+04 -5.435530970863801485e+02
2.921227000000000018e+01 1.534300000000000000e+04 1.626361232478789861e+04 -9.206123247878986149e+02
2.922898999999999958e+01 1.782700000000000000e+04 1.926880581381280354e+04 -1.441805813812803535e+03
2.924569999999999936e+01 2.084500000000000000e+04 2.161537434457949712e+04 -7.703743445794971194e+02
2.926240999999999914e+01 2.163000000000000000e+04 2.249154029081366753e+04 -8.615402908136675251e+02
2.927911999999999892e+01 2.121700000000000000e+04 2.174940085668032407e+04 -5.324008566803240683e+02
2.929582999999999871e+01 2.079200000000000000e+04 2.016072286535832973e+04 6.312771346416702727e+02
2.931253999999999849e+01 1.920700000000000000e+04 1.843008048338536901e+04 7.769195166146309930e+02
2.932924999999999827e+01 1.628100000000000000e+04 1.654474262487141095e+04 -2.637426248714109533e+02
2.934596000000000160e+01 1.327900000000000000e+04 1.426887963466888505e+04 -9.898796346688850463e+02
2.936268000000000100e+01 1.128700000000000000e+04 1.176324333499320892e+04 -4.762433349932089186e+02
2.937939000000000078e+01 9.516000000000000000e+03 9.472177102321111306e+03 4.382289767888869392e+01
2.939610000000000056e+01 7.573000000000000000e+03 7.648291798746806307e+03 -7.529179874680630746e+01
2.941281000000000034e+01 5.857000000000000000e+03 6.302889279440651080e+03 -4.458892794406510802e+02
2.942952000000000012e+01 4.837000000000000000e+03 5.347161117121695497e+03 -5.101611171216954972e+02
2.944622999999999990e+01 4.112000000000000000e+03 4.677282317964056347e+03 -5.652823179640563467e+02
2.946293999999999969e+01 3.754000000000000000e+03 4.204169555960958860e+03 -4.501695559609588599e+02
2.947964999999999947e+01 3.409000000000000000e+03 3.861434354300207815e+03 -4.524343543002078150e+02
2.949636999999999887e+01 3.166000000000000000e+03 3.604162686660805775e+03 -4.381626866608057753e+02
2.951307999999999865e+01 3.060000000000000000e+03 3.404431474922120287e+03 -3.444314749221202874e+02
2.952978999999999843e+01 2.884000000000000000e+03 3.244757148955502089e+03 -3.607571489555020889e+02
2.954650000000000176e+01 2.948000000000000000e+03 3.114331123568823386e+03 -1.663311235688233864e+02
2.956321000000000154e+01 2.790000000000000000e+03 3.006061148725389558e+03 -2.160611487253895575e+02
2.957992000000000132e+01 2.613000000000000000e+03 2.915023152492758527e+03 -3.020231524927585269e+02
2.959663000000000110e+01 2.639000000000000000e+03 2.837639877642263855e+03 -1.986398776422638548e+02
2.961335000000000051e+01 2.637000000000000000e+03 2.771194511414034423e+03 -1.341945114140344231e+02
2.963006000000000029e+01 2.572000000000000000e+03 2.713716196598631541e+03 -1.417161965986315408e+02
2.964677000000000007e+01 2.485000000000000000e+03 2.663570999562204634e+03 -1.785709995622046335e+02
2.966347999999999985e+01 2.559000000000000000e+03 2.619507775146392760e+03 -6.050777514639275978e+01
2.968018999999999963e+01 2.399000000000000000e+03 2.580531744066451211e+03 -1.815317440664512105e+02
2.969689999999999941e+01 2.434000000000000000e+03 2.545843960930271805e+03 -1.118439609302718054e+02
2.971360999999999919e+01 2.532000000000000000e+03 2.514796818963149235e+03 1.720318103685076494e+01
2.973031999999999897e+01 2.376000000000000000e+03 2.486860912285011182e+03 -1.108609122850111817e+02
2.974703999999999837e+01 2.431000000000000000e+03 2.461585671447437562e+03 -3.058567144743756216e+01
2.976375000000000171e+01 2.373000000000000000e+03 2.438639193084348790e+03 -6.563919308434878985e+01
2.978046000000000149e+01 2.437000000000000000e+03 2.417703215692420144e+03 1.929678430757985552e+01
2.979717000000000127e+01 2.360000000000000000e+03 2.398523532911221082e+03 -3.852353291122108203e+01
2.981388000000000105e+01 2.342000000000000000e+03 2.380885200950829130e+03 -3.888520095082913031e+01
2.983059000000000083e+01 2.369000000000000000e+03 2.364605493908399694e+03 4.394506091600305808e+00
2.984730000000000061e+01 2.380000000000000000e+03 2.349528294149391513e+03 3.047170585060848680e+01
2.986401000000000039e+01 2.436000000000000000e+03 2.335519593300922679e+03 1.004804066990773208e+02
2.988072999999999979e+01 2.284000000000000000e+03 2.322456311221034866e+03 -3.845631122103486632e+01
2.989743999999999957e+01 2.239000000000000000e+03 2.310254021660304716e+03 -7.125402166030471562e+01
2.991414999999999935e+01 2.334000000000000000e+03 2.298817751047808542e+03 3.518224895219145765e+01
2.993085999999999913e+01 2.278000000000000000e+03 2.288071742855947377e+03 -1.007174285594737739e+01
2.994756999999999891e+01 2.290000000000000000e+03 2.277949732930841037e+03 1.205026706915896284e+01
2.996427999999999869e+01 2.319000000000000000e+03 2.268393590630269500e+03 5.060640936973049975e+01
2.998098999999999847e+01 2.305000000000000000e+03 2.259352186065370461e+03 4.564781393462953929e+01
2.999769999999999825e+01 2.295000000000000000e+03 2.250780442044175288e+03 4.421955795582471183e+01
3.001442000000000121e+01 2.228000000000000000e+03 2.242633786734718797e+03 -1.463378673471879665e+01
3.003113000000000099e+01 2.305000000000000000e+03 2.234886713264571426e+03 7.011328673542857359e+01
3.004784000000000077e+01 2.247000000000000000e+03 2.227503009977592683e+03 1.949699002240731716e+01
3.006455000000000055e+01 2.256000000000000000e+03 2.220455001350445400e+03 3.554499864955459998e+01
3.008126000000000033e+01 2.284000000000000000e+03 2.213718144443149868e+03 7.028185555685013242e+01
3.009797000000000011e+01 2.229000000000000000e+03 2.207270684748869371e+03 2.172931525113062889e+01
3.011467999999999989e+01 2.374000000000000000e+03 2.201093365103713950e+03 1.729066348962860502e+02
3.013138999999999967e+01 2.239000000000000000e+03 2.195169180344451433e+03 4.383081965554856652e+01
3.014810999999999908e+01 2.322000000000000000e+03 2.189479837699200743e+03 1.325201623007992566e+02
3.016481999999999886e+01 2.260000000000000000e+03 2.184019054299610616e+03 7.598094570038938400e+01
3.018152999999999864e+01 2.200000000000000000e+03 2.178772013980717020e+03 2.122798601928298012e+01
3.019823999999999842e+01 2.223000000000000000e+03 2.173729001214458549e+03 4.927099878554145107e+01
3.021495000000000175e+01 2.266000000000000000e+03 2.168881846066118669e+03 9.711815393388133089e+01
3.023166000000000153e+01 2.245000000000000000e+03 2.164223867874904499e+03 8.077613212509550067e+01
3.024837000000000131e+01 2.241000000000000000e+03 2.159749844868367745e+03 8.125015513163225478e+01
3.026508000000000109e+01 2.166000000000000000e+03 2.155456010355225771e+03 1.054398964477422851e+01
3.028180000000000049e+01 2.232000000000000000e+03 2.151337666953058033e+03 8.066233304694196704e+01
3.029851000000000028e+01 2.158000000000000000e+03 2.147398988335911326e+03 1.060101166408867357e+01
3.031522000000000006e+01 2.244000000000000000e+03 2.143638331119387203e+03 1.003616688806127968e+02
3.033192999999999984e+01 2.219000000000000000e+03 2.140058322866509116e+03 7.894167713349088444e+01
3.034863999999999962e+01 2.191000000000000000e+03 2.136663523879562945e+03 5.433647612043705522e+01
3.036534999999999940e+01 2.116000000000000000e+03 2.133460663125472365e+03 -1.746066312547236521e+01
3.038205999999999918e+01 2.146000000000000000e+03 2.130458945635001783e+03 1.554105436499821735e+01
3.039876999999999896e+01 2.147000000000000000e+03 2.127670449475102942e+03 1.932955052489705849e+01
3.041548999999999836e+01 2.141000000000000000e+03 2.125109176785599175e+03 1.589082321440082524e+01
3.043220000000000169e+01 2.214000000000000000e+03 2.122797705466336538e+03 9.120229453366346206e+01
3.044891000000000147e+01 2.139000000000000000e+03 2.120758829171994421e+03 1.824117082800557910e+01
3.046562000000000126e+01 2.124000000000000000e+03 2.119022933526623092e+03 4.977066473376908107e+00
3.048233000000000104e+01 2.143000000000000000e+03 2.117627829733454291e+03 2.537217026654570873e+01
3.049904000000000082e+01 2.111000000000000000e+03 2.116620643227370238e+03 -5.620643227370237582e+00
3.051575000000000060e+01 2.142000000000000000e+03 2.116060321610344999e+03 2.593967838965500050e+01
3.053246000000000038e+01 2.213000000000000000e+03 2.116021001358250487e+03 9.697899864174951290e+01
3.054917999999999978e+01 2.186000000000000000e+03 2.116597138249126147e+03 6.940286175087385345e+01
3.056588999999999956e+01 2.171000000000000000e+03 2.117908124091721220e+03 5.309187590827878012e+01
3.058259999999999934e+01 2.210000000000000000e+03 2.120109251464118643e+03 8.989074853588135738e+01
3.059930999999999912e+01 2.097000000000000000e+03 2.123404059180714739e+03 -2.640405918071473934e+01
3.061601999999999890e+01 2.173000000000000000e+03 2.128065150207466104e+03 4.493484979253389611e+01
3.063272999999999868e+01 2.139000000000000000e+03 2.134468271376615576e+03 4.531728623384424282e+00
3.064943999999999846e+01 2.163000000000000000e+03 2.143150967352834869e+03 1.984903264716513149e+01
3.066616000000000142e+01 2.210000000000000000e+03 2.154922620576878217e+03 5.507737942312178347e+01
3.068287000000000120e+01 2.218000000000000000e+03 2.171006269535172123e+03 4.699373046482787686e+01
3.069958000000000098e+01 2.148000000000000000e+03 2.193349089923743122e+03 -4.534908992374312220e+01
3.071629000000000076e+01 2.317000000000000000e+03 2.224974124290222335e+03 9.202587570977766518e+01
3.073300000000000054e+01 2.417000000000000000e+03 2.270419429557958210e+03 1.465805704420417896e+02
3.074971000000000032e+01 2.410000000000000000e+03 2.336021148800848550e+03 7.397885119915144969e+01
3.076642000000000010e+01 2.519000000000000000e+03 2.429561316834404352e+03 8.943868316559564846e+01
3.078312999999999988e+01 2.473000000000000000e+03 2.558568185974203516e+03 -8.556818597420351580e+01
3.079984999999999928e+01 2.545000000000000000e+03 2.726862397596954452e+03 -1.818623975969544517e+02
3.081655999999999906e+01 2.647000000000000000e+03 2.929113959370431530e+03 -2.821139593704315303e+02
3.083326999999999884e+01 2.763000000000000000e+03 3.147933144574710695e+03 -3.849331445747106955e+02
3.084997999999999863e+01 2.821000000000000000e+03 3.347303770132574755e+03 -5.263037701325747548e+02
3.086668999999999841e+01 2.757000000000000000e+03 3.469419742241613676e+03 -7.124197422416136760e+02
3.088340000000000174e+01 2.918000000000000000e+03 3.472840614217685470e+03 -5.548406142176854701e+02
3.090011000000000152e+01 2.835000000000000000e+03 3.382369962891280920e+03 -5.473699628912809203e+02
3.091682000000000130e+01 2.893000000000000000e+03 3.261905662077304441e+03 -3.689056620773044415e+02
3.093354000000000070e+01 2.768000000000000000e+03 3.141397220868101613e+03 -3.733972208681016127e+02
3.095025000000000048e+01 2.552000000000000000e+03 3.005585778608884539e+03 -4.535857786088845387e+02
3.096696000000000026e+01 2.581000000000000000e+03 2.838974305338302656e+03 -2.579743053383026563e+02
3.098367000000000004e+01 2.535000000000000000e+03 2.659362632602992562e+03 -1.243626326029925622e+02
3.100037999999999982e+01 2.427000000000000000e+03 2.497663872604393873e+03 -7.066387260439387319e+01
3.101708999999999961e+01 2.355000000000000000e+03 2.368921906617437799e+03 -1.392190661743779856e+01
3.103379999999999939e+01 2.266000000000000000e+03 2.272799925392524528e+03 -6.799925392524528434e+00
3.105050999999999917e+01 2.202000000000000000e+03 2.203108737479341926e+03 -1.108737479341925791e+00
3.106722999999999857e+01 2.147000000000000000e+03 2.152877482240941845e+03 -5.877482240941844793e+00
3.108393999999999835e+01 2.186000000000000000e+03 2.116229695375359370e+03 6.977030462464063021e+01
3.110065000000000168e+01 2.047000000000000000e+03 2.088682625486276720e+03 -4.168262548627672004e+01
3.111736000000000146e+01 2.087000000000000000e+03 2.067199635556122757e+03 1.980036444387724259e+01
3.113407000000000124e+01 2.133000000000000000e+03 2.049835612362575375e+03 8.316438763742462470e+01
3.115078000000000102e+01 2.146000000000000000e+03 2.035376869366108622e+03 1.106231306338913782e+02
3.116749000000000080e+01 2.134000000000000000e+03 2.023054927733291606e+03 1.109450722667083937e+02
3.118420000000000059e+01 2.054000000000000000e+03 2.012361049773782952e+03 4.163895022621704811e+01
3.120091999999999999e+01 2.063000000000000000e+03 2.002934884214806743e+03 6.006511578519325667e+01
3.121762999999999977e+01 2.027000000000000000e+03 1.994528697142832925e+03 3.247130285716707476e+01
3.123433999999999955e+01 1.958000000000000000e+03 1.986941862585853869e+03 -2.894186258585386895e+01
3.125104999999999933e+01 2.095000000000000000e+03 1.980024963021734493e+03 1.149750369782655071e+02
3.126775999999999911e+01 2.040000000000000000e+03 1.973661535162808377e+03 6.633846483719162279e+01
3.128446999999999889e+01 2.033000000000000000e+03 1.967759665200689597e+03 6.524033479931040347e+01
3.130117999999999867e+01 2.057000000000000000e+03 1.962246017399832454e+03 9.475398260016754648e+01
3.131788999999999845e+01 2.068000000000000000e+03 1.957061496838939092e+03 1.109385031610609076e+02
3.133461000000000141e+01 1.980000000000000000e+03 1.952155190887860499e+03 2.784480911213950094e+01
3.135132000000000119e+01 2.047000000000000000e+03 1.947493545917505571e+03 9.950645408249442880e+01
3.136803000000000097e+01 2.001000000000000000e+03 1.943040987272062239e+03 5.795901272793776116e+01
3.138474000000000075e+01 1.934000000000000000e+03 1.938686367092372620e+03 -4.686367092372620391e+00
3.140145000000000053e+01 2.027000000000000000e+03 1.934576064576271165e+03 9.242393542372883530e+01
3.141816000000000031e+01 2.008000000000000000e+03 1.930605867926613428e+03 7.739413207338657230e+01
3.143487000000000009e+01 1.994000000000000000e+03 1.926759535905684515e+03 6.724046409431548454e+01
3.145157999999999987e+01 1.891000000000000000e+03 1.923023218277608066e+03 -3.202321827760806627e+01
3.146829999999999927e+01 2.063000000000000000e+03 1.919338937480003779e+03 1.436610625199962215e+02
3.148500999999999905e+01 1.860000000000000000e+03 1.915789249560305961e+03 -5.578924956030596150e+01
3.150171999999999883e+01 2.031000000000000000e+03 1.912318617201944335e+03 1.186813827980556653e+02
3.151842999999999861e+01 1.890000000000000000e+03 1.908919353359070328e+03 -1.891935335907032822e+01
3.153513999999999839e+01 1.982000000000000000e+03 1.905584751249184819e+03 7.641524875081518076e+01
3.155185000000000173e+01 1.917000000000000000e+03 1.902308936843838865e+03 1.469106315616113534e+01
3.156856000000000151e+01 1.904000000000000000e+03 1.899086746707063185e+03 4.913253292936815342e+00
3.158527000000000129e+01 1.916000000000000000e+03 1.895913626316034197e+03 2.008637368396580314e+01
3.160199000000000069e+01 1.956000000000000000e+03 1.892783685793280029e+03 6.321631420671997148e+01
3.161870000000000047e+01 1.949000000000000000e+03 1.889697089216537734e+03 5.930291078346226641e+01
3.163541000000000025e+01 1.959000000000000000e+03 1.886648765685230501e+03 7.235123431476949918e+01
3.165212000000000003e+01 1.948000000000000000e+03 1.883635870436196910e+03 6.436412956380308970e+01
3.166882999999999981e+01 1.915000000000000000e+03 1.880655856340770242e+03 3.434414365922975776e+01
3.168553999999999959e+01 1.947000000000000000e+03 1.877706436826535764e+03 6.929356317346423566e+01
3.170224999999999937e+01 1.919000000000000000e+03 1.874785554109076884e+03 4.421444589092311617e+01
3.171896999999999878e+01 1.893000000000000000e+03 1.871889627506691113e+03 2.111037249330888699e+01
3.173567999999999856e+01 1.759000000000000000e+03 1.869020441867737190e+03 -1.100204418677371905e+02
3.175238999999999834e+01 1.889000000000000000e+03 1.866174736603830979e+03 2.282526339616902078e+01
3.176910000000000167e+01 1.916000000000000000e+03 1.863351130781032225e+03 5.264886921896777494e+01
3.178581000000000145e+01 1.944000000000000000e+03 1.860548367902292057e+03 8.345163209770794310e+01
3.180252000000000123e+01 1.862000000000000000e+03 1.857765302468814070e+03 4.234697531185929620e+00
3.181923000000000101e+01 1.908000000000000000e+03 1.855000888218961563e+03 5.299911178103843667e+01
3.183594000000000079e+01 1.904000000000000000e+03 1.852254167808702050e+03 5.174583219129794998e+01
3.185266000000000020e+01 1.920000000000000000e+03 1.849522634910104898e+03 7.047736508989510185e+01
3.186936999999999998e+01 1.901000000000000000e+03 1.846808750858078838e+03 5.419124914192116194e+01
3.188607999999999976e+01 1.919000000000000000e+03 1.844110136145610795e+03 7.488986385438920479e+01
3.190278999999999954e+01 1.873000000000000000e+03 1.841426108399747363e+03 3.157389160025263664e+01
3.191949999999999932e+01 1.917000000000000000e+03 1.838756038180515588e+03 7.824396181948441154e+01
3.193620999999999910e+01 1.952000000000000000e+03 1.836099344034033493e+03 1.159006559659665072e+02
3.195291999999999888e+01 1.974000000000000000e+03 1.833455488083174487e+03 1.405445119168255133e+02
3.196962999999999866e+01 1.883000000000000000e+03 1.830823972089670860e+03 5.217602791032913956e+01
3.198635000000000161e+01 1.850000000000000000e+03 1.828202769692695028e+03 2.179723030730497157e+01
3.200305999999999784e+01 1.875000000000000000e+03 1.825594586930742480e+03 4.940541306925751996e+01
3.201977000000000118e+01 1.880000000000000000e+03 1.822997453560482882e+03 5.700254643951711842e+01
3.203647999999999740e+01 1.765000000000000000e+03 1.820410998120041540e+03 -5.541099812004154046e+01
3.205319000000000074e+01 1.817000000000000000e+03 1.817834874415343620e+03 -8.348744153436200577e-01
3.206989999999999696e+01 1.796000000000000000e+03 1.815268759444910984e+03 -1.926875944491098380e+01
3.208661000000000030e+01 1.894000000000000000e+03 1.812712351523849748e+03 8.128764847615025246e+01
3.210331999999999653e+01 1.811000000000000000e+03 1.810165368585309352e+03 8.346314146906479436e-01
3.212004000000000303e+01 1.857000000000000000e+03 1.807626030588495269e+03 4.937396941150473140e+01
3.213674999999999926e+01 1.825000000000000000e+03 1.805097127590634273e+03 1.990287240936572744e+01
3.215346000000000259e+01 1.864000000000000000e+03 1.802576906239625259e+03 6.142309376037474067e+01
3.217016999999999882e+01 1.863000000000000000e+03 1.800065148890270848e+03 6.293485110972915209e+01
3.218688000000000216e+01 1.792000000000000000e+03 1.797561651089647967e+03 -5.561651089647966728e+00
3.220358999999999838e+01 1.848000000000000000e+03 1.795066220612808593e+03 5.293377938719140730e+01
3.222030000000000172e+01 1.861000000000000000e+03 1.792578676581131049e+03 6.842132341886895119e+01
3.223700999999999794e+01 1.819000000000000000e+03 1.790098848655301481e+03 2.890115134469851910e+01
3.225372999999999735e+01 1.833000000000000000e+03 1.787625099010452232e+03 4.537490098954776840e+01
3.227044000000000068e+01 1.810000000000000000e+03 1.785160235185604051e+03 2.483976481439594863e+01
3.228714999999999691e+01 1.816000000000000000e+03 1.782702632503800032e+03 3.329736749619996772e+01
3.230386000000000024e+01 1.791000000000000000e+03 1.780252155972303171e+03 1.074784402769682856e+01
3.232056999999999647e+01 1.826000000000000000e+03 1.777808677994074515e+03 4.819132200592548543e+01
3.233727999999999980e+01 1.817000000000000000e+03 1.775372077881129371e+03 4.162792211887062876e+01
3.235399000000000314e+01 1.869000000000000000e+03 1.772942241405520008e+03 9.605775859447999210e+01
3.237069999999999936e+01 1.821000000000000000e+03 1.770519060384590603e+03 5.048093961540939745e+01
3.238741999999999877e+01 1.822000000000000000e+03 1.768100988023111768e+03 5.389901197688823231e+01
3.240413000000000210e+01 1.819000000000000000e+03 1.765690819491263028e+03 5.330918050873697212e+01
3.242083999999999833e+01 1.845000000000000000e+03 1.763287014389825117e+03 8.171298561017488282e+01
3.243755000000000166e+01 1.689000000000000000e+03 1.760889485159019614e+03 -7.188948515901961400e+01
3.245425999999999789e+01 1.821000000000000000e+03 1.758498148629220850e+03 6.250185137077914987e+01
3.247097000000000122e+01 1.816000000000000000e+03 1.756112925758096480e+03 5.988707424190351958e+01
3.248767999999999745e+01 1.797000000000000000e+03 1.753733741386216479e+03 4.326625861378352056e+01
3.250439000000000078e+01 1.737000000000000000e+03 1.751360524009604887e+03 -1.436052400960488740e+01
3.252111000000000018e+01 1.848000000000000000e+03 1.748991790613334615e+03 9.900820938666538495e+01
3.253782000000000352e+01 1.784000000000000000e+03 1.746630309764961339e+03 3.736969023503866083e+01
3.255452999999999975e+01 1.791000000000000000e+03 1.744274601248950830e+03 4.672539875104916973e+01
3.257124000000000308e+01 1.804000000000000000e+03 1.741924606204623615e+03 6.207539379537638524e+01
3.258794999999999931e+01 1.731000000000000000e+03 1.739580268500406419e+03 -8.580268500406418752e+00
3.260466000000000264e+01 1.795000000000000000e+03 1.737241534583527709e+03 5.775846541647229060e+01
3.262136999999999887e+01 1.821000000000000000e+03 1.734908353339383666e+03 8.609164666061633397e+01
3.263808000000000220e+01 1.792000000000000000e+03 1.732580675959811288e+03 5.941932404018871239e+01
3.265480000000000160e+01 1.798000000000000000e+03 1.730257067725741990e+03 6.774293227425800978e+01
3.267150999999999783e+01 1.716000000000000000e+03 1.727940263493296015e+03 -1.194026349329601544e+01
3.268822000000000116e+01 1.702000000000000000e+03 1.725628829318030512e+03 -2.362882931803051179e+01
3.270492999999999739e+01 1.778000000000000000e+03 1.723322724458191942e+03 5.467727554180805782e+01
3.272164000000000073e+01 1.715000000000000000e+03 1.721021909932605240e+03 -6.021909932605240101e+00
3.273834999999999695e+01 1.794000000000000000e+03 1.718726348430501503e+03 7.527365156949849734e+01
3.275506000000000029e+01 1.715000000000000000e+03 1.716436004226660998e+03 -1.436004226660998029e+00
3.277177999999999969e+01 1.779000000000000000e+03 1.714149477105656160e+03 6.485052289434383965e+01
3.278849000000000302e+01 1.745000000000000000e+03 1.711869469342650063e+03 3.313053065734993652e+01
3.280519999999999925e+01 1.715000000000000000e+03 1.709594580420980492e+03 5.405419579019508092e+00
3.282191000000000258e+01 1.762000000000000000e+03 1.707324780204113267e+03 5.467521979588673275e+01
3.283861999999999881e+01 1.735000000000000000e+03 1.705060039784781111e+03 2.993996021521888906e+01
3.285533000000000214e+01 1.712000000000000000e+03 1.702800331425314425e+03 9.199668574685574640e+00
3.287203999999999837e+01 1.702000000000000000e+03 1.700545628501272176e+03 1.454371498727823564e+00
3.288875000000000171e+01 1.710000000000000000e+03 1.698295905448137091e+03 1.170409455186290870e+01
3.290547000000000111e+01 1.686000000000000000e+03 1.696049795821892758e+03 -1.004979582189275789e+01
3.292217999999999734e+01 1.733000000000000000e+03 1.693809962751844978e+03 3.919003724815502210e+01
3.293889000000000067e+01 1.714000000000000000e+03 1.691575038714596758e+03 2.242496128540324207e+01
3.295559999999999690e+01 1.700000000000000000e+03 1.689345001907873439e+03 1.065499809212656146e+01
3.297231000000000023e+01 1.693000000000000000e+03 1.687119831362606419e+03 5.880168637393580866e+00
3.298901999999999646e+01 1.684000000000000000e+03 1.684899506904461532e+03 -8.995069044615320308e-01
3.300572999999999979e+01 1.709000000000000000e+03 1.682684009117326923e+03 2.631599088267307707e+01
3.302244000000000312e+01 1.755000000000000000e+03 1.680473319308661758e+03 7.452668069133824247e+01
3.303916000000000253e+01 1.732000000000000000e+03 1.678266100799597552e+03 5.373389920040244760e+01
3.305586999999999875e+01 1.674000000000000000e+03 1.676064976452714063e+03 -2.064976452714063271e+00
3.307258000000000209e+01 1.718000000000000000e+03 1.670866563871914650e+03 4.713343612808534999e+01
3.308928999999999832e+01 1.733000000000000000e+03 1.668700991614244458e+03 6.429900838575554189e+01
3.310600000000000165e+01 1.759000000000000000e+03 1.666539805864638083e+03 9.246019413536191678e+01
3.312270999999999788e+01 1.740000000000000000e+03 1.664382997447636171e+03 7.561700255236382873e+01
3.313942000000000121e+01 1.588000000000000000e+03 1.662230557587841304e+03 -7.423055758784130376e+01
3.315612999999999744e+01 1.726000000000000000e+03 1.658505918279497564e+03 6.749408172050243593e+01
3.317284999999999684e+01 1.727000000000000000e+03 1.656374569299428458e+03 7.062543070057154182e+01
3.318956000000000017e+01 1.667000000000000000e+03 1.654248664174914666e+03 1.275133582508533436e+01
3.320627000000000351e+01 1.663000000000000000e+03 1.652126922593404970e+03 1.087307740659502997e+01
3.322297999999999973e+01 1.670000000000000000e+03 1.650009340465235937e+03 1.999065953476406321e+01
3.323969000000000307e+01 1.707000000000000000e+03 1.647895913931437690e+03 5.910408606856231017e+01
3.325639999999999930e+01 1.644000000000000000e+03 1.645786639350539417e+03 -1.786639350539417137e+00
3.327311000000000263e+01 1.635000000000000000e+03 1.643681513286014251e+03 -8.681513286014251207e+00
3.328981999999999886e+01 1.624000000000000000e+03 1.641580532494371482e+03 -1.758053249437148224e+01
3.330653999999999826e+01 1.670000000000000000e+03 1.639482440312846393e+03 3.051755968715360723e+01
3.332325000000000159e+01 1.645000000000000000e+03 1.637389743528824738e+03 7.610256471175262050e+00
3.333995999999999782e+01 1.570000000000000000e+03 1.635301183333254130e+03 -6.530118333325413005e+01
3.335667000000000115e+01 1.625000000000000000e+03 1.633216757146978352e+03 -8.216757146978352466e+00
3.337337999999999738e+01 1.650000000000000000e+03 1.631136462532510222e+03 1.886353746748977755e+01
3.339009000000000071e+01 1.716000000000000000e+03 1.629060297185196987e+03 8.693970281480301310e+01
3.340679999999999694e+01 1.640000000000000000e+03 1.626988258924834554e+03 1.301174107516544609e+01
3.342351000000000028e+01 1.659000000000000000e+03 1.624920345687647796e+03 3.407965431235220422e+01
3.344022999999999968e+01 1.690000000000000000e+03 1.622855321689830134e+03 6.714467831016986565e+01
3.345694000000000301e+01 1.567000000000000000e+03 1.620795655201504132e+03 -5.379565520150413249e+01
3.347364999999999924e+01 1.645000000000000000e+03 1.618740108168271263e+03 2.625989183172873709e+01
3.349036000000000257e+01 1.555000000000000000e+03 1.616688678919511403e+03 -6.168867891951140336e+01
3.350706999999999880e+01 1.660000000000000000e+03 1.614641365866374827e+03 4.535863413362517349e+01
3.352378000000000213e+01 1.609000000000000000e+03 1.612598167495800453e+03 -3.598167495800453253e+00
3.354048999999999836e+01 1.632000000000000000e+03 1.610559082364801952e+03 2.144091763519804772e+01
3.355720000000000169e+01 1.623000000000000000e+03 1.608524109095011454e+03 1.447589090498854603e+01
3.357392000000000110e+01 1.594000000000000000e+03 1.606492032240237677e+03 -1.249203224023767689e+01
3.359062999999999732e+01 1.604000000000000000e+03 1.604465281249345026e+03 -4.652812493450255715e-01
3.360734000000000066e+01 1.560000000000000000e+03 1.602442638320834021e+03 -4.244263832083402121e+01
3.362404999999999688e+01 1.599000000000000000e+03 1.600424102285238405e+03 -1.424102285238404875e+00
3.364076000000000022e+01 1.618000000000000000e+03 1.598409672014005537e+03 1.959032798599446323e+01
3.365747000000000355e+01 1.645000000000000000e+03 1.596399346415385935e+03 4.860065358461406504e+01
3.367417999999999978e+01 1.622000000000000000e+03 1.594393124430506532e+03 2.760687556949346799e+01
3.369089000000000311e+01 1.588000000000000000e+03 1.592391005029613325e+03 -4.391005029613324950e+00
3.370761000000000251e+01 1.648000000000000000e+03 1.590391792734455748e+03 5.760820726554425164e+01
3.372431999999999874e+01 1.619000000000000000e+03 1.588397877964738427e+03 3.060212203526157282e+01
3.374103000000000208e+01 1.646000000000000000e+03 1.586408062828931861e+03 5.959193717106813892e+01
3.375773999999999830e+01 1.628000000000000000e+03 1.584422346379566306e+03 4.357765362043369350e+01
3.377445000000000164e+01 1.547000000000000000e+03 1.582440727681928138e+03 -3.544072768192813783e+01
3.379115999999999786e+01 1.605000000000000000e+03 1.580463205811220860e+03 2.453679418877914031e+01
3.380787000000000120e+01 1.609000000000000000e+03 1.578489779849837305e+03 3.051022015016269506e+01
3.382459000000000060e+01 1.599000000000000000e+03 1.576519271576248912e+03 2.248072842375108849e+01
3.384129999999999683e+01 1.574000000000000000e+03 1.574554037146422161e+03 -5.540371464221607312e-01
3.385801000000000016e+01 1.636000000000000000e+03 1.572592895890334148e+03 6.340710410966585187e+01
3.387472000000000349e+01 1.619000000000000000e+03 1.570635846894320593e+03 4.836415310567940651e+01
3.389142999999999972e+01 1.552000000000000000e+03 1.568682889240037639e+03 -1.668288924003763896e+01
3.390814000000000306e+01 1.632000000000000000e+03 1.566734022002386610e+03 6.526597799761339047e+01
3.392484999999999928e+01 1.570000000000000000e+03 1.564789244247554734e+03 5.210755752445265898e+00
3.394156000000000262e+01 1.540000000000000000e+03 1.562848555031115893e+03 -2.284855503111589314e+01
3.395828000000000202e+01 1.631000000000000000e+03 1.560910795672156155e+03 7.008920432784384502e+01
3.397498999999999825e+01 1.613000000000000000e+03 1.558978283093200389e+03 5.402171690679961102e+01
3.399170000000000158e+01 1.582000000000000000e+03 1.557049856137526604e+03 2.495014386247339644e+01
3.400840999999999781e+01 1.495000000000000000e+03 1.555125513801064017e+03 -6.012551380106401666e+01
3.402512000000000114e+01 1.548000000000000000e+03 1.553205255060905984e+03 -5.205255060905983555e+00
3.404182999999999737e+01 1.608000000000000000e+03 1.551289078873885956e+03 5.671092112611404445e+01
3.405854000000000070e+01 1.562000000000000000e+03 1.549376984175211419e+03 1.262301582478858109e+01
3.407524999999999693e+01 1.594000000000000000e+03 1.547468969877168547e+03 4.653103012283145290e+01
3.409197000000000344e+01 1.495000000000000000e+03 1.545563896690424826e+03 -5.056389669042482637e+01
3.410867999999999967e+01 1.579000000000000000e+03 1.543664042272856705e+03 3.533595772714329541e+01
3.412539000000000300e+01 1.507000000000000000e+03 1.541768264842403141e+03 -3.476826484240314130e+01
3.414209999999999923e+01 1.495000000000000000e+03 1.539876563207795925e+03 -4.487656320779592534e+01
3.415881000000000256e+01 1.540000000000000000e+03 1.537988936149190067e+03 2.011063850809932774e+00
3.417551999999999879e+01 1.584000000000000000e+03 1.536105382417190185e+03 4.789461758280981485e+01
3.419223000000000212e+01 1.509000000000000000e+03 1.534225900731921683e+03 -2.522590073192168347e+01
3.420893999999999835e+01 1.514000000000000000e+03 1.532350489782148770e+03 -1.835048978214877025e+01
3.422565999999999775e+01 1.544000000000000000e+03 1.530478029549325129e+03 1.352197045067487124e+01
3.424237000000000108e+01 1.533000000000000000e+03 1.528610758441277994e+03 4.389241558722005720e+00
3.425907999999999731e+01 1.533000000000000000e+03 1.526747553937781504e+03 6.252446062218496081e+00
3.427579000000000065e+01 1.536000000000000000e+03 1.524888414594123105e+03 1.111158540587689458e+01
3.429249999999999687e+01 1.425000000000000000e+03 1.523033338930420996e+03 -9.803333893042099589e+01
3.430921000000000021e+01 1.485000000000000000e+03 1.521182325430975197e+03 -3.618232543097519738e+01
3.432592000000000354e+01 1.595000000000000000e+03 1.519335372543650237e+03 7.566462745634976272e+01
3.434262999999999977e+01 1.553000000000000000e+03 1.517492478679290343e+03 3.550752132070965672e+01
3.435934999999999917e+01 1.480000000000000000e+03 1.515652542984895263e+03 -3.565254298489526263e+01
3.437606000000000250e+01 1.456000000000000000e+03 1.513817764674822456e+03 -5.781776467482245607e+01
3.439276999999999873e+01 1.530000000000000000e+03 1.511987040391743449e+03 1.801295960825655129e+01
3.440948000000000206e+01 1.452000000000000000e+03 1.510160368393180988e+03 -5.816036839318098828e+01
3.442618999999999829e+01 1.456000000000000000e+03 1.508337746897175521e+03 -5.233774689717552064e+01
3.444290000000000163e+01 1.489000000000000000e+03 1.506519174081860911e+03 -1.751917408186091052e+01
3.445960999999999785e+01 1.569000000000000000e+03 1.504704648085089275e+03 6.429535191491072510e+01
3.447632000000000119e+01 1.467000000000000000e+03 1.502894167004059000e+03 -3.589416700405899974e+01
3.449304000000000059e+01 1.503000000000000000e+03 1.501086649052921757e+03 1.913350947078242825e+00
3.450974999999999682e+01 1.554000000000000000e+03 1.499284254348386185e+03 5.471574565161381543e+01
3.452646000000000015e+01 1.502000000000000000e+03 1.497485898602760699e+03 4.514101397239301150e+00
3.454317000000000348e+01 1.472000000000000000e+03 1.495691579747427340e+03 -2.369157974742734041e+01
3.455987999999999971e+01 1.441000000000000000e+03 1.493901295671632624e+03 -5.290129567163262436e+01
3.457659000000000304e+01 1.570000000000000000e+03 1.492115044222238566e+03 7.788495577776143364e+01
3.459329999999999927e+01 1.472000000000000000e+03 1.490332823203520775e+03 -1.833282320352077477e+01
3.461001000000000261e+01 1.536000000000000000e+03 1.488554630376948353e+03 4.744536962305164707e+01
3.462673000000000201e+01 1.465000000000000000e+03 1.486779402926292732e+03 -2.177940292629273245e+01
3.464343999999999824e+01 1.482000000000000000e+03 1.485009262003536151e+03 -3.009262003536150587e+00
3.466015000000000157e+01 1.470000000000000000e+03 1.483243142297381155e+03 -1.324314229738115500e+01
3.467685999999999780e+01 1.483000000000000000e+03 1.481481041396411683e+03 1.518958603588316691e+00
3.469357000000000113e+01 1.485000000000000000e+03 1.479722956845653243e+03 5.277043154346756637e+00
3.471027999999999736e+01 1.493000000000000000e+03 1.477968886146467412e+03 1.503111385353258811e+01
3.472699000000000069e+01 1.518000000000000000e+03 1.476218826756455655e+03 4.178117324354434459e+01
3.474369999999999692e+01 1.475000000000000000e+03 1.474472776089384979e+03 5.272239106150209409e-01
3.476042000000000343e+01 1.481000000000000000e+03 1.472729690197807713e+03 8.270309802192286952e+00
3.477712999999999965e+01 1.382000000000000000e+03 1.470766784085888730e+03 -8.876678408588873026e+01
3.479384000000000299e+01 1.400000000000000000e+03 1.469034652984304557e+03 -6.903465298430455732e+01
3.481054999999999922e+01 1.417000000000000000e+03 1.467306495665498687e+03 -5.030649566549868723e+01
3.482726000000000255e+01 1.414000000000000000e+03 1.465582309729434655e+03 -5.158230972943465531e+01
3.484396999999999878e+01 1.432000000000000000e+03 1.463862092723516071e+03 -3.186209272351607069e+01
3.486068000000000211e+01 1.551000000000000000e+03 1.462027466744240201e+03 8.897253325575979943e+01
3.487740000000000151e+01 1.461000000000000000e+03 1.460315159791250608e+03 6.848402087493923318e-01
3.489410999999999774e+01 1.462000000000000000e+03 1.458607826699583256e+03 3.392173300416743587e+00
3.491082000000000107e+01 1.498000000000000000e+03 1.456904439732576975e+03 4.109556026742302492e+01
3.492752999999999730e+01 1.451000000000000000e+03 1.455204996386664789e+03 -4.204996386664788588e+00
3.494424000000000063e+01 1.478000000000000000e+03 1.453509494102705730e+03 2.449050589729426974e+01
3.496094999999999686e+01 1.486000000000000000e+03 1.451817930266327494e+03 3.418206973367250612e+01
3.497766000000000020e+01 1.513000000000000000e+03 1.450130302208269313e+03 6.286969779173068673e+01
3.499437000000000353e+01 1.465000000000000000e+03 1.448446607204723705e+03 1.655339279527629515e+01
3.501109000000000293e+01 1.478000000000000000e+03 1.446765838408651007e+03 3.123416159134899317e+01
3.502779999999999916e+01 1.499000000000000000e+03 1.445090003475741469e+03 5.390999652425853128e+01
3.504451000000000249e+01 1.429000000000000000e+03 1.443418093100332499e+03 -1.441809310033249858e+01
3.506121999999999872e+01 1.484000000000000000e+03 1.441750104343826933e+03 4.224989565617306653e+01
3.507793000000000205e+01 1.455000000000000000e+03 1.440086034214791880e+03 1.491396578520812000e+01
3.509463999999999828e+01 1.438000000000000000e+03 1.438425879669302958e+03 -4.258796693029580638e-01
3.511135000000000161e+01 1.459000000000000000e+03 1.436769637611284224e+03 2.223036238871577552e+01
3.512805999999999784e+01 1.376000000000000000e+03 1.435117304892851735e+03 -5.911730489285173462e+01
3.514477999999999724e+01 1.444000000000000000e+03 1.433467892992438465e+03 1.053210700756153528e+01
3.516149000000000058e+01 1.469000000000000000e+03 1.431823371638672370e+03 3.717662836132763005e+01
3.517819999999999681e+01 1.485000000000000000e+03 1.430182749871406486e+03 5.481725012859351409e+01
3.519491000000000014e+01 1.408000000000000000e+03 1.428546024338903180e+03 -2.054602433890318025e+01
3.521162000000000347e+01 1.423000000000000000e+03 1.426913191639320758e+03 -3.913191639320757531e+00
3.522832999999999970e+01 1.298000000000000000e+03 1.425284248321057248e+03 -1.272842483210572482e+02
3.524504000000000303e+01 1.486000000000000000e+03 1.423659190883082601e+03 6.234080911691739857e+01
3.526174999999999926e+01 1.471000000000000000e+03 1.422038015775292479e+03 4.896198422470752121e+01
3.527846999999999866e+01 1.400000000000000000e+03 1.420419752698017192e+03 -2.041975269801719151e+01
3.529518000000000200e+01 1.426000000000000000e+03 1.418806333723555099e+03 7.193666276444901087e+00
3.531188999999999822e+01 1.487000000000000000e+03 1.417196786135628145e+03 6.980321386437185538e+01
3.532860000000000156e+01 1.380000000000000000e+03 1.415591106191166091e+03 -3.559110619116609087e+01
3.534530999999999779e+01 1.423000000000000000e+03 1.413989290099714935e+03 9.010709900285064577e+00
3.536202000000000112e+01 1.396000000000000000e+03 1.412391334023772970e+03 -1.639133402377296989e+01
3.537872999999999735e+01 1.416000000000000000e+03 1.410797234079130021e+03 5.202765920869978800e+00
3.539544000000000068e+01 1.404000000000000000e+03 1.409206986335206238e+03 -5.206986335206238437e+00
3.541216000000000008e+01 1.470000000000000000e+03 1.407619638595404695e+03 6.238036140459530543e+01
3.542887000000000342e+01 1.357000000000000000e+03 1.406037085576712116e+03 -4.903708557671211565e+01
3.544557999999999964e+01 1.428000000000000000e+03 1.404458372689705811e+03 2.354162731029418865e+01
3.546229000000000298e+01 1.366000000000000000e+03 1.402883495821668248e+03 -3.688349582166824803e+01
3.547899999999999920e+01 1.399000000000000000e+03 1.401312450815204102e+03 -2.312450815204101673e+00
3.549571000000000254e+01 1.359000000000000000e+03 1.399745233468561082e+03 -4.074523346856108219e+01
3.551241999999999877e+01 1.393000000000000000e+03 1.398181839535980089e+03 -5.181839535980088840e+00
3.552913000000000210e+01 1.388000000000000000e+03 1.396622264728020127e+03 -8.622264728020127222e+00
3.554585000000000150e+01 1.370000000000000000e+03 1.395065574817863535e+03 -2.506557481786353492e+01
3.556255999999999773e+01 1.330000000000000000e+03 1.393513627496794243e+03 -6.351362749679424269e+01
3.557927000000000106e+01 1.344000000000000000e+03 1.391965486170650820e+03 -4.796548617065081999e+01
3.559597999999999729e+01 1.407000000000000000e+03 1.390421146378601634e+03 1.657885362139836616e+01
3.561269000000000062e+01 1.406000000000000000e+03 1.388880603617807765e+03 1.711939638219223525e+01
3.562939999999999685e+01 1.378000000000000000e+03 1.387343853343758610e+03 -9.343853343758610208e+00
3.564611000000000018e+01 1.400000000000000000e+03 1.385810890970597939e+03 1.418910902940206142e+01
3.566282000000000352e+01 1.341000000000000000e+03 1.384281711871461312e+03 -4.328171187146131160e+01
3.567954000000000292e+01 1.376000000000000000e+03 1.382755399642346902e+03 -6.755399642346901601e+00
3.569624999999999915e+01 1.390000000000000000e+03 1.381233775305335257e+03 8.766224694664742856e+00
3.571296000000000248e+01 1.412000000000000000e+03 1.379715920116156667e+03 3.228407988384333294e+01
3.572966999999999871e+01 1.339000000000000000e+03 1.378201829287198507e+03 -3.920182928719850679e+01
3.574638000000000204e+01 1.391000000000000000e+03 1.376691497991483857e+03 1.430850200851614318e+01
3.576308999999999827e+01 1.329000000000000000e+03 1.375184921363018248e+03 -4.618492136301824758e+01
3.577980000000000160e+01 1.364000000000000000e+03 1.373682094497102526e+03 -9.682094497102525565e+00
3.579650999999999783e+01 1.420000000000000000e+03 1.372183012450670958e+03 4.781698754932904194e+01
3.581322999999999723e+01 1.294000000000000000e+03 1.370686776482684763e+03 -7.668677648268476332e+01
3.582994000000000057e+01 1.380000000000000000e+03 1.369195171327747175e+03 1.080482867225282462e+01
3.584664999999999679e+01 1.354000000000000000e+03 1.367707295933111027e+03 -1.370729593311102690e+01
3.586336000000000013e+01 1.368000000000000000e+03 1.366223145205477749e+03 1.776854794522250813e+00
3.588007000000000346e+01 1.403000000000000000e+03 1.364742714014815647e+03 3.825728598518435319e+01
3.589677999999999969e+01 1.383000000000000000e+03 1.363265997194681631e+03 1.973400280531836870e+01
3.591349000000000302e+01 1.441000000000000000e+03 1.361792989542542273e+03 7.920701045745772717e+01
3.593021000000000242e+01 1.383000000000000000e+03 1.360322807631952173e+03 2.267719236804782668e+01
3.594691999999999865e+01 1.377000000000000000e+03 1.358857204777338893e+03 1.814279522266110689e+01
3.596363000000000198e+01 1.362000000000000000e+03 1.357395295266657058e+03 4.604704733342941836e+00
3.598033999999999821e+01 1.385000000000000000e+03 1.355937073756244899e+03 2.906292624375510059e+01
3.599705000000000155e+01 1.396000000000000000e+03 1.354482534867964205e+03 4.151746513203579525e+01
3.601375999999999777e+01 1.418000000000000000e+03 1.353031673189528192e+03 6.496832681047180813e+01
3.603047000000000111e+01 1.286000000000000000e+03 1.351584483274815966e+03 -6.558448327481596607e+01
3.604717999999999734e+01 1.309000000000000000e+03 1.350140959644200393e+03 -4.114095964420039309e+01
3.606389999999999674e+01 1.344000000000000000e+03 1.348700236202436145e+03 -4.700236202436144595e+00
3.608061000000000007e+01 1.383000000000000000e+03 1.347264030754453643e+03 3.573596924554635734e+01
3.609732000000000340e+01 1.368000000000000000e+03 1.345831474950451138e+03 2.216852504954886172e+01
3.611402999999999963e+01 1.390000000000000000e+03 1.344402563179923391e+03 4.559743682007660937e+01
3.613074000000000296e+01 1.369000000000000000e+03 1.342977289800439621e+03 2.602271019956037890e+01
3.614744999999999919e+01 1.251000000000000000e+03 1.341555649137968658e+03 -9.055564913796865767e+01
3.616416000000000253e+01 1.355000000000000000e+03 1.340137635487185435e+03 1.486236451281456539e+01
3.618086999999999875e+01 1.409000000000000000e+03 1.338723243111793863e+03 7.027675688820613686e+01
3.619758999999999816e+01 1.288000000000000000e+03 1.337311623055149767e+03 -4.931162305514976651e+01
3.621430000000000149e+01 1.274000000000000000e+03 1.335904458057782676e+03 -6.190445805778267641e+01
3.623100999999999772e+01 1.312000000000000000e+03 1.334500896940704251e+03 -2.250089694070425139e+01
3.624772000000000105e+01 1.280000000000000000e+03 1.333100933846830912e+03 -5.310093384683091244e+01
3.626442999999999728e+01 1.310000000000000000e+03 1.331704562889668750e+03 -2.170456288966875036e+01
3.628114000000000061e+01 1.409000000000000000e+03 1.330311778153623663e+03 7.868822184637633654e+01
3.629784999999999684e+01 1.306000000000000000e+03 1.328922573694310131e+03 -2.292257369431013103e+01
3.631456000000000017e+01 1.305000000000000000e+03 1.327536943538859759e+03 -2.253694353885975943e+01
3.633127999999999957e+01 1.308000000000000000e+03 1.326154055666696422e+03 -1.815405566669642212e+01
3.634799000000000291e+01 1.296000000000000000e+03 1.324775558217993648e+03 -2.877555821799364821e+01
3.636469999999999914e+01 1.371000000000000000e+03 1.323400616983107284e+03 4.759938301689271611e+01
3.638141000000000247e+01 1.293000000000000000e+03 1.322029225878301986e+03 -2.902922587830198609e+01
3.639811999999999870e+01 1.285000000000000000e+03 1.322592647252297866e+03 -3.759264725229786563e+01
3.641483000000000203e+01 1.285000000000000000e+03 1.321246396276508221e+03 -3.624639627650822149e+01
3.643153999999999826e+01 1.380000000000000000e+03 1.319903931471710621e+03 6.009606852828937917e+01
3.644825000000000159e+01 1.324000000000000000e+03 1.318565251451005224e+03 5.434748548994775774e+00
3.646497000000000099e+01 1.301000000000000000e+03 1.317229557187260980e+03 -1.622955718726097984e+01
3.648167999999999722e+01 1.258000000000000000e+03 1.315898445193198540e+03 -5.789844519319854044e+01
3.649839000000000055e+01 1.305000000000000000e+03 1.315588233022028362e+03 -1.058823302202836203e+01
3.651509999999999678e+01 1.346000000000000000e+03 1.314274183017866108e+03 3.172581698213389245e+01
3.653181000000000012e+01 1.242000000000000000e+03 1.312964045988836688e+03 -7.096404598883668768e+01
3.654852000000000345e+01 1.330000000000000000e+03 1.311657823653893274e+03 1.834217634610672576e+01
3.656522999999999968e+01 1.272000000000000000e+03 1.310355517902856491e+03 -3.835551790285649076e+01
3.658194000000000301e+01 1.334000000000000000e+03 1.309057130802381835e+03 2.494286919761816534e+01
3.659866000000000241e+01 1.386000000000000000e+03 1.307761891110951865e+03 7.823810888904813510e+01
3.661536999999999864e+01 1.171000000000000000e+03 1.306471350598664003e+03 -1.354713505986640030e+02
3.663208000000000197e+01 1.297000000000000000e+03 1.305184736062300772e+03 -8.184736062300771664e+00
3.664878999999999820e+01 1.320000000000000000e+03 1.303902050339750076e+03 1.609794966024992391e+01
3.666550000000000153e+01 1.292000000000000000e+03 1.302623296478677275e+03 -1.062329647867727545e+01
3.668220999999999776e+01 1.290000000000000000e+03 1.301348477743784542e+03 -1.134847774378454233e+01
3.669892000000000110e+01 1.328000000000000000e+03 1.300077597624313739e+03 2.792240237568626071e+01
3.671562999999999732e+01 1.206000000000000000e+03 1.298810659841802590e+03 -9.281065984180258965e+01
3.673234999999999673e+01 1.215000000000000000e+03 1.297546913710720673e+03 -8.254691371072067341e+01
3.674906000000000006e+01 1.300000000000000000e+03 1.296287875101757209e+03 3.712124898242791460e+00
3.676577000000000339e+01 1.237000000000000000e+03 1.295032791472470763e+03 -5.803279147247076253e+01
3.678247999999999962e+01 1.213000000000000000e+03 1.293781667556752836e+03 -8.078166755675283639e+01
3.679919000000000295e+01 1.264000000000000000e+03 1.292534508363765781e+03 -2.853450836376578081e+01
3.681589999999999918e+01 1.241000000000000000e+03 1.291291319187466570e+03 -5.029131918746656993e+01
3.683261000000000251e+01 1.252000000000000000e+03 1.290052105616454128e+03 -3.805210561645412781e+01
3.684931999999999874e+01 1.251000000000000000e+03 1.288816873544182954e+03 -3.781687354418295399e+01
3.686603999999999814e+01 1.299000000000000000e+03 1.287584893543884846e+03 1.141510645611515429e+01
3.688275000000000148e+01 1.277000000000000000e+03 1.286357645814472107e+03 -9.357645814472107304e+00
3.689945999999999771e+01 1.292000000000000000e+03 1.285134399205165892e+03 6.865600794834108456e+00
3.691617000000000104e+01 1.188000000000000000e+03 1.283915160938694953e+03 -9.591516093869495307e+01
3.693287999999999727e+01 1.251000000000000000e+03 1.282699938599519555e+03 -3.169993859951955528e+01
3.694959000000000060e+01 1.269000000000000000e+03 1.281488740146486180e+03 -1.248874014648617958e+01
3.696629999999999683e+01 1.226000000000000000e+03 1.280281573925966995e+03 -5.428157392596699538e+01
3.698302000000000334e+01 1.248000000000000000e+03 1.279077729894027925e+03 -3.107772989402792518e+01
3.699972999999999956e+01 1.212000000000000000e+03 1.277878657223010350e+03 -6.587865722301035021e+01
3.701644000000000290e+01 1.190000000000000000e+03 1.276683644293519592e+03 -8.668364429351959188e+01
3.703314999999999912e+01 1.236000000000000000e+03 1.275492701143855584e+03 -3.949270114385558372e+01
3.704986000000000246e+01 1.248000000000000000e+03 1.274305838273387053e+03 -2.630583827338705305e+01
3.706656999999999869e+01 1.201000000000000000e+03 1.273156593517630427e+03 -7.215659351763042650e+01
3.708328000000000202e+01 1.250000000000000000e+03 1.271978321754423177e+03 -2.197832175442317748e+01
3.709998999999999825e+01 1.168000000000000000e+03 1.270804171800273480e+03 -1.028041718002734797e+02
3.711670999999999765e+01 1.244000000000000000e+03 1.269633457391786806e+03 -2.563345739178680560e+01
3.713342000000000098e+01 1.247000000000000000e+03 1.268467592151929694e+03 -2.146759215192969350e+01
3.715012999999999721e+01 1.244000000000000000e+03 1.267305888470048785e+03 -2.330588847004878517e+01
3.716684000000000054e+01 1.198000000000000000e+03 1.266165995048866989e+03 -6.816599504886698924e+01
3.718354999999999677e+01 1.264000000000000000e+03 1.265012866958424411e+03 -1.012866958424410768e+00
3.720026000000000010e+01 1.207000000000000000e+03 1.263863949263751010e+03 -5.686394926375101022e+01
3.721697000000000344e+01 1.246000000000000000e+03 1.262719258389893412e+03 -1.671925838989341173e+01
3.723367999999999967e+01 1.247000000000000000e+03 1.261578811453826120e+03 -1.457881145382611976e+01
3.725039999999999907e+01 1.264000000000000000e+03 1.260441947626625051e+03 3.558052373374948729e+00
3.726711000000000240e+01 1.256000000000000000e+03 1.259310045381983400e+03 -3.310045381983400148e+00
3.728381999999999863e+01 1.256000000000000000e+03 1.258182442852648592e+03 -2.182442852648591725e+00
3.730053000000000196e+01 1.217000000000000000e+03 1.257059160192645550e+03 -4.005916019264554961e+01
3.731723999999999819e+01 1.200000000000000000e+03 1.255940218388206404e+03 -5.594021838820640369e+01
3.733395000000000152e+01 1.276000000000000000e+03 1.254825639289520041e+03 2.117436071047995938e+01
3.735065999999999775e+01 1.182000000000000000e+03 1.253715445643872954e+03 -7.171544564387295395e+01
3.736737000000000108e+01 1.175000000000000000e+03 1.252609661130231189e+03 -7.760966113023118851e+01
3.738409000000000049e+01 1.239000000000000000e+03 1.251507652631112023e+03 -1.250765263111202330e+01
3.740079999999999671e+01 1.229000000000000000e+03 1.250410764003854865e+03 -2.141076400385486522e+01
3.741751000000000005e+01 1.215000000000000000e+03 1.249318361521054840e+03 -3.431836152105483961e+01
3.743422000000000338e+01 1.189000000000000000e+03 1.248230472966573643e+03 -5.923047296657364313e+01
3.745092999999999961e+01 1.225000000000000000e+03 1.247147127253381996e+03 -2.214712725338199562e+01
3.746764000000000294e+01 1.268000000000000000e+03 1.246068354468543475e+03 2.193164553145652462e+01
3.748434999999999917e+01 1.161000000000000000e+03 1.244994185920271548e+03 -8.399418592027154773e+01
3.750106000000000250e+01 1.228000000000000000e+03 1.243924654187152555e+03 -1.592465418715255510e+01
3.751778000000000191e+01 1.176000000000000000e+03 1.242859157315320090e+03 -6.685915731532008977e+01
3.753448999999999813e+01 1.216000000000000000e+03 1.241799005116878561e+03 -2.579900511687856124e+01
3.755120000000000147e+01 1.155000000000000000e+03 1.240743595641365800e+03 -8.574359564136580047e+01
3.756790999999999769e+01 1.156000000000000000e+03 1.239692967089739113e+03 -8.369296708973911336e+01
3.758462000000000103e+01 1.165000000000000000e+03 1.238647159216427099e+03 -7.364715921642709873e+01
3.760132999999999726e+01 1.304000000000000000e+03 1.237606213394320775e+03 6.639378660567922452e+01
3.761804000000000059e+01 1.252000000000000000e+03 1.236570172682891780e+03 1.542982731710822009e+01
3.763474999999999682e+01 1.222000000000000000e+03 1.235539081899664097e+03 -1.353908189966409736e+01
3.765147000000000332e+01 1.256000000000000000e+03 1.234512375140799577e+03 2.148762485920042309e+01
3.766817999999999955e+01 1.249000000000000000e+03 1.233491329111525147e+03 1.550867088847485320e+01
3.768489000000000289e+01 1.129000000000000000e+03 1.232475378810798929e+03 -1.034753788107989294e+02
3.770159999999999911e+01 1.191000000000000000e+03 1.231464576877697027e+03 -4.046457687769702716e+01
3.771831000000000245e+01 1.207000000000000000e+03 1.230458978123700490e+03 -2.345897812370048996e+01
3.773501999999999867e+01 1.163000000000000000e+03 1.229458639628558103e+03 -6.645863962855810314e+01
3.775173000000000201e+01 1.238000000000000000e+03 1.228463620841074317e+03 9.536379158925683441e+00
3.776843999999999824e+01 1.189000000000000000e+03 1.227473983685132680e+03 -3.847398368513267997e+01
3.778515999999999764e+01 1.210000000000000000e+03 1.226489205331864014e+03 -1.648920533186401371e+01
3.780187000000000097e+01 1.173000000000000000e+03 1.225510530994763030e+03 -5.251053099476303032e+01
3.781857999999999720e+01 1.172000000000000000e+03 1.224537440099455807e+03 -5.253744009945580729e+01
3.783529000000000053e+01 1.180000000000000000e+03 1.223570005648130291e+03 -4.357000564813029087e+01
3.785199999999999676e+01 1.167000000000000000e+03 1.222608303738397353e+03 -5.560830373839735330e+01
3.786871000000000009e+01 1.204000000000000000e+03 1.221652413708070753e+03 -1.765241370807075327e+01
3.788542000000000343e+01 1.254000000000000000e+03 1.220702418287863111e+03 3.329758171213688911e+01
3.790212999999999965e+01 1.120000000000000000e+03 1.219758403762526086e+03 -9.975840376252608621e+01
3.791884999999999906e+01 1.173000000000000000e+03 1.218819900670354400e+03 -4.581990067035440006e+01
3.793556000000000239e+01 1.194000000000000000e+03 1.217888125583416468e+03 -2.388812558341646763e+01
3.795226999999999862e+01 1.146000000000000000e+03 1.216962613379067989e+03 -7.096261337906798872e+01
3.796898000000000195e+01 1.209000000000000000e+03 1.216043466360403954e+03 -7.043466360403954241e+00
3.798568999999999818e+01 1.275000000000000000e+03 1.215130791337036953e+03 5.986920866296304666e+01
3.800240000000000151e+01 1.197000000000000000e+03 1.214224699849563422e+03 -1.722469984956342159e+01
3.801910999999999774e+01 1.151000000000000000e+03 1.213325308407180501e+03 -6.232530840718050058e+01
3.803582999999999714e+01 1.197000000000000000e+03 1.212432206653854337e+03 -1.543220665385433676e+01
3.805254000000000048e+01 1.134000000000000000e+03 1.211546590174472158e+03 -7.754659017447215774e+01
3.806924999999999670e+01 1.191000000000000000e+03 1.210668055752735881e+03 -1.966805575273588147e+01
3.808596000000000004e+01 1.222000000000000000e+03 1.211205419347322959e+03 1.079458065267704114e+01
3.810267000000000337e+01 1.222000000000000000e+03 1.210349941046308459e+03 1.165005895369154132e+01
3.811937999999999960e+01 1.213000000000000000e+03 1.209502058065190795e+03 3.497941934809205122e+00
3.813609000000000293e+01 1.164000000000000000e+03 1.208661930583974026e+03 -4.466193058397402638e+01
3.815279999999999916e+01 1.166000000000000000e+03 1.207829726261103815e+03 -4.182972626110381498e+01
3.816951999999999856e+01 1.152000000000000000e+03 1.207005129918812599e+03 -5.500512991881259950e+01
3.818623000000000189e+01 1.180000000000000000e+03 1.206929581155857704e+03 -2.692958115585770429e+01
3.820293999999999812e+01 1.220000000000000000e+03 1.206126677312201991e+03 1.387332268779800870e+01
3.821965000000000146e+01 1.213000000000000000e+03 1.205332490719308453e+03 7.667509280691547247e+00
3.823635999999999768e+01 1.180000000000000000e+03 1.204547233545173185e+03 -2.454723354517318512e+01
3.825307000000000102e+01 1.183000000000000000e+03 1.203771128305157845e+03 -2.077112830515784481e+01
3.826977999999999724e+01 1.221000000000000000e+03 1.203004408454879240e+03 1.799559154512076020e+01
3.828649000000000058e+01 1.245000000000000000e+03 1.202247319023146474e+03 4.275268097685352586e+01
3.830320999999999998e+01 1.212000000000000000e+03 1.201499673143326390e+03 1.050032685667360965e+01
3.831992000000000331e+01 1.144000000000000000e+03 1.200762635517630542e+03 -5.676263551763054238e+01
3.833662999999999954e+01 1.153000000000000000e+03 1.200036040008081045e+03 -4.703604000808104502e+01
3.835334000000000287e+01 1.193000000000000000e+03 1.199320185191095561e+03 -6.320185191095561095e+00
3.837004999999999910e+01 1.132000000000000000e+03 1.198615385102028313e+03 -6.661538510202831276e+01
3.838676000000000244e+01 1.139000000000000000e+03 1.197921970184840120e+03 -5.892197018484012006e+01
3.840346999999999866e+01 1.157000000000000000e+03 1.197240288310628785e+03 -4.024028831062878453e+01
3.842018000000000200e+01 1.169000000000000000e+03 1.196570705870748043e+03 -2.757070587074804280e+01
3.843690000000000140e+01 1.198000000000000000e+03 1.195913219533509164e+03 2.086780466490836261e+00
3.845360999999999763e+01 1.215000000000000000e+03 1.195269023017323661e+03 1.973097698267633859e+01
3.847032000000000096e+01 1.174000000000000000e+03 1.194638148682553492e+03 -2.063814868255349211e+01
3.848702999999999719e+01 1.197000000000000000e+03 1.194021049674266578e+03 2.978950325733421778e+00
3.850374000000000052e+01 1.194000000000000000e+03 1.193418204487514231e+03 5.817955124857689952e-01
3.852044999999999675e+01 1.128000000000000000e+03 1.192830118664691554e+03 -6.483011866469155393e+01
3.853716000000000008e+01 1.135000000000000000e+03 1.192257326627145858e+03 -5.725732662714585786e+01
3.855387000000000342e+01 1.198000000000000000e+03 1.191700393653305809e+03 6.299606346694190506e+00
3.857059000000000282e+01 1.141000000000000000e+03 1.191159599624481871e+03 -5.015959962448187071e+01
3.858729999999999905e+01 1.194000000000000000e+03 1.190636225332902541e+03 3.363774667097459314e+00
3.860401000000000238e+01 1.217000000000000000e+03 1.190130613770620357e+03 2.686938622937964283e+01
3.862071999999999861e+01 1.169000000000000000e+03 1.189643476887243878e+03 -2.064347688724387808e+01
3.863743000000000194e+01 1.219000000000000000e+03 1.189175570108291140e+03 2.982442989170885994e+01
3.865413999999999817e+01 1.177000000000000000e+03 1.188727695533932092e+03 -1.172769553393209208e+01
3.867085000000000150e+01 1.258000000000000000e+03 1.188300705416008896e+03 6.969929458399110445e+01
3.868755999999999773e+01 1.159000000000000000e+03 1.187895505941416104e+03 -2.889550594141610418e+01
3.870427999999999713e+01 1.192000000000000000e+03 1.187512839495967683e+03 4.487160504032317476e+00
3.872099000000000046e+01 1.156000000000000000e+03 1.187154191138936994e+03 -3.115419113893699432e+01
3.873769999999999669e+01 1.150000000000000000e+03 1.186820419383636136e+03 -3.682041938363613554e+01
3.875441000000000003e+01 1.170000000000000000e+03 1.186512691337062961e+03 -1.651269133706296088e+01
3.877112000000000336e+01 1.245000000000000000e+03 1.186232252789058975e+03 5.876774721094102460e+01
3.878782999999999959e+01 1.193000000000000000e+03 1.185980434636241171e+03 7.019565363758829335e+00
3.880454000000000292e+01 1.157000000000000000e+03 1.185758659926964128e+03 -2.875865992696412832e+01
3.882124999999999915e+01 1.222000000000000000e+03 1.185568451596967634e+03 3.643154840303236597e+01
3.883796999999999855e+01 1.259000000000000000e+03 1.185411357294645313e+03 7.358864270535468677e+01
3.885468000000000188e+01 1.178000000000000000e+03 1.185289314924671089e+03 -7.289314924671089102e+00
3.887138999999999811e+01 1.163000000000000000e+03 1.185204097668473423e+03 -2.220409766847342325e+01
3.888810000000000144e+01 1.200000000000000000e+03 1.185157722242678574e+03 1.484227775732142618e+01
3.890480999999999767e+01 1.228000000000000000e+03 1.185152357437216779e+03 4.284764256278322136e+01
3.892152000000000100e+01 1.179000000000000000e+03 1.185190338060431941e+03 -6.190338060431940903e+00
3.893822999999999723e+01 1.260000000000000000e+03 1.185274180401050216e+03 7.472581959894978354e+01
3.895494999999999663e+01 1.188000000000000000e+03 1.185406693762045279e+03 2.593306237954720928e+00
3.897165999999999997e+01 1.200000000000000000e+03 1.185590653855982055e+03 1.440934614401794533e+01
3.898837000000000330e+01 1.141000000000000000e+03 1.185829296987251155e+03 -4.482929698725115486e+01
3.900507999999999953e+01 1.227000000000000000e+03 1.186159145314905118e+03 4.084085468509488237e+01
3.902179000000000286e+01 1.190000000000000000e+03 1.186518133556921157e+03 3.481866443078843076e+00
3.903849999999999909e+01 1.171000000000000000e+03 1.186943013354828736e+03 -1.594301335482873583e+01
3.905521000000000242e+01 1.187000000000000000e+03 1.187438180399819657e+03 -4.381803998196573957e-01
3.907191999999999865e+01 1.201000000000000000e+03 1.188008420361290064e+03 1.299157963870993626e+01
3.908863999999999805e+01 1.218000000000000000e+03 1.188659365616462765e+03 2.934063438353723541e+01
3.910535000000000139e+01 1.198000000000000000e+03 1.189395938412596934e+03 8.604061587403066369e+00
3.912205999999999761e+01 1.220000000000000000e+03 1.190242275290225052e+03 2.975772470977494777e+01
3.913877000000000095e+01 1.216000000000000000e+03 1.191170329518215794e+03 2.482967048178420555e+01
3.915547999999999718e+01 1.221000000000000000e+03 1.192204931544658393e+03 2.879506845534160675e+01
3.917219000000000051e+01 1.194000000000000000e+03 1.193354317829539923e+03 6.456821704600770317e-01
3.918889999999999674e+01 1.192000000000000000e+03 1.194627559512126709e+03 -2.627559512126708796e+00
3.920561000000000007e+01 1.228000000000000000e+03 1.196034666116431936e+03 3.196533388356806427e+01
3.922232999999999947e+01 1.288000000000000000e+03 1.197587679215370372e+03 9.041232078462962818e+01
3.923904000000000281e+01 1.220000000000000000e+03 1.199297009212121793e+03 2.070299078787820690e+01
3.925574999999999903e+01 1.247000000000000000e+03 1.201177155777455937e+03 4.582284422254406309e+01
3.927246000000000237e+01 1.258000000000000000e+03 1.203243270761235408e+03 5.475672923876459208e+01
3.928916999999999859e+01 1.277000000000000000e+03 1.205512255689006906e+03 7.148774431099309368e+01
3.930588000000000193e+01 1.265000000000000000e+03 1.208003010338721879e+03 5.699698966127812128e+01
3.932258999999999816e+01 1.292000000000000000e+03 1.210736723590594238e+03 8.126327640940576202e+01
3.933930000000000149e+01 1.259000000000000000e+03 1.213737214983480044e+03 4.526278501651995612e+01
3.935602000000000089e+01 1.261000000000000000e+03 1.217033402487361172e+03 4.396659751263882754e+01
3.937272999999999712e+01 1.194000000000000000e+03 1.220651722294236151e+03 -2.665172229423615136e+01
3.938944000000000045e+01 1.243000000000000000e+03 1.224628496699295283e+03 1.837150330070471682e+01
3.940614999999999668e+01 1.290000000000000000e+03 1.229002920246465465e+03 6.099707975353453548e+01
3.942286000000000001e+01 1.178000000000000000e+03 1.233819751605151168e+03 -5.581975160515116841e+01
3.943957000000000335e+01 1.223000000000000000e+03 1.239130291331205626e+03 -1.613029133120562619e+01
3.945627999999999957e+01 1.239000000000000000e+03 1.244993566555327561e+03 -5.993566555327561218e+00
3.947299000000000291e+01 1.315000000000000000e+03 1.251477774299129806e+03 6.352222570087019449e+01
3.948971000000000231e+01 1.236000000000000000e+03 1.258666576820218097e+03 -2.266657682021809705e+01
3.950641999999999854e+01 1.254000000000000000e+03 1.266643680468398543e+03 -1.264368046839854287e+01
3.952313000000000187e+01 1.294000000000000000e+03 1.275521258075393234e+03 1.847874192460676568e+01
3.953983999999999810e+01 1.282000000000000000e+03 1.285426612009934388e+03 -3.426612009934387970e+00
3.955655000000000143e+01 1.287000000000000000e+03 1.296510515973187239e+03 -9.510515973187239069e+00
3.957325999999999766e+01 1.233000000000000000e+03 1.308952622513251754e+03 -7.595262251325175384e+01
3.958997000000000099e+01 1.286000000000000000e+03 1.322968385741429984e+03 -3.696838574142998368e+01
3.960667999999999722e+01 1.338000000000000000e+03 1.338818005737734211e+03 -8.180057377342109248e-01
3.962339999999999662e+01 1.362000000000000000e+03 1.356829589591368176e+03 5.170410408631823884e+00
3.964010999999999996e+01 1.348000000000000000e+03 1.377370241960713884e+03 -2.937024196071388360e+01
3.965682000000000329e+01 1.405000000000000000e+03 1.400930906545872631e+03 4.069093454127369114e+00
3.967352999999999952e+01 1.465000000000000000e+03 1.428112575101402854e+03 3.688742489859714624e+01
3.969024000000000285e+01 1.522000000000000000e+03 1.459674458148386293e+03 6.232554185161370697e+01
3.970694999999999908e+01 1.502000000000000000e+03 1.496587112395160148e+03 5.412887604839852429e+00
3.972366000000000241e+01 1.544000000000000000e+03 1.540108524703494822e+03 3.891475296505177539e+00
3.974036999999999864e+01 1.588000000000000000e+03 1.591898302851097014e+03 -3.898302851097014354e+00
3.975708999999999804e+01 1.723000000000000000e+03 1.654244547932624300e+03 6.875545206737569970e+01
3.977380000000000138e+01 1.815000000000000000e+03 1.730244305463722412e+03 8.475569453627758776e+01
3.979050999999999760e+01 1.998000000000000000e+03 1.824672766397657142e+03 1.733272336023428579e+02
3.980722000000000094e+01 2.161000000000000000e+03 1.945087855814119393e+03 2.159121441858806065e+02
3.982392999999999716e+01 2.229000000000000000e+03 2.104063651289418885e+03 1.249363487105811146e+02
3.984064000000000050e+01 2.532000000000000000e+03 2.322496357917008027e+03 2.095036420829919734e+02
3.985734999999999673e+01 2.837000000000000000e+03 2.633418236144064394e+03 2.035817638559356055e+02
3.987406000000000006e+01 3.240000000000000000e+03 3.084834252580544671e+03 1.551657474194553288e+02
3.989077999999999946e+01 3.945000000000000000e+03 3.740933421966625247e+03 2.040665780333747534e+02
3.990749000000000279e+01 5.092000000000000000e+03 4.676817474878346729e+03 4.151825251216532706e+02
3.992419999999999902e+01 6.434000000000000000e+03 5.966520482214492404e+03 4.674795177855075963e+02
3.994091000000000236e+01 8.159000000000000000e+03 7.665167675096738094e+03 4.938323249032619060e+02
3.995761999999999858e+01 9.861000000000000000e+03 9.729692561730040325e+03 1.313074382699596754e+02
3.997433000000000192e+01 1.172000000000000000e+04 1.185158925536407332e+04 -1.315892553640733240e+02
3.999103999999999814e+01 1.306200000000000000e+04 1.340354676203886629e+04 -3.415467620388662908e+02
4.000775999999999755e+01 1.343000000000000000e+04 1.372036714508915793e+04 -2.903671450891579298e+02
4.002447000000000088e+01 1.284900000000000000e+04 1.278271885021441085e+04 6.628114978558915027e+01
4.004117999999999711e+01 1.083500000000000000e+04 1.141379375227697165e+04 -5.787937522769716452e+02
4.005789000000000044e+01 9.396000000000000000e+03 1.037500803231387908e+04 -9.790080323138790845e+02
4.007459999999999667e+01 8.737000000000000000e+03 9.836924736184104404e+03 -1.099924736184104404e+03
4.009131000000000000e+01 8.733000000000000000e+03 9.500513427662015602e+03 -7.675134276620156015e+02
4.010802000000000334e+01 8.290000000000000000e+03 8.883839850562162610e+03 -5.938398505621626100e+02
4.012472999999999956e+01 7.456000000000000000e+03 7.738458685650883126e+03 -2.824586856508831261e+02
4.014144999999999897e+01 5.877000000000000000e+03 6.316393231667632790e+03 -4.393932316676327900e+02
4.015816000000000230e+01 4.483000000000000000e+03 5.000458296050309400e+03 -5.174582960503094000e+02
4.017486999999999853e+01 3.659000000000000000e+03 3.962602580579672576e+03 -3.036025805796725763e+02
4.019158000000000186e+01 3.071000000000000000e+03 3.212153319754026597e+03 -1.411533197540265974e+02
4.020828999999999809e+01 2.689000000000000000e+03 2.695565784185979282e+03 -6.565784185979282483e+00
4.022500000000000142e+01 2.422000000000000000e+03 2.346473880636636750e+03 7.552611936336325016e+01
4.024170999999999765e+01 2.206000000000000000e+03 2.107427548641150224e+03 9.857245135884977572e+01
4.025842000000000098e+01 2.076000000000000000e+03 1.937341051777774510e+03 1.386589482222254901e+02
4.027514000000000038e+01 1.870000000000000000e+03 1.810369894090559001e+03 5.963010590944099931e+01
4.029184999999999661e+01 1.846000000000000000e+03 1.711660301096039802e+03 1.343396989039601976e+02
4.030855999999999995e+01 1.721000000000000000e+03 1.632492507943687542e+03 8.850749205631245786e+01
4.032527000000000328e+01 1.551000000000000000e+03 1.567646779264584666e+03 -1.664677926458466573e+01
4.034197999999999951e+01 1.626000000000000000e+03 1.513713453271913522e+03 1.122865467280864777e+02
4.035869000000000284e+01 1.400000000000000000e+03 1.468307212145771246e+03 -6.830721214577124556e+01
4.037539999999999907e+01 1.527000000000000000e+03 1.429681545918383335e+03 9.731845408161666455e+01
4.039211000000000240e+01 1.499000000000000000e+03 1.396521613422947212e+03 1.024783865770527882e+02
4.040883000000000180e+01 1.396000000000000000e+03 1.367802970532239215e+03 2.819702946776078534e+01
4.042553999999999803e+01 1.356000000000000000e+03 1.342774928701880526e+03 1.322507129811947379e+01
4.044225000000000136e+01 1.330000000000000000e+03 1.320800890452511339e+03 9.199109547488660610e+00
4.045895999999999759e+01 1.270000000000000000e+03 1.301388320428112593e+03 -3.138832042811259271e+01
4.047567000000000093e+01 1.376000000000000000e+03 1.284140773402278683e+03 9.185922659772131738e+01
4.049237999999999715e+01 1.312000000000000000e+03 1.268736161245583162e+03 4.326383875441683813e+01
4.050909000000000049e+01 1.270000000000000000e+03 1.254910558279810402e+03 1.508944172018959762e+01
4.052579999999999671e+01 1.234000000000000000e+03 1.242445987525812370e+03 -8.445987525812370222e+00
4.054252000000000322e+01 1.284000000000000000e+03 1.231154674402779619e+03 5.284532559722038059e+01
4.055922999999999945e+01 1.292000000000000000e+03 1.220898171309448799e+03 7.110182869055120136e+01
4.057594000000000278e+01 1.230000000000000000e+03 1.211541389151883550e+03 1.845861084811645014e+01
4.059264999999999901e+01 1.214000000000000000e+03 1.202975816952518699e+03 1.102418304748130140e+01
4.060936000000000234e+01 1.180000000000000000e+03 1.195108963827250591e+03 -1.510896382725059084e+01
4.062606999999999857e+01 1.212000000000000000e+03 1.187861592382909748e+03 2.413840761709025173e+01
4.064278000000000191e+01 1.179000000000000000e+03 1.181165495777737760e+03 -2.165495777737760363e+00
4.065948999999999813e+01 1.168000000000000000e+03 1.174961699385671636e+03 -6.961699385671636264e+00
4.067620999999999754e+01 1.153000000000000000e+03 1.169195670809945796e+03 -1.619567080994579555e+01
4.069292000000000087e+01 1.156000000000000000e+03 1.163829648799378447e+03 -7.829648799378446711e+00
4.070962999999999710e+01 1.143000000000000000e+03 1.158821003439553124e+03 -1.582100343955312383e+01
4.072634000000000043e+01 1.135000000000000000e+03 1.154135442626094346e+03 -1.913544262609434554e+01
4.074304999999999666e+01 1.166000000000000000e+03 1.149742755205720414e+03 1.625724479427958613e+01
4.075975999999999999e+01 1.194000000000000000e+03 1.145616241328080832e+03 4.838375867191916768e+01
4.077647000000000332e+01 1.136000000000000000e+03 1.141732233811356537e+03 -5.732233811356536535e+00
4.079317999999999955e+01 1.145000000000000000e+03 1.138069694243187996e+03 6.930305756812003892e+00
4.080989999999999895e+01 1.078000000000000000e+03 1.134607857495485632e+03 -5.660785749548563217e+01
4.082661000000000229e+01 1.154000000000000000e+03 1.131334100265668440e+03 2.266589973433156047e+01
4.084331999999999852e+01 1.155000000000000000e+03 1.128231284619177814e+03 2.676871538082218649e+01
4.086003000000000185e+01 1.123000000000000000e+03 1.125285935825130991e+03 -2.285935825130991361e+00
4.087673999999999808e+01 1.136000000000000000e+03 1.122485929956445034e+03 1.351407004355496611e+01
4.089345000000000141e+01 1.138000000000000000e+03 1.119820336047273258e+03 1.817966395272674163e+01
4.091015999999999764e+01 1.107000000000000000e+03 1.117279279564193303e+03 -1.027927956419330258e+01
4.092687000000000097e+01 1.120000000000000000e+03 1.114853823975948671e+03 5.146176024051328568e+00
4.094359000000000037e+01 1.123000000000000000e+03 1.112534511260633280e+03 1.046548873936671953e+01
4.096029999999999660e+01 1.135000000000000000e+03 1.110316755890254171e+03 2.468324410974582861e+01
4.097700999999999993e+01 1.100000000000000000e+03 1.108192450002900841e+03 -8.192450002900841355e+00
4.099372000000000327e+01 1.123000000000000000e+03 1.106155502143956483e+03 1.684449785604351746e+01
4.101042999999999950e+01 1.117000000000000000e+03 1.104200358370532740e+03 1.279964162946725992e+01
4.102714000000000283e+01 1.145000000000000000e+03 1.102321949189489260e+03 4.267805081051074012e+01
4.104384999999999906e+01 1.079000000000000000e+03 1.100515642833778202e+03 -2.151564283377820175e+01
4.106056999999999846e+01 1.078000000000000000e+03 1.098776183241314584e+03 -2.077618324131458394e+01
4.107728000000000179e+01 1.152000000000000000e+03 1.097101774230229012e+03 5.489822576977098834e+01
4.109398999999999802e+01 1.097000000000000000e+03 1.095487808804082761e+03 1.512191195917239384e+00
4.111070000000000135e+01 1.088000000000000000e+03 1.093931040000133180e+03 -5.931040000133180001e+00
4.112740999999999758e+01 1.048000000000000000e+03 1.092428495683855999e+03 -4.442849568385599923e+01
4.114412000000000091e+01 1.073000000000000000e+03 1.090977456592263707e+03 -1.797745659226370663e+01
4.116082999999999714e+01 1.103000000000000000e+03 1.089575437081043674e+03 1.342456291895632603e+01
4.117754000000000048e+01 1.079000000000000000e+03 1.088220168331972445e+03 -9.220168331972445230e+00
4.119425999999999988e+01 1.058000000000000000e+03 1.086908812507281027e+03 -2.890881250728102714e+01
4.121097000000000321e+01 1.082000000000000000e+03 1.085641060691598796e+03 -3.641060691598795529e+00
4.122767999999999944e+01 1.099000000000000000e+03 1.084414418333258254e+03 1.458558166674174572e+01
4.124439000000000277e+01 1.133000000000000000e+03 1.083227359331784328e+03 4.977264066821567212e+01
4.126109999999999900e+01 1.034000000000000000e+03 1.082078521984608869e+03 -4.807852198460886939e+01
4.127781000000000233e+01 1.068000000000000000e+03 1.080966704341145942e+03 -1.296670434114594173e+01
4.129451999999999856e+01 1.058000000000000000e+03 1.079890861561274505e+03 -2.189086156127450522e+01
4.131123000000000189e+01 1.117000000000000000e+03 1.078850105413659776e+03 3.814989458634022412e+01
4.132795000000000130e+01 1.051000000000000000e+03 1.077843114013588320e+03 -2.684311401358831972e+01
4.134465999999999752e+01 1.087000000000000000e+03 1.076870524835623883e+03 1.012947516437611739e+01
4.136137000000000086e+01 1.062000000000000000e+03 1.075931329171099378e+03 -1.393132917109937807e+01
4.137807999999999709e+01 1.126000000000000000e+03 1.075025312461682006e+03 5.097468753831799404e+01
4.139479000000000042e+01 1.110000000000000000e+03 1.074152457337382202e+03 3.584754266261779776e+01
4.141149999999999665e+01 1.084000000000000000e+03 1.073312964488042780e+03 1.068703551195721957e+01
4.142820999999999998e+01 1.122000000000000000e+03 1.072507280212987780e+03 4.949271978701221997e+01
4.144492000000000331e+01 1.092000000000000000e+03 1.071736132429818326e+03 2.026386757018167373e+01
4.146164000000000271e+01 1.105000000000000000e+03 1.071000148280652866e+03 3.399985171934713435e+01
4.147834999999999894e+01 1.067000000000000000e+03 1.070301654879439184e+03 -3.301654879439183787e+00
4.149506000000000228e+01 1.117000000000000000e+03 1.069642116579017738e+03 4.735788342098226167e+01
4.151176999999999850e+01 1.052000000000000000e+03 1.069024022300614433e+03 -1.702402230061443333e+01
4.152848000000000184e+01 1.080000000000000000e+03 1.068450572579294430e+03 1.154942742070556960e+01
4.154518999999999807e+01 1.111000000000000000e+03 1.067925863486838352e+03 4.307413651316164760e+01
4.156190000000000140e+01 1.092000000000000000e+03 1.067455134298110352e+03 2.454486570188964834e+01
4.157860999999999763e+01 1.121000000000000000e+03 1.067045104954928092e+03 5.395489504507190759e+01
4.159532999999999703e+01 1.017000000000000000e+03 1.066704261045467092e+03 -4.970426104546709212e+01
4.161204000000000036e+01 1.117000000000000000e+03 1.066444283190701299e+03 5.055571680929870126e+01
4.162874999999999659e+01 1.050000000000000000e+03 1.066279744982708507e+03 -1.627974498270850745e+01
4.164545999999999992e+01 1.067000000000000000e+03 1.066230327868504673e+03 7.696721314953265392e-01
4.166217000000000326e+01 1.140000000000000000e+03 1.066322599845777859e+03 7.367740015422214128e+01
4.167887999999999948e+01 1.085000000000000000e+03 1.066593077764124700e+03 1.840692223587529952e+01
4.169559000000000282e+01 1.201000000000000000e+03 1.067093169290957803e+03 1.339068307090421968e+02
4.171229999999999905e+01 1.101000000000000000e+03 1.067898111324818274e+03 3.310188867518172628e+01
4.172901999999999845e+01 1.143000000000000000e+03 1.069127201567498332e+03 7.387279843250166778e+01
4.174573000000000178e+01 1.150000000000000000e+03 1.070989214595588464e+03 7.901078540441153564e+01
4.176243999999999801e+01 1.195000000000000000e+03 1.073910617507855022e+03 1.210893824921449777e+02
4.177915000000000134e+01 1.181000000000000000e+03 1.078814846070172280e+03 1.021851539298277203e+02
4.179585999999999757e+01 1.158000000000000000e+03 1.087629598715889642e+03 7.037040128411035766e+01
4.181257000000000090e+01 1.218000000000000000e+03 1.103857295183600399e+03 1.141427048163996005e+02
4.182927999999999713e+01 1.262000000000000000e+03 1.132438267078482113e+03 1.295617329215178870e+02
4.184599000000000046e+01 1.201000000000000000e+03 1.177483541280173085e+03 2.351645871982691460e+01
4.186270999999999987e+01 1.240000000000000000e+03 1.237293156180618553e+03 2.706843819381447247e+00
4.187942000000000320e+01 1.268000000000000000e+03 1.297738454073782350e+03 -2.973845407378234995e+01
4.189612999999999943e+01 1.212000000000000000e+03 1.332227530863959373e+03 -1.202275308639593732e+02
4.191284000000000276e+01 1.274000000000000000e+03 1.317571263712627569e+03 -4.357126371262756948e+01
4.192954999999999899e+01 1.230000000000000000e+03 1.267833132369405803e+03 -3.783313236940580282e+01
4.194626000000000232e+01 1.235000000000000000e+03 1.222078058298412543e+03 1.292194170158745692e+01
4.196296999999999855e+01 1.216000000000000000e+03 1.201054059370224650e+03 1.494594062977535032e+01
4.197968000000000188e+01 1.172000000000000000e+03 1.203463140967627623e+03 -3.146314096762762347e+01
4.199640000000000128e+01 1.216000000000000000e+03 1.213334518295208227e+03 2.665481704791773154e+00
4.201310999999999751e+01 1.163000000000000000e+03 1.209445358856118219e+03 -4.644535885611821868e+01
4.202982000000000085e+01 1.180000000000000000e+03 1.181789149450147534e+03 -1.789149450147533571e+00
4.204652999999999707e+01 1.094000000000000000e+03 1.143732838425389673e+03 -4.973283842538967292e+01
4.206324000000000041e+01 1.159000000000000000e+03 1.110900722526192794e+03 4.809927747380720575e+01
4.207994999999999663e+01 1.138000000000000000e+03 1.088382653239872980e+03 4.961734676012702039e+01
4.209665999999999997e+01 1.157000000000000000e+03 1.074953760705782997e+03 8.204623929421700268e+01
4.211337999999999937e+01 1.047000000000000000e+03 1.067442296355544158e+03 -2.044229635554415836e+01
4.213009000000000270e+01 1.087000000000000000e+03 1.063117918012668724e+03 2.388208198733127574e+01
4.214679999999999893e+01 1.109000000000000000e+03 1.060359684155210516e+03 4.864031584478948389e+01
4.216351000000000226e+01 1.078000000000000000e+03 1.058409377367282787e+03 1.959062263271721349e+01
4.218021999999999849e+01 1.093000000000000000e+03 1.056940731305822510e+03 3.605926869417749003e+01
4.219693000000000183e+01 1.084000000000000000e+03 1.055801446765505716e+03 2.819855323449428397e+01
4.221363999999999805e+01 1.127000000000000000e+03 1.054906500082003504e+03 7.209349991799649615e+01
4.223035000000000139e+01 1.142000000000000000e+03 1.054201298755131347e+03 8.779870124486865279e+01
4.224707000000000079e+01 1.076000000000000000e+03 1.053648033189942453e+03 2.235196681005754726e+01
4.226377999999999702e+01 1.132000000000000000e+03 1.053220752149217333e+03 7.877924785078266723e+01
4.228049000000000035e+01 1.069000000000000000e+03 1.052899878286016474e+03 1.610012171398352621e+01
4.229719999999999658e+01 1.091000000000000000e+03 1.052671374931589071e+03 3.832862506841092909e+01
4.231390999999999991e+01 1.116000000000000000e+03 1.052524905900132126e+03 6.347509409986787432e+01
4.233062000000000324e+01 1.105000000000000000e+03 1.052452844058488154e+03 5.254715594151184632e+01
4.234732999999999947e+01 1.079000000000000000e+03 1.052449587522162119e+03 2.655041247783788094e+01
4.236404000000000281e+01 1.132000000000000000e+03 1.052511079702302141e+03 7.948892029769785950e+01
4.238076000000000221e+01 1.082000000000000000e+03 1.052634559287077309e+03 2.936544071292269109e+01
4.239746999999999844e+01 1.091000000000000000e+03 1.052817981218098112e+03 3.818201878190188836e+01
4.241418000000000177e+01 1.047000000000000000e+03 1.053060281697958999e+03 -6.060281697958998848e+00
4.243088999999999800e+01 1.079000000000000000e+03 1.053360986377503878e+03 2.563901362249612248e+01
4.244760000000000133e+01 1.112000000000000000e+03 1.053720169054417056e+03 5.827983094558294397e+01
4.246430999999999756e+01 1.088000000000000000e+03 1.054138380666894363e+03 3.386161933310563654e+01
4.248102000000000089e+01 1.140000000000000000e+03 1.054616597789722618e+03 8.538340221027738153e+01
4.249772999999999712e+01 1.050000000000000000e+03 1.055156186120211487e+03 -5.156186120211486923e+00
4.251444999999999652e+01 1.114000000000000000e+03 1.055759255693405066e+03 5.824074430659493373e+01
4.253115999999999985e+01 1.059000000000000000e+03 1.056427165407958228e+03 2.572834592041772339e+00
4.254787000000000319e+01 1.122000000000000000e+03 1.057162677762496287e+03 6.483732223750371304e+01
4.256457999999999942e+01 1.067000000000000000e+03 1.057968554269660217e+03 9.031445730339783040e+00
4.258129000000000275e+01 1.005000000000000000e+03 1.058847901941164537e+03 -5.384790194116453677e+01
4.259799999999999898e+01 1.005000000000000000e+03 1.059804183392404866e+03 -5.480418339240486603e+01
4.261471000000000231e+01 1.067000000000000000e+03 1.060841231851813973e+03 6.158768148186027247e+00
4.263141999999999854e+01 1.082000000000000000e+03 1.061963270919831530e+03 2.003672908016847032e+01
4.264813999999999794e+01 1.078000000000000000e+03 1.063175692013154503e+03 1.482430798684549700e+01
4.266485000000000127e+01 1.050000000000000000e+03 1.064482130259895484e+03 -1.448213025989548441e+01
4.268155999999999750e+01 1.034000000000000000e+03 1.065888845229341769e+03 -3.188884522934176857e+01
4.269827000000000083e+01 1.035000000000000000e+03 1.067401917371982108e+03 -3.240191737198210831e+01
4.271497999999999706e+01 1.008000000000000000e+03 1.069027991769680966e+03 -6.102799176968096617e+01
4.273169000000000040e+01 1.126000000000000000e+03 1.070774330625844641e+03 5.522566937415535904e+01
4.274839999999999662e+01 1.037000000000000000e+03 1.072648873069670344e+03 -3.564887306967034419e+01
4.276510999999999996e+01 1.062000000000000000e+03 1.074660303172705198e+03 -1.266030317270519845e+01
4.278182999999999936e+01 1.080000000000000000e+03 1.076819464448203007e+03 3.180535551796992877e+00
4.279854000000000269e+01 1.122000000000000000e+03 1.079101586508857963e+03 4.289841349114203695e+01
4.281524999999999892e+01 1.074000000000000000e+03 1.081584936436570160e+03 -7.584936436570160367e+00
4.283196000000000225e+01 1.081000000000000000e+03 1.084249074833732948e+03 -3.249074833732947809e+00
4.284866999999999848e+01 1.083000000000000000e+03 1.087107806293704016e+03 -4.107806293704015843e+00
4.286538000000000181e+01 1.111000000000000000e+03 1.090176337088684477e+03 2.082366291131552316e+01
4.288208999999999804e+01 1.178000000000000000e+03 1.093471444694553611e+03 8.452855530544638896e+01
4.289880000000000138e+01 1.057000000000000000e+03 1.096994437156805361e+03 -3.999443715680536116e+01
4.291552000000000078e+01 1.136000000000000000e+03 1.100802876591334325e+03 3.519712340866567502e+01
4.293222999999999701e+01 1.017000000000000000e+03 1.104897561964431816e+03 -8.789756196443181580e+01
4.294894000000000034e+01 1.117000000000000000e+03 1.109306014454391061e+03 7.693985545608938992e+00
4.296564999999999657e+01 1.071000000000000000e+03 1.114056448701473755e+03 -4.305644870147375514e+01
4.298235999999999990e+01 1.029000000000000000e+03 1.119180369968807554e+03 -9.018036996880755396e+01
4.299907000000000323e+01 1.116000000000000000e+03 1.124713041764762011e+03 -8.713041764762010644e+00
4.301577999999999946e+01 1.118000000000000000e+03 1.130694032916200968e+03 -1.269403291620096752e+01
4.303249000000000279e+01 1.098000000000000000e+03 1.137167859807215564e+03 -3.916785980721556371e+01
4.304921000000000220e+01 1.088000000000000000e+03 1.144189115859175899e+03 -5.618911585917589946e+01
4.306591999999999842e+01 1.072000000000000000e+03 1.151806252769797084e+03 -7.980625276979708360e+01
4.308263000000000176e+01 1.140000000000000000e+03 1.160087788548966046e+03 -2.008778854896604571e+01
4.309933999999999799e+01 1.088000000000000000e+03 1.169107139253908372e+03 -8.110713925390837176e+01
4.311605000000000132e+01 1.177000000000000000e+03 1.178948167801952422e+03 -1.948167801952422451e+00
4.313275999999999755e+01 1.173000000000000000e+03 1.189707009220094051e+03 -1.670700922009405076e+01
4.314947000000000088e+01 1.164000000000000000e+03 1.201494276799942327e+03 -3.749427679994232676e+01
4.316619000000000028e+01 1.242000000000000000e+03 1.214445862563712353e+03 2.755413743628764678e+01
4.318289999999999651e+01 1.139000000000000000e+03 1.228694557159401711e+03 -8.969455715940171103e+01
4.319960999999999984e+01 1.225000000000000000e+03 1.244420414382154831e+03 -1.942041438215483140e+01
4.321632000000000318e+01 1.220000000000000000e+03 1.261825517910569943e+03 -4.182551791056994261e+01
4.323302999999999940e+01 1.225000000000000000e+03 1.281147540863831864e+03 -5.614754086383186404e+01
4.324974000000000274e+01 1.227000000000000000e+03 1.302667479817949697e+03 -7.566747981794969746e+01
4.326644999999999897e+01 1.325000000000000000e+03 1.326719434679760752e+03 -1.719434679760752260e+00
4.328316000000000230e+01 1.354000000000000000e+03 1.353703125567443749e+03 2.968744325562511222e-01
4.329988000000000170e+01 1.261000000000000000e+03 1.384119498281987717e+03 -1.231194982819877168e+02
4.331658999999999793e+01 1.342000000000000000e+03 1.418517661040867551e+03 -7.651766104086755149e+01
4.333330000000000126e+01 1.435000000000000000e+03 1.457633058486263508e+03 -2.263305848626350780e+01
4.335000999999999749e+01 1.403000000000000000e+03 1.502358604832747915e+03 -9.935860483274791477e+01
4.336672000000000082e+01 1.487000000000000000e+03 1.553821582891936714e+03 -6.682158289193671408e+01
4.338342999999999705e+01 1.614000000000000000e+03 1.613471072854626527e+03 5.289271453734727402e-01
4.340014000000000038e+01 1.689000000000000000e+03 1.683205665125429960e+03 5.794334874570040483e+00
4.341684999999999661e+01 1.821000000000000000e+03 1.765556281923346887e+03 5.544371807665311280e+01
4.343357000000000312e+01 1.923000000000000000e+03 1.864002140343172414e+03 5.899785965682758615e+01
4.345027999999999935e+01 2.057000000000000000e+03 1.983052249153635785e+03 7.394775084636421525e+01
4.346699000000000268e+01 2.313000000000000000e+03 2.128982524483240013e+03 1.840174755167599869e+02
4.348369999999999891e+01 2.539000000000000000e+03 2.310023380246310353e+03 2.289766197536896470e+02
4.350041000000000224e+01 2.905000000000000000e+03 2.536772967310634158e+03 3.682270326893658421e+02
4.351711999999999847e+01 3.321000000000000000e+03 2.822389127926462606e+03 4.986108720735373936e+02
4.353383000000000180e+01 3.798000000000000000e+03 3.182432466486783596e+03 6.155675335132164037e+02
4.355053999999999803e+01 4.244000000000000000e+03 3.634032933042107743e+03 6.099670669578922571e+02
4.356725999999999743e+01 4.708000000000000000e+03 4.194075490429224374e+03 5.139245095707756263e+02
4.358397000000000077e+01 5.003000000000000000e+03 4.872933790777163267e+03 1.300662092228367328e+02
4.360067999999999699e+01 5.617000000000000000e+03 5.666950667826485187e+03 -4.995066782648518711e+01
4.361739000000000033e+01 6.519000000000000000e+03 6.541853556164607653e+03 -2.285355616460765305e+01
4.363409999999999656e+01 7.718000000000000000e+03 7.414345633619195723e+03 3.036543663808042766e+02
4.365080999999999989e+01 8.963000000000000000e+03 8.157599128150479373e+03 8.054008718495206267e+02
4.366752000000000322e+01 1.024800000000000000e+04 8.627174638577191217e+03 1.620825361422808783e+03
4.368422999999999945e+01 1.027700000000000000e+04 8.746332265807164731e+03 1.530667734192835269e+03
4.370094999999999885e+01 9.330000000000000000e+03 8.562455223226417729e+03 7.675447767735822708e+02
4.371766000000000219e+01 8.216000000000000000e+03 8.215040814570460498e+03 9.591854295395023655e-01
4.373436999999999841e+01 8.221000000000000000e+03 7.836682509098612172e+03 3.843174909013878278e+02
4.375108000000000175e+01 8.602000000000000000e+03 7.481529441786356983e+03 1.120470558213643017e+03
4.376778999999999797e+01 8.868000000000000000e+03 7.124500613982218965e+03 1.743499386017781035e+03
4.378450000000000131e+01 8.792000000000000000e+03 6.699013758653221885e+03 2.092986241346778115e+03
4.380120999999999754e+01 8.140000000000000000e+03 6.162796699964183972e+03 1.977203300035816028e+03
4.381792000000000087e+01 6.898000000000000000e+03 5.534926374049513470e+03 1.363073625950486530e+03
4.383464000000000027e+01 5.880000000000000000e+03 4.879381632012660702e+03 1.000618367987339298e+03
4.385134999999999650e+01 4.995000000000000000e+03 4.261599429864574631e+03 7.334005701354253688e+02
4.386805999999999983e+01 4.364000000000000000e+03 3.719025232302784389e+03 6.449747676972156114e+02
4.388477000000000317e+01 4.053000000000000000e+03 3.263037511215603445e+03 7.899624887843965553e+02
4.390147999999999939e+01 3.592000000000000000e+03 2.889383374823006761e+03 7.026166251769932387e+02
4.391819000000000273e+01 3.242000000000000000e+03 2.587296960161673724e+03 6.547030398383262764e+02
4.393489999999999895e+01 2.837000000000000000e+03 2.344511087049038906e+03 4.924889129509610939e+02
4.395161000000000229e+01 2.468000000000000000e+03 2.149471798107301765e+03 3.185282018926982346e+02
4.396833000000000169e+01 2.072000000000000000e+03 1.992079231601361244e+03 7.992076839863875648e+01
4.398503999999999792e+01 1.832000000000000000e+03 1.864240509388278042e+03 -3.224050938827804202e+01
4.400175000000000125e+01 1.725000000000000000e+03 1.759259811730324600e+03 -3.425981173032459992e+01
4.401845999999999748e+01 1.569000000000000000e+03 1.672025119010220806e+03 -1.030251190102208056e+02
4.403517000000000081e+01 1.452000000000000000e+03 1.598653174960298202e+03 -1.466531749602982018e+02
4.405187999999999704e+01 1.427000000000000000e+03 1.536229071581124117e+03 -1.092290715811241171e+02
4.406859000000000037e+01 1.337000000000000000e+03 1.482570380522749701e+03 -1.455703805227497014e+02
4.408529999999999660e+01 1.306000000000000000e+03 1.436032678202431725e+03 -1.300326782024317254e+02
4.410202000000000311e+01 1.217000000000000000e+03 1.395337578603713837e+03 -1.783375786037138369e+02
4.411872999999999934e+01 1.205000000000000000e+03 1.359558090519843518e+03 -1.545580905198435175e+02
4.413544000000000267e+01 1.169000000000000000e+03 1.327897220684476451e+03 -1.588972206844764514e+02
4.415214999999999890e+01 1.202000000000000000e+03 1.299735340921215538e+03 -9.773534092121553840e+01
4.416886000000000223e+01 1.164000000000000000e+03 1.274567608927829269e+03 -1.105676089278292693e+02
4.418556999999999846e+01 1.148000000000000000e+03 1.251978106977259586e+03 -1.039781069772595856e+02
4.420228000000000179e+01 1.191000000000000000e+03 1.231621079987887015e+03 -4.062107998788701479e+01
4.421900000000000119e+01 1.103000000000000000e+03 1.213196453118099271e+03 -1.101964531180992708e+02
4.423570999999999742e+01 1.119000000000000000e+03 1.196482044911725552e+03 -7.748204491172555208e+01
4.425242000000000075e+01 1.111000000000000000e+03 1.181259337043833511e+03 -7.025933704383351142e+01
4.426912999999999698e+01 1.108000000000000000e+03 1.167351948720922337e+03 -5.935194872092233709e+01
4.428584000000000032e+01 1.074000000000000000e+03 1.154608809524535445e+03 -8.060880952453544523e+01
4.430254999999999654e+01 1.030000000000000000e+03 1.142899930508005809e+03 -1.128999305080058093e+02
4.431925999999999988e+01 1.038000000000000000e+03 1.132112975796518867e+03 -9.411297579651886736e+01
4.433597000000000321e+01 1.132000000000000000e+03 1.122150465977463682e+03 9.849534022536317934e+00
4.435269000000000261e+01 1.017000000000000000e+03 1.112922170561715120e+03 -9.592217056171512013e+01
4.436939999999999884e+01 1.056000000000000000e+03 1.104364847001037788e+03 -4.836484700103778778e+01
4.438611000000000217e+01 1.064000000000000000e+03 1.096407622467037754e+03 -3.240762246703775418e+01
4.440281999999999840e+01 1.058000000000000000e+03 1.088993151708590858e+03 -3.099315170859085811e+01
4.441953000000000173e+01 1.111000000000000000e+03 1.082070791590467479e+03 2.892920840953252082e+01
4.443623999999999796e+01 1.041000000000000000e+03 1.075595682792723665e+03 -3.459568279272366453e+01
4.445295000000000130e+01 1.001000000000000000e+03 1.069527974909947716e+03 -6.852797490994771579e+01
4.446965999999999752e+01 9.750000000000000000e+02 1.063832169952205504e+03 -8.883216995220550416e+01
4.448637999999999693e+01 1.065000000000000000e+03 1.058473455042775186e+03 6.526544957224814425e+00
4.450309000000000026e+01 1.008000000000000000e+03 1.053429840567586098e+03 -4.542984056758609768e+01
4.451979999999999649e+01 1.010000000000000000e+03 1.048672547494438049e+03 -3.867254749443804940e+01
4.453650999999999982e+01 1.027000000000000000e+03 1.044178659035927694e+03 -1.717865903592769428e+01
4.455322000000000315e+01 1.003000000000000000e+03 1.039927514501102223e+03 -3.692751450110222322e+01
4.456992999999999938e+01 9.500000000000000000e+02 1.035903740454685476e+03 -8.590374045468547592e+01
4.458664000000000271e+01 9.960000000000000000e+02 1.032083870855127543e+03 -3.608387085512754311e+01
4.460334999999999894e+01 1.004000000000000000e+03 1.028455853255425836e+03 -2.445585325542583632e+01
4.462006999999999834e+01 1.027000000000000000e+03 1.025003744427534457e+03 1.996255572465543082e+00
4.463678000000000168e+01 9.700000000000000000e+02 1.021718986534235796e+03 -5.171898653423579617e+01
4.465348999999999791e+01 9.990000000000000000e+02 1.018587898610560160e+03 -1.958789861056015980e+01
4.467020000000000124e+01 9.800000000000000000e+02 1.015599916434164811e+03 -3.559991643416481111e+01
4.468690999999999747e+01 1.038000000000000000e+03 1.012747103352521663e+03 2.525289664747833740e+01
4.470362000000000080e+01 9.520000000000000000e+02 1.010017151342887701e+03 -5.801715134288770059e+01
4.472032999999999703e+01 1.041000000000000000e+03 1.007403650780016278e+03 3.359634921998372192e+01
4.473704000000000036e+01 9.910000000000000000e+02 1.004899129117409188e+03 -1.389912911740918844e+01
4.475375999999999976e+01 9.800000000000000000e+02 1.002495300018375133e+03 -2.249530001837513282e+01
4.477047000000000310e+01 1.021000000000000000e+03 1.000188696680778321e+03 2.081130331922167898e+01
4.478717999999999932e+01 9.890000000000000000e+02 9.979720014405745587e+02 -8.972001440574558728e+00
4.480389000000000266e+01 9.370000000000000000e+02 9.958398084522290219e+02 -5.883980845222902190e+01
4.482059999999999889e+01 9.520000000000000000e+02 9.937547657792010796e+02 -4.175476577920107957e+01
4.483731000000000222e+01 9.730000000000000000e+02 9.917773078313415454e+02 -1.877730783134154535e+01
4.485401999999999845e+01 9.160000000000000000e+02 9.898704149081676178e+02 -7.387041490816761780e+01
4.487073000000000178e+01 9.610000000000000000e+02 9.880300980961259256e+02 -2.703009809612592562e+01
4.488745000000000118e+01 9.550000000000000000e+02 9.862516043422809844e+02 -3.125160434228098438e+01
4.490415999999999741e+01 9.600000000000000000e+02 9.845336098407435657e+02 -2.453360984074356566e+01
4.492087000000000074e+01 9.560000000000000000e+02 9.828718197139967288e+02 -2.687181971399672875e+01
4.493757999999999697e+01 1.021000000000000000e+03 9.812462686011510868e+02 3.975373139884891316e+01
4.495429000000000030e+01 9.840000000000000000e+02 9.796882930972299164e+02 4.311706902770083616e+00
4.497099999999999653e+01 9.370000000000000000e+02 9.781781169997607321e+02 -4.117811699976073214e+01
4.498770999999999987e+01 9.340000000000000000e+02 9.767132990393789669e+02 -4.271329903937896688e+01
4.500442000000000320e+01 9.780000000000000000e+02 9.752915546474998791e+02 2.708445352500120862e+00
4.502114000000000260e+01 9.510000000000000000e+02 9.739099295423187641e+02 -2.290992954231876411e+01
4.503784999999999883e+01 9.330000000000000000e+02 9.725680695274115806e+02 -3.956806952741158057e+01
4.505456000000000216e+01 9.790000000000000000e+02 9.712632543671502390e+02 7.736745632849761023e+00
4.507126999999999839e+01 9.790000000000000000e+02 9.699989971989202786e+02 9.001002801079721394e+00
4.508798000000000172e+01 9.930000000000000000e+02 9.687631353491780146e+02 2.423686465082198538e+01
4.510468999999999795e+01 9.450000000000000000e+02 9.675593303686413265e+02 -2.255933036864132646e+01
4.512140000000000128e+01 9.500000000000000000e+02 9.663861127026240183e+02 -1.638611270262401831e+01
4.513810999999999751e+01 9.700000000000000000e+02 9.652420983101301317e+02 4.757901689869868278e+00
4.515482999999999691e+01 9.620000000000000000e+02 9.641253229299921941e+02 -2.125322929992194076e+00
4.517154000000000025e+01 9.350000000000000000e+02 9.630358915678760923e+02 -2.803589156787609227e+01
4.518824999999999648e+01 9.620000000000000000e+02 9.619719670257295547e+02 2.803297427044526557e-02
4.520495999999999981e+01 9.670000000000000000e+02 9.609352491234634499e+02 6.064750876536550095e+00
4.522167000000000314e+01 9.670000000000000000e+02 9.599191398130122934e+02 7.080860186987706584e+00
4.523837999999999937e+01 9.200000000000000000e+02 9.589254252796190485e+02 -3.892542527961904852e+01
4.525509000000000270e+01 9.120000000000000000e+02 9.579531784039286322e+02 -4.595317840392863218e+01
4.527181000000000211e+01 9.120000000000000000e+02 9.570009579028155713e+02 -4.500095790281557129e+01
4.528851999999999833e+01 9.330000000000000000e+02 9.560690708643036260e+02 -2.306907086430362597e+01
4.530523000000000167e+01 9.670000000000000000e+02 9.551561535441479691e+02 1.184384645585203089e+01
4.532193999999999789e+01 9.550000000000000000e+02 9.542614584481024167e+02 7.385415518975833038e-01
4.533865000000000123e+01 8.840000000000000000e+02 9.533842762581718944e+02 -6.938427625817189437e+01
4.535535999999999746e+01 9.050000000000000000e+02 9.525239335209199680e+02 -4.752393352091996803e+01
4.537207000000000079e+01 1.015000000000000000e+03 9.516797904981681313e+02 6.332020950183186869e+01
4.538877999999999702e+01 9.690000000000000000e+02 9.508512391672439890e+02 1.814876083275601104e+01
4.540550000000000352e+01 9.160000000000000000e+02 9.500372188860802680e+02 -3.403721888608026802e+01
4.542220999999999975e+01 9.430000000000000000e+02 9.492381530465689821e+02 -6.238153046568982063e+00
4.543892000000000309e+01 9.370000000000000000e+02 9.484530268248723814e+02 -1.145302682487238144e+01
4.545562999999999931e+01 9.430000000000000000e+02 9.476813416790529345e+02 -4.681341679052934523e+00
4.547234000000000265e+01 9.770000000000000000e+02 9.469226226502028112e+02 3.007737734979718880e+01
4.548904999999999887e+01 9.860000000000000000e+02 9.461764170467470194e+02 3.982358295325298059e+01
4.550576000000000221e+01 9.180000000000000000e+02 9.454422932147659822e+02 -2.744229321476598216e+01
4.552246999999999844e+01 9.350000000000000000e+02 9.447198393880888716e+02 -9.719839388088871601e+00
4.553918999999999784e+01 9.410000000000000000e+02 9.440111597918555617e+02 -3.011159791855561707e+00
4.555590000000000117e+01 9.490000000000000000e+02 9.433109232956219330e+02 5.689076704378067006e+00
4.557260999999999740e+01 1.006000000000000000e+03 9.426212307309597236e+02 6.337876926904027641e+01
4.558932000000000073e+01 9.410000000000000000e+02 9.419417398086254707e+02 -9.417398086254706868e-01
4.560602999999999696e+01 9.310000000000000000e+02 9.412721233887326662e+02 -1.027212338873266617e+01
4.562274000000000029e+01 8.920000000000000000e+02 9.406120687041482142e+02 -4.861206870414821424e+01
4.563944999999999652e+01 8.770000000000000000e+02 9.399612766321215531e+02 -6.296127663212155312e+01
4.565615999999999985e+01 1.001000000000000000e+03 9.393209890453852040e+02 6.167901095461479599e+01
4.567287999999999926e+01 9.720000000000000000e+02 9.386875163767333561e+02 3.331248362326664392e+01
4.568959000000000259e+01 8.960000000000000000e+02 9.380628657628748215e+02 -4.206286576287482148e+01
4.570629999999999882e+01 8.880000000000000000e+02 9.374464047980447958e+02 -4.944640479804479583e+01
4.572301000000000215e+01 9.530000000000000000e+02 9.368378931488599619e+02 1.616210685114003809e+01
4.573971999999999838e+01 9.170000000000000000e+02 9.362371006088380909e+02 -1.923710060883809092e+01
4.575643000000000171e+01 9.640000000000000000e+02 9.356438066324117244e+02 2.835619336758827558e+01
4.577313999999999794e+01 9.030000000000000000e+02 9.350577998982038253e+02 -3.205779989820382525e+01
4.578985000000000127e+01 8.840000000000000000e+02 9.344788779000364229e+02 -5.047887790003642294e+01
4.580657000000000068e+01 8.790000000000000000e+02 9.339065062611164194e+02 -5.490650626111641941e+01
4.582327999999999690e+01 9.160000000000000000e+02 9.333411835476526903e+02 -1.734118354765269032e+01
4.583999000000000024e+01 9.240000000000000000e+02 9.327823871371672340e+02 -8.782387137167233959e+00
4.585669999999999646e+01 9.620000000000000000e+02 9.322299462091187934e+02 2.977005379088120662e+01
4.587340999999999980e+01 9.550000000000000000e+02 9.316836970868532717e+02 2.331630291314672832e+01
4.589012000000000313e+01 9.760000000000000000e+02 9.311434829718054971e+02 4.485651702819450293e+01
4.590682999999999936e+01 9.300000000000000000e+02 9.306091536991106068e+02 -6.091536991106067944e-01
4.592354000000000269e+01 8.840000000000000000e+02 9.300805655143515196e+02 -4.608056551435151960e+01
4.594026000000000209e+01 9.420000000000000000e+02 9.295572695454483210e+02 1.244273045455167903e+01
4.595696999999999832e+01 9.210000000000000000e+02 9.290397601616670045e+02 -8.039760161667004468e+00
4.597368000000000166e+01 9.100000000000000000e+02 9.285275970756694051e+02 -1.852759707566940506e+01
4.599038999999999788e+01 9.050000000000000000e+02 9.280206603693328589e+02 -2.302066036933285886e+01
4.600710000000000122e+01 9.290000000000000000e+02 9.275188357397038317e+02 1.481164260296168322e+00
4.602380999999999744e+01 9.790000000000000000e+02 9.270220144082923071e+02 5.197798559170769295e+01
4.604052000000000078e+01 9.160000000000000000e+02 9.265300930559025119e+02 -1.053009305590251188e+01
4.605722999999999701e+01 8.800000000000000000e+02 9.260429737849483445e+02 -4.604297378494834447e+01
4.607395000000000351e+01 9.140000000000000000e+02 9.255602768089287338e+02 -1.156027680892873377e+01
4.609065999999999974e+01 9.140000000000000000e+02 9.250824924302488625e+02 -1.108249243024886255e+01
4.610737000000000307e+01 9.390000000000000000e+02 9.246092490143421401e+02 1.439075098565785993e+01
4.612407999999999930e+01 9.150000000000000000e+02 9.241404706262471791e+02 -9.140470626247179098e+00
4.614079000000000264e+01 9.100000000000000000e+02 9.236760870869507016e+02 -1.367608708695070163e+01
4.615749999999999886e+01 9.220000000000000000e+02 9.232160341787493962e+02 -1.216034178749396233e+00
4.617421000000000220e+01 9.080000000000000000e+02 9.227602539137424174e+02 -1.476025391374241735e+01
4.619091999999999842e+01 9.140000000000000000e+02 9.223086948762261272e+02 -8.308694876226127235e+00
4.620763999999999783e+01 9.170000000000000000e+02 9.218610461618467298e+02 -4.861046161846729774e+00
4.622435000000000116e+01 8.480000000000000000e+02 9.214178063407184709e+02 -7.341780634071847089e+01
4.624105999999999739e+01 8.610000000000000000e+02 9.209786777534236535e+02 -5.997867775342365348e+01
4.625777000000000072e+01 9.060000000000000000e+02 9.205436407190150021e+02 -1.454364071901500211e+01
4.627447999999999695e+01 8.890000000000000000e+02 9.201126855460476008e+02 -3.111268554604760084e+01
4.629119000000000028e+01 8.820000000000000000e+02 9.196858137442756060e+02 -3.768581374427560604e+01
4.630789999999999651e+01 8.840000000000000000e+02 9.192630395102380589e+02 -3.526303951023805894e+01
4.632462000000000302e+01 8.210000000000000000e+02 9.188441422585744931e+02 -9.784414225857449310e+01
4.634132999999999925e+01 9.290000000000000000e+02 9.184296685601358377e+02 1.057033143986416235e+01
4.635804000000000258e+01 9.370000000000000000e+02 9.180195867650666059e+02 1.898041323493339405e+01
4.637474999999999881e+01 9.020000000000000000e+02 9.176136763757260724e+02 -1.561367637572607237e+01
4.639146000000000214e+01 8.690000000000000000e+02 9.172122061941068978e+02 -4.821220619410689778e+01
4.640816999999999837e+01 9.630000000000000000e+02 9.168153243234064576e+02 4.618467567659354245e+01
4.642488000000000170e+01 9.270000000000000000e+02 9.164232184911307968e+02 1.057678150886920321e+01
4.644158999999999793e+01 9.160000000000000000e+02 9.160361248095621249e+02 -3.612480956212493766e-02
4.645830999999999733e+01 9.070000000000000000e+02 9.156541122169802520e+02 -8.654112216980252015e+00
4.647502000000000066e+01 8.920000000000000000e+02 9.152780078795058216e+02 -2.327800787950582162e+01
4.649172999999999689e+01 9.530000000000000000e+02 9.149081270582236129e+02 3.809187294177638705e+01
4.650844000000000023e+01 9.570000000000000000e+02 9.145448888920354875e+02 4.245511110796451248e+01
4.652514999999999645e+01 9.160000000000000000e+02 9.141891090975876750e+02 1.810890902412324976e+00
4.654185999999999979e+01 8.750000000000000000e+02 9.138417207847711552e+02 -3.884172078477115519e+01
4.655857000000000312e+01 9.050000000000000000e+02 9.135039185773392774e+02 -8.503918577339277363e+00
4.657527999999999935e+01 9.150000000000000000e+02 9.131772465509499170e+02 1.822753449050082963e+00
4.659199999999999875e+01 8.900000000000000000e+02 9.128635396732879599e+02 -2.286353967328795989e+01
4.660871000000000208e+01 8.590000000000000000e+02 9.125658468907975021e+02 -5.356584689079750206e+01
4.662541999999999831e+01 8.860000000000000000e+02 9.122875683401501874e+02 -2.628756834015018740e+01
4.664213000000000164e+01 8.950000000000000000e+02 9.120336187816207030e+02 -1.703361878162070298e+01
4.665883999999999787e+01 8.780000000000000000e+02 9.118108888247296591e+02 -3.381088882472965906e+01
4.667555000000000121e+01 8.710000000000000000e+02 9.116294496775225298e+02 -4.062944967752252978e+01
4.669225999999999743e+01 8.930000000000000000e+02 9.115052599621191121e+02 -1.850525996211911206e+01
4.670897000000000077e+01 9.200000000000000000e+02 9.114672166362391863e+02 8.532783363760813700e+00
4.672569000000000017e+01 9.510000000000000000e+02 9.115756068670957575e+02 3.942439313290424252e+01
4.674240000000000350e+01 9.490000000000000000e+02 9.119630000023777257e+02 3.703699999762227435e+01
4.675910999999999973e+01 8.970000000000000000e+02 9.129047175612129195e+02 -1.590471756121291946e+01
4.677582000000000306e+01 9.140000000000000000e+02 9.148866335779542851e+02 -8.866335779542851014e-01
4.679252999999999929e+01 8.930000000000000000e+02 9.185633010574180162e+02 -2.556330105741801617e+01
4.680924000000000262e+01 9.170000000000000000e+02 9.244429802550530439e+02 -7.442980255053043948e+00
4.682594999999999885e+01 9.620000000000000000e+02 9.322297752863808000e+02 2.977022471361919997e+01
4.684266000000000219e+01 9.210000000000000000e+02 9.400388588339288845e+02 -1.903885883392888445e+01
4.685938000000000159e+01 9.570000000000000000e+02 9.442864564847470774e+02 1.271354351525292259e+01
4.687608999999999781e+01 9.320000000000000000e+02 9.419858185416538845e+02 -9.985818541653884495e+00
4.689280000000000115e+01 9.070000000000000000e+02 9.348555945139949017e+02 -2.785559451399490172e+01
4.690950999999999738e+01 9.510000000000000000e+02 9.276420274221328555e+02 2.335797257786714454e+01
4.692622000000000071e+01 8.870000000000000000e+02 9.233064694669258188e+02 -3.630646946692581878e+01
4.694292999999999694e+01 9.840000000000000000e+02 9.224487318845891650e+02 6.155126811541083498e+01
4.695964000000000027e+01 8.770000000000000000e+02 9.239796028606560867e+02 -4.697960286065608670e+01
4.697634999999999650e+01 9.010000000000000000e+02 9.255912737788437425e+02 -2.459127377884374255e+01
4.699307000000000301e+01 9.330000000000000000e+02 9.247292732644109492e+02 8.270726735589050804e+00
4.700977999999999923e+01 9.210000000000000000e+02 9.207322904125143168e+02 2.677095874856831870e-01
4.702649000000000257e+01 9.250000000000000000e+02 9.155201586001870737e+02 9.479841399812926284e+00
4.704319999999999879e+01 9.080000000000000000e+02 9.109401349428299000e+02 -2.940134942829899956e+00
4.705991000000000213e+01 8.940000000000000000e+02 9.076262222761694147e+02 -1.362622227616941473e+01
4.707661999999999836e+01 9.740000000000000000e+02 9.054741420590968346e+02 6.852585794090316540e+01
4.709333000000000169e+01 9.300000000000000000e+02 9.041155956997113208e+02 2.588440430028867922e+01
4.711003999999999792e+01 9.560000000000000000e+02 9.032037485377795747e+02 5.279625146222042531e+01
4.712675999999999732e+01 8.940000000000000000e+02 9.025171626563065956e+02 -8.517162656306595636e+00
4.714347000000000065e+01 9.360000000000000000e+02 9.019455261798193533e+02 3.405447382018064673e+01
4.716017999999999688e+01 8.940000000000000000e+02 9.014389851204358592e+02 -7.438985120435859244e+00
4.717689000000000021e+01 9.050000000000000000e+02 9.009750577502010174e+02 4.024942249798982630e+00
4.719360000000000355e+01 9.130000000000000000e+02 9.005418438664777341e+02 1.245815613352226592e+01
4.721030999999999977e+01 8.780000000000000000e+02 9.001319306632392454e+02 -2.213193066323924540e+01
4.722702000000000311e+01 9.540000000000000000e+02 8.997402342181579797e+02 5.425976578184202026e+01
4.724372999999999934e+01 9.540000000000000000e+02 8.993631049930453401e+02 5.463689500695465995e+01
4.726044999999999874e+01 8.690000000000000000e+02 8.989976399190878737e+02 -2.999763991908787375e+01
4.727716000000000207e+01 9.300000000000000000e+02 8.986422583107108721e+02 3.135774168928912786e+01
4.729386999999999830e+01 8.740000000000000000e+02 8.982952003769780731e+02 -2.429520037697807311e+01
4.731058000000000163e+01 8.880000000000000000e+02 8.984170663762066624e+02 -1.041706637620666243e+01
4.732728999999999786e+01 9.170000000000000000e+02 8.980858692139681807e+02 1.891413078603181930e+01
4.734400000000000119e+01 9.450000000000000000e+02 8.977601599068699443e+02 4.723984009313005572e+01
4.736070999999999742e+01 8.540000000000000000e+02 8.974393511188472985e+02 -4.343935111884729849e+01
4.737742999999999682e+01 9.330000000000000000e+02 8.971227828736912215e+02 3.587721712630877846e+01
4.739414000000000016e+01 9.070000000000000000e+02 8.968104526453415701e+02 1.018954735465842987e+01
4.741085000000000349e+01 8.900000000000000000e+02 8.965018613500300262e+02 -6.501861350030026188e+00
4.742755999999999972e+01 8.470000000000000000e+02 8.961967592578099584e+02 -4.919675925780995840e+01
4.744427000000000305e+01 8.700000000000000000e+02 8.961381827610372284e+02 -2.613818276103722837e+01
4.746097999999999928e+01 8.710000000000000000e+02 8.958408219377610067e+02 -2.484082193776100667e+01
4.747769000000000261e+01 8.410000000000000000e+02 8.955464722551830619e+02 -5.454647225518306186e+01
4.749439999999999884e+01 8.810000000000000000e+02 8.952550372837160921e+02 -1.425503728371609213e+01
4.751111999999999824e+01 8.670000000000000000e+02 8.949662754622698912e+02 -2.796627546226989125e+01
4.752783000000000158e+01 9.100000000000000000e+02 8.946804869482623417e+02 1.531951305173765832e+01
4.754453999999999780e+01 8.680000000000000000e+02 8.943974760068987280e+02 -2.639747600689872797e+01
4.756125000000000114e+01 9.120000000000000000e+02 8.941172428213313879e+02 1.788275717866861214e+01
4.757795999999999736e+01 8.780000000000000000e+02 8.938398099821253027e+02 -1.583980998212530267e+01
4.759467000000000070e+01 8.580000000000000000e+02 8.935652232292239887e+02 -3.556522322922398871e+01
4.761137999999999693e+01 8.730000000000000000e+02 8.932935529294026082e+02 -2.029355292940260824e+01
4.762809000000000026e+01 9.280000000000000000e+02 8.930248963635648352e+02 3.497510363643516484e+01
4.764480999999999966e+01 9.260000000000000000e+02 8.927592230204023735e+02 3.324077697959762645e+01
4.766152000000000299e+01 9.350000000000000000e+02 8.924970126598051365e+02 4.250298734019486346e+01
4.767822999999999922e+01 9.140000000000000000e+02 8.922383074907611444e+02 2.176169250923885556e+01
4.769494000000000256e+01 9.400000000000000000e+02 8.919833571396901561e+02 4.801664286030984385e+01
4.771164999999999878e+01 8.670000000000000000e+02 8.917324684025451234e+02 -2.473246840254512335e+01
4.772836000000000212e+01 8.950000000000000000e+02 8.914860177026487236e+02 3.513982297351276429e+00
4.774506999999999834e+01 8.860000000000000000e+02 8.912444673204383889e+02 -5.244467320438388924e+00
4.776178000000000168e+01 8.920000000000000000e+02 8.910083866735704987e+02 9.916133264295012850e-01
4.777850000000000108e+01 8.540000000000000000e+02 8.907783448785766041e+02 -3.677834487857660406e+01
4.779520999999999731e+01 8.970000000000000000e+02 8.905554951264330157e+02 6.444504873566984315e+00
4.781192000000000064e+01 9.040000000000000000e+02 8.903407991326474757e+02 1.365920086735252426e+01
4.782862999999999687e+01 8.590000000000000000e+02 8.901356510735429310e+02 -3.113565107354293104e+01
4.784534000000000020e+01 8.870000000000000000e+02 8.899418342579318733e+02 -2.941834257931873253e+00
4.786205000000000354e+01 9.690000000000000000e+02 8.897616565726926865e+02 7.923834342730731350e+01
4.787875999999999976e+01 9.040000000000000000e+02 8.895981445196242703e+02 1.440185548037572971e+01
4.789547000000000310e+01 8.770000000000000000e+02 8.894553267882246246e+02 -1.245532678822462458e+01
4.791219000000000250e+01 8.860000000000000000e+02 8.893385996382664871e+02 -3.338599638266487091e+00
4.792889999999999873e+01 8.810000000000000000e+02 8.892556664409386258e+02 -8.255666440938625783e+00
4.794561000000000206e+01 9.290000000000000000e+02 8.892173071971595846e+02 3.978269280284041542e+01
4.796231999999999829e+01 8.720000000000000000e+02 8.892402393749230214e+02 -1.724023937492302139e+01
4.797903000000000162e+01 9.100000000000000000e+02 8.893535762768116228e+02 2.064642372318837715e+01
4.799573999999999785e+01 8.390000000000000000e+02 8.896161004584567991e+02 -5.061610045845679906e+01
4.801245000000000118e+01 8.650000000000000000e+02 8.901569351495332967e+02 -2.515693514953329668e+01
4.802915999999999741e+01 8.920000000000000000e+02 8.912506956011936836e+02 7.493043988063163852e-01
4.804587999999999681e+01 8.640000000000000000e+02 8.934078427802655824e+02 -2.940784278026558241e+01
4.806259000000000015e+01 9.200000000000000000e+02 8.973711109388784735e+02 2.262888906112152654e+01
4.807930000000000348e+01 8.870000000000000000e+02 9.038595598830046356e+02 -1.685955988300463559e+01
4.809600999999999971e+01 8.680000000000000000e+02 9.129057002577239928e+02 -4.490570025772399276e+01
4.811272000000000304e+01 9.040000000000000000e+02 9.229299459095147995e+02 -1.892994590951479950e+01
4.812942999999999927e+01 9.120000000000000000e+02 9.301707918374933115e+02 -1.817079183749331150e+01
4.814614000000000260e+01 8.630000000000000000e+02 9.302837706453669853e+02 -6.728377064536698526e+01
4.816284999999999883e+01 8.870000000000000000e+02 9.231750833108172856e+02 -3.617508331081728556e+01
4.817956999999999823e+01 8.830000000000000000e+02 9.139827336604176935e+02 -3.098273366041769350e+01
4.819628000000000156e+01 9.030000000000000000e+02 9.072511009721007440e+02 -4.251100972100744002e+00
4.821298999999999779e+01 8.480000000000000000e+02 9.046593026234672834e+02 -5.665930262346728341e+01
4.822970000000000113e+01 8.780000000000000000e+02 9.057432212901140929e+02 -2.774322129011409288e+01
4.824640999999999735e+01 8.680000000000000000e+02 9.084370841872328128e+02 -4.043708418723281284e+01
4.826312000000000069e+01 8.930000000000000000e+02 9.096612522109869587e+02 -1.666125221098695874e+01
4.827982999999999691e+01 8.640000000000000000e+02 9.070789328576066737e+02 -4.307893285760667368e+01
4.829654000000000025e+01 8.890000000000000000e+02 9.015074481407316398e+02 -1.250744814073163980e+01
4.831325999999999965e+01 9.500000000000000000e+02 8.955681449513851931e+02 5.443185504861480695e+01
4.832997000000000298e+01 9.500000000000000000e+02 8.908349188620570658e+02 5.916508113794293422e+01
4.834667999999999921e+01 9.060000000000000000e+02 8.876465028969197419e+02 1.835349710308025806e+01
4.836339000000000254e+01 8.980000000000000000e+02 8.856813120323922703e+02 1.231868796760772966e+01
4.838009999999999877e+01 9.390000000000000000e+02 8.845082160619688239e+02 5.449178393803117615e+01
4.839681000000000211e+01 9.280000000000000000e+02 8.837707386680755235e+02 4.422926133192447651e+01
4.841351999999999833e+01 9.460000000000000000e+02 8.832634414727548346e+02 6.273655852724516535e+01
4.843023999999999774e+01 8.990000000000000000e+02 8.828921255007323907e+02 1.610787449926760928e+01
4.844695000000000107e+01 9.020000000000000000e+02 8.826233502357254110e+02 1.937664976427458896e+01
4.846365999999999730e+01 9.630000000000000000e+02 8.824555296112738461e+02 8.054447038872615394e+01
4.848037000000000063e+01 9.220000000000000000e+02 8.824271975441167797e+02 3.957280245588322032e+01
4.849707999999999686e+01 9.180000000000000000e+02 8.826053341996035897e+02 3.539466580039641030e+01
4.851379000000000019e+01 8.660000000000000000e+02 8.831815076665623110e+02 -1.718150766656231099e+01
4.853050000000000352e+01 9.120000000000000000e+02 8.844779465547144355e+02 2.752205344528556452e+01
4.854720999999999975e+01 9.190000000000000000e+02 8.869207547427531608e+02 3.207924525724683917e+01
4.856392999999999915e+01 8.490000000000000000e+02 8.908331575072146506e+02 -4.183315750721465065e+01
4.858064000000000249e+01 9.260000000000000000e+02 8.960041757074977795e+02 2.999582429250222049e+01
4.859734999999999872e+01 8.580000000000000000e+02 9.012013497586964377e+02 -4.320134975869643768e+01
4.861406000000000205e+01 8.460000000000000000e+02 9.040736351692363542e+02 -5.807363516923635416e+01
4.863076999999999828e+01 9.380000000000000000e+02 9.026372894806154363e+02 3.536271051938456367e+01
4.864748000000000161e+01 9.100000000000000000e+02 8.979062413040006732e+02 1.209375869599932685e+01
4.866418999999999784e+01 8.780000000000000000e+02 8.929116327215465390e+02 -1.491163272154653896e+01
4.868090000000000117e+01 9.140000000000000000e+02 8.896672217859014609e+02 2.433277821409853914e+01
4.869762000000000057e+01 8.900000000000000000e+02 8.887272804264114257e+02 1.272719573588574349e+00
4.871432999999999680e+01 9.670000000000000000e+02 8.895980622247919882e+02 7.740193777520801177e+01
4.873104000000000013e+01 8.880000000000000000e+02 8.909822766739939652e+02 -2.982276673993965233e+00
4.874775000000000347e+01 8.780000000000000000e+02 8.911719419687964319e+02 -1.317194196879643187e+01
4.876445999999999970e+01 9.070000000000000000e+02 8.891929511676626134e+02 1.780704883233738656e+01
4.878117000000000303e+01 9.020000000000000000e+02 8.858646292423844670e+02 1.613537075761553297e+01
4.879787999999999926e+01 8.710000000000000000e+02 8.825792612810034825e+02 -1.157926128100348251e+01
4.881459000000000259e+01 8.410000000000000000e+02 8.800274604671168390e+02 -3.902746046711683903e+01
4.883131000000000199e+01 9.500000000000000000e+02 8.782951065569288858e+02 7.170489344307111423e+01
4.884801999999999822e+01 8.710000000000000000e+02 8.771936391138490308e+02 -6.193639113849030764e+00
4.886473000000000155e+01 8.830000000000000000e+02 8.764788398853792160e+02 6.521160114620784043e+00
4.888143999999999778e+01 8.730000000000000000e+02 8.759691638185333886e+02 -2.969163818533388621e+00
4.889815000000000111e+01 8.410000000000000000e+02 8.755627157517769774e+02 -3.456271575177697741e+01
4.891485999999999734e+01 8.870000000000000000e+02 8.752115395519745107e+02 1.178846044802548931e+01
4.893157000000000068e+01 8.810000000000000000e+02 8.748942734649665454e+02 6.105726535033454638e+00
4.894827999999999690e+01 8.570000000000000000e+02 8.746005245593053132e+02 -1.760052455930531323e+01
4.896500000000000341e+01 8.710000000000000000e+02 8.743241461636248459e+02 -3.324146163624845940e+00
4.898170999999999964e+01 8.360000000000000000e+02 8.740615224630352031e+02 -3.806152246303520315e+01
4.899842000000000297e+01 9.190000000000000000e+02 8.738096961727411554e+02 4.519030382725884465e+01
4.901512999999999920e+01 8.500000000000000000e+02 8.735666292822966170e+02 -2.356662928229661702e+01
4.903184000000000253e+01 8.560000000000000000e+02 8.733307996383581440e+02 -1.733079963835814397e+01
4.904854999999999876e+01 8.390000000000000000e+02 8.731010514196852910e+02 -3.410105141968529097e+01
4.906526000000000209e+01 9.180000000000000000e+02 8.728764947573530435e+02 4.512350524264695650e+01
4.908196999999999832e+01 8.860000000000000000e+02 8.726564366956777121e+02 1.334356330432228788e+01
4.909868999999999772e+01 8.770000000000000000e+02 8.724402046579901935e+02 4.559795342009806518e+00
4.911540000000000106e+01 8.160000000000000000e+02 8.722276271574452267e+02 -5.622762715744522666e+01
4.913210999999999729e+01 8.850000000000000000e+02 8.720182338117190284e+02 1.298176618828097162e+01
4.914882000000000062e+01 8.680000000000000000e+02 8.718117573061300618e+02 -3.811757306130061806e+00
4.916552999999999685e+01 8.120000000000000000e+02 8.716079908338178939e+02 -5.960799083381789387e+01
4.918224000000000018e+01 8.180000000000000000e+02 8.714067801650923002e+02 -5.340678016509230019e+01
4.919895000000000351e+01 8.650000000000000000e+02 8.712080193112105917e+02 -6.208019311210591695e+00
4.921565999999999974e+01 8.910000000000000000e+02 8.710116496679538614e+02 1.998835033204613865e+01
4.923237999999999914e+01 8.270000000000000000e+02 8.708175476561955293e+02 -4.381754765619552927e+01
4.924909000000000248e+01 8.640000000000000000e+02 8.706259956747004480e+02 -6.625995674700448035e+00
4.926579999999999870e+01 8.650000000000000000e+02 8.704370011223605843e+02 -5.437001122360584304e+00
4.928251000000000204e+01 8.860000000000000000e+02 8.702507926032832302e+02 1.574920739671676984e+01
4.929921999999999827e+01 8.540000000000000000e+02 8.686826466772649837e+02 -1.468264667726498374e+01
4.931593000000000160e+01 8.540000000000000000e+02 8.685117456467172588e+02 -1.451174564671725875e+01
4.933263999999999783e+01 8.070000000000000000e+02 8.683462781428358994e+02 -6.134627814283589942e+01
4.934935000000000116e+01 8.590000000000000000e+02 8.681897490967961630e+02 -9.189749096796163030e+00
4.936607000000000056e+01 8.940000000000000000e+02 8.680496138558496568e+02 2.595038614415034317e+01
4.938277999999999679e+01 8.940000000000000000e+02 8.682177281911851878e+02 2.578227180881481218e+01
4.939949000000000012e+01 8.180000000000000000e+02 8.681618179392906995e+02 -5.016181793929069954e+01
4.941620000000000346e+01 8.840000000000000000e+02 8.674481735994991141e+02 1.655182640050088594e+01
4.943290999999999968e+01 8.690000000000000000e+02 8.680810608272993250e+02 9.189391727006750443e-01
4.944962000000000302e+01 8.310000000000000000e+02 8.682236848291452134e+02 -3.722368482914521337e+01
4.946632999999999925e+01 8.640000000000000000e+02 8.683046549654022783e+02 -4.304654965402278322e+00
4.948304999999999865e+01 8.100000000000000000e+02 8.681925711399583179e+02 -5.819257113995831787e+01
4.949976000000000198e+01 8.620000000000000000e+02 8.678575014230397073e+02 -5.857501423039707333e+00
4.951646999999999821e+01 8.390000000000000000e+02 8.675781358893460720e+02 -2.857813588934607196e+01
4.953318000000000154e+01 8.070000000000000000e+02 8.672056380946002037e+02 -6.020563809460020366e+01
4.954988999999999777e+01 8.710000000000000000e+02 8.669490524959359163e+02 4.050947504064083660e+00
4.956660000000000110e+01 8.380000000000000000e+02 8.670899088088291364e+02 -2.908990880882913643e+01
4.958330999999999733e+01 8.530000000000000000e+02 8.670241441654920891e+02 -1.402414416549208909e+01
4.960002000000000066e+01 8.390000000000000000e+02 8.669493969211983995e+02 -2.794939692119839947e+01
4.961674000000000007e+01 9.020000000000000000e+02 8.667813396730256272e+02 3.521866032697437277e+01
4.963345000000000340e+01 8.620000000000000000e+02 8.665049994568479406e+02 -4.504999456847940564e+00
4.965015999999999963e+01 8.460000000000000000e+02 8.661875381335696602e+02 -2.018753813356966020e+01
4.966687000000000296e+01 8.470000000000000000e+02 8.658911911628023290e+02 -1.889119116280232902e+01
4.968357999999999919e+01 8.640000000000000000e+02 8.656387981644835463e+02 -1.638798164483546316e+00
4.970029000000000252e+01 8.280000000000000000e+02 8.654283084554158449e+02 -3.742830845541584495e+01
4.971699999999999875e+01 8.700000000000000000e+02 8.652478235299399785e+02 4.752176470060021529e+00
4.973371000000000208e+01 8.250000000000000000e+02 8.650852914105562377e+02 -4.008529141055623768e+01
4.975043000000000148e+01 8.440000000000000000e+02 8.649324906383579901e+02 -2.093249063835799006e+01
4.976713999999999771e+01 8.900000000000000000e+02 8.647853112162958951e+02 2.521468878370410494e+01
4.978385000000000105e+01 8.240000000000000000e+02 8.646416992673906634e+02 -4.064169926739066341e+01
4.980055999999999727e+01 8.650000000000000000e+02 8.645007770539187959e+02 4.992229460812040998e-01
4.981727000000000061e+01 8.340000000000000000e+02 8.643621057065264495e+02 -3.036210570652644947e+01
4.983397999999999683e+01 8.700000000000000000e+02 8.642254285019840836e+02 5.774571498015916404e+00
4.985069000000000017e+01 8.690000000000000000e+02 8.640905787491229830e+02 4.909421250877016973e+00
4.986740000000000350e+01 8.420000000000000000e+02 8.639574437899868826e+02 -2.195744378998688262e+01
4.988412000000000290e+01 8.570000000000000000e+02 8.638258691369662756e+02 -6.825869136966275619e+00
4.990082999999999913e+01 8.810000000000000000e+02 8.636959618062895743e+02 1.730403819371042573e+01
4.991754000000000246e+01 8.770000000000000000e+02 8.635633337896537114e+02 1.343666621034628861e+01
4.993424999999999869e+01 8.250000000000000000e+02 8.634365701590803610e+02 -3.843657015908036101e+01
4.995096000000000203e+01 8.530000000000000000e+02 8.633113410765142817e+02 -1.031134107651428167e+01
4.996766999999999825e+01 8.460000000000000000e+02 8.631876508924420932e+02 -1.718765089244209321e+01
4.998438000000000159e+01 7.690000000000000000e+02 8.630655119174678020e+02 -9.406551191746780205e+01
5.000108999999999781e+01 8.880000000000000000e+02 8.629449434561922772e+02 2.505505654380772285e+01
5.001780999999999722e+01 8.150000000000000000e+02 8.628259004745023049e+02 -4.782590047450230486e+01
5.003452000000000055e+01 8.380000000000000000e+02 8.627085570858505434e+02 -2.470855708585054344e+01
5.005122999999999678e+01 8.220000000000000000e+02 8.625906375238001829e+02 -4.059063752380018286e+01
5.006794000000000011e+01 8.450000000000000000e+02 8.624766928033263866e+02 -1.747669280332638664e+01
5.008465000000000344e+01 8.310000000000000000e+02 8.623645061662292619e+02 -3.136450616622926191e+01
5.010135999999999967e+01 8.400000000000000000e+02 8.622541335006784493e+02 -2.225413350067844931e+01
5.011807000000000301e+01 8.890000000000000000e+02 8.621456374827942000e+02 2.685436251720580003e+01
5.013477999999999923e+01 8.800000000000000000e+02 8.620390881368163036e+02 1.796091186318369637e+01
5.015149999999999864e+01 8.670000000000000000e+02 8.619345016034283162e+02 5.065498396571683770e+00
5.016821000000000197e+01 8.660000000000000000e+02 8.618320899942896176e+02 4.167910005710382393e+00
5.018491999999999820e+01 8.340000000000000000e+02 8.617318870176459313e+02 -2.773188701764593134e+01
5.020163000000000153e+01 8.260000000000000000e+02 8.616340006583126296e+02 -3.563400065831262964e+01
5.021833999999999776e+01 9.180000000000000000e+02 8.615385514364817254e+02 5.646144856351827457e+01
5.023505000000000109e+01 8.640000000000000000e+02 8.614456740906073264e+02 2.554325909392673566e+00
5.025175999999999732e+01 8.180000000000000000e+02 8.613555195656962269e+02 -4.335551956569622689e+01
5.026847000000000065e+01 8.340000000000000000e+02 8.612682573655800979e+02 -2.726825736558009794e+01
5.028519000000000005e+01 8.400000000000000000e+02 8.611840289302591600e+02 -2.118402893025916001e+01
5.030190000000000339e+01 8.560000000000000000e+02 8.611031506426967326e+02 -5.103150642696732575e+00
5.031860999999999962e+01 8.960000000000000000e+02 8.610258153383032322e+02 3.497418466169676776e+01
5.033532000000000295e+01 8.160000000000000000e+02 8.609523005314838429e+02 -4.495230053148384286e+01
5.035202999999999918e+01 8.360000000000000000e+02 8.608829227940120745e+02 -2.488292279401207452e+01
5.036874000000000251e+01 8.280000000000000000e+02 8.608180446371158041e+02 -3.281804463711580411e+01
5.038544999999999874e+01 8.130000000000000000e+02 8.607580828684217522e+02 -4.775808286842175221e+01
5.040216000000000207e+01 8.200000000000000000e+02 8.607035188014865525e+02 -4.070351880148655255e+01
5.041888000000000147e+01 8.260000000000000000e+02 8.606548836403253517e+02 -3.465488364032535173e+01
5.043558999999999770e+01 8.300000000000000000e+02 8.606128869869662594e+02 -3.061288698696625943e+01
5.045230000000000103e+01 8.390000000000000000e+02 8.605782613831667049e+02 -2.157826138316670495e+01
5.046900999999999726e+01 8.040000000000000000e+02 8.605519077682429270e+02 -5.655190776824292698e+01
5.048572000000000060e+01 8.490000000000000000e+02 8.605348973427588817e+02 -1.153489734275888168e+01
5.050242999999999682e+01 8.250000000000000000e+02 8.605285153740059059e+02 -3.552851537400590587e+01
5.051914000000000016e+01 8.500000000000000000e+02 8.605343210711625943e+02 -1.053432107116259431e+01
5.053585999999999956e+01 8.410000000000000000e+02 8.605542475326067233e+02 -1.955424753260672333e+01
5.055257000000000289e+01 8.780000000000000000e+02 8.605906632426866736e+02 1.740933675731332642e+01
5.056927999999999912e+01 8.220000000000000000e+02 8.606466056176404891e+02 -3.864660561764048907e+01
5.058599000000000245e+01 8.260000000000000000e+02 8.607259692265225794e+02 -3.472596922652257945e+01
5.060269999999999868e+01 8.500000000000000000e+02 8.608338147687310311e+02 -1.083381476873103111e+01
5.061941000000000201e+01 8.820000000000000000e+02 8.609767531546885948e+02 2.102324684531140520e+01
5.063611999999999824e+01 8.150000000000000000e+02 8.611634053929479933e+02 -4.616340539294799328e+01
5.065283000000000158e+01 7.760000000000000000e+02 8.614049097706564453e+02 -8.540490977065644529e+01
5.066955000000000098e+01 9.070000000000000000e+02 8.617156298908399776e+02 4.528437010916002237e+01
5.068625999999999721e+01 8.570000000000000000e+02 8.621127760514119700e+02 -5.112776051411970002e+00
5.070297000000000054e+01 8.190000000000000000e+02 8.626176934267866727e+02 -4.361769342678667272e+01
5.071967999999999677e+01 8.240000000000000000e+02 8.632549794276816328e+02 -3.925497942768163284e+01
5.073639000000000010e+01 9.400000000000000000e+02 8.640517991744463870e+02 7.594820082555361296e+01
5.075310000000000343e+01 8.740000000000000000e+02 8.650358318324362017e+02 8.964168167563798306e+00
5.076980999999999966e+01 8.710000000000000000e+02 8.662308869358244010e+02 4.769113064175598993e+00
5.078652000000000299e+01 8.380000000000000000e+02 8.676481494051581649e+02 -2.964814940515816488e+01
5.080324000000000240e+01 8.540000000000000000e+02 8.692713405744023021e+02 -1.527134057440230208e+01
5.081994999999999862e+01 8.180000000000000000e+02 8.710286804988198810e+02 -5.302868049881988100e+01
5.083666000000000196e+01 8.930000000000000000e+02 8.727739081220471462e+02 2.022609187795285379e+01
5.085336999999999819e+01 8.650000000000000000e+02 8.742806071475851013e+02 -9.280607147585101302e+00
5.087008000000000152e+01 8.380000000000000000e+02 8.752981142068904319e+02 -3.729811420689043189e+01
5.088678999999999775e+01 8.650000000000000000e+02 8.756657067585499590e+02 -1.066570675854995898e+01
5.090350000000000108e+01 8.310000000000000000e+02 8.754123779931491072e+02 -4.441237799314910717e+01
5.092020999999999731e+01 9.060000000000000000e+02 8.747443832307856155e+02 3.125561676921438448e+01
5.093692999999999671e+01 8.460000000000000000e+02 8.739235868713798254e+02 -2.792358687137982542e+01
5.095364000000000004e+01 9.080000000000000000e+02 8.731432087664583150e+02 3.485679123354168496e+01
5.097035000000000338e+01 8.970000000000000000e+02 8.724664186163715840e+02 2.453358138362841601e+01
5.098705999999999960e+01 8.500000000000000000e+02 8.718363412826823833e+02 -2.183634128268238328e+01
5.100377000000000294e+01 8.110000000000000000e+02 8.711285165077791817e+02 -6.012851650777918167e+01
5.102047999999999917e+01 8.860000000000000000e+02 8.702318740547624429e+02 1.576812594523755706e+01
5.103719000000000250e+01 8.320000000000000000e+02 8.691203493768391581e+02 -3.712034937683915814e+01
5.105389999999999873e+01 8.160000000000000000e+02 8.678650882109950544e+02 -5.186508821099505440e+01
5.107061999999999813e+01 8.200000000000000000e+02 8.665830105904733500e+02 -4.658301059047335002e+01
5.108733000000000146e+01 8.330000000000000000e+02 8.653792583242726550e+02 -3.237925832427265505e+01
5.110403999999999769e+01 8.430000000000000000e+02 8.643147632624061316e+02 -2.131476326240613162e+01
5.112075000000000102e+01 8.650000000000000000e+02 8.634127574362845507e+02 1.587242563715449251e+00
5.113745999999999725e+01 8.530000000000000000e+02 8.626723703905252023e+02 -9.672370390525202311e+00
5.115417000000000058e+01 8.640000000000000000e+02 8.620811967264537543e+02 1.918803273546245691e+00
5.117087999999999681e+01 8.540000000000000000e+02 8.616230265961688701e+02 -7.623026596168870128e+00
5.118759000000000015e+01 8.540000000000000000e+02 8.612818518327367201e+02 -7.281851832736720098e+00
5.120430999999999955e+01 8.440000000000000000e+02 8.610436598007778457e+02 -1.704365980077784570e+01
5.122102000000000288e+01 8.350000000000000000e+02 8.608978384519050451e+02 -2.589783845190504508e+01
5.123772999999999911e+01 8.840000000000000000e+02 8.608316292568224526e+02 2.316837074317754741e+01
5.125444000000000244e+01 8.700000000000000000e+02 8.608517417672486545e+02 9.148258232751345531e+00
5.127114999999999867e+01 8.510000000000000000e+02 8.609533750054785060e+02 -9.953375005478505955e+00
5.128786000000000200e+01 8.960000000000000000e+02 8.611414962410837006e+02 3.485850375891629938e+01
5.130456999999999823e+01 8.850000000000000000e+02 8.614264462582300439e+02 2.357355374176995610e+01
5.132128000000000156e+01 8.440000000000000000e+02 8.618254031652259073e+02 -1.782540316522590729e+01
5.133800000000000097e+01 8.940000000000000000e+02 8.623655510417495407e+02 3.163444895825045933e+01
5.135470999999999719e+01 8.820000000000000000e+02 8.630889116340108558e+02 1.891108836598914422e+01
5.137142000000000053e+01 9.240000000000000000e+02 8.640675101684455512e+02 5.993248983155444876e+01
5.138812999999999676e+01 9.050000000000000000e+02 8.654556345788555518e+02 3.954436542114444819e+01
5.140484000000000009e+01 8.840000000000000000e+02 8.675758947180252108e+02 1.642410528197478925e+01
5.142155000000000342e+01 9.530000000000000000e+02 8.711264935527450461e+02 8.187350644725495386e+01
5.143825999999999965e+01 9.520000000000000000e+02 8.774355614019999621e+02 7.456443859800003793e+01
5.145497000000000298e+01 1.016000000000000000e+03 8.885577732427025239e+02 1.274422267572974761e+02
5.147169000000000239e+01 9.490000000000000000e+02 9.067895270647589996e+02 4.221047293524100041e+01
5.148839999999999861e+01 9.310000000000000000e+02 9.331413530238376097e+02 -2.141353023837609726e+00
5.150511000000000195e+01 9.750000000000000000e+02 9.650157425114960006e+02 9.984257488503999411e+00
5.152181999999999817e+01 9.820000000000000000e+02 9.937844539700408859e+02 -1.178445397004088591e+01
5.153853000000000151e+01 9.680000000000000000e+02 1.005870689405476924e+03 -3.787068940547692364e+01
5.155523999999999774e+01 9.580000000000000000e+02 9.936030821581833834e+02 -3.560308215818338340e+01
5.157195000000000107e+01 9.850000000000000000e+02 9.663596879495222538e+02 1.864031205047774620e+01
5.158867000000000047e+01 9.690000000000000000e+02 9.398234883579650614e+02 2.917651164203493863e+01
5.160537999999999670e+01 9.400000000000000000e+02 9.232998962261924589e+02 1.670010377380754107e+01
5.162209000000000003e+01 9.750000000000000000e+02 9.193082658562067309e+02 5.569173414379326914e+01
5.163880000000000337e+01 9.220000000000000000e+02 9.255828811090400450e+02 -3.582881109040044976e+00
5.165550999999999959e+01 9.400000000000000000e+02 9.360130608037725324e+02 3.986939196227467619e+00
5.167222000000000293e+01 8.940000000000000000e+02 9.417653446814778135e+02 -4.776534468147781354e+01
5.168892999999999915e+01 9.200000000000000000e+02 9.359065531939241964e+02 -1.590655319392419642e+01
5.170564000000000249e+01 9.140000000000000000e+02 9.203024140446150341e+02 -6.302414044615034072e+00
5.172236000000000189e+01 8.870000000000000000e+02 9.025045398676521700e+02 -1.550453986765216996e+01
5.173906999999999812e+01 8.960000000000000000e+02 8.876848648759215621e+02 8.315135124078437912e+00
5.175578000000000145e+01 8.860000000000000000e+02 8.773625569233161059e+02 8.637443076683894105e+00
5.177248999999999768e+01 8.630000000000000000e+02 8.710254020372944979e+02 -8.025402037294497859e+00
5.178920000000000101e+01 8.780000000000000000e+02 8.674227551947293477e+02 1.057724480527065225e+01
5.180590999999999724e+01 8.600000000000000000e+02 8.653951081821546722e+02 -5.395108182154672249e+00
5.182262000000000057e+01 9.070000000000000000e+02 8.641858322879973002e+02 4.281416771200269977e+01
5.183932999999999680e+01 8.230000000000000000e+02 8.633992343528620950e+02 -4.039923435286209497e+01
5.185605000000000331e+01 8.400000000000000000e+02 8.628510937518466335e+02 -2.285109375184663350e+01
5.187275999999999954e+01 8.950000000000000000e+02 8.624614729079358995e+02 3.253852709206410054e+01
5.188947000000000287e+01 8.190000000000000000e+02 8.621853731771537923e+02 -4.318537317715379231e+01
5.190617999999999910e+01 9.090000000000000000e+02 8.619967084683963776e+02 4.700329153160362239e+01
5.192289000000000243e+01 8.650000000000000000e+02 8.618778284117778412e+02 3.122171588222158789e+00
5.193959999999999866e+01 8.660000000000000000e+02 8.618161229582824490e+02 4.183877041717551037e+00
5.195631000000000199e+01 8.430000000000000000e+02 8.618023461702542818e+02 -1.880234617025428179e+01
5.197301999999999822e+01 9.100000000000000000e+02 8.618296147470719006e+02 4.817038525292809936e+01
5.198973999999999762e+01 8.450000000000000000e+02 8.618927983472731285e+02 -1.689279834727312846e+01
5.200645000000000095e+01 8.790000000000000000e+02 8.619878978437197929e+02 1.701210215628020705e+01
5.202315999999999718e+01 8.890000000000000000e+02 8.621119616128614780e+02 2.688803838713852201e+01
5.203987000000000052e+01 8.530000000000000000e+02 8.622627295581610269e+02 -9.262729558161026944e+00
5.205657999999999674e+01 8.580000000000000000e+02 8.624384996089962669e+02 -4.438499608996266943e+00
5.207329000000000008e+01 8.450000000000000000e+02 8.626380099869074911e+02 -1.763800998690749111e+01
5.209000000000000341e+01 8.800000000000000000e+02 8.628603521311800932e+02 1.713964786881990676e+01
5.210670999999999964e+01 8.560000000000000000e+02 8.631049056880174248e+02 -7.104905688017424836e+00
5.212342999999999904e+01 8.490000000000000000e+02 8.633714555213870199e+02 -1.437145552138701987e+01
5.214014000000000237e+01 8.870000000000000000e+02 8.636595040677389079e+02 2.334049593226109209e+01
5.215684999999999860e+01 8.650000000000000000e+02 8.639692000184871858e+02 1.030799981512814156e+00
5.217356000000000193e+01 8.910000000000000000e+02 8.643006923594184627e+02 2.669930764058153727e+01
5.219026999999999816e+01 8.210000000000000000e+02 8.646542674282017060e+02 -4.365426742820170602e+01
5.220698000000000150e+01 8.090000000000000000e+02 8.650303372096597059e+02 -5.603033720965970588e+01
5.222368999999999772e+01 8.840000000000000000e+02 8.654294309478250398e+02 1.857056905217496023e+01
5.224040000000000106e+01 8.350000000000000000e+02 8.658521894565762977e+02 -3.085218945657629774e+01
5.225712000000000046e+01 9.150000000000000000e+02 8.662996367540093843e+02 4.870036324599061572e+01
5.227382999999999669e+01 8.120000000000000000e+02 8.667720935880701063e+02 -5.477209358807010631e+01
5.229054000000000002e+01 9.460000000000000000e+02 8.672707824566675754e+02 7.872921754333242461e+01
5.230725000000000335e+01 8.530000000000000000e+02 8.677967739271019809e+02 -1.479677392710198092e+01
5.232395999999999958e+01 8.780000000000000000e+02 8.683512498331583629e+02 9.648750166841637110e+00
5.234067000000000291e+01 8.630000000000000000e+02 8.689355075420351113e+02 -5.935507542035111328e+00
5.235737999999999914e+01 8.970000000000000000e+02 8.695509654845617433e+02 2.744903451543825668e+01
5.237409000000000248e+01 8.640000000000000000e+02 8.701991699484982519e+02 -6.199169948498251870e+00
5.239081000000000188e+01 8.220000000000000000e+02 8.708822223475750661e+02 -4.888222234757506612e+01
5.240751999999999811e+01 8.530000000000000000e+02 8.716011342000936111e+02 -1.860113420009361107e+01
5.242423000000000144e+01 8.280000000000000000e+02 8.723582875088789024e+02 -4.435828750887890237e+01
5.244093999999999767e+01 8.080000000000000000e+02 8.731558349032846991e+02 -6.515583490328469907e+01
5.245765000000000100e+01 8.940000000000000000e+02 8.739961117911898327e+02 2.000388820881016727e+01
5.247435999999999723e+01 8.430000000000000000e+02 8.748816523221541956e+02 -3.188165232215419564e+01
5.249107000000000056e+01 8.850000000000000000e+02 8.758152074143831669e+02 9.184792585616833094e+00
5.250777999999999679e+01 8.830000000000000000e+02 8.767997650889144552e+02 6.200234911085544809e+00
5.252450000000000330e+01 8.590000000000000000e+02 8.778392119995920666e+02 -1.883921199959206660e+01
5.254120999999999952e+01 8.070000000000000000e+02 8.789358405845230209e+02 -7.193584058452302088e+01
5.255792000000000286e+01 8.450000000000000000e+02 8.800941051636639259e+02 -3.509410516366392585e+01
5.257462999999999909e+01 8.840000000000000000e+02 8.813182030123905406e+02 2.681796987609459393e+00
5.259134000000000242e+01 9.420000000000000000e+02 8.826127167685823451e+02 5.938728323141765486e+01
5.260804999999999865e+01 8.640000000000000000e+02 8.839826566940895418e+02 -1.998265669408954182e+01
5.262476000000000198e+01 8.730000000000000000e+02 8.854333565030202635e+02 -1.243335650302026352e+01
5.264148000000000138e+01 9.280000000000000000e+02 8.869720856724521809e+02 4.102791432754781908e+01
5.265818999999999761e+01 8.900000000000000000e+02 8.886034616647300481e+02 1.396538335269951858e+00
5.267490000000000094e+01 8.740000000000000000e+02 8.903356502304741298e+02 -1.633565023047412978e+01
5.269160999999999717e+01 8.160000000000000000e+02 8.921766681968965713e+02 -7.617666819689657132e+01
5.270832000000000050e+01 9.060000000000000000e+02 8.941353704913103684e+02 1.186462950868963162e+01
5.272502999999999673e+01 8.750000000000000000e+02 8.962215576164220465e+02 -2.122155761642204652e+01
5.274174000000000007e+01 8.880000000000000000e+02 8.984460997082258018e+02 -1.044609970822580181e+01
5.275845000000000340e+01 8.890000000000000000e+02 9.008210000046544792e+02 -1.182100000465447920e+01
5.277517000000000280e+01 8.920000000000000000e+02 9.033614544390419496e+02 -1.136145443904194963e+01
5.279187999999999903e+01 8.730000000000000000e+02 9.060793889358660635e+02 -3.307938893586606355e+01
5.280859000000000236e+01 8.900000000000000000e+02 9.089931127447874815e+02 -1.899311274478748146e+01
5.282529999999999859e+01 9.040000000000000000e+02 9.121215341168260693e+02 -8.121534116826069294e+00
5.284201000000000192e+01 9.500000000000000000e+02 9.154859428496936289e+02 3.451405715030637111e+01
5.285871999999999815e+01 8.920000000000000000e+02 9.191103808556292734e+02 -2.711038085562927336e+01
5.287543000000000148e+01 8.670000000000000000e+02 9.230220817842500765e+02 -5.602208178425007645e+01
5.289213999999999771e+01 9.250000000000000000e+02 9.272519947250901851e+02 -2.251994725090185057e+00
5.290885999999999711e+01 9.390000000000000000e+02 9.318382673099322346e+02 7.161732690067765361e+00
5.292557000000000045e+01 8.830000000000000000e+02 9.368158215374505744e+02 -5.381582153745057440e+01
5.294227999999999668e+01 8.740000000000000000e+02 9.422336852951412993e+02 -6.823368529514129932e+01
5.295899000000000001e+01 9.400000000000000000e+02 9.481453621083608141e+02 -8.145362108360814091e+00
5.297570000000000334e+01 9.680000000000000000e+02 9.546128126955804873e+02 1.338718730441951266e+01
5.299240999999999957e+01 9.150000000000000000e+02 9.617081123895609380e+02 -4.670811238956093803e+01
5.300912000000000290e+01 1.029000000000000000e+03 9.695155064365974340e+02 5.948449356340256600e+01
5.302582999999999913e+01 9.760000000000000000e+02 9.781339877784797636e+02 -2.133987778479763620e+00
5.304254999999999853e+01 1.011000000000000000e+03 9.876865975769067063e+02 2.331340242309329369e+01
5.305926000000000187e+01 9.900000000000000000e+02 9.983013075048299925e+02 -8.301307504829992467e+00
5.307596999999999809e+01 1.047000000000000000e+03 1.010150863048705446e+03 3.684913695129455391e+01
5.309268000000000143e+01 1.047000000000000000e+03 1.023438362678118551e+03 2.356163732188144877e+01
5.310938999999999766e+01 1.019000000000000000e+03 1.038413624978549024e+03 -1.941362497854902358e+01
5.312610000000000099e+01 1.110000000000000000e+03 1.055388839660035956e+03 5.461116033996404440e+01
5.314280999999999722e+01 1.128000000000000000e+03 1.074761057048556495e+03 5.323894295144350508e+01
5.315952000000000055e+01 1.130000000000000000e+03 1.097044153200971778e+03 3.295584679902822245e+01
5.317623999999999995e+01 1.168000000000000000e+03 1.122929751005342268e+03 4.507024899465773160e+01
5.319295000000000329e+01 1.153000000000000000e+03 1.153281821867113649e+03 -2.818218671136492048e-01
5.320965999999999951e+01 1.287000000000000000e+03 1.189301546496027186e+03 9.769845350397281436e+01
5.322637000000000285e+01 1.328000000000000000e+03 1.232551293276670549e+03 9.544870672332945105e+01
5.324307999999999907e+01 1.454000000000000000e+03 1.285053641649232532e+03 1.689463583507674684e+02
5.325979000000000241e+01 1.524000000000000000e+03 1.349362529022814215e+03 1.746374709771857852e+02
5.327649999999999864e+01 1.683000000000000000e+03 1.428600177840995002e+03 2.543998221590049980e+02
5.329321000000000197e+01 1.892000000000000000e+03 1.526433428963256347e+03 3.655665710367436532e+02
5.330993000000000137e+01 2.151000000000000000e+03 1.647032222485233433e+03 5.039677775147665670e+02
5.332663999999999760e+01 2.383000000000000000e+03 1.794482331119039372e+03 5.885176688809606276e+02
5.334335000000000093e+01 2.455000000000000000e+03 1.972623841313493813e+03 4.823761586865061872e+02
5.336005999999999716e+01 2.564000000000000000e+03 2.183603529515254195e+03 3.803964704847458052e+02
5.337677000000000049e+01 2.820000000000000000e+03 2.425737960436619232e+03 3.942620395633807675e+02
5.339347999999999672e+01 2.908000000000000000e+03 2.689949840412857611e+03 2.180501595871423888e+02
5.341019000000000005e+01 3.290000000000000000e+03 2.955583395576423754e+03 3.344166044235762456e+02
5.342690000000000339e+01 3.299000000000000000e+03 3.189010808459898271e+03 1.099891915401017286e+02
5.344362000000000279e+01 3.394000000000000000e+03 3.350966227336667998e+03 4.303377266333200168e+01
5.346032999999999902e+01 3.582000000000000000e+03 3.414037519437665651e+03 1.679624805623343491e+02
5.347704000000000235e+01 3.462000000000000000e+03 3.380673332149223825e+03 8.132666785077617533e+01
5.349374999999999858e+01 3.561000000000000000e+03 3.282500498459897244e+03 2.784995015401027558e+02
5.351046000000000191e+01 3.604000000000000000e+03 3.161729593687274701e+03 4.422704063127252994e+02
5.352716999999999814e+01 3.466000000000000000e+03 3.051103311150605805e+03 4.148966888493941951e+02
5.354388000000000147e+01 3.235000000000000000e+03 2.964576946573658915e+03 2.704230534263410846e+02
5.356058999999999770e+01 3.018000000000000000e+03 2.897337313498655931e+03 1.206626865013440693e+02
5.357730999999999710e+01 2.745000000000000000e+03 2.831015265853137862e+03 -8.601526585313786200e+01
5.359402000000000044e+01 2.668000000000000000e+03 2.743691906861693496e+03 -7.569190686169349647e+01
5.361072999999999666e+01 2.557000000000000000e+03 2.622225135535889422e+03 -6.522513553588942159e+01
5.362744000000000000e+01 2.432000000000000000e+03 2.469957502182037842e+03 -3.795750218203784243e+01
5.364415000000000333e+01 2.370000000000000000e+03 2.302975120265829901e+03 6.702487973417009925e+01
5.366085999999999956e+01 2.222000000000000000e+03 2.139752411858433788e+03 8.224758814156621156e+01
5.367757000000000289e+01 2.159000000000000000e+03 1.993674506299485984e+03 1.653254937005140164e+02
5.369429000000000229e+01 1.986000000000000000e+03 1.871571190318078834e+03 1.144288096819211660e+02
5.371099999999999852e+01 1.856000000000000000e+03 1.775956384975905621e+03 8.004361502409437890e+01
5.372771000000000186e+01 1.751000000000000000e+03 1.707020109214900458e+03 4.397989078509954197e+01
5.374441999999999808e+01 1.622000000000000000e+03 1.664801860745734984e+03 -4.280186074573498445e+01
5.376113000000000142e+01 1.611000000000000000e+03 1.650461622474796741e+03 -3.946162247479674079e+01
5.377783999999999764e+01 1.774000000000000000e+03 1.667362144380266727e+03 1.066378556197332728e+02
5.379455000000000098e+01 1.756000000000000000e+03 1.721918805519224861e+03 3.408119448077513880e+01
5.381125999999999721e+01 1.881000000000000000e+03 1.823966734845849260e+03 5.703326515415074027e+01
5.382797999999999661e+01 1.982000000000000000e+03 1.986305300862828290e+03 -4.305300862828289610e+00
5.384468999999999994e+01 2.325000000000000000e+03 2.222247345776032489e+03 1.027526542239675109e+02
5.386140000000000327e+01 2.767000000000000000e+03 2.542111778087438324e+03 2.248882219125616757e+02
5.387810999999999950e+01 3.241000000000000000e+03 2.945485926996995204e+03 2.955140730030047962e+02
5.389482000000000284e+01 3.856000000000000000e+03 3.408079667450776924e+03 4.479203325492230761e+02
5.391152999999999906e+01 4.521000000000000000e+03 3.862961361521785875e+03 6.580386384782141249e+02
5.392824000000000240e+01 5.188000000000000000e+03 4.194538696361702932e+03 9.934613036382970677e+02
5.394494999999999862e+01 5.975000000000000000e+03 4.286990949481856660e+03 1.688009050518143340e+03
5.396166999999999803e+01 5.990000000000000000e+03 4.121676560142309427e+03 1.868323439857690573e+03
5.397838000000000136e+01 4.876000000000000000e+03 3.805522343504394030e+03 1.070477656495605970e+03
5.399508999999999759e+01 4.089000000000000000e+03 3.478952612176327420e+03 6.100473878236725795e+02
5.401180000000000092e+01 3.764000000000000000e+03 3.233651068178843616e+03 5.303489318211563841e+02
5.402850999999999715e+01 3.522000000000000000e+03 3.101742169944771376e+03 4.202578300552286237e+02
5.404522000000000048e+01 3.402000000000000000e+03 3.069185823779025668e+03 3.328141762209743320e+02
5.406192999999999671e+01 3.506000000000000000e+03 3.082542547229926640e+03 4.234574527700733597e+02
5.407864000000000004e+01 3.594000000000000000e+03 3.060785423559837909e+03 5.332145764401620909e+02
5.409535999999999945e+01 3.823000000000000000e+03 2.936159186892821708e+03 8.868408131071782918e+02
5.411207000000000278e+01 3.357000000000000000e+03 2.704965796949893047e+03 6.520342030501069530e+02
5.412877999999999901e+01 2.855000000000000000e+03 2.421341775014789164e+03 4.336582249852108362e+02
5.414549000000000234e+01 2.407000000000000000e+03 2.143800906891071463e+03 2.631990931089285368e+02
5.416219999999999857e+01 2.205000000000000000e+03 1.904987646089369719e+03 3.000123539106302815e+02
5.417891000000000190e+01 1.904000000000000000e+03 1.715171474952610652e+03 1.888285250473893484e+02
5.419561999999999813e+01 1.761000000000000000e+03 1.572895735716563195e+03 1.881042642834368053e+02
5.421233000000000146e+01 1.650000000000000000e+03 1.471809487261491540e+03 1.781905127385084597e+02
5.422905000000000086e+01 1.480000000000000000e+03 1.404270913605226042e+03 7.572908639477395809e+01
5.424575999999999709e+01 1.389000000000000000e+03 1.363558373774346364e+03 2.544162622565363563e+01
5.426247000000000043e+01 1.375000000000000000e+03 1.344776195349412319e+03 3.022380465058768095e+01
5.427917999999999665e+01 1.409000000000000000e+03 1.345478614668719274e+03 6.352138533128072595e+01
5.429588999999999999e+01 1.395000000000000000e+03 1.365575033035941033e+03 2.942496696405896728e+01
5.431260000000000332e+01 1.486000000000000000e+03 1.406974020746975384e+03 7.902597925302461590e+01
5.432930999999999955e+01 1.485000000000000000e+03 1.473013165201620041e+03 1.198683479837995947e+01
5.434602000000000288e+01 1.652000000000000000e+03 1.567660622951534606e+03 8.433937704846539418e+01
5.436274000000000228e+01 1.777000000000000000e+03 1.694418022431994359e+03 8.258197756800564093e+01
5.437944999999999851e+01 1.899000000000000000e+03 1.854007841902759537e+03 4.499215809724046267e+01
5.439616000000000184e+01 2.227000000000000000e+03 2.041241114228570268e+03 1.857588857714297319e+02
5.441286999999999807e+01 2.360000000000000000e+03 2.239105453576671152e+03 1.208945464233288476e+02
5.442958000000000141e+01 2.417000000000000000e+03 2.414029749332732536e+03 2.970250667267464451e+00
5.444628999999999763e+01 2.432000000000000000e+03 2.521537307990469799e+03 -8.953730799046979882e+01
5.446300000000000097e+01 2.433000000000000000e+03 2.530556937594269584e+03 -9.755693759426958422e+01
5.447970999999999719e+01 2.339000000000000000e+03 2.449657099826291415e+03 -1.106570998262914145e+02
5.449642999999999660e+01 2.204000000000000000e+03 2.322099104503999570e+03 -1.180991045039995697e+02
5.451313999999999993e+01 1.950000000000000000e+03 2.195196962554349739e+03 -2.451969625543497386e+02
5.452985000000000326e+01 1.944000000000000000e+03 2.098193047844399644e+03 -1.541930478443996435e+02
5.454655999999999949e+01 1.990000000000000000e+03 2.039778373041232044e+03 -4.977837304123204376e+01
5.456327000000000282e+01 1.832000000000000000e+03 2.011455843825658803e+03 -1.794558438256588033e+02
5.457997999999999905e+01 1.742000000000000000e+03 1.990911270540010946e+03 -2.489112705400109462e+02
5.459669000000000239e+01 1.806000000000000000e+03 1.949804526724043171e+03 -1.438045267240431713e+02
5.461339999999999861e+01 1.690000000000000000e+03 1.869507144648790472e+03 -1.795071446487904723e+02
5.463011999999999802e+01 1.622000000000000000e+03 1.753385614461381920e+03 -1.313856144613819197e+02
5.464683000000000135e+01 1.459000000000000000e+03 1.621152157889003320e+03 -1.621521578890033197e+02
5.466353999999999758e+01 1.377000000000000000e+03 1.492394421917720365e+03 -1.153944219177203649e+02
5.468025000000000091e+01 1.181000000000000000e+03 1.378444718536089113e+03 -1.974447185360891126e+02
5.469695999999999714e+01 1.183000000000000000e+03 1.283159692565461910e+03 -1.001596925654619099e+02
5.471367000000000047e+01 1.106000000000000000e+03 1.206210486909330484e+03 -1.002104869093304842e+02
5.473037999999999670e+01 1.060000000000000000e+03 1.145417925007398026e+03 -8.541792500739802563e+01
5.474710000000000321e+01 1.027000000000000000e+03 1.097931857753864051e+03 -7.093185775386405112e+01
5.476380999999999943e+01 1.001000000000000000e+03 1.061018627338616170e+03 -6.001862733861617016e+01
5.478052000000000277e+01 9.840000000000000000e+02 1.032117793488544294e+03 -4.811779348854429372e+01
5.479722999999999900e+01 1.005000000000000000e+03 1.009173905897719806e+03 -4.173905897719805580e+00
5.481394000000000233e+01 9.580000000000000000e+02 9.906124729326836587e+02 -3.261247293268365866e+01
5.483064999999999856e+01 9.190000000000000000e+02 9.757045819340692105e+02 -5.670458193406921055e+01
5.484736000000000189e+01 9.520000000000000000e+02 9.628077878495022333e+02 -1.080778784950223326e+01
5.486406999999999812e+01 9.050000000000000000e+02 9.517750780851297350e+02 -4.677507808512973497e+01
5.488078999999999752e+01 9.370000000000000000e+02 9.422067914570610583e+02 -5.206791457061058281e+00
5.489750000000000085e+01 8.810000000000000000e+02 9.338229664674215655e+02 -5.282296646742156554e+01
5.491420999999999708e+01 8.910000000000000000e+02 9.264251943432103644e+02 -3.542519434321036442e+01
5.493092000000000041e+01 9.320000000000000000e+02 9.198446966405412013e+02 1.215530335945879870e+01
5.494762999999999664e+01 9.620000000000000000e+02 9.139554768516470631e+02 4.804452314835293691e+01
5.496433999999999997e+01 9.610000000000000000e+02 9.086563245538214915e+02 5.234367544617850854e+01
5.498105000000000331e+01 9.020000000000000000e+02 9.040844478138901650e+02 -2.084447813890164980e+00
5.499775999999999954e+01 9.010000000000000000e+02 8.997334554498188481e+02 1.266544550181151862e+00
5.501447999999999894e+01 8.580000000000000000e+02 8.957629046858081665e+02 -3.776290468580816651e+01
5.503119000000000227e+01 8.650000000000000000e+02 8.921299649154559575e+02 -2.712996491545595745e+01
5.504789999999999850e+01 8.280000000000000000e+02 8.887919954396737694e+02 -6.079199543967376940e+01
5.506461000000000183e+01 8.810000000000000000e+02 8.857148767883903702e+02 -4.714876788390370166e+00
5.508131999999999806e+01 9.360000000000000000e+02 8.828694526345828990e+02 5.313054736541710099e+01
5.509803000000000139e+01 8.910000000000000000e+02 8.802306739790785741e+02 1.076932602092142588e+01
5.511473999999999762e+01 9.040000000000000000e+02 8.777769119437183463e+02 2.622308805628165373e+01
5.513145000000000095e+01 8.500000000000000000e+02 8.754894021084584210e+02 -2.548940210845842103e+01
5.514817000000000036e+01 8.610000000000000000e+02 8.733505549860205974e+02 -1.235055498602059743e+01
5.516487999999999658e+01 8.810000000000000000e+02 8.713486121945611558e+02 9.651387805438844225e+00
5.518158999999999992e+01 8.990000000000000000e+02 8.694696789385875491e+02 2.953032106141245094e+01
5.519830000000000325e+01 8.730000000000000000e+02 8.677026673055491983e+02 5.297332694450801682e+00
5.521500999999999948e+01 8.460000000000000000e+02 8.660377635287079556e+02 -2.003776352870795563e+01
5.523172000000000281e+01 8.670000000000000000e+02 8.644662521438631302e+02 2.533747856136869814e+00
5.524842999999999904e+01 8.130000000000000000e+02 8.629803681859244762e+02 -4.998036818592447617e+01
5.526514000000000237e+01 8.340000000000000000e+02 8.615731723938339428e+02 -2.757317239383394281e+01
5.528186000000000178e+01 9.020000000000000000e+02 8.602376671820238698e+02 4.176233281797613017e+01
5.529856999999999800e+01 8.750000000000000000e+02 8.589698578326983807e+02 1.603014216730161934e+01
5.531528000000000134e+01 8.610000000000000000e+02 8.577638879835412808e+02 3.236112016458719154e+00
5.533198999999999756e+01 8.470000000000000000e+02 8.566152077694117679e+02 -9.615207769411767913e+00
5.534870000000000090e+01 8.790000000000000000e+02 8.555196970891930732e+02 2.348030291080692677e+01
5.536540999999999713e+01 8.110000000000000000e+02 8.544736164536718661e+02 -4.347361645367186611e+01
5.538212000000000046e+01 8.720000000000000000e+02 8.534735643792893143e+02 1.852643562071068573e+01
5.539882999999999669e+01 8.030000000000000000e+02 8.525164403399229514e+02 -4.951644033992295135e+01
5.541555000000000319e+01 8.060000000000000000e+02 8.515988751407768405e+02 -4.559887514077684045e+01
5.543225999999999942e+01 9.160000000000000000e+02 8.507193736222594680e+02 6.528062637774053201e+01
5.544897000000000276e+01 8.170000000000000000e+02 8.498749994870720457e+02 -3.287499948707204567e+01
5.546567999999999898e+01 8.590000000000000000e+02 8.490635707237489669e+02 9.936429276251033116e+00
5.548239000000000232e+01 7.750000000000000000e+02 8.482830798732074982e+02 -7.328307987320749817e+01
5.549909999999999854e+01 8.660000000000000000e+02 8.475316770370943686e+02 1.846832296290563136e+01
5.551581000000000188e+01 8.220000000000000000e+02 8.468076548226698606e+02 -2.480765482266986055e+01
5.553251999999999811e+01 8.230000000000000000e+02 8.461094349728721227e+02 -2.310943497287212267e+01
5.554923999999999751e+01 8.570000000000000000e+02 8.454351602004186361e+02 1.156483979958136388e+01
5.556595000000000084e+01 7.940000000000000000e+02 8.447842820095406751e+02 -5.078428200954067506e+01
5.558265999999999707e+01 7.990000000000000000e+02 8.441551327751620875e+02 -4.515513277516208746e+01
5.559937000000000040e+01 8.740000000000000000e+02 8.435465439250457393e+02 3.045345607495426066e+01
5.561607999999999663e+01 7.990000000000000000e+02 8.429574278997795318e+02 -4.395742789977953180e+01
5.563278999999999996e+01 8.310000000000000000e+02 8.423867713004144662e+02 -1.138677130041446617e+01
5.564950000000000330e+01 8.100000000000000000e+02 8.418336287173664232e+02 -3.183362871736642319e+01
5.566622000000000270e+01 7.830000000000000000e+02 8.412968009027848666e+02 -5.829680090278486659e+01
5.568292999999999893e+01 8.310000000000000000e+02 8.407761040032196433e+02 -9.776104003219643346e+00
5.569964000000000226e+01 8.150000000000000000e+02 8.402704393294097827e+02 -2.527043932940978266e+01
5.571634999999999849e+01 8.010000000000000000e+02 8.397790828589288594e+02 -3.877908285892885942e+01
5.573306000000000182e+01 8.690000000000000000e+02 8.393102930696595649e+02 2.968970693034043506e+01
5.574976999999999805e+01 8.540000000000000000e+02 8.388456423858300468e+02 1.515435761416995319e+01
5.576648000000000138e+01 8.460000000000000000e+02 8.383933854755139237e+02 7.606614524486076334e+00
5.578318999999999761e+01 8.390000000000000000e+02 8.379529589074601290e+02 1.047041092539870988e+00
5.579990999999999701e+01 8.400000000000000000e+02 8.375235787545759649e+02 2.476421245424035078e+00
5.581662000000000035e+01 7.740000000000000000e+02 8.371052586550246133e+02 -6.310525865502461329e+01
5.583332999999999657e+01 8.490000000000000000e+02 8.366972672580465087e+02 1.230273274195349131e+01
5.585003999999999991e+01 8.490000000000000000e+02 8.362991598669026416e+02 1.270084013309735838e+01
5.586675000000000324e+01 7.830000000000000000e+02 8.359105164820789469e+02 -5.291051648207894686e+01
5.588345999999999947e+01 8.000000000000000000e+02 8.355309401282248700e+02 -3.553094012822487002e+01
5.590017000000000280e+01 7.960000000000000000e+02 8.351647853832523651e+02 -3.916478538325236514e+01
5.591687999999999903e+01 8.150000000000000000e+02 8.348022817446931185e+02 -1.980228174469311853e+01
5.593359999999999843e+01 8.230000000000000000e+02 8.344475683882125168e+02 -1.144756838821251677e+01
5.595031000000000176e+01 8.440000000000000000e+02 8.341007503618213832e+02 9.899249638178616806e+00
5.596701999999999799e+01 8.100000000000000000e+02 8.337613105083663640e+02 -2.376131050836636405e+01
5.598373000000000133e+01 7.620000000000000000e+02 8.334289615891140102e+02 -7.142896158911401017e+01
5.600043999999999755e+01 8.060000000000000000e+02 8.331034308191849505e+02 -2.710343081918495045e+01
5.601715000000000089e+01 7.830000000000000000e+02 8.327844589831928488e+02 -4.978445898319284879e+01
5.603385999999999711e+01 8.600000000000000000e+02 8.324717996149572627e+02 2.752820038504273725e+01
5.605057000000000045e+01 8.240000000000000000e+02 8.321652182359636072e+02 -8.165218235963607185e+00
5.606728999999999985e+01 7.680000000000000000e+02 8.318643133896692916e+02 -6.386431338966929161e+01
5.608400000000000318e+01 7.900000000000000000e+02 8.315692323305588616e+02 -4.156923233055886158e+01
5.610070999999999941e+01 8.150000000000000000e+02 8.312795908000742884e+02 -1.627959080007428838e+01
5.611742000000000274e+01 8.340000000000000000e+02 8.309951956751582429e+02 3.004804324841757079e+00
5.613412999999999897e+01 8.680000000000000000e+02 8.307158627390873562e+02 3.728413726091264380e+01
5.615084000000000231e+01 8.330000000000000000e+02 8.304414161850608025e+02 2.558583814939197509e+00
5.616754999999999853e+01 8.810000000000000000e+02 8.301716881526695033e+02 5.082831184733049668e+01
5.618426000000000187e+01 8.040000000000000000e+02 8.299065182947310859e+02 -2.590651829473108592e+01
5.620098000000000127e+01 8.070000000000000000e+02 8.296455986082606842e+02 -2.264559860826068416e+01
5.621768999999999750e+01 8.310000000000000000e+02 8.293890946170371308e+02 1.610905382962869226e+00
5.623440000000000083e+01 8.690000000000000000e+02 8.291367088333081483e+02 3.986329116669185169e+01
5.625110999999999706e+01 8.070000000000000000e+02 8.288883071660242194e+02 -2.188830716602421944e+01
5.626782000000000039e+01 7.900000000000000000e+02 8.286437612533288757e+02 -3.864376125332887568e+01
5.628452999999999662e+01 7.940000000000000000e+02 8.284029481698142945e+02 -3.440294816981429449e+01
5.630123999999999995e+01 8.560000000000000000e+02 8.281657501516425555e+02 2.783424984835744453e+01
5.631795000000000329e+01 8.470000000000000000e+02 8.279320543382905271e+02 1.906794566170947292e+01
5.633467000000000269e+01 7.820000000000000000e+02 8.277016157022380867e+02 -4.570161570223808667e+01
5.635137999999999892e+01 8.190000000000000000e+02 8.274746060694257039e+02 -8.474606069425703936e+00
5.636809000000000225e+01 8.300000000000000000e+02 8.272507870644471950e+02 2.749212935552804993e+00
5.638479999999999848e+01 8.830000000000000000e+02 8.270300631536182436e+02 5.596993684638175637e+01
5.640151000000000181e+01 7.900000000000000000e+02 8.268123426270810796e+02 -3.681234262708107963e+01
5.641821999999999804e+01 8.510000000000000000e+02 8.265975374189659988e+02 2.440246258103400123e+01
5.643493000000000137e+01 7.680000000000000000e+02 8.263855629377469540e+02 -5.838556293774695405e+01
5.645163999999999760e+01 8.170000000000000000e+02 8.261763379061363821e+02 -9.176337906136382117e+00
5.646835999999999700e+01 7.950000000000000000e+02 8.259696613837438690e+02 -3.096966138374386901e+01
5.648507000000000033e+01 8.310000000000000000e+02 8.257657054607359441e+02 5.234294539264055857e+00
5.650177999999999656e+01 8.270000000000000000e+02 8.255642735280564466e+02 1.435726471943553406e+00
5.651848999999999990e+01 8.140000000000000000e+02 8.253652961362367932e+02 -1.136529613623679325e+01
5.653520000000000323e+01 7.820000000000000000e+02 8.251687064726221479e+02 -4.316870647262214788e+01
5.655190999999999946e+01 7.990000000000000000e+02 8.249744402470944351e+02 -2.597444024709443511e+01
5.656862000000000279e+01 8.320000000000000000e+02 8.247824355838780548e+02 7.217564416121945214e+00
5.658532999999999902e+01 8.100000000000000000e+02 8.245926329190546085e+02 -1.459263291905460846e+01
5.660204999999999842e+01 8.130000000000000000e+02 8.244048632316041676e+02 -1.140486323160416759e+01
5.661876000000000175e+01 7.880000000000000000e+02 8.242192958729938255e+02 -3.621929587299382547e+01
5.663546999999999798e+01 8.390000000000000000e+02 8.240357647147510534e+02 1.496423528524894664e+01
5.665218000000000131e+01 8.190000000000000000e+02 8.238542185194713738e+02 -4.854218519471373838e+00
5.666888999999999754e+01 8.850000000000000000e+02 8.236746079236770584e+02 6.132539207632294165e+01
5.668560000000000088e+01 8.110000000000000000e+02 8.234968853632154833e+02 -1.249688536321548327e+01
5.670230999999999710e+01 8.480000000000000000e+02 8.233210050024146085e+02 2.467899499758539150e+01
5.671902999999999651e+01 8.170000000000000000e+02 8.231468190180106603e+02 -6.146819018010660329e+00
5.673573999999999984e+01 7.920000000000000000e+02 8.229744931684531366e+02 -3.097449316845313660e+01
5.675245000000000317e+01 8.410000000000000000e+02 8.228038817020192255e+02 1.819611829798077451e+01
5.676915999999999940e+01 8.040000000000000000e+02 8.226349450575850142e+02 -1.863494505758501418e+01
5.678587000000000273e+01 7.890000000000000000e+02 8.224676450978043931e+02 -3.346764509780439312e+01
5.680257999999999896e+01 7.800000000000000000e+02 8.223019450568773436e+02 -4.230194505687734363e+01
5.681929000000000229e+01 8.400000000000000000e+02 8.221378094908625371e+02 1.786219050913746287e+01
5.683599999999999852e+01 7.830000000000000000e+02 8.219752042304091901e+02 -3.897520423040919013e+01
5.685271999999999792e+01 8.600000000000000000e+02 8.218140003636290203e+02 3.818599963637097972e+01
5.686943000000000126e+01 7.710000000000000000e+02 8.216543589496857294e+02 -5.065435894968572939e+01
5.688613999999999749e+01 7.650000000000000000e+02 8.214961525237672504e+02 -5.649615252376725039e+01
5.690285000000000082e+01 8.120000000000000000e+02 8.213393515869348676e+02 -9.339351586934867555e+00
5.691955999999999705e+01 8.990000000000000000e+02 8.211839277106028021e+02 7.781607228939719789e+01
5.693627000000000038e+01 7.290000000000000000e+02 8.210298535013999981e+02 -9.202985350139999809e+01
5.695297999999999661e+01 7.680000000000000000e+02 8.208771025677291391e+02 -5.287710256772913908e+01
5.696968999999999994e+01 7.470000000000000000e+02 8.207256494879291040e+02 -7.372564948792910400e+01
5.698640999999999934e+01 8.380000000000000000e+02 8.205753802823278420e+02 1.742461971767215800e+01
5.700312000000000268e+01 7.730000000000000000e+02 8.204264511160782831e+02 -4.742645111607828312e+01
5.701982999999999890e+01 7.960000000000000000e+02 8.202787490493204814e+02 -2.427874904932048139e+01
5.703654000000000224e+01 8.590000000000000000e+02 8.201322522520084704e+02 3.886774774799152965e+01
5.705324999999999847e+01 8.160000000000000000e+02 8.199869397265523503e+02 -3.986939726552350294e+00
5.706996000000000180e+01 8.320000000000000000e+02 8.198427912842241767e+02 1.215720871577582329e+01
5.708666999999999803e+01 8.260000000000000000e+02 8.196997875227439181e+02 6.300212477256081911e+00
5.710338000000000136e+01 8.110000000000000000e+02 8.195579098049900040e+02 -8.557909804990003977e+00
5.712010000000000076e+01 7.770000000000000000e+02 8.194170563243964125e+02 -4.241705632439641249e+01
5.713680999999999699e+01 8.350000000000000000e+02 8.192773783912374483e+02 1.572262160876255166e+01
5.715352000000000032e+01 8.700000000000000000e+02 8.191387749747857470e+02 5.086122502521425304e+01
5.717022999999999655e+01 8.150000000000000000e+02 8.190012303070366215e+02 -4.001230307036621525e+00
5.718693999999999988e+01 7.960000000000000000e+02 8.188647292940798934e+02 -2.286472929407989341e+01
5.720365000000000322e+01 7.760000000000000000e+02 8.187292575007109008e+02 -4.272925750071090079e+01
5.722035999999999945e+01 7.700000000000000000e+02 8.185915472116124647e+02 -4.859154721161246471e+01
5.723707000000000278e+01 8.530000000000000000e+02 8.184581101850661753e+02 3.454188981493382471e+01
5.725379000000000218e+01 8.420000000000000000e+02 8.183255837811699394e+02 2.367441621883006064e+01
5.727049999999999841e+01 9.060000000000000000e+02 8.181941145825777539e+02 8.780588541742224606e+01
5.728721000000000174e+01 7.680000000000000000e+02 8.180636116907694486e+02 -5.006361169076944861e+01
5.730391999999999797e+01 8.220000000000000000e+02 8.179340643479335995e+02 4.065935652066400507e+00
5.732063000000000130e+01 8.550000000000000000e+02 8.178054623700295451e+02 3.719453762997045487e+01
5.733733999999999753e+01 8.240000000000000000e+02 8.176777961376604935e+02 6.322203862339506486e+00
5.735405000000000086e+01 8.210000000000000000e+02 8.175510565876398914e+02 3.448943412360108596e+00
5.737075999999999709e+01 8.020000000000000000e+02 8.174235236675467604e+02 -1.542352366754676041e+01
5.738747999999999649e+01 8.970000000000000000e+02 8.172985469617458421e+02 7.970145303825415795e+01
5.740418999999999983e+01 8.350000000000000000e+02 8.171745479558184115e+02 1.782545204418158846e+01
5.742090000000000316e+01 8.210000000000000000e+02 8.170514447232749262e+02 3.948555276725073782e+00
5.743760999999999939e+01 7.820000000000000000e+02 8.169292308801221907e+02 -3.492923088012219068e+01
5.745432000000000272e+01 8.310000000000000000e+02 8.168079005620172666e+02 1.419209943798273343e+01
5.747102999999999895e+01 7.900000000000000000e+02 8.166874484204488454e+02 -2.668744842044884535e+01
5.748774000000000228e+01 7.930000000000000000e+02 8.165678696195629982e+02 -2.356786961956299820e+01
5.750444999999999851e+01 8.230000000000000000e+02 8.164491598336331890e+02 6.550840166366810990e+00
5.752116999999999791e+01 7.780000000000000000e+02 8.163312449801329649e+02 -3.833124498013296488e+01
5.753788000000000125e+01 8.010000000000000000e+02 8.162142627935479595e+02 -1.521426279354795952e+01
5.755458999999999747e+01 8.030000000000000000e+02 8.160981396883356638e+02 -1.309813968833566378e+01
5.757130000000000081e+01 7.770000000000000000e+02 8.159828733672110275e+02 -3.898287336721102747e+01
5.758800999999999704e+01 8.170000000000000000e+02 8.158684620401261327e+02 1.131537959873867294e+00
5.760472000000000037e+01 7.650000000000000000e+02 8.157549044257061723e+02 -5.075490442570617233e+01
5.762142999999999660e+01 7.050000000000000000e+02 8.156421997533764170e+02 -1.106421997533764170e+02
5.763813999999999993e+01 7.880000000000000000e+02 8.155303477662130263e+02 -2.753034776621302626e+01
5.765485999999999933e+01 7.730000000000000000e+02 8.154192825533089035e+02 -4.241928255330890352e+01
5.767157000000000266e+01 8.230000000000000000e+02 8.153091377502092882e+02 7.690862249790711758e+00
5.768827999999999889e+01 7.780000000000000000e+02 8.151998479839556921e+02 -3.719984798395569214e+01
5.770499000000000223e+01 8.300000000000000000e+02 8.150914150960429652e+02 1.490858490395703484e+01
5.772169999999999845e+01 7.950000000000000000e+02 8.149838414673536136e+02 -1.998384146735361355e+01
5.773841000000000179e+01 8.170000000000000000e+02 8.148771300258003976e+02 2.122869974199602439e+00
5.775511999999999802e+01 8.120000000000000000e+02 8.147712842548887693e+02 -2.771284254888769283e+00
5.777183999999999742e+01 7.970000000000000000e+02 8.146662456422270679e+02 -1.766624564222706795e+01
5.778855000000000075e+01 8.160000000000000000e+02 8.145621444588127815e+02 1.437855541187218478e+00
5.780525999999999698e+01 8.040000000000000000e+02 8.144589228336441238e+02 -1.045892283364412378e+01
5.782197000000000031e+01 8.340000000000000000e+02 8.143565865784435118e+02 1.964341342155648817e+01
5.783867999999999654e+01 7.830000000000000000e+02 8.142551421187264395e+02 -3.125514211872643955e+01
5.785538999999999987e+01 8.480000000000000000e+02 8.141545965089339916e+02 3.384540349106600843e+01
5.787210000000000321e+01 8.200000000000000000e+02 8.140549574488965163e+02 5.945042551103483675e+00
5.788880999999999943e+01 8.170000000000000000e+02 8.139562333017139508e+02 3.043766698286049177e+00
5.790552999999999884e+01 8.030000000000000000e+02 8.138583748637565805e+02 -1.085837486375658045e+01
5.792224000000000217e+01 7.150000000000000000e+02 8.137615089451021504e+02 -9.876150894510215039e+01
5.793894999999999840e+01 8.030000000000000000e+02 8.136655872169033046e+02 -1.066558721690330458e+01
5.795566000000000173e+01 8.090000000000000000e+02 8.135706209065765506e+02 -4.570620906576550624e+00
5.797236999999999796e+01 7.920000000000000000e+02 8.134766220192586843e+02 -2.147662201925868430e+01
5.798908000000000129e+01 8.040000000000000000e+02 8.133836033666235608e+02 -9.383603366623560760e+00
5.800578999999999752e+01 8.300000000000000000e+02 8.132915785980464989e+02 1.670842140195350112e+01
5.802250000000000085e+01 7.700000000000000000e+02 8.132005622343195910e+02 -4.320056223431959097e+01
5.803922000000000025e+01 7.950000000000000000e+02 8.131105161583990366e+02 -1.811051615839903661e+01
5.805592999999999648e+01 8.180000000000000000e+02 8.130215644654555263e+02 4.978435534544473740e+00
5.807263999999999982e+01 7.980000000000000000e+02 8.130682578278472192e+02 -1.506825782784721923e+01
5.808935000000000315e+01 7.870000000000000000e+02 8.129821566369693073e+02 -2.598215663696930733e+01
5.810605999999999938e+01 7.990000000000000000e+02 8.128971566698497782e+02 -1.389715666984977815e+01
5.812277000000000271e+01 7.700000000000000000e+02 8.128132786199955717e+02 -4.281327861999557172e+01
5.813947999999999894e+01 8.190000000000000000e+02 8.127305443827287945e+02 6.269455617271205483e+00
5.815619000000000227e+01 8.480000000000000000e+02 8.126489771198598646e+02 3.535102288014013538e+01
5.817291000000000167e+01 8.030000000000000000e+02 8.125685535915665696e+02 -9.568553591566569594e+00
5.818961999999999790e+01 8.490000000000000000e+02 8.124893959242069741e+02 3.651060407579302591e+01
5.820633000000000123e+01 8.000000000000000000e+02 8.124114830699272716e+02 -1.241148306992727157e+01
5.822303999999999746e+01 7.920000000000000000e+02 8.123348440299445201e+02 -2.033484402994452012e+01
5.823975000000000080e+01 7.960000000000000000e+02 8.123303987599596212e+02 -1.633039875995962120e+01
5.825645999999999702e+01 8.430000000000000000e+02 8.122567780814025582e+02 3.074322191859744180e+01
5.827317000000000036e+01 8.320000000000000000e+02 8.121845318310662378e+02 1.981546816893376217e+01
5.828987999999999658e+01 7.880000000000000000e+02 8.121136965143773523e+02 -2.411369651437735229e+01
5.830660000000000309e+01 8.140000000000000000e+02 8.120442697611064204e+02 1.955730238893579553e+00
5.832330999999999932e+01 8.280000000000000000e+02 8.119763757195463540e+02 1.602362428045364595e+01
5.834002000000000265e+01 8.360000000000000000e+02 8.119100160624211640e+02 2.408998393757883605e+01
5.835672999999999888e+01 8.090000000000000000e+02 8.118452371769001275e+02 -2.845237176900127452e+00
5.837344000000000221e+01 8.640000000000000000e+02 8.117820884287696117e+02 5.221791157123038829e+01
5.839014999999999844e+01 8.270000000000000000e+02 8.117206224138226389e+02 1.527937758617736108e+01
5.840686000000000178e+01 7.800000000000000000e+02 8.116608952393420395e+02 -3.166089523934203953e+01
5.842356999999999800e+01 8.090000000000000000e+02 8.116029668400974515e+02 -2.602966840097451495e+00
5.844028999999999741e+01 7.860000000000000000e+02 8.115468683532442355e+02 -2.554686835324423555e+01
5.845700000000000074e+01 8.170000000000000000e+02 8.114927356207975890e+02 5.507264379202410964e+00
5.847370999999999697e+01 7.950000000000000000e+02 8.109137565459615189e+02 -1.591375654596151890e+01
5.849042000000000030e+01 7.530000000000000000e+02 8.108675744333455668e+02 -5.786757443334556683e+01
5.850712999999999653e+01 8.150000000000000000e+02 8.108235201791819691e+02 4.176479820818030930e+00
5.852383999999999986e+01 8.430000000000000000e+02 8.107816866631177390e+02 3.221831333688226096e+01
5.854055000000000319e+01 8.660000000000000000e+02 8.107421743432184940e+02 5.525782565678150604e+01
5.855725999999999942e+01 8.230000000000000000e+02 8.107050921446942766e+02 1.229490785530572339e+01
5.857397999999999882e+01 8.060000000000000000e+02 8.106705386085117198e+02 -4.670538608511719758e+00
5.859069000000000216e+01 8.150000000000000000e+02 8.106386842386635863e+02 4.361315761336413743e+00
5.860739999999999839e+01 8.380000000000000000e+02 8.106096487778964956e+02 2.739035122210350437e+01
5.862411000000000172e+01 8.570000000000000000e+02 8.105835871044519081e+02 4.641641289554809191e+01
5.864081999999999795e+01 8.270000000000000000e+02 8.102850047526669641e+02 1.671499524733303588e+01
5.865753000000000128e+01 8.030000000000000000e+02 8.102674302888286775e+02 -7.267430288828677476e+00
5.867423999999999751e+01 8.330000000000000000e+02 8.102533753370353224e+02 2.274662466296467755e+01
5.869095000000000084e+01 8.170000000000000000e+02 8.102430727294437247e+02 6.756927270556275289e+00
5.870767000000000024e+01 8.000000000000000000e+02 8.102367802655033984e+02 -1.023678026550339837e+01
5.872437999999999647e+01 8.210000000000000000e+02 8.102347979787294889e+02 1.076520202127051107e+01
5.874108999999999980e+01 8.120000000000000000e+02 8.102374508293921735e+02 1.762549170607826454e+00
5.875780000000000314e+01 8.530000000000000000e+02 8.102451130879834409e+02 4.275488691201655911e+01
5.877450999999999937e+01 8.430000000000000000e+02 8.102582115984884013e+02 3.274178840151159875e+01
5.879122000000000270e+01 8.570000000000000000e+02 8.102772359586978155e+02 4.672276404130218452e+01
5.880792999999999893e+01 8.690000000000000000e+02 8.103056167651956230e+02 5.869438323480437703e+01
5.882464999999999833e+01 8.380000000000000000e+02 8.103383269668049707e+02 2.766167303319502935e+01
5.884136000000000166e+01 7.820000000000000000e+02 8.103789350660732680e+02 -2.837893506607326799e+01
5.885806999999999789e+01 7.390000000000000000e+02 8.104283623502268483e+02 -7.142836235022684832e+01
5.887478000000000122e+01 8.610000000000000000e+02 8.104876817527174353e+02 5.051231824728256470e+01
5.889148999999999745e+01 7.800000000000000000e+02 8.105581772667492260e+02 -3.055817726674922596e+01
5.890820000000000078e+01 7.780000000000000000e+02 8.106413989253653654e+02 -3.264139892536536536e+01
5.892490999999999701e+01 8.510000000000000000e+02 8.107392354412077111e+02 4.026076455879228888e+01
5.894162000000000035e+01 8.200000000000000000e+02 8.108540112803110560e+02 9.145988719688944002e+00
5.895833999999999975e+01 8.210000000000000000e+02 8.109887051662934709e+02 1.001129483370652906e+01
5.897505000000000308e+01 8.140000000000000000e+02 8.111483046710056897e+02 2.851695328994310330e+00
5.899175999999999931e+01 7.970000000000000000e+02 8.113345192111788720e+02 -1.433451921117887196e+01
5.900847000000000264e+01 7.660000000000000000e+02 8.115548347061438790e+02 -4.555483470614387898e+01
5.902517999999999887e+01 8.110000000000000000e+02 8.118171226389264348e+02 -8.171226389264347745e-01
5.904189000000000220e+01 7.950000000000000000e+02 8.121319760628915674e+02 -1.713197606289156738e+01
5.905859999999999843e+01 8.170000000000000000e+02 8.125142857421467397e+02 4.485714257853260278e+00
5.907531000000000176e+01 8.360000000000000000e+02 8.129868125396171763e+02 2.301318746038282370e+01
5.909203000000000117e+01 8.410000000000000000e+02 8.135896256109274418e+02 2.741037438907255819e+01
5.910873999999999739e+01 8.450000000000000000e+02 8.144008480090246849e+02 3.059915199097531513e+01
5.912545000000000073e+01 8.200000000000000000e+02 8.155867372139044846e+02 4.413262786095515366e+00
5.914215999999999696e+01 8.300000000000000000e+02 8.174831901963184464e+02 1.251680980368155360e+01
5.915887000000000029e+01 8.660000000000000000e+02 8.206945498541226698e+02 4.530545014587733021e+01
5.917557999999999652e+01 8.180000000000000000e+02 8.261267872695975711e+02 -8.126787269597571139e+00
5.919228999999999985e+01 8.170000000000000000e+02 8.348155117526359845e+02 -1.781551175263598452e+01
5.920900000000000318e+01 8.270000000000000000e+02 8.474389080159836567e+02 -2.043890801598365670e+01
5.922572000000000259e+01 8.410000000000000000e+02 8.635587974576867509e+02 -2.255879745768675093e+01
5.924242999999999881e+01 8.400000000000000000e+02 8.806708978513880766e+02 -4.067089785138807656e+01
5.925914000000000215e+01 9.250000000000000000e+02 8.936599861324491485e+02 3.134001386755085150e+01
5.927584999999999837e+01 8.450000000000000000e+02 8.964909558206760494e+02 -5.149095582067604937e+01
5.929256000000000171e+01 8.210000000000000000e+02 8.877837758386439191e+02 -6.678377583864391909e+01
5.930926999999999794e+01 8.940000000000000000e+02 8.728543629276846332e+02 2.114563707231536682e+01
5.932598000000000127e+01 8.790000000000000000e+02 8.581772408778474528e+02 2.082275912215254721e+01
5.934268999999999750e+01 8.830000000000000000e+02 8.477187370988840485e+02 3.528126290111595154e+01
5.935940999999999690e+01 8.660000000000000000e+02 8.430515815267989410e+02 2.294841847320105899e+01
5.937612000000000023e+01 8.410000000000000000e+02 8.440223062435040902e+02 -3.022306243504090162e+00
5.939282999999999646e+01 8.720000000000000000e+02 8.491396909591765052e+02 2.286030904082349480e+01
5.940953999999999979e+01 8.680000000000000000e+02 8.557209869352600435e+02 1.227901306473995646e+01
5.942625000000000313e+01 9.050000000000000000e+02 8.600336781008618345e+02 4.496632189913816546e+01
5.944295999999999935e+01 8.670000000000000000e+02 8.588234602846395092e+02 8.176539715360490845e+00
5.945967000000000269e+01 8.640000000000000000e+02 8.521733575355656285e+02 1.182664246443437150e+01
5.947637999999999892e+01 8.470000000000000000e+02 8.431415712371205018e+02 3.858428762879498208e+00
5.949309999999999832e+01 8.540000000000000000e+02 8.345587601507512545e+02 1.944123984924874549e+01
5.950981000000000165e+01 8.920000000000000000e+02 8.278295308909736150e+02 6.417046910902638501e+01
5.952651999999999788e+01 8.620000000000000000e+02 8.232351961834041276e+02 3.876480381659587238e+01
5.954323000000000121e+01 8.280000000000000000e+02 8.204411819695369559e+02 7.558818030463044124e+00
5.955993999999999744e+01 8.960000000000000000e+02 8.186245858744322277e+02 7.737541412556777232e+01
5.957665000000000077e+01 8.210000000000000000e+02 8.178394775813549131e+02 3.160522418645086873e+00
5.959335999999999700e+01 8.140000000000000000e+02 8.174756832921023033e+02 -3.475683292102303312e+00
5.961007000000000033e+01 8.300000000000000000e+02 8.173454121878120304e+02 1.265458781218796958e+01
5.962678999999999974e+01 8.220000000000000000e+02 8.168992424806381223e+02 5.100757519361877712e+00
5.964350000000000307e+01 8.780000000000000000e+02 8.170091480031042011e+02 6.099085199689579895e+01
5.966020999999999930e+01 7.970000000000000000e+02 8.171945118255063107e+02 -2.019451182550631074e+01
5.967692000000000263e+01 7.830000000000000000e+02 8.174435037220597451e+02 -3.444350372205974509e+01
5.969362999999999886e+01 8.340000000000000000e+02 8.177488748186513021e+02 1.625112518134869788e+01
5.971034000000000219e+01 8.250000000000000000e+02 8.179617462837942412e+02 7.038253716205758792e+00
5.972704999999999842e+01 8.090000000000000000e+02 8.183685363826614321e+02 -9.368536382661432071e+00
5.974376000000000175e+01 7.590000000000000000e+02 8.188223770523436542e+02 -5.982237705234365421e+01
5.976048000000000116e+01 8.560000000000000000e+02 8.193228366081281138e+02 3.667716339187188623e+01
5.977718999999999738e+01 7.990000000000000000e+02 8.196285494450185070e+02 -2.062854944501850696e+01
5.979390000000000072e+01 7.610000000000000000e+02 8.202233500161962638e+02 -5.922335001619626382e+01
5.981060999999999694e+01 8.230000000000000000e+02 8.208663638792733082e+02 2.133636120726691843e+00
5.982732000000000028e+01 8.080000000000000000e+02 8.215593178824128699e+02 -1.355931788241286995e+01
5.984402999999999651e+01 8.100000000000000000e+02 8.223044090512264574e+02 -1.230440905122645745e+01
5.986073999999999984e+01 8.200000000000000000e+02 8.231042902716164917e+02 -3.104290271616491736e+00
5.987745999999999924e+01 8.090000000000000000e+02 8.239626015634059968e+02 -1.496260156340599679e+01
5.989417000000000257e+01 7.980000000000000000e+02 8.248818946160731684e+02 -2.688189461607316844e+01
5.991087999999999880e+01 8.250000000000000000e+02 8.258667325204721692e+02 -8.667325204721691989e-01
5.992759000000000214e+01 8.070000000000000000e+02 8.269217064969790272e+02 -1.992170649697902718e+01
5.994429999999999836e+01 8.200000000000000000e+02 8.280519749570991053e+02 -8.051974957099105268e+00
5.996101000000000170e+01 8.060000000000000000e+02 8.292633175149176168e+02 -2.326331751491761679e+01
5.997771999999999792e+01 8.320000000000000000e+02 8.305622004552046747e+02 1.437799544795325346e+00
5.999443000000000126e+01 8.580000000000000000e+02 8.319558548882004061e+02 2.604414511179959391e+01
6.001115000000000066e+01 8.510000000000000000e+02 8.334532973848774873e+02 1.754670261512251273e+01
6.002785999999999689e+01 7.950000000000000000e+02 8.350617963347210662e+02 -4.006179633472106616e+01
6.004457000000000022e+01 8.090000000000000000e+02 8.367923656506706038e+02 -2.779236565067060383e+01
6.006127999999999645e+01 8.180000000000000000e+02 8.386564005639231709e+02 -2.065640056392317092e+01
6.007798999999999978e+01 7.990000000000000000e+02 8.406667189748152396e+02 -4.166671897481523956e+01
6.009470000000000312e+01 8.460000000000000000e+02 8.428377706167440238e+02 3.162229383255976245e+00
6.011140999999999934e+01 8.690000000000000000e+02 8.451858843165704229e+02 2.381411568342957708e+01
6.012812000000000268e+01 7.750000000000000000e+02 8.477295611721688147e+02 -7.272956117216881466e+01
6.014484000000000208e+01 8.620000000000000000e+02 8.504915446946323527e+02 1.150845530536764727e+01
6.016154999999999831e+01 8.810000000000000000e+02 8.534925038284475249e+02 2.750749617155247506e+01
6.017826000000000164e+01 8.870000000000000000e+02 8.567614226207886077e+02 3.023857737921139233e+01
6.019496999999999787e+01 8.480000000000000000e+02 8.603297393407995060e+02 -1.232973934079950595e+01
6.021168000000000120e+01 8.170000000000000000e+02 8.642336592425923527e+02 -4.723365924259235271e+01
6.022838999999999743e+01 8.380000000000000000e+02 8.685150396613000794e+02 -3.051503966130007939e+01
6.024510000000000076e+01 8.810000000000000000e+02 8.732224721303413162e+02 7.777527869658683812e+00
6.026180999999999699e+01 9.030000000000000000e+02 8.784126136191725891e+02 2.458738638082741090e+01
6.027853000000000350e+01 8.960000000000000000e+02 8.841554506050059672e+02 1.184454939499403281e+01
6.029523999999999972e+01 8.930000000000000000e+02 8.905223106351195383e+02 2.477689364880461653e+00
6.031195000000000306e+01 8.900000000000000000e+02 8.976090245732357289e+02 -7.609024573235728894e+00
6.032865999999999929e+01 9.030000000000000000e+02 9.055259637869730796e+02 -2.525963786973079550e+00
6.034537000000000262e+01 8.810000000000000000e+02 9.144058294243119462e+02 -3.340582942431194624e+01
6.036207999999999885e+01 8.850000000000000000e+02 9.244098982244213403e+02 -3.940989822442134027e+01
6.037879000000000218e+01 9.260000000000000000e+02 9.357369805048940634e+02 -9.736980504894063415e+00
6.039549999999999841e+01 9.850000000000000000e+02 9.486367098157058990e+02 3.636329018429410098e+01
6.041221999999999781e+01 9.790000000000000000e+02 9.634391604930451649e+02 1.556083950695483509e+01
6.042893000000000114e+01 9.950000000000000000e+02 9.805488817751942179e+02 1.445111822480578212e+01
6.044563999999999737e+01 1.036000000000000000e+03 1.000542916087319554e+03 3.545708391268044579e+01
6.046235000000000070e+01 1.017000000000000000e+03 1.024201207506702758e+03 -7.201207506702758110e+00
6.047905999999999693e+01 1.086000000000000000e+03 1.052601001381731749e+03 3.339899861826825145e+01
6.049577000000000027e+01 1.058000000000000000e+03 1.087222369775739025e+03 -2.922236977573902550e+01
6.051247999999999649e+01 1.144000000000000000e+03 1.130062331732922303e+03 1.393766826707769724e+01
6.052918999999999983e+01 1.179000000000000000e+03 1.183735561284743426e+03 -4.735561284743425858e+00
6.054590999999999923e+01 1.310000000000000000e+03 1.251573930262574777e+03 5.842606973742522314e+01
6.056262000000000256e+01 1.351000000000000000e+03 1.337422740675982141e+03 1.357725932401785940e+01
6.057932999999999879e+01 1.489000000000000000e+03 1.445715723174717823e+03 4.328427682528217701e+01
6.059604000000000212e+01 1.679000000000000000e+03 1.580978296788775197e+03 9.802170321122480345e+01
6.061274999999999835e+01 1.844000000000000000e+03 1.747252950585942699e+03 9.674704941405730096e+01
6.062946000000000168e+01 2.031000000000000000e+03 1.947028695336216970e+03 8.397130466378303026e+01
6.064616999999999791e+01 2.443000000000000000e+03 2.179308927236466388e+03 2.636910727635336116e+02
6.066288000000000125e+01 2.786000000000000000e+03 2.436279347901263918e+03 3.497206520987360818e+02
6.067960000000000065e+01 3.085000000000000000e+03 2.698830306650986131e+03 3.861696933490138690e+02
6.069630999999999688e+01 3.044000000000000000e+03 2.932758617249377494e+03 1.112413827506225061e+02
6.071302000000000021e+01 3.065000000000000000e+03 3.094939839886303162e+03 -2.993983988630316162e+01
6.072973000000000354e+01 2.911000000000000000e+03 3.151413692993890891e+03 -2.404136929938908906e+02
6.074643999999999977e+01 3.024000000000000000e+03 3.099704105675272785e+03 -7.570410567527278545e+01
6.076315000000000310e+01 2.994000000000000000e+03 2.972190337091389210e+03 2.180966290861078960e+01
6.077985999999999933e+01 2.995000000000000000e+03 2.816191618387487779e+03 1.788083816125122212e+02
6.079657000000000266e+01 2.971000000000000000e+03 2.671554774824228843e+03 2.994452251757711565e+02
6.081329000000000207e+01 2.689000000000000000e+03 2.561084682202484146e+03 1.279153177975158542e+02
6.082999999999999829e+01 2.457000000000000000e+03 2.491169000317904647e+03 -3.416900031790464709e+01
6.084671000000000163e+01 2.459000000000000000e+03 2.453844755115136650e+03 5.155244884863350308e+00
6.086341999999999786e+01 2.303000000000000000e+03 2.429223443232661339e+03 -1.262234432326613387e+02
6.088013000000000119e+01 2.130000000000000000e+03 2.390318375453739918e+03 -2.603183754537399182e+02
6.089683999999999742e+01 2.025000000000000000e+03 2.314003194275072929e+03 -2.890031942750729286e+02
6.091355000000000075e+01 2.070000000000000000e+03 2.193316020136839143e+03 -1.233160201368391427e+02
6.093027000000000015e+01 1.876000000000000000e+03 2.039766527883891740e+03 -1.637665278838917402e+02
6.094698000000000349e+01 1.882000000000000000e+03 1.873857396884313403e+03 8.142603115686597448e+00
6.096368999999999971e+01 1.738000000000000000e+03 1.713167091938577414e+03 2.483290806142258589e+01
6.098040000000000305e+01 1.507000000000000000e+03 1.568146089829756647e+03 -6.114608982975664730e+01
6.099710999999999927e+01 1.357000000000000000e+03 1.442992714988756006e+03 -8.599271498875600628e+01
6.101382000000000261e+01 1.237000000000000000e+03 1.338085062832707081e+03 -1.010850628327070808e+02
6.103052999999999884e+01 1.154000000000000000e+03 1.251867077929287916e+03 -9.786707792928791605e+01
6.104724000000000217e+01 1.076000000000000000e+03 1.181942186627298270e+03 -1.059421866272982697e+02
6.106396000000000157e+01 1.035000000000000000e+03 1.125637475753531589e+03 -9.063747575353158936e+01
6.108066999999999780e+01 1.112000000000000000e+03 1.080453913930146427e+03 3.154608606985357255e+01
6.109738000000000113e+01 1.065000000000000000e+03 1.044051924932494785e+03 2.094807506750521497e+01
6.111408999999999736e+01 9.650000000000000000e+02 1.014484113693193535e+03 -4.948411369319353525e+01
6.113080000000000069e+01 9.890000000000000000e+02 9.901810750225293987e+02 -1.181075022529398666e+00
6.114750999999999692e+01 9.250000000000000000e+02 9.699266958454911673e+02 -4.492669584549116735e+01
6.116422000000000025e+01 9.380000000000000000e+02 9.528057953411079097e+02 -1.480579534110790974e+01
6.118092999999999648e+01 9.130000000000000000e+02 9.381419032888029506e+02 -2.514190328880295056e+01
6.119765000000000299e+01 8.940000000000000000e+02 9.254307314099712585e+02 -3.143073140997125847e+01
6.121435999999999922e+01 9.150000000000000000e+02 9.143196044665961608e+02 6.803955334038391811e-01
6.123107000000000255e+01 8.980000000000000000e+02 9.045240564626894866e+02 -6.524056462689486580e+00
6.124777999999999878e+01 8.000000000000000000e+02 8.958318167626597415e+02 -9.583181676265974147e+01
6.126449000000000211e+01 8.970000000000000000e+02 8.880759561677612055e+02 8.924043832238794494e+00
6.128119999999999834e+01 8.460000000000000000e+02 8.811223586361047637e+02 -3.512235863610476372e+01
6.129791000000000167e+01 8.790000000000000000e+02 8.748613475991838868e+02 4.138652400816113186e+00
6.131461999999999790e+01 8.550000000000000000e+02 8.692019902036477106e+02 -1.420199020364771059e+01
6.133133999999999730e+01 8.620000000000000000e+02 8.640651705887984235e+02 -2.065170588798423523e+00
6.134805000000000064e+01 7.960000000000000000e+02 8.593926491328232942e+02 -6.339264913282329417e+01
6.136475999999999686e+01 8.480000000000000000e+02 8.551264883043833152e+02 -7.126488304383315153e+00
6.138147000000000020e+01 8.540000000000000000e+02 8.512199023358645036e+02 2.780097664135496416e+00
6.139818000000000353e+01 8.140000000000000000e+02 8.476326851944379541e+02 -3.363268519443795412e+01
6.141488999999999976e+01 8.550000000000000000e+02 8.443301267925719458e+02 1.066987320742805423e+01
6.143160000000000309e+01 8.370000000000000000e+02 8.412821337198843139e+02 -4.282133719884313905e+00
6.144830999999999932e+01 8.150000000000000000e+02 8.384625104034437300e+02 -2.346251040344372996e+01
6.146502999999999872e+01 8.370000000000000000e+02 8.358468606875987916e+02 1.153139312401208372e+00
6.148174000000000206e+01 8.360000000000000000e+02 8.334182321903069806e+02 2.581767809693019444e+00
6.149844999999999828e+01 8.250000000000000000e+02 8.311573411067093957e+02 -6.157341106709395717e+00
6.151516000000000162e+01 7.770000000000000000e+02 8.290485978887552392e+02 -5.204859788875523918e+01
6.153186999999999784e+01 7.910000000000000000e+02 8.270781984382484779e+02 -3.607819843824847794e+01
6.154858000000000118e+01 8.120000000000000000e+02 8.252338838787474060e+02 -1.323388387874740602e+01
6.156528999999999741e+01 8.200000000000000000e+02 8.235047372941360209e+02 -3.504737294136020864e+00
6.158200000000000074e+01 8.850000000000000000e+02 8.218810110760628049e+02 6.311898892393719507e+01
6.159872000000000014e+01 8.020000000000000000e+02 8.203530932290535702e+02 -1.835309322905357021e+01
6.161543000000000347e+01 8.180000000000000000e+02 8.189149784149362858e+02 -9.149784149362858443e-01
6.163213999999999970e+01 8.640000000000000000e+02 8.175586838569818156e+02 4.644131614301818445e+01
6.164885000000000304e+01 7.980000000000000000e+02 8.162778635887207201e+02 -1.827786358872072014e+01
6.166555999999999926e+01 7.850000000000000000e+02 8.150667860761476504e+02 -3.006678607614765042e+01
6.168227000000000260e+01 8.320000000000000000e+02 8.139202645178901321e+02 1.807973548210986792e+01
6.169897999999999882e+01 7.880000000000000000e+02 8.128335962853618639e+02 -2.483359628536186392e+01
6.171569000000000216e+01 7.790000000000000000e+02 8.118025101661161216e+02 -3.280251016611612158e+01
6.173241000000000156e+01 8.320000000000000000e+02 8.108225489364072018e+02 2.117745106359279816e+01
6.174911999999999779e+01 7.950000000000000000e+02 8.098913422765410814e+02 -1.489134227654108145e+01
6.176583000000000112e+01 7.640000000000000000e+02 8.090050579547917096e+02 -4.500505795479170956e+01
6.178253999999999735e+01 8.200000000000000000e+02 8.081607434806661558e+02 1.183925651933384415e+01
6.179925000000000068e+01 8.190000000000000000e+02 8.073556975448152571e+02 1.164430245518474294e+01
6.181595999999999691e+01 7.890000000000000000e+02 8.065874459038111581e+02 -1.758744590381115813e+01
6.183267000000000024e+01 8.510000000000000000e+02 8.058638151460185099e+02 4.513618485398149005e+01
6.184937999999999647e+01 8.140000000000000000e+02 8.051626212233525166e+02 8.837378776647483392e+00
6.186610000000000298e+01 8.160000000000000000e+02 8.044915692847268929e+02 1.150843071527310713e+01
6.188280999999999921e+01 7.930000000000000000e+02 8.038497060592258094e+02 -1.084970605922580944e+01
6.189952000000000254e+01 7.890000000000000000e+02 8.032350091942778363e+02 -1.423500919427783629e+01
6.191622999999999877e+01 7.870000000000000000e+02 8.026459983848768616e+02 -1.564599838487686156e+01
6.193294000000000210e+01 8.610000000000000000e+02 8.020813152909897781e+02 5.891868470901022192e+01
6.194964999999999833e+01 8.320000000000000000e+02 8.015397151182695552e+02 3.046028488173044479e+01
6.196636000000000166e+01 8.420000000000000000e+02 8.010200594925163387e+02 4.097994050748366135e+01
6.198308000000000106e+01 7.650000000000000000e+02 8.005210181855193241e+02 -3.552101818551932411e+01
6.199978999999999729e+01 8.180000000000000000e+02 8.000475297723160111e+02 1.795247022768398892e+01
6.201650000000000063e+01 8.030000000000000000e+02 7.995879181034105159e+02 3.412081896589484131e+00
6.203320999999999685e+01 7.770000000000000000e+02 7.991466636715489358e+02 -2.214666367154893578e+01
6.204992000000000019e+01 8.220000000000000000e+02 7.987230983539373028e+02 2.327690164606269718e+01
6.206663000000000352e+01 8.570000000000000000e+02 7.983166457792744950e+02 5.868335422072550500e+01
6.208333999999999975e+01 8.260000000000000000e+02 7.979268248590312851e+02 2.807317514096871491e+01
6.210005000000000308e+01 7.500000000000000000e+02 7.975532559303401285e+02 -4.755325593034012854e+01
6.211677000000000248e+01 8.480000000000000000e+02 7.971954609574706865e+02 5.080453904252931352e+01
6.213347999999999871e+01 8.180000000000000000e+02 7.968537237054370053e+02 2.114627629456299474e+01
6.215019000000000204e+01 8.000000000000000000e+02 7.965278253313952064e+02 3.472174668604793624e+00
6.216689999999999827e+01 7.840000000000000000e+02 7.962179368416541365e+02 -1.221793684165413651e+01
6.218361000000000161e+01 8.350000000000000000e+02 7.959244379650906467e+02 3.907556203490935332e+01
6.220031999999999783e+01 7.930000000000000000e+02 7.956479695786472348e+02 -2.647969578647234812e+00
6.221703000000000117e+01 7.860000000000000000e+02 7.953895074093558151e+02 -9.389507409355815071e+00
6.223373999999999739e+01 8.110000000000000000e+02 7.951504677976306539e+02 1.584953220236934612e+01
6.225045999999999680e+01 8.430000000000000000e+02 7.949327437952294986e+02 4.806725620477050143e+01
6.226717000000000013e+01 8.220000000000000000e+02 7.947394814071477640e+02 2.726051859285223600e+01
6.228388000000000346e+01 7.960000000000000000e+02 7.945748294564676826e+02 1.425170543532317424e+00
6.230058999999999969e+01 7.840000000000000000e+02 7.944457244381372902e+02 -1.044572443813729024e+01
6.231730000000000302e+01 7.940000000000000000e+02 7.943648446189528158e+02 -3.648446189528158357e-01
6.233400999999999925e+01 8.120000000000000000e+02 7.943578104498681114e+02 1.764218955013188861e+01
6.235072000000000259e+01 8.400000000000000000e+02 7.944776959115636146e+02 4.552230408843638543e+01
6.236742999999999881e+01 7.740000000000000000e+02 7.948283878255438140e+02 -2.082838782554381396e+01
6.238414999999999822e+01 8.020000000000000000e+02 7.955909007803027180e+02 6.409099219697282024e+00
6.240086000000000155e+01 7.890000000000000000e+02 7.970275369051855705e+02 -8.027536905185570504e+00
6.241756999999999778e+01 7.790000000000000000e+02 7.994363159489594182e+02 -2.043631594895941817e+01
6.243428000000000111e+01 8.110000000000000000e+02 8.030219854745920429e+02 7.978014525407957080e+00
6.245098999999999734e+01 7.910000000000000000e+02 8.077006189917152597e+02 -1.670061899171525965e+01
6.246770000000000067e+01 7.450000000000000000e+02 8.128724827247032181e+02 -6.787248272470321808e+01
6.248440999999999690e+01 8.360000000000000000e+02 8.172291431710635834e+02 1.877085682893641660e+01
6.250112000000000023e+01 8.400000000000000000e+02 8.189834082849353081e+02 2.101659171506469193e+01
6.251783999999999963e+01 8.240000000000000000e+02 8.171647889832810279e+02 6.835211016718972132e+00
6.253455000000000297e+01 8.410000000000000000e+02 8.127594866291682365e+02 2.824051337083176350e+01
6.255125999999999920e+01 8.080000000000000000e+02 8.076788494256114745e+02 3.211505743885254560e-01
6.256797000000000253e+01 8.280000000000000000e+02 8.033801880147105976e+02 2.461981198528940240e+01
6.258467999999999876e+01 7.740000000000000000e+02 8.006203489302550906e+02 -2.662034893025509064e+01
6.260139000000000209e+01 7.900000000000000000e+02 7.996174747751221048e+02 -9.617474775122104802e+00
6.261809999999999832e+01 7.970000000000000000e+02 8.001886578633095723e+02 -3.188657863309572349e+00
6.263481000000000165e+01 8.000000000000000000e+02 8.018312773891336747e+02 -1.831277389133674660e+00
6.265153000000000105e+01 7.960000000000000000e+02 8.037370475238334393e+02 -7.737047523833439300e+00
6.266823999999999728e+01 8.360000000000000000e+02 8.048304014745832546e+02 3.116959852541674536e+01
6.268495000000000061e+01 8.150000000000000000e+02 8.042311066125931802e+02 1.076889338740681978e+01
6.270165999999999684e+01 8.340000000000000000e+02 8.020059385750979573e+02 3.199406142490204275e+01
6.271837000000000018e+01 8.270000000000000000e+02 7.990231194267785213e+02 2.797688057322147870e+01
6.273508000000000351e+01 8.270000000000000000e+02 7.961071362993334333e+02 3.089286370066656673e+01
6.275178999999999974e+01 7.970000000000000000e+02 7.937007445938135106e+02 3.299255406186489381e+00
6.276850000000000307e+01 8.160000000000000000e+02 7.919323760306784834e+02 2.406762396932151660e+01
6.278522000000000247e+01 8.650000000000000000e+02 7.907361386079342083e+02 7.426386139206579173e+01
6.280192999999999870e+01 8.550000000000000000e+02 7.899636540860653895e+02 6.503634591393461051e+01
6.281864000000000203e+01 8.140000000000000000e+02 7.894620284507007000e+02 2.453797154929930002e+01
6.283534999999999826e+01 8.180000000000000000e+02 7.891088763030999189e+02 2.889112369690008109e+01
6.285206000000000159e+01 8.630000000000000000e+02 7.888522563359847481e+02 7.414774366401525185e+01
6.286876999999999782e+01 8.330000000000000000e+02 7.886462276319319926e+02 4.435377236806800738e+01
6.288548000000000116e+01 8.170000000000000000e+02 7.884722317538465859e+02 2.852776824615341411e+01
6.290218999999999738e+01 8.370000000000000000e+02 7.883212802586097041e+02 4.867871974139029589e+01
6.291890999999999678e+01 7.860000000000000000e+02 7.881883828929464926e+02 -2.188382892946492575e+00
6.293562000000000012e+01 7.920000000000000000e+02 7.880706706903138183e+02 3.929329309686181659e+00
6.295233000000000345e+01 8.380000000000000000e+02 7.882789874582313132e+02 4.972101254176868679e+01
6.296903999999999968e+01 8.150000000000000000e+02 7.881870656774267445e+02 2.681293432257325549e+01
6.298575000000000301e+01 8.040000000000000000e+02 7.881055543869756548e+02 1.589444561302434522e+01
6.300245999999999924e+01 7.530000000000000000e+02 7.880289770415857902e+02 -3.502897704158579018e+01
6.301917000000000257e+01 7.890000000000000000e+02 7.879660070829010010e+02 1.033992917098998987e+00
6.303589000000000198e+01 8.190000000000000000e+02 7.879115167656301537e+02 3.108848323436984629e+01
6.305259999999999820e+01 8.430000000000000000e+02 7.878651171012726309e+02 5.513488289872736914e+01
6.306931000000000154e+01 8.030000000000000000e+02 7.878265786487842206e+02 1.517342135121577940e+01
6.308601999999999776e+01 8.100000000000000000e+02 7.877957368537161074e+02 2.220426314628389264e+01
6.310273000000000110e+01 8.330000000000000000e+02 7.877724959607562596e+02 4.522750403924374041e+01
6.311943999999999733e+01 7.940000000000000000e+02 7.877568188209590971e+02 6.243181179040902862e+00
6.313615000000000066e+01 7.730000000000000000e+02 7.879135400257882793e+02 -1.491354002578827931e+01
6.315285999999999689e+01 8.060000000000000000e+02 7.879137271462562921e+02 1.808627285374370786e+01
6.316958000000000339e+01 8.390000000000000000e+02 7.879216630300812767e+02 5.107833696991872330e+01
6.318628999999999962e+01 7.870000000000000000e+02 7.879374777281145725e+02 -9.374777281145725283e-01
6.320300000000000296e+01 8.020000000000000000e+02 7.879613499125601948e+02 1.403865008743980525e+01
6.321970999999999918e+01 7.860000000000000000e+02 7.879934915532057857e+02 -1.993491553205785749e+00
6.323642000000000252e+01 7.950000000000000000e+02 7.880341499540857058e+02 6.965850045914294242e+00
6.325312999999999874e+01 8.040000000000000000e+02 7.880836079562254781e+02 1.591639204377452188e+01
6.326984000000000208e+01 7.600000000000000000e+02 7.881421846633040786e+02 -2.814218466330407864e+01
6.328654999999999831e+01 7.980000000000000000e+02 7.882102366508919431e+02 9.789763349108056900e+00
6.330326999999999771e+01 7.400000000000000000e+02 7.882882093103952457e+02 -4.828820931039524567e+01
6.331998000000000104e+01 8.040000000000000000e+02 7.883764465902183929e+02 1.562355340978160712e+01
6.333668999999999727e+01 8.310000000000000000e+02 7.884754729956126766e+02 4.252452700438732336e+01
6.335340000000000060e+01 8.150000000000000000e+02 7.885858163079960832e+02 2.641418369200391680e+01
6.337010999999999683e+01 7.790000000000000000e+02 7.887080547888247111e+02 -9.708054788824711068e+00
6.338682000000000016e+01 8.060000000000000000e+02 7.888428212859872701e+02 1.715717871401272987e+01
6.340353000000000350e+01 7.560000000000000000e+02 7.889908079310966968e+02 -3.299080793109669685e+01
6.342023999999999972e+01 7.690000000000000000e+02 7.891527714885918385e+02 -2.015277148859183853e+01
6.343695999999999913e+01 8.380000000000000000e+02 7.893296498251788762e+02 4.867035017482112380e+01
6.345367000000000246e+01 7.980000000000000000e+02 7.895221369078858515e+02 8.477863092114148458e+00
6.347037999999999869e+01 8.070000000000000000e+02 7.897313245327812865e+02 1.726867546721871349e+01
6.348709000000000202e+01 8.030000000000000000e+02 7.899582974796089729e+02 1.304170252039102706e+01
6.350379999999999825e+01 8.560000000000000000e+02 7.902042448196168607e+02 6.579575518038313930e+01
6.352051000000000158e+01 8.350000000000000000e+02 7.904704713089054167e+02 4.452952869109458334e+01
6.353721999999999781e+01 8.340000000000000000e+02 7.907584103409449199e+02 4.324158965905508012e+01
6.355393000000000114e+01 8.530000000000000000e+02 7.910696386956656170e+02 6.193036130433438302e+01
6.357065000000000055e+01 8.000000000000000000e+02 7.914061024610390405e+02 8.593897538960959537e+00
6.358735999999999677e+01 8.690000000000000000e+02 7.917693166221152978e+02 7.723068337788470217e+01
6.360407000000000011e+01 7.900000000000000000e+02 7.921615927946313604e+02 -2.161592794631360448e+00
6.362078000000000344e+01 7.840000000000000000e+02 7.925852758391665702e+02 -8.585275839166570222e+00
6.363748999999999967e+01 8.020000000000000000e+02 7.930429665653425673e+02 8.957033434657432736e+00
6.365420000000000300e+01 8.210000000000000000e+02 7.935375553714502530e+02 2.746244462854974699e+01
6.367090999999999923e+01 7.770000000000000000e+02 7.940722611870605760e+02 -1.707226118706057605e+01
6.368762000000000256e+01 7.950000000000000000e+02 7.946506766872244043e+02 3.493233127755956957e-01
6.370434000000000196e+01 8.310000000000000000e+02 7.952772108257645414e+02 3.572278917423545863e+01
6.372104999999999819e+01 8.200000000000000000e+02 7.959556235727732201e+02 2.404437642722677992e+01
6.373776000000000153e+01 8.180000000000000000e+02 7.966913423571711519e+02 2.130865764282884811e+01
6.375446999999999775e+01 8.320000000000000000e+02 7.974900795441799346e+02 3.450992045582006540e+01
6.377118000000000109e+01 7.910000000000000000e+02 7.983582926404220643e+02 -7.358292640422064324e+00
6.378788999999999731e+01 8.180000000000000000e+02 7.993033030411843356e+02 1.869669695881566440e+01
6.380460000000000065e+01 8.110000000000000000e+02 8.003334373350119222e+02 1.066656266498807781e+01
6.382130999999999688e+01 8.000000000000000000e+02 8.014581961565157826e+02 -1.458196156515782604e+00
6.383803000000000338e+01 8.270000000000000000e+02 8.026892270932934252e+02 2.431077290670657476e+01
6.385473999999999961e+01 7.840000000000000000e+02 8.040375629060426945e+02 -2.003756290604269452e+01
6.387145000000000294e+01 8.160000000000000000e+02 8.055183244596578334e+02 1.048167554034216664e+01
6.388815999999999917e+01 8.010000000000000000e+02 8.071482087046147171e+02 -6.148208704614717135e+00
6.390487000000000251e+01 7.900000000000000000e+02 8.089466375686400852e+02 -1.894663756864008519e+01
6.392157999999999873e+01 8.170000000000000000e+02 8.109363123905795874e+02 6.063687609420412628e+00
6.393829000000000207e+01 8.220000000000000000e+02 8.131439153079334119e+02 8.856084692066588104e+00
6.395499999999999829e+01 8.000000000000000000e+02 8.156010164851677473e+02 -1.560101648516774731e+01
6.397171999999999770e+01 8.180000000000000000e+02 8.183511154469367739e+02 -3.511154469367738784e-01
6.398843000000000103e+01 8.120000000000000000e+02 8.214282067406697934e+02 -9.428206740669793362e+00
6.400513999999999726e+01 8.620000000000000000e+02 8.248934737433269220e+02 3.710652625667307802e+01
6.402185000000000059e+01 8.280000000000000000e+02 8.288160565171729104e+02 -8.160565171729103895e-01
6.403856000000000392e+01 8.510000000000000000e+02 8.332837902911707033e+02 1.771620970882929669e+01
6.405526999999999305e+01 8.200000000000000000e+02 8.384107315495691637e+02 -1.841073154956916369e+01
6.407197999999999638e+01 7.980000000000000000e+02 8.443479975476653863e+02 -4.634799754766538626e+01
6.408870000000000289e+01 8.790000000000000000e+02 8.513032918450860507e+02 2.769670815491394933e+01
6.410541000000000622e+01 8.440000000000000000e+02 8.595433672766986319e+02 -1.554336727669863194e+01
6.412211999999999534e+01 8.940000000000000000e+02 8.694425611668649481e+02 2.455743883313505194e+01
6.413882999999999868e+01 9.320000000000000000e+02 8.814928635188581438e+02 5.050713648114185617e+01
6.415554000000000201e+01 8.310000000000000000e+02 8.963338657528911426e+02 -6.533386575289114262e+01
6.417225000000000534e+01 9.050000000000000000e+02 9.147598636163172614e+02 -9.759863616317261403e+00
6.418895999999999447e+01 9.320000000000000000e+02 9.377323616094902263e+02 -5.732361609490226328e+00
6.420566999999999780e+01 9.960000000000000000e+02 9.663465460384413745e+02 2.965345396155862545e+01
6.422239000000000431e+01 9.400000000000000000e+02 1.001798828196822797e+03 -6.179882819682279660e+01
6.423909999999999343e+01 9.430000000000000000e+02 1.045195546438998008e+03 -1.021955464389980079e+02
6.425580999999999676e+01 1.029000000000000000e+03 1.097509488725287611e+03 -6.850948872528761058e+01
6.427252000000000010e+01 1.021000000000000000e+03 1.159212279632838545e+03 -1.382122796328385448e+02
6.428923000000000343e+01 1.074000000000000000e+03 1.229792756043216286e+03 -1.557927560432162863e+02
6.430594000000000676e+01 1.167000000000000000e+03 1.306933914668508805e+03 -1.399339146685088053e+02
6.432264999999999588e+01 1.220000000000000000e+03 1.385422118673066279e+03 -1.654221186730662794e+02
6.433935999999999922e+01 1.076000000000000000e+03 1.456417881480779670e+03 -3.804178814807796698e+02
6.435608000000000573e+01 1.194000000000000000e+03 1.508586416103838019e+03 -3.145864161038380189e+02
6.437278999999999485e+01 1.178000000000000000e+03 1.532145600299315447e+03 -3.541456002993154470e+02
6.438949999999999818e+01 1.165000000000000000e+03 1.524528268409754446e+03 -3.595282684097544461e+02
6.440621000000000151e+01 1.150000000000000000e+03 1.492225775364799119e+03 -3.422257753647991194e+02
6.442292000000000485e+01 1.227000000000000000e+03 1.447172817154967788e+03 -2.201728171549677882e+02
6.443962999999999397e+01 1.242000000000000000e+03 1.401077648717142665e+03 -1.590776487171426652e+02
6.445633999999999730e+01 1.315000000000000000e+03 1.362020986612615388e+03 -4.702098661261538837e+01
6.447305000000000064e+01 1.318000000000000000e+03 1.333857826697742439e+03 -1.585782669774243914e+01
6.448976999999999293e+01 1.230000000000000000e+03 1.316694366088831430e+03 -8.669436608883142981e+01
6.450647999999999627e+01 1.197000000000000000e+03 1.307478090217496174e+03 -1.104780902174961739e+02
6.452318999999999960e+01 1.109000000000000000e+03 1.300398285022663003e+03 -1.913982850226630035e+02
6.453990000000000293e+01 1.120000000000000000e+03 1.288327618394474939e+03 -1.683276183944749391e+02
6.455661000000000627e+01 1.095000000000000000e+03 1.265568281016172477e+03 -1.705682810161724774e+02
6.457331999999999539e+01 1.074000000000000000e+03 1.230645803227839906e+03 -1.566458032278399060e+02
6.459002999999999872e+01 1.103000000000000000e+03 1.186696041305941208e+03 -8.369604130594120761e+01
6.460674000000000206e+01 9.670000000000000000e+02 1.139098768242501365e+03 -1.720987682425013645e+02
6.462345999999999435e+01 9.930000000000000000e+02 1.092649894278438524e+03 -9.964989427843852354e+01
6.464016999999999769e+01 9.820000000000000000e+02 1.050305354341979637e+03 -6.830535434197963696e+01
6.465688000000000102e+01 1.019000000000000000e+03 1.012999006948713600e+03 6.000993051286400259e+00
6.467359000000000435e+01 9.670000000000000000e+02 9.803228483847416328e+02 -1.332284838474163280e+01
6.469029999999999347e+01 9.440000000000000000e+02 9.514862535276481594e+02 -7.486253527648159434e+00
6.470700999999999681e+01 9.100000000000000000e+02 9.261932466631695888e+02 -1.619324666316958883e+01
6.472372000000000014e+01 8.850000000000000000e+02 9.045899073094482219e+02 -1.958990730944822189e+01
6.474043000000000347e+01 8.250000000000000000e+02 8.867176787912117106e+02 -6.171767879121171063e+01
6.475714999999999577e+01 9.130000000000000000e+02 8.723491335266608075e+02 4.065086647333919245e+01
6.477385999999999910e+01 9.120000000000000000e+02 8.611015162287795874e+02 5.089848377122041256e+01
6.479057000000000244e+01 8.430000000000000000e+02 8.524651605783764126e+02 -9.465160578376412559e+00
6.480728000000000577e+01 8.530000000000000000e+02 8.458867316586531615e+02 7.113268341346838497e+00
6.482398999999999489e+01 8.560000000000000000e+02 8.407730732373663614e+02 1.522692676263363865e+01
6.484069999999999823e+01 8.280000000000000000e+02 8.364759078214008241e+02 -8.475907821400824105e+00
6.485741000000000156e+01 8.540000000000000000e+02 8.323371973231280663e+02 2.166280267687193373e+01
6.487412000000000489e+01 8.300000000000000000e+02 8.279485231216161765e+02 2.051476878383823532e+00
6.489083999999999719e+01 8.320000000000000000e+02 8.233802319431707701e+02 8.619768056829229863e+00
6.490755000000000052e+01 8.270000000000000000e+02 8.189687895076742734e+02 8.031210492325726591e+00
6.492426000000000386e+01 8.130000000000000000e+02 8.149736903736254590e+02 -1.973690373625458960e+00
6.494096999999999298e+01 8.620000000000000000e+02 8.115090036882818367e+02 5.049099631171816327e+01
6.495767999999999631e+01 8.140000000000000000e+02 8.085751820172442876e+02 5.424817982755712364e+00
6.497438999999999965e+01 7.980000000000000000e+02 8.061044290442702049e+02 -8.104429044270204940e+00
6.499110000000000298e+01 8.310000000000000000e+02 8.040029146335056112e+02 2.699708536649438884e+01
6.500781000000000631e+01 8.220000000000000000e+02 8.021821279577789028e+02 1.981787204222109722e+01
6.502452999999999861e+01 8.160000000000000000e+02 8.005728857424057878e+02 1.542711425759421218e+01
6.504124000000000194e+01 8.320000000000000000e+02 7.991303329599317067e+02 3.286966704006829332e+01
6.505795000000000528e+01 8.530000000000000000e+02 7.978229348997936086e+02 5.517706510020639143e+01
6.507465999999999440e+01 8.240000000000000000e+02 7.966303453435527899e+02 2.736965465644721007e+01
6.509136999999999773e+01 8.350000000000000000e+02 7.955380121770302821e+02 3.946198782296971785e+01
6.510808000000000106e+01 8.080000000000000000e+02 7.945346829372558659e+02 1.346531706274413409e+01
6.512479000000000440e+01 8.430000000000000000e+02 7.936111567899444026e+02 4.938884321005559741e+01
6.514150999999999669e+01 8.250000000000000000e+02 7.927591893091926067e+02 3.224081069080739326e+01
6.515822000000000003e+01 8.040000000000000000e+02 7.919731675545582448e+02 1.202683244544175523e+01
6.517493000000000336e+01 7.630000000000000000e+02 7.912468617134085207e+02 -2.824686171340852070e+01
6.519164000000000669e+01 7.660000000000000000e+02 7.905753628283747503e+02 -2.457536282837475028e+01
6.520834999999999582e+01 8.420000000000000000e+02 7.899544479927080829e+02 5.204555200729191711e+01
6.522505999999999915e+01 8.140000000000000000e+02 7.893805001028642891e+02 2.461949989713571085e+01
6.524177000000000248e+01 7.780000000000000000e+02 7.888504468115058899e+02 -1.085044681150588985e+01
6.525848000000000582e+01 8.510000000000000000e+02 7.883617158415421500e+02 6.263828415845785003e+01
6.527519999999999811e+01 7.730000000000000000e+02 7.879119474614036562e+02 -1.491194746140365623e+01
6.529191000000000145e+01 7.780000000000000000e+02 7.875000313029157724e+02 -9.500031302915772358e+00
6.530862000000000478e+01 7.990000000000000000e+02 7.871244926352367202e+02 1.187550736476327984e+01
6.532532999999999390e+01 7.640000000000000000e+02 7.867846051762247725e+02 -2.278460517622477255e+01
6.534203999999999724e+01 8.500000000000000000e+02 7.864801436437813891e+02 6.351985635621861093e+01
6.535875000000000057e+01 8.200000000000000000e+02 7.862114394182216301e+02 3.378856058177836985e+01
6.537546000000000390e+01 7.760000000000000000e+02 7.859794650598057615e+02 -9.979465059805761484e+00
6.539216999999999302e+01 8.020000000000000000e+02 7.857859570931630060e+02 1.621404290683699401e+01
6.540888999999999953e+01 8.020000000000000000e+02 7.856335131323140786e+02 1.636648686768592142e+01
6.542560000000000286e+01 7.930000000000000000e+02 7.855261835089273745e+02 7.473816491072625467e+00
6.544231000000000620e+01 8.040000000000000000e+02 7.854692890345659180e+02 1.853071096543408203e+01
6.545901999999999532e+01 8.160000000000000000e+02 7.854703947734212761e+02 3.052960522657872389e+01
6.547572999999999865e+01 8.140000000000000000e+02 7.855402652262389438e+02 2.845973477376105620e+01
6.549244000000000199e+01 8.220000000000000000e+02 7.856951388684232143e+02 3.630486113157678574e+01
6.550915000000000532e+01 8.170000000000000000e+02 7.859621349246613136e+02 3.103786507533868644e+01
6.552585999999999444e+01 7.870000000000000000e+02 7.863920322754274821e+02 6.079677245725179091e-01
6.554258000000000095e+01 8.120000000000000000e+02 7.870873192072471056e+02 2.491268079275289438e+01
6.555929000000000428e+01 7.880000000000000000e+02 7.882510215102162192e+02 -2.510215102162192125e-01
6.557599999999999341e+01 8.170000000000000000e+02 7.902624162357361683e+02 2.673758376426383165e+01
6.559270999999999674e+01 7.870000000000000000e+02 7.937449516736587611e+02 -6.744951673658761138e+00
6.560942000000000007e+01 7.980000000000000000e+02 7.995635710757944707e+02 -1.563571075794470744e+00
6.562613000000000341e+01 7.380000000000000000e+02 8.086553459126432699e+02 -7.065534591264326991e+01
6.564284000000000674e+01 7.960000000000000000e+02 8.216381264901413033e+02 -2.563812649014130329e+01
6.565954999999999586e+01 7.990000000000000000e+02 8.382459840610498532e+02 -3.924598406104985315e+01
6.567627000000000237e+01 8.200000000000000000e+02 8.567129991855961180e+02 -3.671299918559611797e+01
6.569298000000000570e+01 8.470000000000000000e+02 8.731665078643300149e+02 -2.616650786433001485e+01
6.570968999999999482e+01 7.780000000000000000e+02 8.820468525423101482e+02 -1.040468525423101482e+02
6.572639999999999816e+01 8.010000000000000000e+02 8.793068204785952275e+02 -7.830682047859522754e+01
6.574311000000000149e+01 8.390000000000000000e+02 8.665464123503021483e+02 -2.754641235030214830e+01
6.575982000000000482e+01 7.860000000000000000e+02 8.494694960923847020e+02 -6.346949609238470202e+01
6.577652999999999395e+01 8.360000000000000000e+02 8.333472006250981394e+02 2.652799374901860574e+00
6.579323999999999728e+01 8.390000000000000000e+02 8.215716979691142114e+02 1.742830203088578855e+01
6.580996000000000379e+01 8.870000000000000000e+02 8.151961524605399063e+02 7.180384753946009369e+01
6.582666999999999291e+01 8.550000000000000000e+02 8.144787455782420693e+02 4.052125442175793069e+01
6.584337999999999624e+01 9.150000000000000000e+02 8.184433578658329225e+02 9.655664213416707753e+01
6.586008999999999958e+01 8.060000000000000000e+02 8.252468937600822301e+02 -1.924689376008223007e+01
6.587680000000000291e+01 8.700000000000000000e+02 8.321580169657909209e+02 3.784198303420907905e+01
6.589351000000000624e+01 8.620000000000000000e+02 8.357787801559023819e+02 2.622121984409761808e+01
6.591021999999999537e+01 8.730000000000000000e+02 8.336185024034965636e+02 3.938149759650343640e+01
6.592692999999999870e+01 8.560000000000000000e+02 8.261933542293635355e+02 2.980664577063646448e+01
6.594365000000000521e+01 8.200000000000000000e+02 8.162642557558920089e+02 3.735744244107991108e+00
6.596035999999999433e+01 8.270000000000000000e+02 8.064315351807180150e+02 2.056846481928198500e+01
6.597706999999999766e+01 8.750000000000000000e+02 7.982570971005540059e+02 7.674290289944599408e+01
6.599378000000000100e+01 8.910000000000000000e+02 7.920623866367275241e+02 9.893761336327247591e+01
6.601049000000000433e+01 8.260000000000000000e+02 7.878242900372238182e+02 3.817570996277618178e+01
6.602719999999999345e+01 8.260000000000000000e+02 7.851056004755525919e+02 4.089439952444740811e+01
6.604390999999999678e+01 8.370000000000000000e+02 7.834098071615932213e+02 5.359019283840677872e+01
6.606062000000000012e+01 8.130000000000000000e+02 7.823324975739727734e+02 3.066750242602722665e+01
6.607734000000000663e+01 8.010000000000000000e+02 7.816045536887561411e+02 1.939544631124385887e+01
6.609404999999999575e+01 8.640000000000000000e+02 7.810723794910122706e+02 8.292762050898772941e+01
6.611075999999999908e+01 8.010000000000000000e+02 7.806549507101933614e+02 2.034504928980663863e+01
6.612747000000000241e+01 8.450000000000000000e+02 7.803117615054444514e+02 6.468823849455554864e+01
6.614418000000000575e+01 8.370000000000000000e+02 7.800215696447901337e+02 5.697843035520986632e+01
6.616088999999999487e+01 8.600000000000000000e+02 7.797719618409951181e+02 8.022803815900488189e+01
6.617759999999999820e+01 8.350000000000000000e+02 7.795547381515489178e+02 5.544526184845108219e+01
6.619432000000000471e+01 8.030000000000000000e+02 7.793638700953331409e+02 2.363612990466685915e+01
6.621102999999999383e+01 8.350000000000000000e+02 7.791950893924712318e+02 5.580491060752876820e+01
6.622773999999999717e+01 8.440000000000000000e+02 7.790419571401766916e+02 6.495804285982330839e+01
6.624445000000000050e+01 8.410000000000000000e+02 7.789073520042600194e+02 6.209264799573998062e+01
6.626116000000000383e+01 7.480000000000000000e+02 7.787862084911829470e+02 -3.078620849118294700e+01
6.627786999999999296e+01 8.180000000000000000e+02 7.786767227578727670e+02 3.932327724212723297e+01
6.629457999999999629e+01 8.270000000000000000e+02 7.785774189648647052e+02 4.842258103513529477e+01
6.631128999999999962e+01 8.000000000000000000e+02 7.784870791705211559e+02 2.151292082947884410e+01
6.632801000000000613e+01 8.430000000000000000e+02 7.784046432238668558e+02 6.459535677613314419e+01
6.634471999999999525e+01 8.070000000000000000e+02 7.783293606954420056e+02 2.867063930455799436e+01
6.636142999999999859e+01 7.890000000000000000e+02 7.782604645733607640e+02 1.073953542663923599e+01
6.637814000000000192e+01 8.550000000000000000e+02 7.781973483070804605e+02 7.680265169291953953e+01
6.639485000000000525e+01 8.140000000000000000e+02 7.781394952185813736e+02 3.586050478141862641e+01
6.641155999999999437e+01 7.520000000000000000e+02 7.780849859870371574e+02 -2.608498598703715743e+01
6.642826999999999771e+01 8.380000000000000000e+02 7.780364103193254550e+02 5.996358968067454498e+01
6.644498000000000104e+01 8.260000000000000000e+02 7.779919526993558065e+02 4.800804730064419346e+01
6.646169999999999334e+01 8.160000000000000000e+02 7.779513120325391355e+02 3.804868796746086446e+01
6.647840999999999667e+01 7.670000000000000000e+02 7.779143002475561843e+02 -1.091430024755618433e+01
6.649512000000000000e+01 8.120000000000000000e+02 7.778806927704372356e+02 3.411930722956276441e+01
6.651183000000000334e+01 8.040000000000000000e+02 7.778503254400934566e+02 2.614967455990654344e+01
6.652854000000000667e+01 8.000000000000000000e+02 7.778230681994504039e+02 2.217693180054959612e+01
6.654524999999999579e+01 7.860000000000000000e+02 7.777988261456422379e+02 8.201173854357762139e+00
6.656195999999999913e+01 7.460000000000000000e+02 7.777775436817929631e+02 -3.177754368179296307e+01
6.657867000000000246e+01 7.970000000000000000e+02 7.777592152334094635e+02 1.924078476659053649e+01
6.659538999999999476e+01 8.280000000000000000e+02 7.777439039034481993e+02 5.025609609655180066e+01
6.661209999999999809e+01 7.270000000000000000e+02 7.777318429407964686e+02 -5.073184294079646861e+01
6.662881000000000142e+01 7.950000000000000000e+02 7.773072893581472727e+02 1.769271064185272735e+01
6.664552000000000476e+01 7.760000000000000000e+02 7.773062060259884447e+02 -1.306206025988444708e+00
6.666222999999999388e+01 7.970000000000000000e+02 7.773122675572172966e+02 1.968773244278270340e+01
6.667893999999999721e+01 7.560000000000000000e+02 7.773296364853350724e+02 -2.132963648533507239e+01
6.669565000000000055e+01 7.990000000000000000e+02 7.773649078318588863e+02 2.163509216814111369e+01
6.671236000000000388e+01 8.380000000000000000e+02 7.774267866342996740e+02 6.057321336570032599e+01
6.672907999999999618e+01 7.500000000000000000e+02 7.775241163572038658e+02 -2.752411635720386585e+01
6.674578999999999951e+01 7.700000000000000000e+02 7.776615381693554809e+02 -7.661538169355480932e+00
6.676250000000000284e+01 8.020000000000000000e+02 7.778343741440443182e+02 2.416562585595568180e+01
6.677921000000000618e+01 8.150000000000000000e+02 7.780226160596645286e+02 3.697738394033547138e+01
6.679591999999999530e+01 8.150000000000000000e+02 7.781862158855743701e+02 3.681378411442562992e+01
6.681262999999999863e+01 7.960000000000000000e+02 7.780518796301572593e+02 1.794812036984274073e+01
6.682934000000000196e+01 7.630000000000000000e+02 7.780233731365378844e+02 -1.502337313653788442e+01
6.684605000000000530e+01 7.600000000000000000e+02 7.779008580902387848e+02 -1.790085809023878483e+01
6.686276999999999759e+01 7.590000000000000000e+02 7.777401797157669989e+02 -1.874017971576699892e+01
6.687948000000000093e+01 8.070000000000000000e+02 7.775914985048534618e+02 2.940850149514653822e+01
6.689619000000000426e+01 8.120000000000000000e+02 7.774851447735757120e+02 3.451485522642428805e+01
6.691289999999999338e+01 8.320000000000000000e+02 7.774347747731198979e+02 5.456522522688010213e+01
6.692960999999999672e+01 7.900000000000000000e+02 7.774412390411329170e+02 1.255876095886708299e+01
6.694632000000000005e+01 8.170000000000000000e+02 7.774983593932309986e+02 3.950164060676900135e+01
6.696303000000000338e+01 7.890000000000000000e+02 7.775832823727700998e+02 1.141671762722990024e+01
6.697974000000000672e+01 7.730000000000000000e+02 7.776733069600961699e+02 -4.673306960096169860e+00
6.699645999999999901e+01 8.040000000000000000e+02 7.777359736000212251e+02 2.626402639997877486e+01
6.701317000000000235e+01 8.420000000000000000e+02 7.777446126807666360e+02 6.425538731923336400e+01
6.702988000000000568e+01 8.330000000000000000e+02 7.776996288473767436e+02 5.530037115262325642e+01
6.704658999999999480e+01 8.350000000000000000e+02 7.776259230913819920e+02 5.737407690861800802e+01
6.706329999999999814e+01 8.360000000000000000e+02 7.775499595460853470e+02 5.845004045391465297e+01
6.708001000000000147e+01 7.890000000000000000e+02 7.774881311540603974e+02 1.151186884593960258e+01
6.709672000000000480e+01 7.530000000000000000e+02 7.774472003380620890e+02 -2.444720033806208903e+01
6.711342999999999392e+01 7.550000000000000000e+02 7.774272091670218288e+02 -2.242720916702182876e+01
6.713015000000000043e+01 8.180000000000000000e+02 7.774259281212973747e+02 4.057407187870262533e+01
6.714686000000000377e+01 7.270000000000000000e+02 7.774355585284935160e+02 -5.043555852849351595e+01
6.716357000000000710e+01 7.610000000000000000e+02 7.774532959161945200e+02 -1.645329591619452003e+01
6.718027999999999622e+01 7.950000000000000000e+02 7.774761310493863675e+02 1.752386895061363248e+01
6.719698999999999955e+01 7.590000000000000000e+02 7.775022475955981918e+02 -1.850224759559819177e+01
6.721370000000000289e+01 8.410000000000000000e+02 7.775306634428744701e+02 6.346933655712552991e+01
6.723041000000000622e+01 7.850000000000000000e+02 7.775608776337656991e+02 7.439122366234300898e+00
6.724712999999999852e+01 7.960000000000000000e+02 7.775926516943778779e+02 1.840734830562212210e+01
6.726384000000000185e+01 7.460000000000000000e+02 7.776258037924891369e+02 -3.162580379248913687e+01
6.728055000000000518e+01 8.360000000000000000e+02 7.776602627178322109e+02 5.833973728216778909e+01
6.729725999999999431e+01 8.000000000000000000e+02 7.776959668804665853e+02 2.230403311953341472e+01
6.731396999999999764e+01 7.550000000000000000e+02 7.777328718058089407e+02 -2.273287180580894074e+01
6.733068000000000097e+01 8.210000000000000000e+02 7.777709448552759568e+02 4.322905514472404320e+01
6.734739000000000431e+01 7.900000000000000000e+02 7.778101622555485619e+02 1.218983774445143808e+01
6.736409999999999343e+01 8.240000000000000000e+02 7.778505071816348391e+02 4.614949281836516093e+01
6.738081999999999994e+01 7.750000000000000000e+02 7.778919935698447716e+02 -2.891993569844771628e+00
6.739753000000000327e+01 7.940000000000000000e+02 7.779345652467802665e+02 1.606543475321973347e+01
6.741424000000000660e+01 8.070000000000000000e+02 7.779782441194224702e+02 2.902175588057752975e+01
6.743094999999999573e+01 7.740000000000000000e+02 7.780230310890692635e+02 -4.023031089069263544e+00
6.744765999999999906e+01 7.520000000000000000e+02 7.780689301755555789e+02 -2.606893017555557890e+01
6.746437000000000239e+01 8.360000000000000000e+02 7.781159482711441342e+02 5.788405172885586580e+01
6.748108000000000573e+01 8.140000000000000000e+02 7.781640949793887785e+02 3.583590502061122152e+01
6.749778999999999485e+01 7.890000000000000000e+02 7.782133825221088728e+02 1.078661747789112724e+01
6.751451000000000136e+01 7.570000000000000000e+02 7.782638562393714210e+02 -2.126385623937142100e+01
6.753122000000000469e+01 7.800000000000000000e+02 7.783154731614835100e+02 1.684526838516489988e+00
6.754792999999999381e+01 7.920000000000000000e+02 7.783682831731650822e+02 1.363171682683491781e+01
6.756463999999999714e+01 7.840000000000000000e+02 7.784223090590636502e+02 5.577690940936349762e+00
6.758135000000000048e+01 7.780000000000000000e+02 7.784775764750013423e+02 -4.775764750013422599e-01
6.759806000000000381e+01 7.880000000000000000e+02 7.785341141164094552e+02 9.465885883590544836e+00
6.761476999999999293e+01 7.890000000000000000e+02 7.785919539251248125e+02 1.040804607487518751e+01
6.763147999999999627e+01 8.180000000000000000e+02 7.786511313366016793e+02 3.934886866339832068e+01
6.764820000000000277e+01 8.030000000000000000e+02 7.787117222296727732e+02 2.428827777032722679e+01
6.766491000000000611e+01 8.240000000000000000e+02 7.787736974929712233e+02 4.522630250702877674e+01
6.768161999999999523e+01 8.020000000000000000e+02 7.788371408095094921e+02 2.316285919049050790e+01
6.769832999999999856e+01 8.170000000000000000e+02 7.789021050068405430e+02 3.809789499315945704e+01
6.771504000000000190e+01 7.840000000000000000e+02 7.789686483997312507e+02 5.031351600268749280e+00
6.773175000000000523e+01 7.770000000000000000e+02 7.790368353886223076e+02 -2.036835388622307619e+00
6.774845999999999435e+01 7.940000000000000000e+02 7.791067371483948136e+02 1.489326285160518637e+01
6.776516999999999769e+01 7.600000000000000000e+02 7.791784324219153177e+02 -1.917843242191531772e+01
6.778189000000000419e+01 7.680000000000000000e+02 7.792520530488081931e+02 -1.125205304880819313e+01
6.779859999999999332e+01 7.930000000000000000e+02 7.793276077867142249e+02 1.367239221328577514e+01
6.781530999999999665e+01 7.440000000000000000e+02 7.794052476412823580e+02 -3.540524764128235802e+01
6.783201999999999998e+01 7.840000000000000000e+02 7.794850923560686624e+02 4.514907643931337589e+00
6.784873000000000332e+01 8.570000000000000000e+02 7.795672755351242813e+02 7.743272446487571870e+01
6.786544000000000665e+01 7.700000000000000000e+02 7.796519465877960329e+02 -9.651946587796032873e+00
6.788214999999999577e+01 7.470000000000000000e+02 7.797392730108754222e+02 -3.273927301087542219e+01
6.789885999999999910e+01 7.150000000000000000e+02 7.798294430764246954e+02 -6.482944307642469539e+01
6.791558000000000561e+01 7.390000000000000000e+02 7.799227257615328881e+02 -4.092272576153288810e+01
6.793228999999999473e+01 8.010000000000000000e+02 7.800192495642099857e+02 2.098075043579001431e+01
6.794899999999999807e+01 7.790000000000000000e+02 7.801193415353413911e+02 -1.119341535341391136e+00
6.796571000000000140e+01 7.420000000000000000e+02 7.802233114882075142e+02 -3.822331148820751423e+01
6.798242000000000473e+01 7.700000000000000000e+02 7.803315133390025267e+02 -1.033151333900252666e+01
6.799912999999999386e+01 7.590000000000000000e+02 7.804443529536200685e+02 -2.144435295362006855e+01
6.801583999999999719e+01 8.480000000000000000e+02 7.805622976913156208e+02 6.743770230868437920e+01
6.803255000000000052e+01 7.370000000000000000e+02 7.806858880781217067e+02 -4.368588807812170671e+01
6.804927000000000703e+01 7.610000000000000000e+02 7.808158319062922601e+02 -1.981583190629226010e+01
6.806597999999999615e+01 8.160000000000000000e+02 7.809527075174884203e+02 3.504729248251157969e+01
6.808268999999999949e+01 7.970000000000000000e+02 7.810974516361389988e+02 1.590254836386100123e+01
6.809940000000000282e+01 7.560000000000000000e+02 7.812510805652603949e+02 -2.525108056526039491e+01
6.811611000000000615e+01 7.680000000000000000e+02 7.814148011823614297e+02 -1.341480118236142971e+01
6.813281999999999528e+01 7.620000000000000000e+02 7.815900558549334392e+02 -1.959005585493343915e+01
6.814952999999999861e+01 7.890000000000000000e+02 7.817785802044228376e+02 7.221419795577162404e+00
6.816624000000000194e+01 8.320000000000000000e+02 7.819824780702066391e+02 5.001752192979336087e+01
6.818295999999999424e+01 7.910000000000000000e+02 7.822044584762918475e+02 8.795541523708152454e+00
6.819966999999999757e+01 8.170000000000000000e+02 7.824474245632850398e+02 3.455257543671496023e+01
6.821638000000000090e+01 8.070000000000000000e+02 7.827154420676480413e+02 2.428455793235195870e+01
6.823309000000000424e+01 8.160000000000000000e+02 7.830134600810200709e+02 3.298653991897992910e+01
6.824979999999999336e+01 8.320000000000000000e+02 7.833477782642220291e+02 4.865222173577797093e+01
6.826650999999999669e+01 7.610000000000000000e+02 7.837265705109163036e+02 -2.272657051091630365e+01
6.828322000000000003e+01 7.950000000000000000e+02 7.841608100332642834e+02 1.083918996673571655e+01
6.829994000000000653e+01 8.140000000000000000e+02 7.846665160056542163e+02 2.933348399434578369e+01
6.831664999999999566e+01 8.150000000000000000e+02 7.852679173669968122e+02 2.973208263300318777e+01
6.833335999999999899e+01 7.990000000000000000e+02 7.860094290844117495e+02 1.299057091558825050e+01
6.835007000000000232e+01 8.300000000000000000e+02 7.869762829077069455e+02 4.302371709229305452e+01
6.836678000000000566e+01 8.460000000000000000e+02 7.883355446226975118e+02 5.766445537730248816e+01
6.838348999999999478e+01 7.850000000000000000e+02 7.903987694157208352e+02 -5.398769415720835241e+00
6.840019999999999811e+01 8.660000000000000000e+02 7.936924058596881650e+02 7.230759414031183496e+01
6.841691000000000145e+01 8.580000000000000000e+02 7.989902167028614031e+02 5.900978329713859694e+01
6.843362999999999374e+01 8.420000000000000000e+02 8.072375519971262747e+02 3.476244800287372527e+01
6.845033999999999708e+01 9.220000000000000000e+02 8.192641157385437509e+02 1.027358842614562491e+02
6.846705000000000041e+01 8.750000000000000000e+02 8.353625190701054635e+02 3.963748092989453653e+01
6.848376000000000374e+01 8.430000000000000000e+02 8.547253197484737939e+02 -1.172531974847379388e+01
6.850047000000000708e+01 8.690000000000000000e+02 8.749007455120901113e+02 -5.900745512090111333e+00
6.851717999999999620e+01 9.070000000000000000e+02 8.914187231657107304e+02 1.558127683428926957e+01
6.853388999999999953e+01 8.730000000000000000e+02 8.986929459795741195e+02 -2.569294597957411952e+01
6.855060000000000286e+01 8.740000000000000000e+02 8.937106385096897156e+02 -1.971063850968971565e+01
6.856731999999999516e+01 8.280000000000000000e+02 8.790991021714357885e+02 -5.109910217143578848e+01
6.858402999999999849e+01 8.470000000000000000e+02 8.606806908181315521e+02 -1.368069081813155208e+01
6.860074000000000183e+01 9.370000000000000000e+02 8.434737438718358362e+02 9.352625612816416378e+01
6.861745000000000516e+01 8.860000000000000000e+02 8.305745039213967402e+02 5.542549607860325978e+01
6.863415999999999428e+01 8.430000000000000000e+02 8.234226775074572515e+02 1.957732249254274848e+01
6.865086999999999762e+01 8.570000000000000000e+02 8.221746480895308196e+02 3.482535191046918044e+01
6.866758000000000095e+01 8.600000000000000000e+02 8.259932916579574567e+02 3.400670834204254334e+01
6.868429000000000428e+01 8.360000000000000000e+02 8.332259429223109919e+02 2.774057077689008111e+00
6.870100999999999658e+01 8.270000000000000000e+02 8.414224014191984224e+02 -1.442240141919842245e+01
6.871771999999999991e+01 8.510000000000000000e+02 8.473482876205625871e+02 3.651712379437412892e+00
6.873443000000000325e+01 8.430000000000000000e+02 8.479517276117278470e+02 -4.951727611727847034e+00
6.875114000000000658e+01 8.790000000000000000e+02 8.424483236208566268e+02 3.655167637914337320e+01
6.876784999999999570e+01 8.020000000000000000e+02 8.329078455003904082e+02 -3.090784550039040823e+01
6.878455999999999904e+01 8.330000000000000000e+02 8.222049876044244456e+02 1.079501239557555436e+01
6.880127000000000237e+01 8.540000000000000000e+02 8.123977379655520963e+02 4.160226203444790372e+01
6.881798000000000570e+01 8.380000000000000000e+02 8.045175734727454255e+02 3.348242652725457447e+01
6.883469999999999800e+01 8.900000000000000000e+02 7.988104523024611581e+02 9.118954769753884193e+01
6.885141000000000133e+01 7.880000000000000000e+02 7.950339363705687674e+02 -7.033936370568767416e+00
6.886812000000000467e+01 8.280000000000000000e+02 7.927121954279945157e+02 3.528780457200548426e+01
6.888482999999999379e+01 8.110000000000000000e+02 7.913645636938716734e+02 1.963543630612832658e+01
6.890153999999999712e+01 7.890000000000000000e+02 7.906153982848536543e+02 -1.615398284853654332e+00
6.891825000000000045e+01 7.960000000000000000e+02 7.902189733973593775e+02 5.781026602640622514e+00
6.893496000000000379e+01 8.280000000000000000e+02 7.900349318934585199e+02 3.796506810654148012e+01
6.895166999999999291e+01 7.920000000000000000e+02 7.899911026642889738e+02 2.008897335711026244e+00
6.896838999999999942e+01 7.930000000000000000e+02 7.900533338999590569e+02 2.946666100040943093e+00
6.898510000000000275e+01 7.520000000000000000e+02 7.902066151529131730e+02 -3.820661515291317301e+01
6.900181000000000608e+01 7.850000000000000000e+02 7.904456764838855634e+02 -5.445676483885563357e+00
6.901851999999999521e+01 8.040000000000000000e+02 7.907704718763617393e+02 1.322952812363826069e+01
6.903522999999999854e+01 8.280000000000000000e+02 7.911842375632169251e+02 3.681576243678307492e+01
6.905194000000000187e+01 7.800000000000000000e+02 7.916925300747973324e+02 -1.169253007479733242e+01
6.906865000000000521e+01 8.020000000000000000e+02 7.923025798440988865e+02 9.697420155901113503e+00
6.908535999999999433e+01 8.350000000000000000e+02 7.930226601634752797e+02 4.197733983652472034e+01
6.910208000000000084e+01 7.730000000000000000e+02 7.938618262969698662e+02 -2.086182629696986623e+01
6.911879000000000417e+01 7.550000000000000000e+02 7.948266701909551557e+02 -3.982667019095515570e+01
6.913549999999999329e+01 8.360000000000000000e+02 7.959225119902589540e+02 4.007748800974104597e+01
6.915220999999999663e+01 8.490000000000000000e+02 7.971486364711913666e+02 5.185136352880863342e+01
6.916891999999999996e+01 8.240000000000000000e+02 7.984945152631596557e+02 2.550548473684034434e+01
6.918563000000000329e+01 7.640000000000000000e+02 7.999340392723377136e+02 -3.593403927233771356e+01
6.920234000000000663e+01 8.110000000000000000e+02 8.014190216302341696e+02 9.580978369765830394e+00
6.921904999999999575e+01 8.250000000000000000e+02 8.028745757835076802e+02 2.212542421649231983e+01
6.923577000000000226e+01 8.510000000000000000e+02 8.042019487894252734e+02 4.679805121057472661e+01
6.925248000000000559e+01 8.180000000000000000e+02 8.052896156108535024e+02 1.271038438914649760e+01
6.926918999999999471e+01 8.470000000000000000e+02 8.060453250992492258e+02 4.095467490075077421e+01
6.928589999999999804e+01 8.110000000000000000e+02 8.064238695240881043e+02 4.576130475911895701e+00
6.930261000000000138e+01 8.080000000000000000e+02 8.064461202148689836e+02 1.553879785131016433e+00
6.931932000000000471e+01 7.780000000000000000e+02 8.061922493655772541e+02 -2.819224936557725414e+01
6.933602999999999383e+01 8.270000000000000000e+02 8.060714125942923829e+02 2.092858740570761711e+01
6.935275000000000034e+01 8.090000000000000000e+02 8.055996204852249321e+02 3.400379514775067946e+00
6.936946000000000367e+01 8.160000000000000000e+02 8.051585032358274248e+02 1.084149676417257524e+01
6.938617000000000701e+01 8.280000000000000000e+02 8.047958653846167181e+02 2.320413461538328193e+01
6.940287999999999613e+01 8.120000000000000000e+02 8.045217158458809763e+02 7.478284154119023697e+00
6.941958999999999946e+01 7.970000000000000000e+02 8.043121117208411306e+02 -7.312111720841130591e+00
6.943630000000000280e+01 7.750000000000000000e+02 8.041177326789694462e+02 -2.911773267896944617e+01
6.945301000000000613e+01 7.830000000000000000e+02 8.038778293226530423e+02 -2.087782932265304225e+01
6.946971999999999525e+01 7.720000000000000000e+02 8.035388650343622885e+02 -3.153886503436228850e+01
6.948644000000000176e+01 7.630000000000000000e+02 8.030721076156129357e+02 -4.007210761561293566e+01
6.950315000000000509e+01 8.030000000000000000e+02 8.024836400673360686e+02 5.163599326639314313e-01
6.951985999999999422e+01 7.910000000000000000e+02 8.018078675311409143e+02 -1.080786753114091425e+01
6.953656999999999755e+01 8.360000000000000000e+02 8.012505058055685367e+02 3.474949419443146326e+01
6.955328000000000088e+01 7.660000000000000000e+02 8.005477559408435582e+02 -3.454775594084355816e+01
6.956999000000000422e+01 8.070000000000000000e+02 7.998935139859052015e+02 7.106486014094798520e+00
6.958669999999999334e+01 8.430000000000000000e+02 7.993124703407061133e+02 4.368752965929388665e+01
6.960340999999999667e+01 8.300000000000000000e+02 7.988174940970435500e+02 3.118250590295644997e+01
6.962013000000000318e+01 7.280000000000000000e+02 7.984026675330941316e+02 -7.040266753309413161e+01
6.963684000000000651e+01 8.110000000000000000e+02 7.980872884734897070e+02 1.291271152651029297e+01
6.965354999999999563e+01 7.870000000000000000e+02 7.978567780561218115e+02 -1.085677805612181146e+01
6.967025999999999897e+01 7.620000000000000000e+02 7.977054340915836974e+02 -3.570543409158369741e+01
6.968697000000000230e+01 8.160000000000000000e+02 7.976271168933612898e+02 1.837288310663871016e+01
6.970368000000000563e+01 8.170000000000000000e+02 7.976158557580093884e+02 1.938414424199061159e+01
6.972038999999999476e+01 7.530000000000000000e+02 7.976662178411487503e+02 -4.466621784114875027e+01
6.973709999999999809e+01 7.980000000000000000e+02 7.977735475567033063e+02 2.264524432966936729e-01
6.975382000000000460e+01 7.870000000000000000e+02 7.979342575666610173e+02 -1.093425756666101734e+01
6.977052999999999372e+01 7.980000000000000000e+02 7.981455816373947982e+02 -1.455816373947982356e-01
6.978723999999999705e+01 7.970000000000000000e+02 7.984063558857810676e+02 -1.406355885781067627e+00
6.980395000000000039e+01 8.080000000000000000e+02 7.987169459331278176e+02 9.283054066872182375e+00
6.982066000000000372e+01 8.200000000000000000e+02 7.990745208557092383e+02 2.092547914429076172e+01
6.983737000000000705e+01 7.960000000000000000e+02 7.994945674398529718e+02 -3.494567439852971802e+00
6.985407999999999618e+01 7.620000000000000000e+02 7.999802358709345071e+02 -3.798023587093450715e+01
6.987078999999999951e+01 7.750000000000000000e+02 8.005443257833848065e+02 -2.554432578338480653e+01
6.988751000000000602e+01 7.970000000000000000e+02 8.012054893661371580e+02 -4.205489366137157958e+00
6.990421999999999514e+01 8.150000000000000000e+02 8.019874717773835755e+02 1.301252822261642450e+01
6.992092999999999847e+01 7.770000000000000000e+02 8.029218302277517978e+02 -2.592183022775179779e+01
6.993764000000000181e+01 8.310000000000000000e+02 8.040458722188179763e+02 2.695412778118202368e+01
6.995435000000000514e+01 8.340000000000000000e+02 8.054011437434120353e+02 2.859885625658796471e+01
6.997105999999999426e+01 7.520000000000000000e+02 8.070299065380423826e+02 -5.502990653804238264e+01
6.998776999999999759e+01 7.870000000000000000e+02 8.089696679574070686e+02 -2.196966795740706857e+01
7.000448000000000093e+01 7.910000000000000000e+02 8.112451335732274629e+02 -2.024513357322746288e+01
7.002119999999999322e+01 8.000000000000000000e+02 8.138575651762193957e+02 -1.385756517621939565e+01
7.003790999999999656e+01 7.850000000000000000e+02 8.169045053051637524e+02 -3.190450530516375238e+01
7.005461999999999989e+01 8.610000000000000000e+02 8.199748979048320052e+02 4.102510209516799478e+01
7.007133000000000322e+01 8.160000000000000000e+02 8.229824089130291895e+02 -6.982408913029189534e+00
7.008804000000000656e+01 7.920000000000000000e+02 8.255755614375576670e+02 -3.357556143755766698e+01
7.010474999999999568e+01 8.140000000000000000e+02 8.273604939892487664e+02 -1.336049398924876641e+01
7.012145999999999901e+01 7.650000000000000000e+02 8.280813687051366969e+02 -6.308136870513669692e+01
7.013817000000000235e+01 7.910000000000000000e+02 8.277850348412803214e+02 -3.678503484128032142e+01
7.015488999999999464e+01 8.470000000000000000e+02 8.268022958013121979e+02 2.019770419868780209e+01
7.017159999999999798e+01 8.770000000000000000e+02 8.255679910665717216e+02 5.143200893342827840e+01
7.018831000000000131e+01 8.460000000000000000e+02 8.244456798915809941e+02 2.155432010841900592e+01
7.020502000000000464e+01 8.000000000000000000e+02 8.236665771103324687e+02 -2.366657711033246869e+01
7.022172999999999377e+01 8.000000000000000000e+02 8.233402409123843881e+02 -2.334024091238438814e+01
7.023843999999999710e+01 7.740000000000000000e+02 8.235575484867449632e+02 -4.955754848674496316e+01
7.025515000000000043e+01 8.120000000000000000e+02 8.240969425579850167e+02 -1.209694255798501672e+01
7.027186000000000377e+01 8.260000000000000000e+02 8.248843652619748354e+02 1.115634738025164552e+00
7.028857999999999606e+01 7.770000000000000000e+02 8.256947657326393255e+02 -4.869476573263932551e+01
7.030528999999999940e+01 8.040000000000000000e+02 8.262749551563725845e+02 -2.227495515637258450e+01
7.032200000000000273e+01 8.370000000000000000e+02 8.264457653500976448e+02 1.055423464990235516e+01
7.033871000000000606e+01 7.600000000000000000e+02 8.261880182956826957e+02 -6.618801829568269568e+01
7.035541999999999518e+01 8.240000000000000000e+02 8.256349586373862621e+02 -1.634958637386262126e+00
7.037212999999999852e+01 8.000000000000000000e+02 8.249787661646086008e+02 -2.497876616460860077e+01
7.038884000000000185e+01 7.910000000000000000e+02 8.243829786906717345e+02 -3.338297869067173451e+01
7.040555999999999415e+01 7.950000000000000000e+02 8.239507502185196017e+02 -2.895075021851960173e+01
7.042226999999999748e+01 8.570000000000000000e+02 8.237337491471998874e+02 3.326625085280011263e+01
7.043898000000000081e+01 8.450000000000000000e+02 8.237485947514826421e+02 2.125140524851735790e+01
7.045569000000000415e+01 8.380000000000000000e+02 8.239924282179777038e+02 1.400757178202229625e+01
7.047239999999999327e+01 8.040000000000000000e+02 8.244516928652145680e+02 -2.045169286521456797e+01
7.048910999999999660e+01 8.240000000000000000e+02 8.251077731114544349e+02 -1.107773111454434911e+00
7.050581999999999994e+01 7.950000000000000000e+02 8.259407326002644822e+02 -3.094073260026448224e+01
7.052253000000000327e+01 8.610000000000000000e+02 8.269318728999900259e+02 3.406812710000997413e+01
7.053924999999999557e+01 9.050000000000000000e+02 8.280660827208333785e+02 7.693391727916662148e+01
7.055595999999999890e+01 8.350000000000000000e+02 8.293298720963342703e+02 5.670127903665729718e+00
7.057267000000000223e+01 8.040000000000000000e+02 8.307156471586312136e+02 -2.671564715863121364e+01
7.058938000000000557e+01 8.500000000000000000e+02 8.322188311671702650e+02 1.778116883282973504e+01
7.060608999999999469e+01 8.540000000000000000e+02 8.338380342689562212e+02 2.016196573104377876e+01
7.062279999999999802e+01 8.170000000000000000e+02 8.355745286571454926e+02 -1.857452865714549262e+01
7.063951000000000136e+01 8.240000000000000000e+02 8.374317773321313325e+02 -1.343177733213133251e+01
7.065622000000000469e+01 8.390000000000000000e+02 8.394150712570351516e+02 -4.150712570351515751e-01
7.067293999999999699e+01 8.660000000000000000e+02 8.415325959872394606e+02 2.446740401276053944e+01
7.068965000000000032e+01 8.350000000000000000e+02 8.436565157350567006e+02 -8.656515735056700578e+00
7.070636000000000365e+01 8.270000000000000000e+02 8.460657973289801248e+02 -1.906579732898012480e+01
7.072307000000000698e+01 8.080000000000000000e+02 8.486441547181565284e+02 -4.064415471815652836e+01
7.073977999999999611e+01 8.690000000000000000e+02 8.513906663032139477e+02 1.760933369678605231e+01
7.075648999999999944e+01 8.010000000000000000e+02 8.543265706213114754e+02 -5.332657062131147541e+01
7.077320000000000277e+01 8.910000000000000000e+02 8.574681620903222665e+02 3.353183790967773348e+01
7.078991000000000611e+01 8.590000000000000000e+02 8.608337301814357261e+02 -1.833730181435726081e+00
7.080662999999999840e+01 8.580000000000000000e+02 8.644464814066118379e+02 -6.446481406611837883e+00
7.082334000000000174e+01 8.530000000000000000e+02 8.683254903690922220e+02 -1.532549036909222195e+01
7.084005000000000507e+01 8.630000000000000000e+02 8.724994634037070682e+02 -9.499463403707068210e+00
7.085675999999999419e+01 8.400000000000000000e+02 8.769986682194055447e+02 -3.699866821940554473e+01
7.087346999999999753e+01 8.200000000000000000e+02 8.818576614229999677e+02 -6.185766142299996773e+01
7.089018000000000086e+01 8.600000000000000000e+02 8.870459123143280067e+02 -2.704591231432800669e+01
7.090689000000000419e+01 8.930000000000000000e+02 8.927501735076992873e+02 2.498264923007127436e-01
7.092359999999999332e+01 9.180000000000000000e+02 8.989574510570079156e+02 1.904254894299208445e+01
7.094031999999999982e+01 8.650000000000000000e+02 9.057304265129699843e+02 -4.073042651296998429e+01
7.095703000000000316e+01 9.010000000000000000e+02 9.131442821532940570e+02 -1.214428215329405703e+01
7.097374000000000649e+01 9.350000000000000000e+02 9.213094478735857820e+02 1.369055212641421804e+01
7.099044999999999561e+01 9.270000000000000000e+02 9.303705795153307463e+02 -3.370579515330746290e+00
7.100715999999999894e+01 9.370000000000000000e+02 9.405299669010960315e+02 -3.529966901096031506e+00
7.102387000000000228e+01 1.027000000000000000e+03 9.520656805544738290e+02 7.493431944552617097e+01
7.104058000000000561e+01 9.320000000000000000e+02 9.653386169635119813e+02 -3.333861696351198134e+01
7.105728999999999473e+01 9.770000000000000000e+02 9.807719848286973274e+02 -3.771984828697327430e+00
7.107401000000000124e+01 1.019000000000000000e+03 9.988043471194129097e+02 2.019565288058709029e+01
7.109072000000000457e+01 9.970000000000000000e+02 1.019753489168494298e+03 -2.275348916849429770e+01
7.110742999999999370e+01 1.080000000000000000e+03 1.043777350569316695e+03 3.622264943068330467e+01
7.112413999999999703e+01 1.124000000000000000e+03 1.070734359160416034e+03 5.326564083958396623e+01
7.114085000000000036e+01 1.124000000000000000e+03 1.100136527128684065e+03 2.386347287131593475e+01
7.115756000000000370e+01 1.091000000000000000e+03 1.131358018473062657e+03 -4.035801847306265699e+01
7.117427000000000703e+01 1.224000000000000000e+03 1.164416547720043354e+03 5.958345227995664573e+01
7.119097999999999615e+01 1.268000000000000000e+03 1.200658383738695193e+03 6.734161626130480727e+01
7.120770000000000266e+01 1.303000000000000000e+03 1.242321219232776912e+03 6.067878076722308833e+01
7.122441000000000599e+01 1.398000000000000000e+03 1.291547697543012646e+03 1.064523024569873542e+02
7.124111999999999512e+01 1.520000000000000000e+03 1.350181975832846547e+03 1.698180241671534532e+02
7.125782999999999845e+01 1.546000000000000000e+03 1.419651334171299141e+03 1.263486658287008595e+02
7.127454000000000178e+01 1.665000000000000000e+03 1.500978760258210286e+03 1.640212397417897137e+02
7.129125000000000512e+01 1.753000000000000000e+03 1.594706532380416093e+03 1.582934676195839074e+02
7.130795999999999424e+01 1.810000000000000000e+03 1.700717600421599400e+03 1.092823995784006001e+02
7.132466999999999757e+01 1.869000000000000000e+03 1.817905143051690175e+03 5.109485694830982538e+01
7.134139000000000408e+01 1.935000000000000000e+03 1.943746412366908999e+03 -8.746412366908998592e+00
7.135809999999999320e+01 1.985000000000000000e+03 2.073456039494411016e+03 -8.845603949441101577e+01
7.137480999999999653e+01 2.181000000000000000e+03 2.200254270125955372e+03 -1.925427012595537235e+01
7.139151999999999987e+01 2.159000000000000000e+03 2.315462072489802267e+03 -1.564620724898022672e+02
7.140823000000000320e+01 2.100000000000000000e+03 2.409472766426997623e+03 -3.094727664269976231e+02
7.142494000000000653e+01 2.276000000000000000e+03 2.473577085957063446e+03 -1.975770859570634457e+02
7.144164999999999566e+01 2.301000000000000000e+03 2.502711895534977884e+03 -2.017118955349778844e+02
7.145837000000000216e+01 2.284000000000000000e+03 2.497615435884260023e+03 -2.136154358842600232e+02
7.147508000000000550e+01 2.191000000000000000e+03 2.464870813603434726e+03 -2.738708136034347262e+02
7.149178999999999462e+01 2.264000000000000000e+03 2.414670478473305593e+03 -1.506704784733055931e+02
7.150849999999999795e+01 2.184000000000000000e+03 2.357756417036900075e+03 -1.737564170369000749e+02
7.152521000000000129e+01 2.291000000000000000e+03 2.303008874606940026e+03 -1.200887460694002584e+01
7.154192000000000462e+01 2.340000000000000000e+03 2.256237669253413969e+03 8.376233074658603073e+01
7.155862999999999374e+01 2.441000000000000000e+03 2.219932724284541564e+03 2.210672757154584360e+02
7.157533999999999708e+01 2.453000000000000000e+03 2.193517073299730782e+03 2.594829267002692177e+02
7.159206000000000358e+01 2.313000000000000000e+03 2.173871039031634609e+03 1.391289609683653907e+02
7.160877000000000692e+01 2.233000000000000000e+03 2.156274812048222884e+03 7.672518795177711581e+01
7.162547999999999604e+01 2.025000000000000000e+03 2.135765560956497211e+03 -1.107655609564972110e+02
7.164218999999999937e+01 1.992000000000000000e+03 2.108979529306170207e+03 -1.169795293061702068e+02
7.165890000000000271e+01 1.915000000000000000e+03 2.075648907357192911e+03 -1.606489073571929111e+02
7.167561000000000604e+01 1.874000000000000000e+03 2.039025699071432200e+03 -1.650256990714322001e+02
7.169231999999999516e+01 1.834000000000000000e+03 2.004971883191162988e+03 -1.709718831911629877e+02
7.170902999999999849e+01 1.813000000000000000e+03 1.980271903536803848e+03 -1.672719035368038476e+02
7.172575000000000500e+01 1.851000000000000000e+03 1.970997295206616855e+03 -1.199972952066168546e+02
7.174245999999999412e+01 1.957000000000000000e+03 1.981381737852112565e+03 -2.438173785211256472e+01
7.175916999999999746e+01 1.991000000000000000e+03 2.013041750711704481e+03 -2.204175071170448064e+01
7.177588000000000079e+01 2.158000000000000000e+03 2.064248563508152984e+03 9.375143649184701644e+01
7.179259000000000412e+01 2.279000000000000000e+03 2.128751809828959722e+03 1.502481901710402781e+02
7.180929999999999325e+01 2.291000000000000000e+03 2.194422349175756608e+03 9.657765082424339198e+01
7.182600999999999658e+01 2.258000000000000000e+03 2.243356160329824434e+03 1.464383967017556643e+01
7.184271999999999991e+01 2.258000000000000000e+03 2.256350205591033955e+03 1.649794408966045012e+00
7.185944000000000642e+01 2.227000000000000000e+03 2.222035279182194245e+03 4.964720817805755360e+00
7.187614999999999554e+01 2.107000000000000000e+03 2.144221889950797959e+03 -3.722188995079795859e+01
7.189285999999999888e+01 1.958000000000000000e+03 2.039462327302926042e+03 -8.146232730292604174e+01
7.190957000000000221e+01 1.702000000000000000e+03 1.927802853149871680e+03 -2.258028531498716802e+02
7.192628000000000554e+01 1.606000000000000000e+03 1.825267227828579053e+03 -2.192672278285790526e+02
7.194298999999999467e+01 1.579000000000000000e+03 1.741647723544302607e+03 -1.626477235443026075e+02
7.195969999999999800e+01 1.508000000000000000e+03 1.681368030518784735e+03 -1.733680305187847352e+02
7.197641000000000133e+01 1.514000000000000000e+03 1.644731403987957492e+03 -1.307314039879574921e+02
7.199312999999999363e+01 1.582000000000000000e+03 1.628525681365423679e+03 -4.652568136542367938e+01
7.200983999999999696e+01 1.522000000000000000e+03 1.625957968742627600e+03 -1.039579687426275996e+02
7.202655000000000030e+01 1.576000000000000000e+03 1.626612425736383557e+03 -5.061242573638355680e+01
7.204326000000000363e+01 1.603000000000000000e+03 1.618078068950105262e+03 -1.507806895010526205e+01
7.205997000000000696e+01 1.507000000000000000e+03 1.590149991520116600e+03 -8.314999152011660044e+01
7.207667999999999608e+01 1.496000000000000000e+03 1.539657064256981357e+03 -4.365706425698135718e+01
7.209338999999999942e+01 1.379000000000000000e+03 1.471414164093897853e+03 -9.241416409389785258e+01
7.211010000000000275e+01 1.323000000000000000e+03 1.394316793434193187e+03 -7.131679343419318684e+01
7.212681999999999505e+01 1.222000000000000000e+03 1.316621478199369449e+03 -9.462147819936944870e+01
7.214352999999999838e+01 1.078000000000000000e+03 1.243981767183308648e+03 -1.659817671833086479e+02
7.216024000000000171e+01 1.105000000000000000e+03 1.179249868967664270e+03 -7.424986896766426980e+01
7.217695000000000505e+01 1.023000000000000000e+03 1.123488262003794716e+03 -1.004882620037947163e+02
7.219365999999999417e+01 9.950000000000000000e+02 1.076637839428894495e+03 -8.163783942889449463e+01
7.221036999999999750e+01 9.650000000000000000e+02 1.038004077230141547e+03 -7.300407723014154726e+01
7.222708000000000084e+01 9.620000000000000000e+02 1.006552329339804032e+03 -4.455232933980403232e+01
7.224379000000000417e+01 9.220000000000000000e+02 9.811170453627029246e+02 -5.911704536270292465e+01
7.226050999999999647e+01 9.420000000000000000e+02 9.605372846518121150e+02 -1.853728465181211504e+01
7.227721999999999980e+01 9.320000000000000000e+02 9.437993550277593613e+02 -1.179935502775936129e+01
7.229393000000000313e+01 9.400000000000000000e+02 9.300151048203337041e+02 9.984895179666295917e+00
7.231064000000000647e+01 9.050000000000000000e+02 9.184872276319034654e+02 -1.348722763190346541e+01
7.232734999999999559e+01 8.380000000000000000e+02 9.086835289746102262e+02 -7.068352897461022621e+01
7.234405999999999892e+01 9.120000000000000000e+02 9.002106491083778792e+02 1.178935089162212080e+01
7.236077000000000226e+01 9.070000000000000000e+02 8.927833666349007444e+02 1.421663336509925557e+01
7.237748999999999455e+01 9.030000000000000000e+02 8.861922074521404511e+02 1.680779254785954890e+01
7.239419999999999789e+01 8.590000000000000000e+02 8.802952465574605867e+02 -2.129524655746058670e+01
7.241091000000000122e+01 8.080000000000000000e+02 8.749770610695304640e+02 -6.697706106953046401e+01
7.242762000000000455e+01 8.120000000000000000e+02 8.701526450586670762e+02 -5.815264505866707623e+01
7.244432999999999367e+01 8.650000000000000000e+02 8.657550842112993905e+02 -7.550842112993905175e-01
7.246103999999999701e+01 8.970000000000000000e+02 8.617302693171941428e+02 3.526973068280585721e+01
7.247775000000000034e+01 8.450000000000000000e+02 8.580334836033031252e+02 -1.303348360330312516e+01
7.249446000000000367e+01 8.930000000000000000e+02 8.546271614475649585e+02 3.837283855243504149e+01
7.251117999999999597e+01 8.690000000000000000e+02 8.514775510110681580e+02 1.752244898893184200e+01
7.252788999999999930e+01 7.970000000000000000e+02 8.485610070853127809e+02 -5.156100708531278087e+01
7.254460000000000264e+01 8.410000000000000000e+02 8.458519039365248773e+02 -4.851903936524877281e+00
7.256131000000000597e+01 7.760000000000000000e+02 8.433296790101990155e+02 -6.732967901019901547e+01
7.257801999999999509e+01 8.150000000000000000e+02 8.409763784581439268e+02 -2.597637845814392676e+01
7.259472999999999843e+01 8.350000000000000000e+02 8.387762557812250179e+02 -3.776255781225017927e+00
7.261144000000000176e+01 8.110000000000000000e+02 8.367044134999612197e+02 -2.570441349996121971e+01
7.262815000000000509e+01 8.210000000000000000e+02 8.347707403890010482e+02 -1.377074038900104824e+01
7.264486999999999739e+01 8.210000000000000000e+02 8.329521819515846346e+02 -1.195218195158463459e+01
7.266158000000000072e+01 7.920000000000000000e+02 8.312412227250151773e+02 -3.924122272501517728e+01
7.267829000000000406e+01 8.660000000000000000e+02 8.296280895557539452e+02 3.637191044424605479e+01
7.269499999999999318e+01 8.020000000000000000e+02 8.281050304216895483e+02 -2.610503042168954835e+01
7.271170999999999651e+01 8.270000000000000000e+02 8.266650792548073241e+02 3.349207451926758949e-01
7.272841999999999985e+01 7.920000000000000000e+02 8.253019589797002027e+02 -3.330195897970020269e+01
7.274513000000000318e+01 8.570000000000000000e+02 8.240099985524974500e+02 3.299000144750255004e+01
7.276184000000000651e+01 8.360000000000000000e+02 8.227840617028006136e+02 1.321593829719938640e+01
7.277855999999999881e+01 8.240000000000000000e+02 8.216188060713934647e+02 2.381193928606535337e+00
7.279527000000000214e+01 8.550000000000000000e+02 8.205113807624940137e+02 3.448861923750598635e+01
7.281198000000000548e+01 8.150000000000000000e+02 8.194513931475936488e+02 -4.451393147593648791e+00
7.282868999999999460e+01 8.280000000000000000e+02 8.184469744358621028e+02 9.553025564137897163e+00
7.284539999999999793e+01 8.120000000000000000e+02 8.174890315726845529e+02 -5.489031572684552884e+00
7.286211000000000126e+01 8.070000000000000000e+02 8.165745966025882581e+02 -9.574596602588258065e+00
7.287882000000000460e+01 8.670000000000000000e+02 8.157009424927299506e+02 5.129905750727004943e+01
7.289552999999999372e+01 8.500000000000000000e+02 8.148655593073724503e+02 3.513444069262754965e+01
7.291225000000000023e+01 7.780000000000000000e+02 8.140656650758681963e+02 -3.606566507586819625e+01
7.292896000000000356e+01 8.370000000000000000e+02 8.133000791037644603e+02 2.369992089623553966e+01
7.294567000000000689e+01 7.890000000000000000e+02 8.125663368931506056e+02 -2.356633689315060565e+01
7.296237999999999602e+01 7.590000000000000000e+02 8.118626089880133350e+02 -5.286260898801333497e+01
7.297908999999999935e+01 8.260000000000000000e+02 8.111871988877650210e+02 1.481280111223497897e+01
7.299580000000000268e+01 8.030000000000000000e+02 8.105385312976807199e+02 -7.538531297680719945e+00
7.301251000000000602e+01 8.330000000000000000e+02 8.099151416035963393e+02 2.308485839640366066e+01
7.302921999999999514e+01 7.900000000000000000e+02 8.093156664244103240e+02 -1.931566642441032400e+01
7.304594000000000165e+01 8.200000000000000000e+02 8.087384964532204776e+02 1.126150354677952237e+01
7.306265000000000498e+01 8.390000000000000000e+02 8.081831359541284883e+02 3.081686404587151173e+01
7.307935999999999410e+01 8.130000000000000000e+02 8.076481257295665728e+02 5.351874270433427228e+00
7.309606999999999744e+01 7.840000000000000000e+02 8.071324303521515731e+02 -2.313243035215157306e+01
7.311278000000000077e+01 7.800000000000000000e+02 8.066350806558297108e+02 -2.663508065582971085e+01
7.312949000000000410e+01 8.010000000000000000e+02 8.061551686026988364e+02 -5.155168602698836366e+00
7.314619999999999322e+01 7.900000000000000000e+02 8.056918426190712808e+02 -1.569184261907128075e+01
7.316290999999999656e+01 7.840000000000000000e+02 8.052443033514867921e+02 -2.124430335148679205e+01
7.317963000000000306e+01 8.340000000000000000e+02 8.048115453286268348e+02 2.918845467137316518e+01
7.319634000000000640e+01 8.110000000000000000e+02 8.043933796867949013e+02 6.606620313205098682e+00
7.321304999999999552e+01 7.860000000000000000e+02 8.039888786178978535e+02 -1.798887861789785347e+01
7.322975999999999885e+01 7.650000000000000000e+02 8.035974162120627398e+02 -3.859741621206273976e+01
7.324647000000000219e+01 8.090000000000000000e+02 8.032184025010300275e+02 5.781597498969972548e+00
7.326318000000000552e+01 8.080000000000000000e+02 8.028512809779396093e+02 5.148719022060390671e+00
7.327988999999999464e+01 8.110000000000000000e+02 8.024955263194071904e+02 8.504473680592809615e+00
7.329659999999999798e+01 8.240000000000000000e+02 8.021506422909479852e+02 2.184935770905201480e+01
7.331332000000000448e+01 8.640000000000000000e+02 8.018159626742236696e+02 6.218403732577633036e+01
7.333002999999999361e+01 8.220000000000000000e+02 8.014914438997963089e+02 2.050855610020369113e+01
7.334673999999999694e+01 7.780000000000000000e+02 8.011764628021188628e+02 -2.317646280211886278e+01
7.336345000000000027e+01 8.060000000000000000e+02 8.008706216797036177e+02 5.129378320296382299e+00
7.338016000000000361e+01 8.190000000000000000e+02 8.005735436617904952e+02 1.842645633820950479e+01
7.339687000000000694e+01 8.220000000000000000e+02 8.002848714136347326e+02 2.171512858636526744e+01
7.341357999999999606e+01 7.920000000000000000e+02 8.000054116075399406e+02 -8.005411607539940633e+00
7.343030000000000257e+01 7.630000000000000000e+02 7.997323982544851333e+02 -3.673239825448513329e+01
7.344701000000000590e+01 8.260000000000000000e+02 7.994669898035035658e+02 2.653301019649643422e+01
7.346371999999999503e+01 7.840000000000000000e+02 7.992087303512713561e+02 -1.520873035127135608e+01
7.348042999999999836e+01 7.790000000000000000e+02 7.989573439123024627e+02 -1.995734391230246274e+01
7.349714000000000169e+01 7.770000000000000000e+02 7.987125680196322719e+02 -2.171256801963227190e+01
7.351385000000000502e+01 8.240000000000000000e+02 7.984741529545101457e+02 2.552584704548985428e+01
7.353055999999999415e+01 7.690000000000000000e+02 7.982418610289175831e+02 -2.924186102891758310e+01
7.354726999999999748e+01 8.170000000000000000e+02 7.980154659168347280e+02 1.898453408316527202e+01
7.356399000000000399e+01 8.330000000000000000e+02 7.977946216050794419e+02 3.520537839492055809e+01
7.358069999999999311e+01 8.240000000000000000e+02 7.975793867304292917e+02 2.642061326957070833e+01
7.359740999999999644e+01 7.530000000000000000e+02 7.973694317167602321e+02 -4.436943171676023212e+01
7.361411999999999978e+01 7.860000000000000000e+02 7.971645698553221564e+02 -1.116456985532215640e+01
7.363083000000000311e+01 7.370000000000000000e+02 7.969652251085600483e+02 -5.996522510856004828e+01
7.364754000000000644e+01 7.990000000000000000e+02 7.967700277718137158e+02 2.229972228186284156e+00
7.366424999999999557e+01 7.710000000000000000e+02 7.965794135381734122e+02 -2.557941353817341223e+01
7.368095999999999890e+01 7.730000000000000000e+02 7.963932276672683201e+02 -2.339322766726832015e+01
7.369768000000000541e+01 7.930000000000000000e+02 7.962112148294130520e+02 -3.211214829413052030e+00
7.371438999999999453e+01 7.280000000000000000e+02 7.960334516289137810e+02 -6.803345162891378095e+01
7.373109999999999786e+01 7.700000000000000000e+02 7.958596932551265581e+02 -2.585969325512655814e+01
7.374781000000000120e+01 8.060000000000000000e+02 7.956898110813436915e+02 1.031018891865630849e+01
7.376452000000000453e+01 8.160000000000000000e+02 7.955236822587821734e+02 2.047631774121782655e+01
7.378122999999999365e+01 7.750000000000000000e+02 7.953611894541152196e+02 -2.036118945411521963e+01
7.379793999999999699e+01 7.980000000000000000e+02 7.952022206036637044e+02 2.797779396336295576e+00
7.381465000000000032e+01 7.710000000000000000e+02 7.950466686832718324e+02 -2.404666868327183238e+01
7.383137000000000683e+01 7.960000000000000000e+02 7.948943413602588635e+02 1.105658639741136540e+00
7.384807999999999595e+01 7.560000000000000000e+02 7.947453232198805608e+02 -3.874532321988056083e+01
7.386478999999999928e+01 7.570000000000000000e+02 7.945994290355807834e+02 -3.759942903558078342e+01
7.388150000000000261e+01 8.420000000000000000e+02 7.944565699265928060e+02 4.754343007340719396e+01
7.389821000000000595e+01 8.180000000000000000e+02 7.943166611076446770e+02 2.368333889235532297e+01
7.391491999999999507e+01 8.430000000000000000e+02 7.941796217368323596e+02 4.882037826316764040e+01
7.393162999999999840e+01 7.450000000000000000e+02 7.940453747744617203e+02 -4.904537477446172034e+01
7.394834000000000174e+01 8.200000000000000000e+02 7.939138468524425889e+02 2.608615314755741110e+01
7.396505999999999403e+01 8.060000000000000000e+02 7.937848918069627189e+02 1.221510819303728113e+01
7.398176999999999737e+01 8.180000000000000000e+02 7.936585974822030494e+02 2.434140251779695063e+01
7.399848000000000070e+01 8.130000000000000000e+02 7.935348229317313553e+02 1.946517706826864469e+01
7.401519000000000403e+01 7.920000000000000000e+02 7.934135083697689197e+02 -1.413508369768919692e+00
7.403189999999999316e+01 7.890000000000000000e+02 7.932945971771166569e+02 -4.294597177116656894e+00
7.404860999999999649e+01 7.590000000000000000e+02 7.931780358285407146e+02 -3.417803582854071465e+01
7.406531999999999982e+01 7.730000000000000000e+02 7.930637738294897190e+02 -2.006377382948971899e+01
7.408203000000000316e+01 7.240000000000000000e+02 7.929517636622196051e+02 -6.895176366221960507e+01
7.409874999999999545e+01 7.960000000000000000e+02 7.928418956829739273e+02 3.158104317026072749e+00
7.411545999999999879e+01 7.600000000000000000e+02 7.927342596056091679e+02 -3.273425960560916792e+01
7.413217000000000212e+01 8.220000000000000000e+02 7.926287502515455117e+02 2.937124974845448833e+01
7.414888000000000545e+01 8.360000000000000000e+02 7.925253316686192875e+02 4.347466833138071252e+01
7.416558999999999457e+01 7.680000000000000000e+02 7.924239707616349051e+02 -2.442397076163490510e+01
7.418229999999999791e+01 8.420000000000000000e+02 7.923246373012856338e+02 4.967536269871436616e+01
7.419901000000000124e+01 8.220000000000000000e+02 7.922273039455591288e+02 2.977269605444087119e+01
7.421572000000000457e+01 8.230000000000000000e+02 7.921319462745644842e+02 3.086805372543551584e+01
7.423243999999999687e+01 8.150000000000000000e+02 7.920384875244346858e+02 2.296151247556531416e+01
7.424915000000000020e+01 7.840000000000000000e+02 7.919470210679569391e+02 -7.947021067956939078e+00
7.426586000000000354e+01 8.540000000000000000e+02 7.918574751354652790e+02 6.214252486453472102e+01
7.428257000000000687e+01 7.790000000000000000e+02 7.917698376576234978e+02 -1.276983765762349776e+01
7.429927999999999599e+01 7.940000000000000000e+02 7.916840999094879407e+02 2.315900090512059251e+00
7.431598999999999933e+01 8.020000000000000000e+02 7.916002566575797346e+02 1.039974334242026544e+01
7.433270000000000266e+01 8.070000000000000000e+02 7.915183063337811973e+02 1.548169366621880272e+01
7.434941000000000599e+01 8.010000000000000000e+02 7.914382512395197864e+02 9.561748760480213605e+00
7.436612999999999829e+01 7.420000000000000000e+02 7.913600515851147748e+02 -4.936005158511477475e+01
7.438284000000000162e+01 7.950000000000000000e+02 7.912838117128789008e+02 3.716188287121099165e+00
7.439955000000000496e+01 7.670000000000000000e+02 7.912094997893304935e+02 -2.420949978933049351e+01
7.441625999999999408e+01 7.560000000000000000e+02 7.911371364035497891e+02 -3.513713640354978907e+01
7.443296999999999741e+01 7.840000000000000000e+02 7.910667476606973878e+02 -7.066747660697387801e+00
7.444968000000000075e+01 7.720000000000000000e+02 7.913441891477422132e+02 -1.934418914774221321e+01
7.446639000000000408e+01 7.970000000000000000e+02 7.912796077759497848e+02 5.720392224050215191e+00
7.448310999999999638e+01 8.120000000000000000e+02 7.912170945432070539e+02 2.078290545679294610e+01
7.449981999999999971e+01 7.880000000000000000e+02 7.911567784571310540e+02 -3.156778457131053983e+00
7.451653000000000304e+01 8.230000000000000000e+02 7.910986846813337934e+02 3.190131531866620662e+01
7.453324000000000638e+01 8.210000000000000000e+02 7.910428864504739295e+02 2.995711354952607053e+01
7.454994999999999550e+01 8.440000000000000000e+02 7.909894682958848762e+02 5.301053170411512383e+01
7.456665999999999883e+01 7.650000000000000000e+02 7.909385275100629542e+02 -2.593852751006295421e+01
7.458337000000000216e+01 8.210000000000000000e+02 7.908901758693089050e+02 3.010982413069109498e+01
7.460008000000000550e+01 8.310000000000000000e+02 7.908445416666152141e+02 4.015545833338478587e+01
7.461679999999999779e+01 8.240000000000000000e+02 7.908017474142010315e+02 3.319825258579896854e+01
7.463351000000000113e+01 8.360000000000000000e+02 7.907620133960258499e+02 4.523798660397415006e+01
7.465022000000000446e+01 8.300000000000000000e+02 7.907255073656704099e+02 3.927449263432959015e+01
7.466692999999999358e+01 8.010000000000000000e+02 7.908741260963776085e+02 1.012587390362239148e+01
7.468363999999999692e+01 7.870000000000000000e+02 7.908456990892776730e+02 -3.845699089277673011e+00
7.470035000000000025e+01 8.220000000000000000e+02 7.908212862640457388e+02 3.117871373595426121e+01
7.471706000000000358e+01 7.820000000000000000e+02 7.908012330901008227e+02 -8.801233090100822665e+00
7.473377000000000692e+01 8.090000000000000000e+02 7.907859413649372300e+02 1.821405863506277001e+01
7.475048999999999921e+01 8.060000000000000000e+02 7.907758757794017583e+02 1.522412422059824166e+01
7.476720000000000255e+01 7.910000000000000000e+02 7.907715984664599773e+02 2.284015335400226832e-01
7.478391000000000588e+01 7.930000000000000000e+02 7.907737492194722790e+02 2.226250780527720963e+00
7.480061999999999500e+01 8.420000000000000000e+02 7.907830941528600306e+02 5.121690584713996941e+01
7.481732999999999834e+01 7.830000000000000000e+02 7.908005447200192748e+02 -7.800544720019274791e+00
7.483404000000000167e+01 8.800000000000000000e+02 7.908271916441195799e+02 8.917280835588042009e+01
7.485075000000000500e+01 8.460000000000000000e+02 7.908643484821884613e+02 5.513565151781153872e+01
7.486745999999999412e+01 7.900000000000000000e+02 7.909136081252767099e+02 -9.136081252767098704e-01
7.488418000000000063e+01 8.300000000000000000e+02 7.909769596699933345e+02 3.902304033000666550e+01
7.490089000000000397e+01 8.140000000000000000e+02 7.910567291404214529e+02 2.294327085957854706e+01
7.491759999999999309e+01 8.010000000000000000e+02 7.911559467231245435e+02 9.844053276875456504e+00
7.493430999999999642e+01 7.780000000000000000e+02 7.912784253187472814e+02 -1.327842531874728138e+01
7.495101999999999975e+01 7.930000000000000000e+02 7.914291834825767182e+02 1.570816517423281766e+00
7.496773000000000309e+01 8.330000000000000000e+02 7.916152285351635101e+02 4.138477146483648994e+01
7.498444000000000642e+01 8.410000000000000000e+02 7.918472456647926947e+02 4.915275433520730530e+01
7.500114999999999554e+01 8.330000000000000000e+02 7.921432289216600111e+02 4.085677107833998889e+01
7.501787000000000205e+01 8.030000000000000000e+02 7.925360976659268317e+02 1.046390233407316828e+01
7.503458000000000538e+01 8.200000000000000000e+02 7.930861157927565728e+02 2.691388420724342723e+01
7.505128999999999451e+01 7.800000000000000000e+02 7.939034509292343955e+02 -1.390345092923439552e+01
7.506799999999999784e+01 7.520000000000000000e+02 7.951746971753568687e+02 -4.317469717535686868e+01
7.508471000000000117e+01 8.240000000000000000e+02 7.971876693594086873e+02 2.681233064059131266e+01
7.510142000000000451e+01 8.150000000000000000e+02 8.003342474548394421e+02 1.466575254516055793e+01
7.511812999999999363e+01 8.100000000000000000e+02 8.050658208969997531e+02 4.934179103000246869e+00
7.513483999999999696e+01 8.210000000000000000e+02 8.117816999083927385e+02 9.218300091607261493e+00
7.515156000000000347e+01 8.310000000000000000e+02 8.206604514396422019e+02 1.033954856035779812e+01
7.516827000000000680e+01 8.080000000000000000e+02 8.314329074829466890e+02 -2.343290748294668902e+01
7.518497999999999593e+01 8.340000000000000000e+02 8.432190767580638067e+02 -9.219076758063806665e+00
7.520168999999999926e+01 8.570000000000000000e+02 8.543464211263171819e+02 2.653578873682818084e+00
7.521840000000000259e+01 8.260000000000000000e+02 8.623786831294480635e+02 -3.637868312944806348e+01
7.523511000000000593e+01 8.230000000000000000e+02 8.648719817266288601e+02 -4.187198172662886009e+01
7.525181999999999505e+01 8.500000000000000000e+02 8.610031662077826695e+02 -1.100316620778266952e+01
7.526852999999999838e+01 8.260000000000000000e+02 8.523399005337946619e+02 -2.633990053379466190e+01
7.528525000000000489e+01 8.170000000000000000e+02 8.415869100945853916e+02 -2.458691009458539156e+01
7.530195999999999401e+01 8.150000000000000000e+02 8.311672416723176866e+02 -1.616724167231768661e+01
7.531866999999999734e+01 8.000000000000000000e+02 8.227270602642337280e+02 -2.272706026423372805e+01
7.533538000000000068e+01 8.170000000000000000e+02 8.172165473403221085e+02 -2.165473403221085391e-01
7.535209000000000401e+01 8.720000000000000000e+02 8.150031314398484028e+02 5.699686856015159719e+01
7.536879999999999313e+01 8.440000000000000000e+02 8.159739347273900876e+02 2.802606527260991243e+01
7.538550999999999647e+01 8.300000000000000000e+02 8.196134292242498987e+02 1.038657077575010135e+01
7.540221999999999980e+01 8.590000000000000000e+02 8.250395524263670950e+02 3.396044757363290501e+01
7.541894000000000631e+01 8.170000000000000000e+02 8.309887327289646919e+02 -1.398873272896469189e+01
7.543564999999999543e+01 8.510000000000000000e+02 8.358088809988829553e+02 1.519111900111704472e+01
7.545235999999999876e+01 8.410000000000000000e+02 8.377680414766351760e+02 3.231958523364824032e+00
7.546907000000000210e+01 8.430000000000000000e+02 8.359123731079131403e+02 7.087626892086859698e+00
7.548578000000000543e+01 8.420000000000000000e+02 8.307495815547342772e+02 1.125041844526572277e+01
7.550248999999999455e+01 8.190000000000000000e+02 8.237565254193559667e+02 -4.756525419355966733e+00
7.551919999999999789e+01 8.410000000000000000e+02 8.164143063185981646e+02 2.458569368140183542e+01
7.553592000000000439e+01 7.830000000000000000e+02 8.097502289348888098e+02 -2.675022893488880982e+01
7.555262999999999352e+01 7.840000000000000000e+02 8.043309058334152724e+02 -2.033090583341527235e+01
7.556933999999999685e+01 8.310000000000000000e+02 8.003316377044785668e+02 3.066836229552143323e+01
7.558605000000000018e+01 8.540000000000000000e+02 7.976663944045203607e+02 5.633360559547963931e+01
7.560276000000000352e+01 8.530000000000000000e+02 7.960989400793205277e+02 5.690105992067947227e+01
7.561947000000000685e+01 8.180000000000000000e+02 7.953388519281135132e+02 2.266114807188648683e+01
7.563617999999999597e+01 8.670000000000000000e+02 7.950986826825796925e+02 7.190131731742030752e+01
7.565288999999999930e+01 8.180000000000000000e+02 7.951195327968325728e+02 2.288046720316742721e+01
7.566961000000000581e+01 7.980000000000000000e+02 7.951617033736152962e+02 2.838296626384703814e+00
7.568631999999999493e+01 8.120000000000000000e+02 7.950308825148416645e+02 1.696911748515833551e+01
7.570302999999999827e+01 7.990000000000000000e+02 7.946399283257262596e+02 4.360071674273740427e+00
7.571974000000000160e+01 8.180000000000000000e+02 7.940375303556724020e+02 2.396246964432759796e+01
7.573645000000000493e+01 8.230000000000000000e+02 7.933417637145660137e+02 2.965823628543398627e+01
7.575315999999999406e+01 8.070000000000000000e+02 7.926608958880109412e+02 1.433910411198905877e+01
7.576986999999999739e+01 8.780000000000000000e+02 7.920652339899754679e+02 8.593476601002453208e+01
7.578658000000000072e+01 8.210000000000000000e+02 7.915886324115419939e+02 2.941136758845800614e+01
7.580329999999999302e+01 8.120000000000000000e+02 7.912363255390512222e+02 2.076367446094877778e+01
7.582000999999999635e+01 8.170000000000000000e+02 7.909952482922241188e+02 2.600475170777588119e+01
7.583671999999999969e+01 7.710000000000000000e+02 7.908426244240624783e+02 -1.984262442406247828e+01
7.585343000000000302e+01 7.530000000000000000e+02 7.907549275839000984e+02 -3.775492758390009840e+01
7.587014000000000635e+01 8.110000000000000000e+02 7.907124575830057438e+02 2.028754241699425620e+01
7.588684999999999548e+01 7.800000000000000000e+02 7.907009963283504703e+02 -1.070099632835047032e+01
7.590355999999999881e+01 8.120000000000000000e+02 7.907113647186241678e+02 2.128863528137583216e+01
7.592027000000000214e+01 8.120000000000000000e+02 7.907381058671393248e+02 2.126189413286067520e+01
7.593698999999999444e+01 8.160000000000000000e+02 7.907781671923546583e+02 2.522183280764534175e+01
7.595369999999999777e+01 8.300000000000000000e+02 7.908297904710910871e+02 3.917020952890891294e+01
7.597041000000000111e+01 7.620000000000000000e+02 7.908920314921572299e+02 -2.889203149215722988e+01
7.598712000000000444e+01 7.410000000000000000e+02 7.909643297093724641e+02 -4.996432970937246409e+01
7.600382999999999356e+01 8.250000000000000000e+02 7.910463590307456343e+02 3.395364096925436570e+01
7.602053999999999689e+01 8.260000000000000000e+02 7.911379477863569036e+02 3.486205221364309637e+01
7.603725000000000023e+01 8.060000000000000000e+02 7.912390410202751809e+02 1.476095897972481907e+01
7.605396000000000356e+01 8.450000000000000000e+02 7.913496820920714754e+02 5.365031790792852462e+01
7.607067999999999586e+01 8.270000000000000000e+02 7.914700785330014696e+02 3.552992146699853038e+01
7.608738999999999919e+01 8.100000000000000000e+02 7.916003045202651265e+02 1.839969547973487352e+01
7.610410000000000252e+01 7.330000000000000000e+02 7.917407328255245602e+02 -5.874073282552456021e+01
7.612081000000000586e+01 7.760000000000000000e+02 7.918917562108983930e+02 -1.589175621089839296e+01
7.613751999999999498e+01 8.240000000000000000e+02 7.920538634922878600e+02 3.194613650771213997e+01
7.615422999999999831e+01 8.030000000000000000e+02 7.922276503323679435e+02 1.077234966763205648e+01
7.617094000000000165e+01 7.890000000000000000e+02 7.924138345368209002e+02 -3.413834536820900212e+00
7.618765000000000498e+01 8.330000000000000000e+02 7.926132769145787051e+02 4.038672308542129485e+01
7.620436999999999728e+01 7.660000000000000000e+02 7.928271417244756094e+02 -2.682714172447560941e+01
7.622108000000000061e+01 7.920000000000000000e+02 7.930564144140994358e+02 -1.056414414099435817e+00
7.623779000000000394e+01 8.810000000000000000e+02 7.933027198315676287e+02 8.769728016843237128e+01
7.625449999999999307e+01 7.770000000000000000e+02 7.935678951220210138e+02 -1.656789512202101378e+01
7.627120999999999640e+01 7.310000000000000000e+02 7.938501629254803902e+02 -6.285016292548039019e+01
7.628791999999999973e+01 8.230000000000000000e+02 7.941606553509665218e+02 2.883934464903347816e+01
7.630463000000000306e+01 8.320000000000000000e+02 7.944993704318209211e+02 3.750062956817907889e+01
7.632134000000000640e+01 8.380000000000000000e+02 7.948724763425509536e+02 4.312752365744904637e+01
7.633805999999999869e+01 7.890000000000000000e+02 7.952904914971933295e+02 -6.290491497193329451e+00
7.635477000000000203e+01 8.420000000000000000e+02 7.957712029654471735e+02 4.622879703455282652e+01
7.637148000000000536e+01 8.170000000000000000e+02 7.963481145301293509e+02 2.065188546987064910e+01
7.638818999999999448e+01 8.590000000000000000e+02 7.970801468047598064e+02 6.191985319524019360e+01
7.640489999999999782e+01 8.130000000000000000e+02 7.980651834881001605e+02 1.493481651189983950e+01
7.642161000000000115e+01 8.260000000000000000e+02 7.994514593941642033e+02 2.654854060583579667e+01
7.643832000000000448e+01 7.660000000000000000e+02 8.014383112717827089e+02 -3.543831127178270890e+01
7.645502999999999361e+01 8.190000000000000000e+02 8.042520584060480360e+02 1.474794159395196402e+01
7.647175000000000011e+01 8.480000000000000000e+02 8.080966936652023378e+02 3.990330633479766220e+01
7.648846000000000345e+01 8.090000000000000000e+02 8.130586031520947472e+02 -4.058603152094747202e+00
7.650517000000000678e+01 8.650000000000000000e+02 8.190207927085624533e+02 4.597920729143754670e+01
7.652187999999999590e+01 7.880000000000000000e+02 8.255701684261358650e+02 -3.757016842613586505e+01
7.653858999999999924e+01 7.780000000000000000e+02 8.319094333971747801e+02 -5.390943339717478011e+01
7.655530000000000257e+01 8.570000000000000000e+02 8.368601273403101004e+02 2.013987265968989959e+01
7.657201000000000590e+01 8.260000000000000000e+02 8.391582442132571487e+02 -1.315824421325714866e+01
7.658872999999999820e+01 8.160000000000000000e+02 8.382031542523310463e+02 -2.220315425233104634e+01
7.660544000000000153e+01 8.550000000000000000e+02 8.345753037430331460e+02 2.042469625696685398e+01
7.662215000000000487e+01 8.580000000000000000e+02 8.295765042938643319e+02 2.842349570613566812e+01
7.663885999999999399e+01 8.150000000000000000e+02 8.244732992981189454e+02 -9.473299298118945444e+00
7.665556999999999732e+01 8.120000000000000000e+02 8.201788681830478254e+02 -8.178868183047825369e+00
7.667228000000000065e+01 8.140000000000000000e+02 8.172462548788474805e+02 -3.246254878847480541e+00
7.668899000000000399e+01 7.970000000000000000e+02 8.159238327891639528e+02 -1.892383278916395284e+01
7.670569999999999311e+01 8.060000000000000000e+02 8.162119950986045751e+02 -1.021199509860457511e+01
7.672241999999999962e+01 8.240000000000000000e+02 8.179131711589475344e+02 6.086828841052465577e+00
7.673913000000000295e+01 8.240000000000000000e+02 8.206621764789181270e+02 3.337823521081872968e+00
7.675584000000000628e+01 8.160000000000000000e+02 8.239443588178462505e+02 -7.944358817846250531e+00
7.677254999999999541e+01 8.370000000000000000e+02 8.270876198711112011e+02 9.912380128888798936e+00
7.678925999999999874e+01 8.580000000000000000e+02 8.293206059830740742e+02 2.867939401692592583e+01
7.680597000000000207e+01 8.410000000000000000e+02 8.300453533365915746e+02 1.095464666340842541e+01
7.682268000000000541e+01 8.360000000000000000e+02 8.292185442951551977e+02 6.781455704844802312e+00
7.683938999999999453e+01 8.390000000000000000e+02 8.273521793803587343e+02 1.164782061964126569e+01
7.685611000000000104e+01 8.150000000000000000e+02 8.251155095154451828e+02 -1.011550951544518284e+01
7.687282000000000437e+01 8.230000000000000000e+02 8.230418990168344635e+02 -4.189901683446350944e-02
7.688952999999999349e+01 8.380000000000000000e+02 8.214552452793988095e+02 1.654475472060119046e+01
7.690623999999999683e+01 7.870000000000000000e+02 8.205022786684144194e+02 -3.350227866841441937e+01
7.692295000000000016e+01 8.230000000000000000e+02 8.201950087421200806e+02 2.804991257879919431e+00
7.693966000000000349e+01 8.210000000000000000e+02 8.204604232994387303e+02 5.395767005612697176e-01
7.695637000000000683e+01 8.270000000000000000e+02 8.211891517103900924e+02 5.810848289609907624e+00
7.697307999999999595e+01 8.440000000000000000e+02 8.222729579018084678e+02 2.172704209819153220e+01
7.698980000000000246e+01 8.200000000000000000e+02 8.236265533126918399e+02 -3.626553312691839892e+00
7.700651000000000579e+01 8.360000000000000000e+02 8.251902527010257700e+02 1.080974729897423003e+01
7.702321999999999491e+01 8.140000000000000000e+02 8.269317082035689737e+02 -1.293170820356897366e+01
7.703992999999999824e+01 8.230000000000000000e+02 8.288361404939826116e+02 -5.836140493982611588e+00
7.705664000000000158e+01 8.490000000000000000e+02 8.309006963144585143e+02 1.809930368554148572e+01
7.707335000000000491e+01 8.080000000000000000e+02 8.331298397844252577e+02 -2.512983978442525768e+01
7.709005999999999403e+01 8.220000000000000000e+02 8.355325948313333129e+02 -1.353259483133331287e+01
7.710676999999999737e+01 8.370000000000000000e+02 8.381211486174595393e+02 -1.121148617459539309e+00
7.712349000000000387e+01 8.450000000000000000e+02 8.409120157984992829e+02 4.087984201500717063e+00
7.714019999999999300e+01 8.030000000000000000e+02 8.439191274411602990e+02 -4.091912744116029899e+01
7.715690999999999633e+01 8.610000000000000000e+02 8.471639538375256961e+02 1.383604616247430386e+01
7.717361999999999966e+01 8.680000000000000000e+02 8.506692261083308040e+02 1.733077389166919602e+01
7.719033000000000300e+01 8.660000000000000000e+02 8.544609241117316287e+02 1.153907588826837127e+01
7.720704000000000633e+01 8.060000000000000000e+02 8.585687742326724674e+02 -5.256877423267246741e+01
7.722374999999999545e+01 8.840000000000000000e+02 8.630268909148620651e+02 2.097310908513793493e+01
7.724045999999999879e+01 8.680000000000000000e+02 8.678746074749033141e+02 1.253925250966858584e-01
7.725718000000000529e+01 8.830000000000000000e+02 8.731608657904641859e+02 9.839134209535814080e+00
7.727388999999999442e+01 8.870000000000000000e+02 8.789327572713754080e+02 8.067242728624592019e+00
7.729059999999999775e+01 8.830000000000000000e+02 8.852563640046294040e+02 -2.256364004629404008e+00
7.730731000000000108e+01 8.720000000000000000e+02 8.922069687064088157e+02 -2.020696870640881571e+01
7.732402000000000442e+01 8.950000000000000000e+02 8.998754871124592682e+02 -4.875487112459268246e+00
7.734072999999999354e+01 9.370000000000000000e+02 9.083729445023561766e+02 2.862705549764382340e+01
7.735743999999999687e+01 9.410000000000000000e+02 9.178362534938090675e+02 2.316374650619093245e+01
7.737415000000000020e+01 8.700000000000000000e+02 9.284354876786405839e+02 -5.843548767864058391e+01
7.739087000000000671e+01 9.730000000000000000e+02 9.403903532358634720e+02 3.260964676413652796e+01
7.740757999999999583e+01 9.550000000000000000e+02 9.539512211746614412e+02 1.048778825338558818e+00
7.742428999999999917e+01 9.520000000000000000e+02 9.694533694921299229e+02 -1.745336949212992295e+01
7.744100000000000250e+01 1.023000000000000000e+03 9.873014319831621606e+02 3.569856801683783942e+01
7.745771000000000583e+01 1.019000000000000000e+03 1.007987628599754999e+03 1.101237140024500150e+01
7.747441999999999496e+01 1.013000000000000000e+03 1.032101220184653812e+03 -1.910122018465381188e+01
7.749112999999999829e+01 1.091000000000000000e+03 1.060334096052596806e+03 3.066590394740319425e+01
7.750784000000000162e+01 1.135000000000000000e+03 1.093480479648607343e+03 4.151952035139265718e+01
7.752455999999999392e+01 1.132000000000000000e+03 1.132453930598057923e+03 -4.539305980579229072e-01
7.754126999999999725e+01 1.180000000000000000e+03 1.178172560908608375e+03 1.827439091391624970e+00
7.755798000000000059e+01 1.301000000000000000e+03 1.231667678501723458e+03 6.933232149827654212e+01
7.757469000000000392e+01 1.387000000000000000e+03 1.293949140487836303e+03 9.305085951216369722e+01
7.759139999999999304e+01 1.514000000000000000e+03 1.365960632434266017e+03 1.480393675657339827e+02
7.760810999999999638e+01 1.517000000000000000e+03 1.448482300907682884e+03 6.851769909231711608e+01
7.762481999999999971e+01 1.591000000000000000e+03 1.541983468504378379e+03 4.901653149562162071e+01
7.764154000000000622e+01 1.645000000000000000e+03 1.646461930568606476e+03 -1.461930568606476299e+00
7.765824999999999534e+01 1.814000000000000000e+03 1.760846110331293175e+03 5.315388966870682452e+01
7.767495999999999867e+01 1.829000000000000000e+03 1.882893995715390247e+03 -5.389399571539024691e+01
7.769167000000000201e+01 1.789000000000000000e+03 2.008380998471983730e+03 -2.193809984719837303e+02
7.770838000000000534e+01 1.889000000000000000e+03 2.130692638816872659e+03 -2.416926388168726589e+02
7.772508999999999446e+01 1.916000000000000000e+03 2.240870688695630633e+03 -3.248706886956306334e+02
7.774179999999999779e+01 1.930000000000000000e+03 2.328701940880137045e+03 -3.987019408801370446e+02
7.775851000000000113e+01 1.981000000000000000e+03 2.385073446076154141e+03 -4.040734460761541413e+02
7.777522999999999342e+01 1.998000000000000000e+03 2.404934365177145082e+03 -4.069343651771450823e+02
7.779193999999999676e+01 2.039000000000000000e+03 2.389299170494447935e+03 -3.502991704944479352e+02
7.780865000000000009e+01 2.109000000000000000e+03 2.345083922204922601e+03 -2.360839222049226009e+02
7.782536000000000342e+01 2.328000000000000000e+03 2.282678311495300477e+03 4.532168850469952304e+01
7.784207000000000676e+01 2.391000000000000000e+03 2.212944064313061062e+03 1.780559356869389376e+02
7.785877999999999588e+01 2.440000000000000000e+03 2.144975171527291423e+03 2.950248284727085775e+02
7.787548999999999921e+01 2.420000000000000000e+03 2.085061108569868793e+03 3.349388914301312070e+02
7.789220000000000255e+01 2.293000000000000000e+03 2.036584898169318876e+03 2.564151018306811238e+02
7.790891999999999484e+01 2.200000000000000000e+03 2.000249129876413463e+03 1.997508701235865374e+02
7.792562999999999818e+01 2.072000000000000000e+03 1.974245396415066807e+03 9.775460358493319291e+01
7.794234000000000151e+01 1.875000000000000000e+03 1.955115400951081710e+03 -8.011540095108171045e+01
7.795905000000000484e+01 1.761000000000000000e+03 1.937202831010064983e+03 -1.762028310100649833e+02
7.797575999999999397e+01 1.728000000000000000e+03 1.914293984257465354e+03 -1.862939842574653539e+02
7.799246999999999730e+01 1.670000000000000000e+03 1.880916346715303462e+03 -2.109163467153034617e+02
7.800918000000000063e+01 1.604000000000000000e+03 1.833932659706249979e+03 -2.299326597062499786e+02
7.802589000000000397e+01 1.562000000000000000e+03 1.773432712256770174e+03 -2.114327122567701736e+02
7.804260999999999626e+01 1.589000000000000000e+03 1.702334052942414928e+03 -1.133340529424149281e+02
7.805931999999999960e+01 1.566000000000000000e+03 1.625220046306363201e+03 -5.922004630636320144e+01
7.807603000000000293e+01 1.580000000000000000e+03 1.546586991776594687e+03 3.341300822340531340e+01
7.809274000000000626e+01 1.571000000000000000e+03 1.469999906051399421e+03 1.010000939486005791e+02
7.810944999999999538e+01 1.584000000000000000e+03 1.397759590870655757e+03 1.862404091293442434e+02
7.812615999999999872e+01 1.440000000000000000e+03 1.330860236795261699e+03 1.091397632047383013e+02
7.814287000000000205e+01 1.403000000000000000e+03 1.269707239594988778e+03 1.332927604050112222e+02
7.815958000000000538e+01 1.290000000000000000e+03 1.214319147448395597e+03 7.568085255160440283e+01
7.817629999999999768e+01 1.199000000000000000e+03 1.164924965146747354e+03 3.407503485325264592e+01
7.819301000000000101e+01 1.161000000000000000e+03 1.121434656524147613e+03 3.956534347585238720e+01
7.820972000000000435e+01 1.075000000000000000e+03 1.083586945398049011e+03 -8.586945398049010691e+00
7.822642999999999347e+01 1.173000000000000000e+03 1.051002065525510943e+03 1.219979344744890568e+02
7.824313999999999680e+01 1.028000000000000000e+03 1.023200295337791545e+03 4.799704662208455375e+00
7.825985000000000014e+01 9.500000000000000000e+02 9.996436353880259276e+02 -4.964363538802592757e+01
7.827656000000000347e+01 1.003000000000000000e+03 9.797682529427688678e+02 2.323174705723113220e+01
7.829327000000000680e+01 9.640000000000000000e+02 9.630083755492532873e+02 9.916244507467126823e-01
7.830998999999999910e+01 9.490000000000000000e+02 9.488022709584074619e+02 1.977290415925381240e-01
7.832670000000000243e+01 9.010000000000000000e+02 9.366275675451036022e+02 -3.562756754510360224e+01
7.834341000000000577e+01 9.220000000000000000e+02 9.259735406146967307e+02 -3.973540614696730700e+00
7.836011999999999489e+01 9.210000000000000000e+02 9.163034562083860237e+02 4.696543791613976282e+00
7.837682999999999822e+01 8.880000000000000000e+02 9.072771331646838462e+02 -1.927713316468384619e+01
7.839354000000000156e+01 8.610000000000000000e+02 8.987424487237694848e+02 -3.774244872376948479e+01
7.841025000000000489e+01 9.250000000000000000e+02 8.907226987445012583e+02 3.427730125549874174e+01
7.842695999999999401e+01 8.600000000000000000e+02 8.832946892471954925e+02 -2.329468924719549250e+01
7.844368000000000052e+01 8.780000000000000000e+02 8.765076191400964944e+02 1.492380859903505552e+00
7.846039000000000385e+01 8.970000000000000000e+02 8.703817382800128826e+02 2.661826171998711743e+01
7.847709999999999297e+01 8.880000000000000000e+02 8.648882608687740685e+02 2.311173913122593149e+01
7.849380999999999631e+01 9.280000000000000000e+02 8.599751549780362438e+02 6.802484502196375615e+01
7.851051999999999964e+01 8.750000000000000000e+02 8.555744814465679156e+02 1.942551855343208445e+01
7.852723000000000297e+01 8.700000000000000000e+02 8.516142881147961816e+02 1.838571188520381838e+01
7.854394000000000631e+01 8.220000000000000000e+02 8.480278878486283247e+02 -2.602788784862832472e+01
7.856064999999999543e+01 8.880000000000000000e+02 8.447589223027615617e+02 4.324107769723843830e+01
7.857737000000000194e+01 9.030000000000000000e+02 8.417607927288083829e+02 6.123920727119161711e+01
7.859408000000000527e+01 8.810000000000000000e+02 8.390023262843219527e+02 4.199767371567804730e+01
7.861078999999999439e+01 8.660000000000000000e+02 8.364547355859727986e+02 2.954526441402720138e+01
7.862749999999999773e+01 7.990000000000000000e+02 8.340966814577831201e+02 -3.509668145778312009e+01
7.864421000000000106e+01 8.450000000000000000e+02 8.319106759697775715e+02 1.308932403022242852e+01
7.866092000000000439e+01 8.680000000000000000e+02 8.298819242187694272e+02 3.811807578123057283e+01
7.867762999999999352e+01 9.040000000000000000e+02 8.279976048703879314e+02 7.600239512961206856e+01
7.869435000000000002e+01 8.860000000000000000e+02 8.262454223227747434e+02 5.975457767722525659e+01
7.871106000000000336e+01 8.940000000000000000e+02 8.246174420967005290e+02 6.938255790329947104e+01
7.872777000000000669e+01 8.250000000000000000e+02 8.231036232360092981e+02 1.896376763990701875e+00
7.874447999999999581e+01 8.460000000000000000e+02 8.216959413190123769e+02 2.430405868098762312e+01
7.876118999999999915e+01 8.620000000000000000e+02 8.203871889239542270e+02 4.161281107604577301e+01
7.877790000000000248e+01 8.820000000000000000e+02 8.191708816426023532e+02 6.282911835739764683e+01
7.879461000000000581e+01 8.460000000000000000e+02 8.180411780877697083e+02 2.795882191223029167e+01
7.881131999999999493e+01 8.610000000000000000e+02 8.169928110767017415e+02 4.400718892329825849e+01
7.882804000000000144e+01 7.740000000000000000e+02 8.160204685715556252e+02 -4.202046857155562520e+01
7.884475000000000477e+01 8.460000000000000000e+02 8.151210220393252257e+02 3.087897796067477429e+01
7.886145999999999390e+01 8.430000000000000000e+02 8.142899959552232758e+02 2.871000404477672419e+01
7.887816999999999723e+01 8.060000000000000000e+02 8.135238973074908699e+02 -7.523897307490869935e+00
7.889488000000000056e+01 7.930000000000000000e+02 8.128195772033167259e+02 -1.981957720331672590e+01
7.891159000000000390e+01 8.610000000000000000e+02 8.121742007771292720e+02 4.882579922287072804e+01
7.892829999999999302e+01 8.260000000000000000e+02 8.115852208433851729e+02 1.441477915661482712e+01
7.894500999999999635e+01 7.840000000000000000e+02 8.110503548319818492e+02 -2.705035483198184920e+01
7.896173000000000286e+01 8.810000000000000000e+02 8.105672909122879446e+02 7.043270908771205541e+01
7.897844000000000619e+01 8.030000000000000000e+02 8.101347947799322355e+02 -7.134794779932235542e+00
7.899514999999999532e+01 8.320000000000000000e+02 8.097509624665566434e+02 2.224903753344335655e+01
7.901185999999999865e+01 8.090000000000000000e+02 8.094143925266116639e+02 -4.143925266116639250e-01
7.902857000000000198e+01 7.950000000000000000e+02 8.091238703001519070e+02 -1.412387030015190703e+01
7.904528000000000532e+01 7.750000000000000000e+02 8.088783581582893021e+02 -3.387835815828930208e+01
7.906198999999999444e+01 8.300000000000000000e+02 8.086769872867960203e+02 2.132301271320397973e+01
7.907869999999999777e+01 7.850000000000000000e+02 8.085190508918333308e+02 -2.351905089183333075e+01
7.909542000000000428e+01 8.300000000000000000e+02 8.084039426337812984e+02 2.159605736621870165e+01
7.911212999999999340e+01 8.780000000000000000e+02 8.083314021485575722e+02 6.966859785144242778e+01
7.912883999999999673e+01 8.240000000000000000e+02 8.083010993178704666e+02 1.569890068212953338e+01
7.914555000000000007e+01 8.740000000000000000e+02 8.083129331113236731e+02 6.568706688867632693e+01
7.916226000000000340e+01 8.200000000000000000e+02 8.083669492252955706e+02 1.163305077470442939e+01
7.917897000000000673e+01 8.330000000000000000e+02 8.084658065334862158e+02 2.453419346651378419e+01
7.919567999999999586e+01 7.800000000000000000e+02 8.086049258266001516e+02 -2.860492582660015159e+01
7.921238999999999919e+01 7.940000000000000000e+02 8.087872545049058317e+02 -1.478725450490583171e+01
7.922911000000000570e+01 8.360000000000000000e+02 8.090135890739285287e+02 2.698641092607147129e+01
7.924581999999999482e+01 8.030000000000000000e+02 8.092844673151533925e+02 -6.284467315153392519e+00
7.926252999999999815e+01 8.260000000000000000e+02 8.096009861417834372e+02 1.639901385821656277e+01
7.927924000000000149e+01 8.670000000000000000e+02 8.101236314515736012e+02 5.687636854842639877e+01
7.929595000000000482e+01 8.230000000000000000e+02 8.105356725001017821e+02 1.246432749989821787e+01
7.931265999999999394e+01 8.140000000000000000e+02 8.109973665378138321e+02 3.002633462186167890e+00
7.932936999999999728e+01 8.380000000000000000e+02 8.115104478476690701e+02 2.648955215233092986e+01
7.934608000000000061e+01 8.440000000000000000e+02 8.120768724378262959e+02 3.192312756217370406e+01
7.936279999999999291e+01 8.130000000000000000e+02 8.126992241362851246e+02 3.007758637148754133e-01
7.937950999999999624e+01 7.820000000000000000e+02 8.133792120341562395e+02 -3.137921203415623950e+01
7.939621999999999957e+01 8.400000000000000000e+02 8.141199235434067987e+02 2.588007645659320133e+01
7.941293000000000291e+01 8.110000000000000000e+02 8.149243953645781176e+02 -3.924395364578117551e+00
7.942964000000000624e+01 7.800000000000000000e+02 8.157972981559703385e+02 -3.579729815597033848e+01
7.944634999999999536e+01 8.410000000000000000e+02 8.167397718101534565e+02 2.426022818984654350e+01
7.946305999999999869e+01 8.160000000000000000e+02 8.177572492765063998e+02 -1.757249276506399838e+00
7.947977000000000203e+01 8.450000000000000000e+02 8.188543136908275528e+02 2.614568630917244718e+01
7.949648999999999432e+01 8.080000000000000000e+02 8.200367753371417621e+02 -1.203677533714176207e+01
7.951319999999999766e+01 8.700000000000000000e+02 8.213925422022321072e+02 4.860745779776789277e+01
7.952991000000000099e+01 8.900000000000000000e+02 8.227614677112794652e+02 6.723853228872053478e+01
7.954662000000000432e+01 7.650000000000000000e+02 8.242338570121496559e+02 -5.923385701214965593e+01
7.956332999999999345e+01 8.530000000000000000e+02 8.258174154106072820e+02 2.718258458939271804e+01
7.958003999999999678e+01 8.230000000000000000e+02 8.275207283071639495e+02 -4.520728307163949466e+00
7.959675000000000011e+01 8.500000000000000000e+02 8.293533847143294224e+02 2.064661528567057758e+01
7.961346000000000345e+01 8.270000000000000000e+02 8.313261259741768754e+02 -4.326125974176875388e+00
7.963017999999999574e+01 8.170000000000000000e+02 8.334523464239692885e+02 -1.645234642396928848e+01
7.964688999999999908e+01 7.830000000000000000e+02 8.357431396293796979e+02 -5.274313962937969791e+01
7.966360000000000241e+01 8.590000000000000000e+02 8.382151905664991318e+02 2.078480943350086818e+01
7.968031000000000574e+01 8.450000000000000000e+02 8.408861297227705336e+02 4.113870277229466410e+00
7.969701999999999487e+01 8.130000000000000000e+02 8.437761822838002672e+02 -3.077618228380026721e+01
7.971372999999999820e+01 8.160000000000000000e+02 8.469086958048378619e+02 -3.090869580483786194e+01
7.973044000000000153e+01 8.680000000000000000e+02 8.503107933481713872e+02 1.768920665182861285e+01
7.974715999999999383e+01 9.130000000000000000e+02 8.540164890036093084e+02 5.898351099639069162e+01
7.976386999999999716e+01 9.190000000000000000e+02 8.580518277293801930e+02 6.094817227061980702e+01
7.978058000000000050e+01 8.660000000000000000e+02 8.624765423127466875e+02 3.523457687253312542e+00
7.979729000000000383e+01 8.500000000000000000e+02 8.673358482485000422e+02 -1.733584824850004225e+01
7.981399999999999295e+01 8.280000000000000000e+02 8.726914820903189138e+02 -4.469148209031891383e+01
7.983070999999999628e+01 8.670000000000000000e+02 8.786166685773947620e+02 -1.161666857739476200e+01
7.984741999999999962e+01 9.320000000000000000e+02 8.851981714535509127e+02 4.680182854644908730e+01
7.986413000000000295e+01 8.510000000000000000e+02 8.925386230420884885e+02 -4.153862304208848855e+01
7.988084999999999525e+01 9.100000000000000000e+02 9.007644214405626144e+02 9.235578559437385593e+00
7.989755999999999858e+01 9.520000000000000000e+02 9.100086960075763045e+02 4.199130399242369549e+01
7.991427000000000191e+01 9.880000000000000000e+02 9.204443474508075269e+02 6.755565254919247309e+01
7.993098000000000525e+01 9.800000000000000000e+02 9.319571452626310020e+02 4.804285473736899803e+01
7.994768999999999437e+01 1.010000000000000000e+03 9.454019966741193457e+02 6.459800332588065430e+01
7.996439999999999770e+01 1.044000000000000000e+03 9.607298208772979251e+02 8.327017912270207489e+01
7.998111000000000104e+01 1.073000000000000000e+03 9.782345430527116150e+02 9.476545694728838498e+01
7.999782000000000437e+01 1.077000000000000000e+03 9.982252350232904519e+02 7.877476497670954814e+01
8.001453999999999667e+01 1.105000000000000000e+03 1.021033830585627356e+03 8.396616941437264359e+01
8.003125000000000000e+01 1.065000000000000000e+03 1.046911248460541628e+03 1.808875153945837155e+01
8.004796000000000333e+01 1.176000000000000000e+03 1.076085222779709511e+03 9.991477722029048891e+01
8.006467000000000667e+01 1.129000000000000000e+03 1.108669441169505262e+03 2.033055883049473778e+01
8.008137999999999579e+01 1.146000000000000000e+03 1.144634664318498835e+03 1.365335681501164800e+00
8.009808999999999912e+01 1.283000000000000000e+03 1.183771877543815208e+03 9.922812245618479210e+01
8.011480000000000246e+01 1.365000000000000000e+03 1.225702735068083030e+03 1.392972649319169705e+02
8.013151000000000579e+01 1.295000000000000000e+03 1.269973688181679108e+03 2.502631181832089169e+01
8.014822999999999809e+01 1.301000000000000000e+03 1.316135984687197606e+03 -1.513598468719760604e+01
8.016494000000000142e+01 1.258000000000000000e+03 1.363298112203062374e+03 -1.052981122030623737e+02
8.018165000000000475e+01 1.411000000000000000e+03 1.410744761140808805e+03 2.552388591911949334e-01
8.019835999999999387e+01 1.329000000000000000e+03 1.456387034133275392e+03 -1.273870341332753924e+02
8.021506999999999721e+01 1.371000000000000000e+03 1.497988765104058984e+03 -1.269887651040589844e+02
8.023178000000000054e+01 1.331000000000000000e+03 1.532986349646369945e+03 -2.019863496463699448e+02
8.024849000000000387e+01 1.347000000000000000e+03 1.559049908026837784e+03 -2.120499080268377838e+02
8.026519999999999300e+01 1.274000000000000000e+03 1.574641487796116508e+03 -3.006414877961165075e+02
8.028191999999999950e+01 1.300000000000000000e+03 1.579444101817816772e+03 -2.794441018178167724e+02
8.029863000000000284e+01 1.331000000000000000e+03 1.574457653849319513e+03 -2.434576538493195130e+02
8.031534000000000617e+01 1.413000000000000000e+03 1.561740220568357927e+03 -1.487402205683579268e+02
8.033204999999999529e+01 1.462000000000000000e+03 1.543864006595645151e+03 -8.186400659564515081e+01
8.034875999999999863e+01 1.458000000000000000e+03 1.523377131821760258e+03 -6.537713182176025839e+01
8.036547000000000196e+01 1.502000000000000000e+03 1.502440145601372933e+03 -4.401456013729330152e-01
8.038218000000000529e+01 1.574000000000000000e+03 1.482675997068141896e+03 9.132400293185810369e+01
8.039888999999999442e+01 1.482000000000000000e+03 1.465096298693466906e+03 1.690370130653309388e+01
8.041561000000000092e+01 1.401000000000000000e+03 1.450061202205612972e+03 -4.906120220561297174e+01
8.043232000000000426e+01 1.408000000000000000e+03 1.437144613069814795e+03 -2.914461306981479538e+01
8.044902999999999338e+01 1.337000000000000000e+03 1.425424931819017274e+03 -8.842493181901727439e+01
8.046573999999999671e+01 1.382000000000000000e+03 1.413556980503497016e+03 -3.155698050349701589e+01
8.048245000000000005e+01 1.250000000000000000e+03 1.400086759993733494e+03 -1.500867599937334944e+02
8.049916000000000338e+01 1.232000000000000000e+03 1.383787349426190758e+03 -1.517873494261907581e+02
8.051587000000000671e+01 1.194000000000000000e+03 1.363961026040844672e+03 -1.699610260408446720e+02
8.053257999999999583e+01 1.158000000000000000e+03 1.340600565571695597e+03 -1.826005655716955971e+02
8.054930000000000234e+01 1.194000000000000000e+03 1.314333282362231785e+03 -1.203332823622317846e+02
8.056601000000000568e+01 1.185000000000000000e+03 1.286277367389188612e+03 -1.012773673891886119e+02
8.058271999999999480e+01 1.213000000000000000e+03 1.257671392743917977e+03 -4.467139274391797699e+01
8.059942999999999813e+01 1.185000000000000000e+03 1.229699645387380770e+03 -4.469964538738076953e+01
8.061614000000000146e+01 1.227000000000000000e+03 1.203335934928184770e+03 2.366406507181523011e+01
8.063285000000000480e+01 1.224000000000000000e+03 1.179298574151648381e+03 4.470142584835161870e+01
8.064955999999999392e+01 1.177000000000000000e+03 1.158071943983142091e+03 1.892805601685790862e+01
8.066626999999999725e+01 1.118000000000000000e+03 1.139960887390148173e+03 -2.196088739014817293e+01
8.068299000000000376e+01 1.110000000000000000e+03 1.125146346686374045e+03 -1.514634668637404502e+01
8.069970000000000709e+01 1.120000000000000000e+03 1.113780116050639663e+03 6.219883949360337283e+00
8.071640999999999622e+01 1.154000000000000000e+03 1.105988723049618784e+03 4.801127695038121601e+01
8.073311999999999955e+01 1.150000000000000000e+03 1.101967258790323740e+03 4.803274120967626004e+01
8.074983000000000288e+01 1.152000000000000000e+03 1.102030212438663057e+03 4.996978756133694333e+01
8.076654000000000622e+01 1.110000000000000000e+03 1.106682408977956129e+03 3.317591022043870908e+00
8.078324999999999534e+01 1.151000000000000000e+03 1.116694376771818497e+03 3.430562322818150278e+01
8.079997000000000185e+01 1.107000000000000000e+03 1.133209457776867112e+03 -2.620945777686711153e+01
8.081668000000000518e+01 1.167000000000000000e+03 1.157779612624067340e+03 9.220387375932659779e+00
8.083338999999999430e+01 1.191000000000000000e+03 1.192485301504097379e+03 -1.485301504097378711e+00
8.085009999999999764e+01 1.226000000000000000e+03 1.239911449918144854e+03 -1.391144991814485365e+01
8.086681000000000097e+01 1.283000000000000000e+03 1.303085186543385134e+03 -2.008518654338513443e+01
8.088352000000000430e+01 1.318000000000000000e+03 1.385297515725531866e+03 -6.729751572553186634e+01
8.090022999999999342e+01 1.370000000000000000e+03 1.489799803061024932e+03 -1.197998030610249316e+02
8.091693999999999676e+01 1.480000000000000000e+03 1.619371498966425406e+03 -1.393714989664254063e+02
8.093366000000000327e+01 1.522000000000000000e+03 1.775860857501872943e+03 -2.538608575018729425e+02
8.095037000000000660e+01 1.724000000000000000e+03 1.959078652783368852e+03 -2.350786527833688524e+02
8.096707999999999572e+01 1.867000000000000000e+03 2.166398952475118676e+03 -2.993989524751186764e+02
8.098378999999999905e+01 2.033000000000000000e+03 2.391035419418844867e+03 -3.580354194188448673e+02
8.100050000000000239e+01 2.300000000000000000e+03 2.620303532124556114e+03 -3.203035321245561136e+02
8.101721000000000572e+01 2.630000000000000000e+03 2.833965454911502547e+03 -2.039654549115025475e+02
8.103391999999999484e+01 2.917000000000000000e+03 3.004836308785489109e+03 -8.783630878548910914e+01
8.105062999999999818e+01 3.167000000000000000e+03 3.104738252649883179e+03 6.226174735011682060e+01
8.106735000000000468e+01 3.492000000000000000e+03 3.115876211913993302e+03 3.761237880860066980e+02
8.108405999999999381e+01 3.765000000000000000e+03 3.040686261991402716e+03 7.243137380085972836e+02
8.110076999999999714e+01 3.697000000000000000e+03 2.901177863220757899e+03 7.958221367792421006e+02
8.111748000000000047e+01 3.202000000000000000e+03 2.728304720617995372e+03 4.736952793820046281e+02
8.113419000000000381e+01 2.729000000000000000e+03 2.550906139789247845e+03 1.780938602107521547e+02
8.115089999999999293e+01 2.188000000000000000e+03 2.390316726301709423e+03 -2.023167263017094228e+02
8.116760999999999626e+01 1.953000000000000000e+03 2.259951279184421765e+03 -3.069512791844217645e+02
8.118431999999999960e+01 1.869000000000000000e+03 2.166761961019979026e+03 -2.977619610199790259e+02
8.120104000000000610e+01 1.798000000000000000e+03 2.112604607743048291e+03 -3.146046077430482910e+02
8.121774999999999523e+01 1.775000000000000000e+03 2.095110725659304990e+03 -3.201107256593049897e+02
8.123445999999999856e+01 1.864000000000000000e+03 2.107594288989843790e+03 -2.435942889898437898e+02
8.125117000000000189e+01 1.982000000000000000e+03 2.138930713622440635e+03 -1.569307136224406349e+02
8.126788000000000523e+01 2.055000000000000000e+03 2.173479578089531060e+03 -1.184795780895310600e+02
8.128458999999999435e+01 2.120000000000000000e+03 2.192722754333436569e+03 -7.272275433343656914e+01
8.130129999999999768e+01 2.218000000000000000e+03 2.179883688205155522e+03 3.811631179484447784e+01
8.131801000000000101e+01 2.282000000000000000e+03 2.126245174802261317e+03 1.557548251977386826e+02
8.133472999999999331e+01 2.317000000000000000e+03 2.034475366155731081e+03 2.825246338442689193e+02
8.135143999999999664e+01 2.175000000000000000e+03 1.916167658799875426e+03 2.588323412001245742e+02
8.136814999999999998e+01 2.024000000000000000e+03 1.785329698411119807e+03 2.386703015888801929e+02
8.138486000000000331e+01 1.716000000000000000e+03 1.653803764946379488e+03 6.219623505362051219e+01
8.140157000000000664e+01 1.576000000000000000e+03 1.529594078666149016e+03 4.640592133385098350e+01
8.141827999999999577e+01 1.377000000000000000e+03 1.417254062174909905e+03 -4.025406217490990457e+01
8.143498999999999910e+01 1.339000000000000000e+03 1.318845404995809531e+03 2.015459500419046890e+01
8.145170000000000243e+01 1.170000000000000000e+03 1.234809525062819603e+03 -6.480952506281960268e+01
8.146841999999999473e+01 1.122000000000000000e+03 1.164526597211109674e+03 -4.252659721110967439e+01
8.148512999999999806e+01 1.121000000000000000e+03 1.106862228230927030e+03 1.413777176907296962e+01
8.150184000000000140e+01 1.043000000000000000e+03 1.060176254058445920e+03 -1.717625405844592024e+01
8.151855000000000473e+01 1.064000000000000000e+03 1.022722082041866202e+03 4.127791795813379849e+01
8.153525999999999385e+01 1.098000000000000000e+03 9.927857597082327175e+02 1.052142402917672825e+02
8.155196999999999719e+01 1.032000000000000000e+03 9.688136683203890698e+02 6.318633167961093022e+01
8.156868000000000052e+01 9.720000000000000000e+02 9.494806264481859444e+02 2.251937355181405565e+01
8.158539000000000385e+01 9.700000000000000000e+02 9.337088899126799788e+02 3.629111008732002119e+01
8.160210999999999615e+01 9.390000000000000000e+02 9.206456571042972428e+02 1.835434289570275723e+01
8.161881999999999948e+01 9.540000000000000000e+02 9.096575587912413994e+02 4.434244120875860062e+01
8.163553000000000281e+01 9.580000000000000000e+02 9.002414119529930758e+02 5.775858804700692417e+01
8.165224000000000615e+01 9.420000000000000000e+02 8.920150153006385381e+02 4.998498469936146194e+01
8.166894999999999527e+01 9.340000000000000000e+02 8.846782241445073396e+02 4.932177585549266041e+01
8.168565999999999860e+01 8.850000000000000000e+02 8.780051848155916332e+02 6.994815184408366804e+00
8.170237000000000194e+01 8.850000000000000000e+02 8.718539866574396910e+02 1.314601334256030896e+01
8.171908000000000527e+01 8.820000000000000000e+02 8.661605811555822356e+02 1.583941884441776438e+01
8.173579999999999757e+01 9.200000000000000000e+02 8.609013310840869053e+02 5.909866891591309468e+01
8.175251000000000090e+01 8.530000000000000000e+02 8.560719177193076348e+02 -3.071917719307634798e+00
8.176922000000000423e+01 8.900000000000000000e+02 8.516539336561700111e+02 3.834606634382998891e+01
8.178592999999999336e+01 8.500000000000000000e+02 8.476248411592248431e+02 2.375158840775156932e+00
8.180263999999999669e+01 8.350000000000000000e+02 8.439554008142304156e+02 -8.955400814230415563e+00
8.181935000000000002e+01 8.570000000000000000e+02 8.406116877183949327e+02 1.638831228160506726e+01
8.183606000000000336e+01 8.460000000000000000e+02 8.375579027504338683e+02 8.442097249566131723e+00
8.185277999999999565e+01 8.650000000000000000e+02 8.347576451325437574e+02 3.024235486745624257e+01
8.186948999999999899e+01 8.830000000000000000e+02 8.321826436890053174e+02 5.081735631099468264e+01
8.188620000000000232e+01 8.840000000000000000e+02 8.298038638833720597e+02 5.419613611662794028e+01
8.190291000000000565e+01 8.380000000000000000e+02 8.275984869239308637e+02 1.040151307606913633e+01
8.191961999999999477e+01 8.380000000000000000e+02 8.255476788261748879e+02 1.245232117382511206e+01
8.193632999999999811e+01 8.680000000000000000e+02 8.236358459189158339e+02 4.436415408108416614e+01
8.195304000000000144e+01 8.110000000000000000e+02 8.218498954447077267e+02 -1.084989544470772671e+01
8.196975000000000477e+01 8.650000000000000000e+02 8.201786311144473984e+02 4.482136888555260157e+01
8.198646999999999707e+01 8.490000000000000000e+02 8.186114030533187815e+02 3.038859694668121847e+01
8.200318000000000040e+01 8.310000000000000000e+02 8.171414880785629293e+02 1.385851192143707067e+01
8.201989000000000374e+01 8.680000000000000000e+02 8.157602640577320017e+02 5.223973594226799833e+01
8.203660000000000707e+01 8.990000000000000000e+02 8.144608681463153061e+02 8.453913185368469385e+01
8.205330999999999619e+01 8.540000000000000000e+02 8.132371192249090655e+02 4.076288077509093455e+01
8.207001999999999953e+01 8.670000000000000000e+02 8.120834315134334247e+02 5.491656848656657530e+01
8.208673000000000286e+01 7.970000000000000000e+02 8.109947435199168240e+02 -1.399474351991682397e+01
8.210344000000000619e+01 8.540000000000000000e+02 8.099664579448191262e+02 4.403354205518087383e+01
8.212015999999999849e+01 8.260000000000000000e+02 8.089938243560850424e+02 1.700617564391495762e+01
8.213687000000000182e+01 8.360000000000000000e+02 8.080741873840847802e+02 2.792581261591521979e+01
8.215358000000000516e+01 8.260000000000000000e+02 8.072034607590479709e+02 1.879653924095202910e+01
8.217028999999999428e+01 8.240000000000000000e+02 8.063784508264925535e+02 1.762154917350744654e+01
8.218699999999999761e+01 8.280000000000000000e+02 8.055962283712691487e+02 2.240377162873085126e+01
8.220371000000000095e+01 8.030000000000000000e+02 8.048541021615307045e+02 -1.854102161530704507e+00
8.222042000000000428e+01 8.070000000000000000e+02 8.041495955825397459e+02 2.850404417460254081e+00
8.223712999999999340e+01 8.540000000000000000e+02 8.034804259475251911e+02 5.051957405247480892e+01
8.225384999999999991e+01 8.080000000000000000e+02 8.028441151133431504e+02 5.155884886656849631e+00
8.227056000000000324e+01 7.460000000000000000e+02 8.022394753995772589e+02 -5.623947539957725894e+01
8.228727000000000658e+01 8.550000000000000000e+02 8.016643133564223263e+02 5.333568664357767375e+01
8.230397999999999570e+01 8.190000000000000000e+02 8.011169574947252841e+02 1.788304250527471595e+01
8.232068999999999903e+01 8.080000000000000000e+02 8.005958563314809453e+02 7.404143668519054700e+00
8.233740000000000236e+01 8.180000000000000000e+02 8.000995679458305858e+02 1.790043205416941419e+01
8.235411000000000570e+01 8.210000000000000000e+02 7.996267505947607788e+02 2.137324940523922123e+01
8.237081999999999482e+01 8.060000000000000000e+02 7.991761542659502311e+02 6.823845734049768907e+00
8.238754000000000133e+01 8.210000000000000000e+02 7.987463620876281993e+02 2.225363791237180067e+01
8.240425000000000466e+01 8.170000000000000000e+02 7.983367989805651632e+02 1.866320101943483678e+01
8.242095999999999378e+01 8.080000000000000000e+02 7.979461840931709276e+02 1.005381590682907245e+01
8.243766999999999712e+01 7.640000000000000000e+02 7.975735651843123151e+02 -3.357356518431231507e+01
8.245438000000000045e+01 8.930000000000000000e+02 7.972180502668904865e+02 9.578194973310951355e+01
8.247109000000000378e+01 8.440000000000000000e+02 7.968788029588669133e+02 4.712119704113308671e+01
8.248779999999999291e+01 8.100000000000000000e+02 7.965550382527101192e+02 1.344496174728988080e+01
8.250450999999999624e+01 8.060000000000000000e+02 7.962460186603301509e+02 9.753981339669849149e+00
8.252123000000000275e+01 7.800000000000000000e+02 7.959508782485049778e+02 -1.595087824850497782e+01
8.253794000000000608e+01 8.400000000000000000e+02 7.956693170439652931e+02 4.433068295603470688e+01
8.255464999999999520e+01 8.300000000000000000e+02 7.954005395619469709e+02 3.459946043805302907e+01
8.257135999999999854e+01 8.280000000000000000e+02 7.951439661286528917e+02 3.285603387134710829e+01
8.258807000000000187e+01 8.010000000000000000e+02 7.948990497555939783e+02 6.100950244406021739e+00
8.260478000000000520e+01 7.780000000000000000e+02 7.946652738731045247e+02 -1.666527387310452468e+01
8.262148999999999432e+01 7.670000000000000000e+02 7.944421502473220471e+02 -2.744215024732204711e+01
8.263819999999999766e+01 8.590000000000000000e+02 7.942292170636944775e+02 6.477078293630552253e+01
8.265492000000000417e+01 7.360000000000000000e+02 7.940259184063816065e+02 -5.802591840638160647e+01
8.267162999999999329e+01 8.240000000000000000e+02 7.938320831219415368e+02 3.016791687805846323e+01
8.268833999999999662e+01 7.840000000000000000e+02 7.936471941478556573e+02 -9.647194147855657320e+00
8.270504999999999995e+01 7.530000000000000000e+02 7.934708790240028975e+02 -4.047087902400289749e+01
8.272176000000000329e+01 7.950000000000000000e+02 7.933027841435932714e+02 1.697215856406728562e+00
8.273847000000000662e+01 7.950000000000000000e+02 7.931425735656375764e+02 1.857426434362423606e+00
8.275517999999999574e+01 8.250000000000000000e+02 7.929899279147939524e+02 3.201007208520604763e+01
8.277188999999999908e+01 8.140000000000000000e+02 7.928445433612671422e+02 2.115545663873285775e+01
8.278861000000000558e+01 8.170000000000000000e+02 7.927060498735813781e+02 2.429395012641862195e+01
8.280531999999999471e+01 7.860000000000000000e+02 7.925743374689028542e+02 -6.574337468902854198e+00
8.282202999999999804e+01 8.090000000000000000e+02 7.924490586564222667e+02 1.655094134357773328e+01
8.283874000000000137e+01 8.060000000000000000e+02 7.923299629755042588e+02 1.367003702449574121e+01
8.285545000000000471e+01 8.360000000000000000e+02 7.922168113986498383e+02 4.378318860135016166e+01
8.287215999999999383e+01 7.960000000000000000e+02 7.921093756717316410e+02 3.890624328268359022e+00
8.288886999999999716e+01 8.080000000000000000e+02 7.920063090740819689e+02 1.599369092591803110e+01
8.290559000000000367e+01 8.190000000000000000e+02 7.919096119404761112e+02 2.709038805952388884e+01
8.292230000000000700e+01 8.140000000000000000e+02 7.918180637809894051e+02 2.218193621901059487e+01
8.293900999999999613e+01 8.270000000000000000e+02 7.917314142888562856e+02 3.526858571114371443e+01
8.295571999999999946e+01 7.690000000000000000e+02 7.916494806306913006e+02 -2.264948063069130058e+01
8.297243000000000279e+01 8.240000000000000000e+02 7.915720876125168388e+02 3.242791238748316118e+01
8.298914000000000613e+01 8.040000000000000000e+02 7.914990672691632199e+02 1.250093273083678014e+01
8.300584999999999525e+01 8.010000000000000000e+02 7.914302584795162829e+02 9.569741520483717068e+00
8.302255999999999858e+01 7.870000000000000000e+02 7.913655066057770000e+02 -4.365506605777000004e+00
8.303928000000000509e+01 7.840000000000000000e+02 7.913046278850313229e+02 -7.304627885031322876e+00
8.305598999999999421e+01 8.020000000000000000e+02 7.912475524034521186e+02 1.075244759654788140e+01
8.307269999999999754e+01 7.440000000000000000e+02 7.911941054615045914e+02 -4.719410546150459140e+01
8.308941000000000088e+01 8.680000000000000000e+02 7.911441551733797724e+02 7.685584482662022765e+01
8.310612000000000421e+01 7.730000000000000000e+02 7.910975746375580684e+02 -1.809757463755806839e+01
8.312282999999999333e+01 7.720000000000000000e+02 7.910542416886373758e+02 -1.905424168863737577e+01
8.313953999999999667e+01 8.170000000000000000e+02 7.910134465904639001e+02 2.598655340953609993e+01
8.315625000000000000e+01 7.360000000000000000e+02 7.909762642309353851e+02 -5.497626423093538506e+01
8.317297000000000651e+01 7.960000000000000000e+02 7.909419694039393107e+02 5.058030596060689277e+00
8.318967999999999563e+01 7.860000000000000000e+02 7.909104976551518575e+02 -4.910497655151857543e+00
8.320638999999999896e+01 7.530000000000000000e+02 7.908817258859294270e+02 -3.788172588592942702e+01
8.322310000000000230e+01 7.900000000000000000e+02 7.908555558888964470e+02 -8.555558888964469588e-01
8.323981000000000563e+01 7.380000000000000000e+02 7.908318928131262737e+02 -5.283189281312627372e+01
8.325651999999999475e+01 7.710000000000000000e+02 7.908106450088573638e+02 -1.981064500885736379e+01
8.327322999999999809e+01 8.350000000000000000e+02 7.907917238807360718e+02 4.420827611926392819e+01
8.328994000000000142e+01 8.160000000000000000e+02 7.907750437490552713e+02 2.522495625094472871e+01
8.330665999999999372e+01 7.980000000000000000e+02 7.907605136578649763e+02 7.239486342135023733e+00
8.332336999999999705e+01 7.440000000000000000e+02 7.907480707132762063e+02 -4.674807071327620633e+01
8.334008000000000038e+01 7.700000000000000000e+02 7.907376278963880623e+02 -2.073762789638806225e+01
8.335679000000000372e+01 7.640000000000000000e+02 7.907291099473238773e+02 -2.672910994732387735e+01
8.337350000000000705e+01 7.420000000000000000e+02 7.907224439318781606e+02 -4.872244393187816058e+01
8.339020999999999617e+01 7.990000000000000000e+02 7.907175591415222016e+02 8.282440858477798429e+00
8.340691999999999950e+01 7.550000000000000000e+02 7.907143869985995934e+02 -3.571438699859959343e+01
8.342363000000000284e+01 8.360000000000000000e+02 7.907128609664093801e+02 4.528713903359061987e+01
8.344034999999999513e+01 7.760000000000000000e+02 7.907129169580080088e+02 -1.471291695800800881e+01
8.345705999999999847e+01 7.800000000000000000e+02 7.907144921693110291e+02 -1.071449216931102910e+01
8.347377000000000180e+01 7.510000000000000000e+02 7.907175252594175845e+02 -3.971752525941758449e+01
8.349048000000000513e+01 7.850000000000000000e+02 7.907219570455807798e+02 -5.721957045580779777e+00
8.350718999999999426e+01 7.320000000000000000e+02 7.907277300004802782e+02 -5.872773000048027825e+01
8.352389999999999759e+01 8.310000000000000000e+02 7.907347881863313432e+02 4.026521181366865676e+01
8.354061000000000092e+01 8.130000000000000000e+02 7.907430771922572603e+02 2.225692280774273968e+01
8.355732000000000426e+01 8.020000000000000000e+02 7.907525440747526773e+02 1.124745592524732274e+01
8.357403999999999655e+01 7.600000000000000000e+02 7.907631439676613354e+02 -3.076314396766133541e+01
8.359074999999999989e+01 7.650000000000000000e+02 7.907748139912022225e+02 -2.577481399120222250e+01
8.360746000000000322e+01 7.780000000000000000e+02 7.907875112836584321e+02 -1.278751128365843215e+01
8.362417000000000655e+01 7.980000000000000000e+02 7.908011882325051829e+02 7.198811767494817104e+00
8.364087999999999568e+01 7.770000000000000000e+02 7.908157984357142141e+02 -1.381579843571421407e+01
8.365758999999999901e+01 8.340000000000000000e+02 7.908312966575967948e+02 4.316870334240320517e+01
8.367430000000000234e+01 7.260000000000000000e+02 7.908476387867582389e+02 -6.484763878675823889e+01
8.369101000000000568e+01 7.710000000000000000e+02 7.908647817960712700e+02 -1.986478179607127004e+01
8.370772999999999797e+01 7.670000000000000000e+02 7.908826946368336621e+02 -2.388269463683366212e+01
8.372444000000000131e+01 7.910000000000000000e+02 7.909013148909306210e+02 9.868510906937899563e-02
8.374115000000000464e+01 8.330000000000000000e+02 7.909206130535625334e+02 4.207938694643746658e+01
8.375785999999999376e+01 8.080000000000000000e+02 7.909405500717716677e+02 1.705944992822833228e+01
8.377456999999999709e+01 8.010000000000000000e+02 7.909610878035631458e+02 1.003891219643685417e+01
8.379128000000000043e+01 8.030000000000000000e+02 7.909821889880298613e+02 1.201781101197013868e+01
8.380799000000000376e+01 8.200000000000000000e+02 7.910038172168999608e+02 2.899618278310003916e+01
8.382470000000000709e+01 7.380000000000000000e+02 7.910259369074362894e+02 -5.302593690743628940e+01
8.384141999999999939e+01 7.680000000000000000e+02 7.910485269172244216e+02 -2.304852691722442160e+01
8.385813000000000272e+01 7.750000000000000000e+02 7.910715262001293695e+02 -1.607152620012936950e+01
8.387484000000000606e+01 8.380000000000000000e+02 7.910949148780465521e+02 4.690508512195344792e+01
8.389154999999999518e+01 8.100000000000000000e+02 7.911186604247824334e+02 1.888133957521756656e+01
8.390825999999999851e+01 7.830000000000000000e+02 7.911427310224157736e+02 -8.142731022415773623e+00
8.392497000000000185e+01 7.860000000000000000e+02 7.911670955411275372e+02 -5.167095541127537217e+00
8.394168000000000518e+01 7.700000000000000000e+02 7.911917235200239702e+02 -2.119172352002397020e+01
8.395839999999999748e+01 8.060000000000000000e+02 7.912166000912875461e+02 1.478339990871245391e+01
8.397511000000000081e+01 7.610000000000000000e+02 7.912416663070312097e+02 -3.024166630703120973e+01
8.399182000000000414e+01 7.940000000000000000e+02 7.912669084190174544e+02 2.733091580982545565e+00
8.400852999999999327e+01 8.110000000000000000e+02 7.912922984688935912e+02 1.970770153110640877e+01
8.402523999999999660e+01 7.890000000000000000e+02 7.913178090847322892e+02 -2.317809084732289193e+00
8.404194999999999993e+01 7.490000000000000000e+02 7.913434134669705600e+02 -4.234341346697055997e+01
8.405866000000000327e+01 7.740000000000000000e+02 7.913690853750978249e+02 -1.736908537509782491e+01
8.407537000000000660e+01 7.910000000000000000e+02 7.913947991150521375e+02 -3.947991150521374948e-01
8.409208999999999889e+01 7.470000000000000000e+02 7.914205449255701978e+02 -4.442054492557019785e+01
8.410880000000000223e+01 8.250000000000000000e+02 7.914462673618661483e+02 3.355373263813385165e+01
8.412551000000000556e+01 8.080000000000000000e+02 7.914719576964140515e+02 1.652804230358594850e+01
8.414221999999999468e+01 7.610000000000000000e+02 7.914975923086827834e+02 -3.049759230868278337e+01
8.415892999999999802e+01 7.970000000000000000e+02 7.915231480714666077e+02 5.476851928533392311e+00
8.417564000000000135e+01 8.090000000000000000e+02 7.915486023420924084e+02 1.745139765790759157e+01
8.419235000000000468e+01 7.430000000000000000e+02 7.915739329541910365e+02 -4.857393295419103652e+01
8.420905999999999381e+01 8.420000000000000000e+02 7.915991182100248125e+02 5.040088178997518753e+01
8.422578000000000031e+01 7.690000000000000000e+02 7.916241517915676695e+02 -2.262415179156766953e+01
8.424249000000000365e+01 8.210000000000000000e+02 7.916489829627463450e+02 2.935101703725365496e+01
8.425920000000000698e+01 8.110000000000000000e+02 7.916736064154173391e+02 1.932639358458266088e+01
8.427590999999999610e+01 8.220000000000000000e+02 7.916980022604225269e+02 3.030199773957747311e+01
8.429261999999999944e+01 8.140000000000000000e+02 7.917221510466622476e+02 2.227784895333775239e+01
8.430933000000000277e+01 7.720000000000000000e+02 7.917460337564610882e+02 -1.974603375646108816e+01
8.432604000000000610e+01 7.440000000000000000e+02 7.917696318014139933e+02 -4.776963180141399334e+01
8.434274999999999523e+01 7.660000000000000000e+02 7.917929270186941721e+02 -2.579292701869417215e+01
8.435947000000000173e+01 7.780000000000000000e+02 7.918159153174088942e+02 -1.381591531740889423e+01
8.437618000000000507e+01 7.870000000000000000e+02 7.918385518701776391e+02 -4.838551870177639103e+00
8.439288999999999419e+01 7.990000000000000000e+02 7.918608336202581768e+02 7.139166379741823221e+00
8.440959999999999752e+01 7.730000000000000000e+02 7.918827440796366091e+02 -1.888274407963660906e+01
8.442631000000000085e+01 7.270000000000000000e+02 7.919042671742628272e+02 -6.490426717426282721e+01
8.444302000000000419e+01 7.910000000000000000e+02 7.919253872430750789e+02 -9.253872430750789135e-01
8.445972999999999331e+01 7.690000000000000000e+02 7.919460890374746214e+02 -2.294608903747462136e+01
8.447643999999999664e+01 7.900000000000000000e+02 7.919663577212560313e+02 -1.966357721256031255e+00
8.449316000000000315e+01 8.120000000000000000e+02 7.919861905960223112e+02 2.001380940397768882e+01
8.450987000000000648e+01 7.630000000000000000e+02 7.920074204632695682e+02 -2.900742046326956824e+01
8.452657999999999561e+01 7.630000000000000000e+02 7.920263154940117829e+02 -2.902631549401178290e+01
8.454328999999999894e+01 8.100000000000000000e+02 7.920447222946937700e+02 1.795527770530623002e+01
8.456000000000000227e+01 6.920000000000000000e+02 7.920626281074020199e+02 -1.000626281074020199e+02
8.457671000000000561e+01 7.510000000000000000e+02 7.920800205959360483e+02 -4.108002059593604827e+01
8.459341999999999473e+01 7.840000000000000000e+02 7.920968878490566567e+02 -8.096887849056656705e+00
8.461012999999999806e+01 7.400000000000000000e+02 7.921132183842530594e+02 -5.211321838425305941e+01
8.462685000000000457e+01 7.610000000000000000e+02 7.921290104310019160e+02 -3.112901043100191600e+01
8.464355999999999369e+01 7.630000000000000000e+02 7.921442344825246664e+02 -2.914423448252466642e+01
8.466026999999999703e+01 7.360000000000000000e+02 7.921588899807587723e+02 -5.615888998075877225e+01
8.467698000000000036e+01 7.980000000000000000e+02 7.921729672069544677e+02 5.827032793045532344e+00
8.469369000000000369e+01 7.900000000000000000e+02 7.921864568982899755e+02 -2.186456898289975470e+00
8.471040000000000703e+01 7.940000000000000000e+02 7.921993502551395068e+02 1.800649744860493229e+00
8.472710999999999615e+01 7.780000000000000000e+02 7.922116389490164465e+02 -1.421163894901644653e+01
8.474381999999999948e+01 8.030000000000000000e+02 7.922233151312249220e+02 1.077668486877507803e+01
8.476054000000000599e+01 7.540000000000000000e+02 7.922353562751696927e+02 -3.823535627516969271e+01
8.477724999999999511e+01 8.260000000000000000e+02 7.922457911183569195e+02 3.375420888164308053e+01
8.479395999999999844e+01 8.440000000000000000e+02 7.922555929257559910e+02 5.174440707424400898e+01
8.481067000000000178e+01 7.710000000000000000e+02 7.922647558708011957e+02 -2.126475587080119567e+01
8.482738000000000511e+01 7.910000000000000000e+02 7.922732746620815760e+02 -1.273274662081576025e+00
8.484408999999999423e+01 8.360000000000000000e+02 7.922811445571883269e+02 4.371885544281167313e+01
8.486079999999999757e+01 7.770000000000000000e+02 7.922883613776369884e+02 -1.528836137763698844e+01
8.487751000000000090e+01 7.890000000000000000e+02 7.922949215249315102e+02 -3.294921524931510248e+00
8.489422999999999320e+01 7.900000000000000000e+02 7.923008253309570819e+02 -2.300825330957081860e+00
8.491093999999999653e+01 8.320000000000000000e+02 7.923060633474573251e+02 3.969393665254267489e+01
8.492764999999999986e+01 7.450000000000000000e+02 7.923106375541507305e+02 -4.731063755415073047e+01
8.494436000000000320e+01 7.730000000000000000e+02 7.923145468597010677e+02 -1.931454685970106766e+01
8.496107000000000653e+01 7.750000000000000000e+02 7.923177908536365521e+02 -1.731779085363655213e+01
8.497777999999999565e+01 8.190000000000000000e+02 7.923203698314390522e+02 2.667963016856094782e+01
8.499448999999999899e+01 7.640000000000000000e+02 7.923222848216070133e+02 -2.832228482160701333e+01
8.501121000000000549e+01 7.720000000000000000e+02 7.923235381668107493e+02 -2.032353816681074932e+01
8.502791999999999462e+01 8.100000000000000000e+02 7.923230245048878260e+02 1.767697549511217403e+01
8.504462999999999795e+01 8.200000000000000000e+02 7.923229685861991811e+02 2.767703141380081888e+01
8.506134000000000128e+01 8.080000000000000000e+02 7.923222606718821908e+02 1.567773932811780924e+01
8.507805000000000462e+01 8.030000000000000000e+02 7.923209059457284411e+02 1.067909405427155889e+01
8.509475999999999374e+01 7.920000000000000000e+02 7.923189105398879519e+02 -3.189105398879519271e-01
8.511146999999999707e+01 7.850000000000000000e+02 7.923162815820707010e+02 -7.316281582070701006e+00
8.512818000000000040e+01 7.950000000000000000e+02 7.923130272468989688e+02 2.686972753101031230e+00
8.514490000000000691e+01 7.800000000000000000e+02 7.923091543131821481e+02 -1.230915431318214814e+01
8.516160999999999603e+01 8.070000000000000000e+02 7.923046778605905729e+02 1.469532213940942711e+01
8.517831999999999937e+01 8.070000000000000000e+02 7.922996074289562785e+02 1.470039257104372155e+01
8.519503000000000270e+01 7.980000000000000000e+02 7.922939559948563328e+02 5.706044005143667164e+00
8.521174000000000603e+01 8.200000000000000000e+02 7.922877379187709721e+02 2.771226208122902790e+01
8.522844999999999516e+01 7.790000000000000000e+02 7.922809690331515640e+02 -1.328096903315156396e+01
8.524515999999999849e+01 7.900000000000000000e+02 7.922736667393772905e+02 -2.273666739377290469e+00
8.526187000000000182e+01 8.380000000000000000e+02 7.922658501147180914e+02 4.573414988528190861e+01
8.527858999999999412e+01 7.720000000000000000e+02 7.922569522214101880e+02 -2.025695222141018803e+01
8.529529999999999745e+01 8.190000000000000000e+02 7.922481751370365828e+02 2.675182486296341722e+01
8.531201000000000079e+01 8.070000000000000000e+02 7.922389522326864153e+02 1.476104776731358470e+01
8.532872000000000412e+01 8.350000000000000000e+02 7.922293106099837132e+02 4.277068939001628678e+01
8.534542999999999324e+01 8.010000000000000000e+02 7.922192797838300748e+02 8.780720216169925152e+00
8.536213999999999658e+01 7.770000000000000000e+02 7.922088918844625596e+02 -1.520889188446255957e+01
8.537884999999999991e+01 8.430000000000000000e+02 7.921981818840488359e+02 5.080181811595116415e+01
8.539556000000000324e+01 8.220000000000000000e+02 7.921871878514757555e+02 2.981281214852424455e+01
8.541227999999999554e+01 7.880000000000000000e+02 7.921759444513585322e+02 -4.175944451358532206e+00
8.542898999999999887e+01 8.340000000000000000e+02 7.921645103182647745e+02 4.183548968173522553e+01
8.544570000000000221e+01 7.760000000000000000e+02 7.921529280377360465e+02 -1.615292803773604646e+01
8.546241000000000554e+01 7.770000000000000000e+02 7.921412513485505542e+02 -1.514125134855055421e+01
8.547911999999999466e+01 8.450000000000000000e+02 7.921295389651343157e+02 5.287046103486568427e+01
8.549582999999999799e+01 7.670000000000000000e+02 7.921178551257975187e+02 -2.511785512579751867e+01
8.551254000000000133e+01 8.070000000000000000e+02 7.921062702228658736e+02 1.489372977713412638e+01
8.552925000000000466e+01 7.590000000000000000e+02 7.920948615295816353e+02 -3.309486152958163530e+01
8.554596999999999696e+01 7.830000000000000000e+02 7.920837074671276241e+02 -9.083707467127624113e+00
8.556268000000000029e+01 8.070000000000000000e+02 7.920729151243361912e+02 1.492708487566380882e+01
8.557939000000000362e+01 8.080000000000000000e+02 7.920625812899536413e+02 1.593741871004635868e+01
8.559610000000000696e+01 8.130000000000000000e+02 7.920528206946054297e+02 2.094717930539457029e+01
8.561280999999999608e+01 7.650000000000000000e+02 7.920437608301584760e+02 -2.704376083015847598e+01
8.562951999999999941e+01 7.980000000000000000e+02 7.920355438164216366e+02 5.964456183578363380e+00
8.564623000000000275e+01 8.000000000000000000e+02 7.920283286210016058e+02 7.971671378998394175e+00
8.566294000000000608e+01 8.000000000000000000e+02 7.920222937129195770e+02 7.977706287080422953e+00
8.567965999999999838e+01 7.940000000000000000e+02 7.920176379250525542e+02 1.982362074947445763e+00
8.569637000000000171e+01 7.860000000000000000e+02 7.920145946570617070e+02 -6.014594657061707039e+00
8.571308000000000504e+01 7.510000000000000000e+02 7.920134196614989150e+02 -4.101341966149891505e+01
8.572978999999999417e+01 7.840000000000000000e+02 7.920144089227018185e+02 -8.014408922701818483e+00
8.574649999999999750e+01 8.370000000000000000e+02 7.920179026068382200e+02 4.498209739316178002e+01
8.576321000000000083e+01 8.080000000000000000e+02 7.920242941678316129e+02 1.597570583216838713e+01
8.577992000000000417e+01 8.080000000000000000e+02 7.920340423622377557e+02 1.596595763776224430e+01
8.579662999999999329e+01 7.700000000000000000e+02 7.920476881534927998e+02 -2.204768815349279976e+01
8.581334999999999980e+01 7.840000000000000000e+02 7.920658931708899217e+02 -8.065893170889921748e+00
8.583006000000000313e+01 7.890000000000000000e+02 7.920894379968984822e+02 -3.089437996898482197e+00
8.584677000000000646e+01 7.690000000000000000e+02 7.921193685549591237e+02 -2.311936855495912368e+01
8.586347999999999558e+01 7.690000000000000000e+02 7.921571114435872687e+02 -2.315711144358726870e+01
8.588018999999999892e+01 7.750000000000000000e+02 7.922047772192831872e+02 -1.720477721928318715e+01
8.589690000000000225e+01 8.130000000000000000e+02 7.922656923336055570e+02 2.073430766639444300e+01
8.591361000000000558e+01 7.790000000000000000e+02 7.923453005658000166e+02 -1.334530056580001656e+01
8.593031999999999471e+01 7.780000000000000000e+02 7.924525626669642406e+02 -1.445256266696424063e+01
8.594704000000000121e+01 8.350000000000000000e+02 7.926020029278947732e+02 4.239799707210522683e+01
8.596375000000000455e+01 8.320000000000000000e+02 7.928156322890851015e+02 3.918436771091489845e+01
8.598045999999999367e+01 7.950000000000000000e+02 7.931255558282779248e+02 1.874444171722075225e+00
8.599716999999999700e+01 8.330000000000000000e+02 7.935744798548315657e+02 3.942552014516843428e+01
8.601388000000000034e+01 8.020000000000000000e+02 7.942139217935981605e+02 7.786078206401839452e+00
8.603059000000000367e+01 8.260000000000000000e+02 7.950982729539423417e+02 3.090172704605765830e+01
8.604730000000000700e+01 7.850000000000000000e+02 7.962741757295742673e+02 -1.127417572957426728e+01
8.606401999999999930e+01 7.880000000000000000e+02 7.977670503437670959e+02 -9.767050343767095910e+00
8.608073000000000263e+01 7.800000000000000000e+02 7.995614114398504171e+02 -1.956141143985041708e+01
8.609744000000000597e+01 7.860000000000000000e+02 8.015917709137693237e+02 -1.559177091376932367e+01
8.611414999999999509e+01 7.830000000000000000e+02 8.037279319938921844e+02 -2.072793199389218444e+01
8.613085999999999842e+01 7.700000000000000000e+02 8.057692568848839301e+02 -3.576925688488393007e+01
8.614757000000000176e+01 7.720000000000000000e+02 8.074546896124048772e+02 -3.545468961240487715e+01
8.616428000000000509e+01 8.150000000000000000e+02 8.085215458096795373e+02 6.478454190320462658e+00
8.618098999999999421e+01 7.970000000000000000e+02 8.088272624249158298e+02 -1.182726242491582980e+01
8.619771000000000072e+01 8.100000000000000000e+02 8.084487631882216192e+02 1.551236811778380797e+00
8.621442000000000405e+01 7.490000000000000000e+02 8.073520183820019156e+02 -5.835201838200191560e+01
8.623112999999999317e+01 8.000000000000000000e+02 8.064476791115030210e+02 -6.447679111503020977e+00
8.624783999999999651e+01 7.940000000000000000e+02 8.057141760375021704e+02 -1.171417603750217040e+01
8.626454999999999984e+01 7.880000000000000000e+02 8.053518850743078019e+02 -1.735188507430780191e+01
8.628126000000000317e+01 8.020000000000000000e+02 8.054812677562014187e+02 -3.481267756201418706e+00
8.629797000000000651e+01 8.110000000000000000e+02 8.061434788523616817e+02 4.856521147638318325e+00
8.631467999999999563e+01 8.680000000000000000e+02 8.073002341337447660e+02 6.069976586625523396e+01
8.633140000000000214e+01 8.360000000000000000e+02 8.088345954639695492e+02 2.716540453603045080e+01
8.634811000000000547e+01 8.060000000000000000e+02 8.105513877731660841e+02 -4.551387773166084116e+00
8.636481999999999459e+01 8.230000000000000000e+02 8.122019154599822741e+02 1.079808454001772589e+01
8.638152999999999793e+01 8.020000000000000000e+02 8.135228724983966231e+02 -1.152287249839662309e+01
8.639824000000000126e+01 8.140000000000000000e+02 8.142938207074738557e+02 -2.938207074738556912e-01
8.641495000000000459e+01 7.010000000000000000e+02 8.143796394206474361e+02 -1.133796394206474361e+02
8.643165999999999372e+01 8.410000000000000000e+02 8.137465849064859640e+02 2.725341509351403602e+01
8.644836999999999705e+01 8.770000000000000000e+02 8.124708355963578015e+02 6.452916440364219852e+01
8.646509000000000356e+01 7.360000000000000000e+02 8.105800485868622900e+02 -7.458004858686228999e+01
8.648180000000000689e+01 8.370000000000000000e+02 8.086332855288967494e+02 2.836671447110325062e+01
8.649850999999999601e+01 8.090000000000000000e+02 8.067066452396085197e+02 2.293354760391480340e+00
8.651521999999999935e+01 7.900000000000000000e+02 8.049791151000615628e+02 -1.497911510006156277e+01
8.653193000000000268e+01 7.450000000000000000e+02 8.035653982292237743e+02 -5.856539822922377425e+01
8.654864000000000601e+01 8.190000000000000000e+02 8.025206980545448232e+02 1.647930194545517679e+01
8.656534999999999513e+01 8.120000000000000000e+02 8.018475309055014577e+02 1.015246909449854229e+01
8.658205999999999847e+01 8.280000000000000000e+02 8.015022360243415278e+02 2.649776397565847219e+01
8.659878000000000497e+01 8.320000000000000000e+02 8.014016933012854906e+02 3.059830669871450937e+01
8.661548999999999410e+01 7.600000000000000000e+02 8.014321819428265599e+02 -4.143218194282655986e+01
8.663219999999999743e+01 8.030000000000000000e+02 8.014643135229587187e+02 1.535686477041281250e+00
8.664891000000000076e+01 7.700000000000000000e+02 8.013790918826348388e+02 -3.137909188263483884e+01
8.666562000000000410e+01 8.010000000000000000e+02 8.010994358302448290e+02 -9.943583024482904875e-02
8.668232999999999322e+01 8.160000000000000000e+02 8.006104902131862673e+02 1.538950978681373272e+01
8.669903999999999655e+01 7.770000000000000000e+02 7.999534241124574692e+02 -2.295342411245746916e+01
8.671574999999999989e+01 7.840000000000000000e+02 7.991980008531434123e+02 -1.519800085314341231e+01
8.673247000000000639e+01 8.670000000000000000e+02 7.984148203557126635e+02 6.858517964428733649e+01
8.674917999999999552e+01 8.280000000000000000e+02 7.976604638432860384e+02 3.033953615671396165e+01
8.676588999999999885e+01 7.940000000000000000e+02 7.969721906112440593e+02 -2.972190611244059255e+00
8.678260000000000218e+01 7.730000000000000000e+02 7.963723886462121300e+02 -2.337238864621212997e+01
8.679931000000000552e+01 7.530000000000000000e+02 7.958720800304165550e+02 -4.287208003041655502e+01
8.681601999999999464e+01 8.280000000000000000e+02 7.954742395021004313e+02 3.252576049789956869e+01
8.683272999999999797e+01 7.450000000000000000e+02 7.951762539534331609e+02 -5.017625395343316086e+01
8.684944000000000131e+01 8.110000000000000000e+02 7.949717954279404921e+02 1.602820457205950788e+01
8.686615999999999360e+01 7.510000000000000000e+02 7.948522909271565595e+02 -4.385229092715655952e+01
8.688286999999999694e+01 8.140000000000000000e+02 7.948084110747175828e+02 1.919158892528241722e+01
8.689958000000000027e+01 7.640000000000000000e+02 7.948306463465088427e+02 -3.083064634650884273e+01
8.691629000000000360e+01 8.130000000000000000e+02 7.949103581130522116e+02 1.808964188694778841e+01
8.693300000000000693e+01 7.740000000000000000e+02 7.950401292478827600e+02 -2.104012924788275996e+01
8.694970999999999606e+01 8.250000000000000000e+02 7.952139674398774787e+02 2.978603256012252132e+01
8.696641999999999939e+01 7.890000000000000000e+02 7.954273188752264332e+02 -6.427318875226433192e+00
8.698313000000000272e+01 8.170000000000000000e+02 7.956769552194135713e+02 2.132304478058642871e+01
8.699984999999999502e+01 8.570000000000000000e+02 7.959609730334104825e+02 6.103902696658951754e+01
8.701655999999999835e+01 8.030000000000000000e+02 7.962778934797801185e+02 6.722106520219881531e+00
8.703327000000000169e+01 8.230000000000000000e+02 7.966274937085200918e+02 2.637250629147990821e+01
8.704998000000000502e+01 7.880000000000000000e+02 7.970099873253941496e+02 -9.009987325394149593e+00
8.706668999999999414e+01 8.240000000000000000e+02 7.974260604705214064e+02 2.657393952947859361e+01
8.708339999999999748e+01 8.210000000000000000e+02 7.978767827686157261e+02 2.312321723138427387e+01
8.710011000000000081e+01 7.990000000000000000e+02 7.983635481008864190e+02 6.364518991135810211e-01
8.711682999999999311e+01 8.430000000000000000e+02 7.988883646534528680e+02 4.411163534654713203e+01
8.713353999999999644e+01 7.790000000000000000e+02 7.994525595453873166e+02 -2.045255954538731658e+01
8.715024999999999977e+01 7.870000000000000000e+02 8.000586560722879312e+02 -1.305865607228793124e+01
8.716696000000000311e+01 7.800000000000000000e+02 8.007091474830044717e+02 -2.070914748300447172e+01
8.718367000000000644e+01 7.830000000000000000e+02 8.014068123907529753e+02 -1.840681239075297526e+01
8.720037999999999556e+01 7.990000000000000000e+02 8.021547339311848646e+02 -3.154733931184864559e+00
8.721708999999999889e+01 8.000000000000000000e+02 8.029563244274485214e+02 -2.956324427448521419e+00
8.723380000000000223e+01 8.030000000000000000e+02 8.038153554043512941e+02 -8.153554043512940552e-01
8.725051999999999452e+01 7.900000000000000000e+02 8.047365634432792376e+02 -1.473656344327923762e+01
8.726722999999999786e+01 8.110000000000000000e+02 8.057234517000989626e+02 5.276548299901037353e+00
8.728394000000000119e+01 8.170000000000000000e+02 8.067816398874646211e+02 1.021836011253537890e+01
8.730065000000000452e+01 8.470000000000000000e+02 8.079167563255610958e+02 3.908324367443890424e+01
8.731735999999999365e+01 8.150000000000000000e+02 8.091350348941900847e+02 5.864965105809915258e+00
8.733406999999999698e+01 7.680000000000000000e+02 8.104433902782462837e+02 -4.244339027824628374e+01
8.735078000000000031e+01 8.130000000000000000e+02 8.118495055434688084e+02 1.150494456531191645e+00
8.736749000000000365e+01 8.230000000000000000e+02 8.133619345935809406e+02 9.638065406419059400e+00
8.738420999999999594e+01 8.820000000000000000e+02 8.149912341433099527e+02 6.700876585669004726e+01
8.740091999999999928e+01 8.310000000000000000e+02 8.167461419482245901e+02 1.425385805177540988e+01
8.741763000000000261e+01 8.280000000000000000e+02 8.186395877507189880e+02 9.360412249281012009e+00
8.743434000000000594e+01 8.610000000000000000e+02 8.206850850351346480e+02 4.031491496486535198e+01
8.745104999999999507e+01 8.860000000000000000e+02 8.228979368724254755e+02 6.310206312757452451e+01
8.746775999999999840e+01 8.130000000000000000e+02 8.252955773967058803e+02 -1.229557739670588035e+01
8.748447000000000173e+01 8.060000000000000000e+02 8.278980173886010334e+02 -2.189801738860103342e+01
8.750118000000000507e+01 8.280000000000000000e+02 8.307284358611594826e+02 -2.728435861159482556e+00
8.751789999999999736e+01 8.770000000000000000e+02 8.338159042358108763e+02 4.318409576418912366e+01
8.753461000000000070e+01 8.530000000000000000e+02 8.371889279613626513e+02 1.581107203863734867e+01
8.755132000000000403e+01 8.550000000000000000e+02 8.408879495698672599e+02 1.411205043013274008e+01
8.756802999999999315e+01 8.490000000000000000e+02 8.449600801846480636e+02 4.039919815351936450e+00
8.758473999999999648e+01 9.090000000000000000e+02 8.494634334368937516e+02 5.953656656310624840e+01
8.760144999999999982e+01 8.810000000000000000e+02 8.544704417934761977e+02 2.652955820652380226e+01
8.761816000000000315e+01 8.940000000000000000e+02 8.600720257433409870e+02 3.392797425665901301e+01
8.763487000000000648e+01 8.450000000000000000e+02 8.663826595697634048e+02 -2.138265956976340476e+01
8.765158999999999878e+01 8.950000000000000000e+02 8.735508495520883798e+02 2.144915044791162018e+01
8.766830000000000211e+01 8.940000000000000000e+02 8.817480313096490363e+02 1.225196869035096370e+01
8.768501000000000545e+01 9.330000000000000000e+02 8.908569706202443967e+02 4.214302937975560326e+01
8.770171999999999457e+01 9.110000000000000000e+02 9.018387815350183701e+02 9.161218464981629950e+00
8.771842999999999790e+01 9.390000000000000000e+02 9.146733318270885320e+02 2.432666817291146799e+01
8.773514000000000124e+01 9.820000000000000000e+02 9.297424506443128394e+02 5.225754935568716064e+01
8.775185000000000457e+01 1.024000000000000000e+03 9.474830634736946422e+02 7.651693652630535780e+01
8.776855999999999369e+01 9.730000000000000000e+02 9.683810589858478579e+02 4.618941014152142088e+00
8.778528000000000020e+01 1.041000000000000000e+03 9.929751202446445859e+02 4.802487975535541409e+01
8.780199000000000353e+01 1.050000000000000000e+03 1.021776882494810479e+03 2.822311750518952067e+01
8.781870000000000687e+01 1.011000000000000000e+03 1.055332426212075916e+03 -4.433242621207591583e+01
8.783540999999999599e+01 1.067000000000000000e+03 1.094131547042804868e+03 -2.713154704280486840e+01
8.785211999999999932e+01 1.132000000000000000e+03 1.138576951170021403e+03 -6.576951170021402504e+00
8.786883000000000266e+01 1.237000000000000000e+03 1.188926247294886480e+03 4.807375270511352028e+01
8.788554000000000599e+01 1.246000000000000000e+03 1.245213103229898252e+03 7.868967701017481886e-01
8.790224999999999511e+01 1.427000000000000000e+03 1.307136325447055697e+03 1.198636745529443033e+02
8.791897000000000162e+01 1.506000000000000000e+03 1.373945074636652862e+03 1.320549253633471380e+02
8.793568000000000495e+01 1.530000000000000000e+03 1.444069556934507546e+03 8.593044306549245448e+01
8.795238999999999407e+01 1.591000000000000000e+03 1.514949196071382403e+03 7.605080392861759719e+01
8.796909999999999741e+01 1.571000000000000000e+03 1.583428599617081773e+03 -1.242859961708177252e+01
8.798581000000000074e+01 1.605000000000000000e+03 1.644771363672217831e+03 -3.977136367221783075e+01
8.800252000000000407e+01 1.690000000000000000e+03 1.693898104365996915e+03 -3.898104365996914566e+00
8.801922999999999320e+01 1.711000000000000000e+03 1.726254936325159633e+03 -1.525493632515963327e+01
8.803593999999999653e+01 1.728000000000000000e+03 1.739141918807294815e+03 -1.114191880729481454e+01
8.805266000000000304e+01 1.778000000000000000e+03 1.732686069728277516e+03 4.531393027172248367e+01
8.806937000000000637e+01 1.790000000000000000e+03 1.709918403964462414e+03 8.008159603553758643e+01
8.808607999999999549e+01 1.788000000000000000e+03 1.675826218528146001e+03 1.121737814718539994e+02
8.810278999999999883e+01 1.727000000000000000e+03 1.636014848695846467e+03 9.098515130415353269e+01
8.811950000000000216e+01 1.689000000000000000e+03 1.595589584562632808e+03 9.341041543736719177e+01
8.813621000000000549e+01 1.625000000000000000e+03 1.558561729915616525e+03 6.643827008438347548e+01
8.815291999999999462e+01 1.614000000000000000e+03 1.527714499867840459e+03 8.628550013215954095e+01
8.816964000000000112e+01 1.573000000000000000e+03 1.504700335736934903e+03 6.829966426306509675e+01
8.818635000000000446e+01 1.603000000000000000e+03 1.490254142836843585e+03 1.127458571631564155e+02
8.820305999999999358e+01 1.571000000000000000e+03 1.484226492410509763e+03 8.677350758949023657e+01
8.821976999999999691e+01 1.541000000000000000e+03 1.485687600584426946e+03 5.531239941557305428e+01
8.823648000000000025e+01 1.531000000000000000e+03 1.492911089031416850e+03 3.808891096858314995e+01
8.825319000000000358e+01 1.504000000000000000e+03 1.503409317414596444e+03 5.906825854035560042e-01
8.826990000000000691e+01 1.517000000000000000e+03 1.514120244642742364e+03 2.879755357257636206e+00
8.828660999999999603e+01 1.501000000000000000e+03 1.521844549686580649e+03 -2.084454968658064900e+01
8.830333000000000254e+01 1.490000000000000000e+03 1.523903976823504991e+03 -3.390397682350499053e+01
8.832004000000000588e+01 1.479000000000000000e+03 1.518786709619199428e+03 -3.978670961919942783e+01
8.833674999999999500e+01 1.491000000000000000e+03 1.506446837877551161e+03 -1.544683787755116100e+01
8.835345999999999833e+01 1.533000000000000000e+03 1.488048223155440837e+03 4.495177684455916278e+01
8.837017000000000166e+01 1.520000000000000000e+03 1.465339673029237929e+03 5.466032697076207114e+01
8.838688000000000500e+01 1.456000000000000000e+03 1.440003197704634886e+03 1.599680229536511433e+01
8.840358999999999412e+01 1.360000000000000000e+03 1.413261797457580087e+03 -5.326179745758008721e+01
8.842029999999999745e+01 1.328000000000000000e+03 1.385817609175084726e+03 -5.781760917508472630e+01
8.843702000000000396e+01 1.314000000000000000e+03 1.358011190853456810e+03 -4.401119085345681015e+01
8.845372999999999308e+01 1.265000000000000000e+03 1.330151139230026274e+03 -6.515113923002627416e+01
8.847043999999999642e+01 1.214000000000000000e+03 1.302628985386792920e+03 -8.862898538679291960e+01
8.848714999999999975e+01 1.216000000000000000e+03 1.276075442656340556e+03 -6.007544265634055591e+01
8.850386000000000308e+01 1.212000000000000000e+03 1.251305077152571812e+03 -3.930507715257181189e+01
8.852057000000000642e+01 1.145000000000000000e+03 1.229202036676177158e+03 -8.420203667617715837e+01
8.853727999999999554e+01 1.183000000000000000e+03 1.210597778510751596e+03 -2.759777851075159560e+01
8.855398999999999887e+01 1.225000000000000000e+03 1.196185245786007272e+03 2.881475421399272818e+01
8.857071000000000538e+01 1.229000000000000000e+03 1.186475208385041697e+03 4.252479161495830340e+01
8.858741999999999450e+01 1.190000000000000000e+03 1.181810432517759409e+03 8.189567482240590834e+00
8.860412999999999784e+01 1.234000000000000000e+03 1.182337522153715099e+03 5.166247784628490081e+01
8.862084000000000117e+01 1.157000000000000000e+03 1.188038180104956837e+03 -3.103818010495683666e+01
8.863755000000000450e+01 1.200000000000000000e+03 1.198718248116352243e+03 1.281751883647757495e+00
8.865425999999999362e+01 1.182000000000000000e+03 1.213996923058137099e+03 -3.199692305813709936e+01
8.867096999999999696e+01 1.237000000000000000e+03 1.233295263623695519e+03 3.704736376304481382e+00
8.868768000000000029e+01 1.265000000000000000e+03 1.255829641372814422e+03 9.170358627185578371e+00
8.870440000000000680e+01 1.227000000000000000e+03 1.280623135963969617e+03 -5.362313596396961657e+01
8.872110999999999592e+01 1.262000000000000000e+03 1.306429338618959491e+03 -4.442933861895949121e+01
8.873781999999999925e+01 1.297000000000000000e+03 1.331779059553631214e+03 -3.477905955363121393e+01
8.875453000000000259e+01 1.320000000000000000e+03 1.354860439724209300e+03 -3.486043972420930004e+01
8.877124000000000592e+01 1.338000000000000000e+03 1.373525206856662862e+03 -3.552520685666286226e+01
8.878794999999999504e+01 1.274000000000000000e+03 1.385459503888173458e+03 -1.114595038881734581e+02
8.880465999999999838e+01 1.298000000000000000e+03 1.388623216994087215e+03 -9.062321699408721543e+01
8.882137000000000171e+01 1.267000000000000000e+03 1.381868645798478610e+03 -1.148686457984786102e+02
8.883808999999999401e+01 1.286000000000000000e+03 1.365419562075594740e+03 -7.941956207559474024e+01
8.885479999999999734e+01 1.295000000000000000e+03 1.340958181466469341e+03 -4.595818146646934110e+01
8.887151000000000067e+01 1.278000000000000000e+03 1.311106843238273768e+03 -3.310684323827376829e+01
8.888822000000000401e+01 1.270000000000000000e+03 1.278777687059567143e+03 -8.777687059567142569e+00
8.890492999999999313e+01 1.213000000000000000e+03 1.246592795220735297e+03 -3.359279522073529733e+01
8.892163999999999646e+01 1.229000000000000000e+03 1.216585325057643786e+03 1.241467494235621416e+01
8.893834999999999980e+01 1.168000000000000000e+03 1.190140445761942146e+03 -2.214044576194214642e+01
8.895506000000000313e+01 1.151000000000000000e+03 1.168061673634612589e+03 -1.706167363461258901e+01
8.897177999999999543e+01 1.167000000000000000e+03 1.150655579052560824e+03 1.634442094743917551e+01
8.898848999999999876e+01 1.061000000000000000e+03 1.137839288560690648e+03 -7.683928856069064750e+01
8.900520000000000209e+01 1.138000000000000000e+03 1.129107311762114705e+03 8.892688237885295166e+00
8.902191000000000543e+01 1.079000000000000000e+03 1.123576543269998638e+03 -4.457654326999863770e+01
8.903861999999999455e+01 1.099000000000000000e+03 1.119979930715056071e+03 -2.097993071505607077e+01
8.905532999999999788e+01 1.115000000000000000e+03 1.116732925230760429e+03 -1.732925230760429258e+00
8.907204000000000121e+01 1.088000000000000000e+03 1.112121158034947939e+03 -2.412115803494793909e+01
8.908875999999999351e+01 1.001000000000000000e+03 1.104617564287896585e+03 -1.036175642878965846e+02
8.910546999999999684e+01 1.075000000000000000e+03 1.093270146484170709e+03 -1.827014648417070930e+01
8.912218000000000018e+01 1.064000000000000000e+03 1.077911410403869013e+03 -1.391141040386901295e+01
8.913889000000000351e+01 9.820000000000000000e+02 1.059138439792539430e+03 -7.713843979253942962e+01
8.915560000000000684e+01 1.016000000000000000e+03 1.038031344366212124e+03 -2.203134436621212444e+01
8.917230999999999597e+01 9.370000000000000000e+02 1.015799766499342354e+03 -7.879976649934235411e+01
8.918901999999999930e+01 9.780000000000000000e+02 9.935158810826076206e+02 -1.551588108260762056e+01
8.920573000000000263e+01 9.490000000000000000e+02 9.719917534940133237e+02 -2.299175349401332369e+01
8.922244999999999493e+01 9.190000000000000000e+02 9.517581528961098911e+02 -3.275815289610989112e+01
8.923915999999999826e+01 9.690000000000000000e+02 9.331578751249102197e+02 3.584212487508978029e+01
8.925587000000000160e+01 8.610000000000000000e+02 9.163307647376310570e+02 -5.533076473763105696e+01
8.927258000000000493e+01 9.090000000000000000e+02 9.013130342339427443e+02 7.686965766057255678e+00
8.928928999999999405e+01 8.600000000000000000e+02 8.880617860029303756e+02 -2.806178600293037562e+01
8.930599999999999739e+01 8.680000000000000000e+02 8.764812908698244200e+02 -8.481290869824420042e+00
8.932271000000000072e+01 8.560000000000000000e+02 8.664419072955550973e+02 -1.044190729555509733e+01
8.933942000000000405e+01 8.410000000000000000e+02 8.577943413346266652e+02 -1.679434133462666523e+01
8.935613999999999635e+01 9.030000000000000000e+02 8.503767305191248624e+02 5.262326948087513756e+01
8.937284999999999968e+01 8.380000000000000000e+02 8.440404729186047916e+02 -6.040472918604791630e+00
8.938956000000000301e+01 8.250000000000000000e+02 8.386305103074281533e+02 -1.363051030742815328e+01
8.940627000000000635e+01 8.460000000000000000e+02 8.340084915530690068e+02 1.199150844693099316e+01
8.942297999999999547e+01 8.340000000000000000e+02 8.300509392984048418e+02 3.949060701595158207e+00
8.943968999999999880e+01 8.260000000000000000e+02 8.266505905843129085e+02 -6.505905843129085042e-01
8.945640000000000214e+01 8.100000000000000000e+02 8.237164232359702964e+02 -1.371642323597029645e+01
8.947311000000000547e+01 8.360000000000000000e+02 8.211727148700990710e+02 1.482728512990092895e+01
8.948982999999999777e+01 8.030000000000000000e+02 8.189562425794795217e+02 -1.595624257947952174e+01
8.950654000000000110e+01 8.740000000000000000e+02 8.170195108202703977e+02 5.698048917972960226e+01
8.952325000000000443e+01 7.980000000000000000e+02 8.153208928719880078e+02 -1.732089287198800776e+01
8.953995999999999356e+01 8.130000000000000000e+02 8.138282421684215251e+02 -8.282421684215250934e-01
8.955666999999999689e+01 8.740000000000000000e+02 8.125158302521765563e+02 6.148416974782344369e+01
8.957338000000000022e+01 8.300000000000000000e+02 8.113629558746488328e+02 1.863704412535116717e+01
8.959009000000000356e+01 8.190000000000000000e+02 8.103528138294965402e+02 8.647186170503459834e+00
8.960680000000000689e+01 8.420000000000000000e+02 8.094716040333624960e+02 3.252839596663750399e+01
8.962351999999999919e+01 8.010000000000000000e+02 8.087074234768236920e+02 -7.707423476823691999e+00
8.964023000000000252e+01 8.010000000000000000e+02 8.080515082244435234e+02 -7.051508224443523432e+00
8.965694000000000585e+01 8.170000000000000000e+02 8.074951158983506048e+02 9.504884101649395234e+00
8.967364999999999498e+01 7.880000000000000000e+02 8.070311325766191430e+02 -1.903113257661914304e+01
8.969035999999999831e+01 7.990000000000000000e+02 8.066533708226588715e+02 -7.653370822658871475e+00
8.970707000000000164e+01 8.090000000000000000e+02 8.063564119118683493e+02 2.643588088131650693e+00
8.972378000000000497e+01 7.800000000000000000e+02 8.061354860843064216e+02 -2.613548608430642162e+01
8.974048999999999410e+01 8.580000000000000000e+02 8.059863800490336416e+02 5.201361995096635837e+01
8.975721000000000060e+01 8.730000000000000000e+02 8.059053354377329015e+02 6.709466456226709852e+01
8.977392000000000394e+01 8.130000000000000000e+02 8.058891435705980939e+02 7.110856429401906098e+00
8.979062999999999306e+01 8.170000000000000000e+02 8.059348104605304570e+02 1.106518953946954298e+01
8.980733999999999639e+01 7.890000000000000000e+02 8.060397506291633363e+02 -1.703975062916333627e+01
8.982404999999999973e+01 8.200000000000000000e+02 8.062016875010451713e+02 1.379831249895482870e+01
8.984076000000000306e+01 7.990000000000000000e+02 8.064186286043218388e+02 -7.418628604321838793e+00
8.985747000000000639e+01 8.180000000000000000e+02 8.066888466827296043e+02 1.131115331727039575e+01
8.987417999999999552e+01 8.540000000000000000e+02 8.070108669702559610e+02 4.698913302974403905e+01
8.989090000000000202e+01 8.190000000000000000e+02 8.073836998924912223e+02 1.161630010750877773e+01
8.990761000000000536e+01 8.100000000000000000e+02 8.078059246746895496e+02 2.194075325310450353e+00
8.992431999999999448e+01 8.550000000000000000e+02 8.082770527631803361e+02 4.672294723681966389e+01
8.994102999999999781e+01 7.660000000000000000e+02 8.087967246568778137e+02 -4.279672465687781369e+01
8.995774000000000115e+01 8.200000000000000000e+02 8.093650417934528605e+02 1.063495820654713953e+01
8.997445000000000448e+01 8.890000000000000000e+02 8.099828071292571394e+02 7.901719287074286058e+01
8.999115999999999360e+01 8.260000000000000000e+02 8.106519640947087737e+02 1.534803590529122630e+01
